Feat_1,Feat_2,Feat_3,Feat_4,Feat_5,Feat_6,Feat_7,Feat_8,Feat_9,Feat_10,Feat_11,Feat_12,Feat_13,Feat_14,Feat_15,Feat_16,Feat_17,Feat_18,Feat_19,Feat_20,Feat_21,Feat_22,Feat_23,Feat_24,Feat_25,Feat_26,Feat_27,Feat_28,Feat_29,Feat_30,Feat_31,Feat_32,Feat_33,Feat_34,Feat_35,Feat_36,Feat_37,Feat_38,Feat_39,Feat_40,Feat_41,Feat_42,Feat_43,Feat_44,Feat_45,Feat_46,Feat_47,Feat_48,Feat_49,Feat_50,Feat_51,Feat_52,Feat_53,Feat_54,Feat_55,Feat_56,Feat_57,Feat_58,Feat_59,Feat_60,Feat_61,Feat_62,Feat_63,Feat_64,Feat_65,Feat_66,Feat_67,Feat_68,Feat_69,Feat_70,Feat_71,Feat_72,Feat_73,Feat_74,Feat_75,Feat_76,Feat_77,Feat_78,Feat_79,Feat_80,Feat_81,Feat_82,Feat_83,Feat_84,Feat_85,Feat_86,Feat_87,Feat_88,Feat_89,Feat_90,Feat_91,Feat_92,Feat_93,Feat_94,Feat_95,Feat_96,Feat_97,Feat_98,Feat_99,Feat_100,Label_Sin,Label_Cos
178.0,160.0,146.0,130.0,144.0,132.0,106.0,102.0,93.0,77.0,88.0,129.0,141.0,149.0,165.0,170.0,125.0,82.0,61.0,56.0,56.0,58.0,127.0,160.0,182.0,195.0,192.0,170.0,143.0,116.0,89.0,82.0,86.0,103.0,128.0,148.0,158.0,159.0,150.0,134.0,123.0,121.0,121.0,119.0,117.0,117.0,121.0,124.0,126.0,128.0,93.0,125.0,101.0,138.0,124.0,143.0,144.0,158.0,135.0,105.0,87.0,94.0,113.0,117.0,128.0,138.0,156.0,181.0,205.0,192.0,137.0,68.0,55.0,55.0,55.0,78.0,204.0,205.0,205.0,205.0,152.0,122.0,108.0,101.0,91.0,85.0,87.0,103.0,131.0,156.0,169.0,165.0,150.0,133.0,123.0,124.0,131.0,138.0,136.0,127.0,0.6845471059286894,0.7289686274214108
100.0,66.0,62.0,66.0,116.0,104.0,155.0,168.0,187.0,151.0,178.0,179.0,175.0,151.0,142.0,108.0,64.0,55.0,55.0,71.0,91.0,131.0,164.0,188.0,203.0,204.0,178.0,141.0,102.0,75.0,66.0,77.0,98.0,127.0,149.0,163.0,165.0,163.0,156.0,148.0,142.0,137.0,134.0,132.0,129.0,127.0,125.0,125.0,123.0,123.0,118.0,119.0,106.0,102.0,91.0,105.0,140.0,162.0,147.0,121.0,114.0,136.0,160.0,166.0,142.0,97.0,70.0,87.0,136.0,177.0,185.0,157.0,105.0,71.0,83.0,131.0,176.0,196.0,185.0,152.0,119.0,99.0,88.0,81.0,73.0,76.0,93.0,126.0,164.0,194.0,205.0,193.0,166.0,134.0,114.0,110.0,117.0,123.0,122.0,114.0,0.844330379738788,0.5358229277010774
139.0,112.0,57.0,55.0,79.0,134.0,149.0,157.0,169.0,188.0,201.0,193.0,157.0,92.0,55.0,55.0,55.0,100.0,135.0,156.0,167.0,175.0,182.0,174.0,147.0,114.0,92.0,87.0,98.0,114.0,127.0,136.0,142.0,144.0,143.0,139.0,134.0,133.0,135.0,138.0,137.0,135.0,132.0,132.0,133.0,133.0,131.0,129.0,127.0,128.0,94.0,97.0,103.0,111.0,127.0,132.0,141.0,126.0,109.0,99.0,100.0,102.0,108.0,114.0,121.0,132.0,146.0,155.0,154.0,140.0,112.0,81.0,60.0,59.0,87.0,134.0,184.0,205.0,205.0,205.0,179.0,113.0,56.0,55.0,55.0,55.0,136.0,190.0,205.0,204.0,168.0,133.0,108.0,99.0,100.0,105.0,108.0,108.0,105.0,105.0,0.9510593470342056,0.3090082821201894
99.0,63.0,65.0,109.0,169.0,164.0,153.0,151.0,143.0,108.0,79.0,56.0,55.0,55.0,62.0,145.0,173.0,192.0,201.0,189.0,162.0,128.0,97.0,76.0,74.0,87.0,112.0,136.0,150.0,156.0,154.0,149.0,139.0,130.0,123.0,121.0,121.0,123.0,124.0,126.0,127.0,129.0,131.0,134.0,136.0,136.0,137.0,139.0,140.0,141.0,118.0,118.0,120.0,140.0,123.0,97.0,92.0,107.0,134.0,152.0,169.0,166.0,162.0,157.0,146.0,115.0,78.0,55.0,55.0,62.0,129.0,192.0,205.0,205.0,205.0,164.0,130.0,108.0,88.0,70.0,56.0,55.0,68.0,110.0,155.0,187.0,195.0,183.0,160.0,136.0,124.0,123.0,129.0,131.0,126.0,114.0,105.0,103.0,111.0,124.0,0.9980275911316548,0.06277680574819376
60.0,122.0,135.0,112.0,125.0,110.0,137.0,171.0,205.0,205.0,201.0,165.0,123.0,55.0,55.0,55.0,55.0,55.0,145.0,205.0,205.0,205.0,205.0,171.0,121.0,81.0,56.0,55.0,55.0,101.0,145.0,176.0,183.0,171.0,152.0,136.0,124.0,122.0,120.0,122.0,123.0,125.0,128.0,131.0,130.0,124.0,121.0,121.0,125.0,128.0,104.0,105.0,91.0,145.0,149.0,136.0,102.0,104.0,108.0,126.0,133.0,135.0,134.0,129.0,134.0,144.0,147.0,127.0,100.0,66.0,55.0,72.0,130.0,176.0,197.0,194.0,172.0,144.0,127.0,120.0,111.0,100.0,90.0,87.0,94.0,116.0,147.0,177.0,193.0,192.0,173.0,148.0,129.0,118.0,112.0,107.0,100.0,94.0,94.0,99.0,0.9822838175158616,-0.18739931122196138
106.0,174.0,65.0,134.0,138.0,205.0,184.0,176.0,125.0,81.0,71.0,72.0,94.0,107.0,158.0,189.0,205.0,205.0,194.0,126.0,78.0,55.0,55.0,58.0,102.0,135.0,167.0,192.0,199.0,181.0,146.0,111.0,92.0,94.0,107.0,122.0,132.0,138.0,141.0,142.0,139.0,134.0,129.0,128.0,129.0,131.0,130.0,128.0,126.0,128.0,117.0,113.0,130.0,141.0,136.0,110.0,97.0,95.0,104.0,113.0,121.0,127.0,137.0,151.0,157.0,154.0,133.0,102.0,72.0,59.0,67.0,101.0,150.0,201.0,205.0,205.0,205.0,154.0,88.0,55.0,55.0,55.0,77.0,163.0,202.0,205.0,189.0,157.0,126.0,107.0,100.0,101.0,106.0,109.0,108.0,106.0,108.0,112.0,121.0,127.0,0.9048173012516036,-0.4258000133346225
164.0,152.0,155.0,168.0,147.0,99.0,55.0,55.0,55.0,55.0,55.0,127.0,170.0,205.0,205.0,205.0,133.0,71.0,55.0,55.0,55.0,64.0,134.0,172.0,193.0,196.0,184.0,157.0,120.0,92.0,81.0,88.0,107.0,126.0,139.0,142.0,140.0,135.0,129.0,124.0,122.0,122.0,125.0,128.0,131.0,132.0,134.0,137.0,139.0,140.0,152.0,128.0,123.0,97.0,131.0,146.0,163.0,149.0,130.0,113.0,125.0,133.0,124.0,102.0,79.0,75.0,104.0,159.0,202.0,205.0,181.0,134.0,98.0,92.0,100.0,101.0,83.0,63.0,64.0,103.0,174.0,205.0,205.0,205.0,192.0,101.0,60.0,56.0,84.0,116.0,135.0,133.0,120.0,112.0,116.0,130.0,146.0,153.0,149.0,140.0,0.7704957249393581,-0.6374451645829412
181.0,175.0,176.0,175.0,169.0,144.0,73.0,55.0,55.0,55.0,55.0,100.0,186.0,205.0,205.0,205.0,182.0,118.0,60.0,55.0,55.0,55.0,106.0,152.0,175.0,183.0,182.0,170.0,147.0,122.0,103.0,100.0,109.0,120.0,128.0,131.0,130.0,126.0,124.0,121.0,119.0,117.0,119.0,123.0,127.0,130.0,131.0,132.0,134.0,136.0,109.0,159.0,134.0,138.0,138.0,147.0,122.0,119.0,106.0,114.0,116.0,100.0,85.0,92.0,117.0,156.0,185.0,173.0,137.0,115.0,110.0,112.0,130.0,142.0,128.0,102.0,90.0,94.0,118.0,160.0,198.0,205.0,196.0,171.0,146.0,128.0,118.0,111.0,97.0,83.0,75.0,78.0,90.0,109.0,125.0,135.0,140.0,141.0,141.0,144.0,0.5877593132260335,-0.8090358395745281
112.0,151.0,203.0,194.0,159.0,97.0,64.0,57.0,76.0,90.0,121.0,163.0,203.0,205.0,205.0,160.0,86.0,55.0,55.0,55.0,55.0,117.0,160.0,194.0,205.0,205.0,175.0,125.0,83.0,66.0,76.0,100.0,125.0,140.0,147.0,149.0,145.0,138.0,130.0,124.0,122.0,123.0,125.0,124.0,123.0,122.0,124.0,126.0,128.0,127.0,127.0,128.0,104.0,118.0,124.0,126.0,128.0,129.0,130.0,130.0,130.0,130.0,130.0,118.0,131.0,128.0,126.0,131.0,132.0,131.0,132.0,132.0,131.0,132.0,131.0,131.0,130.0,131.0,132.0,132.0,133.0,132.0,132.0,130.0,131.0,131.0,98.0,74.0,122.0,132.0,108.0,132.0,133.0,133.0,55.0,55.0,72.0,127.0,106.0,57.0,0.3680904832211869,-0.9297899742210566
151.0,84.0,55.0,55.0,76.0,99.0,128.0,143.0,170.0,177.0,164.0,129.0,93.0,60.0,55.0,74.0,102.0,135.0,166.0,183.0,184.0,174.0,150.0,117.0,92.0,83.0,92.0,113.0,133.0,145.0,147.0,144.0,138.0,133.0,128.0,125.0,123.0,125.0,128.0,131.0,132.0,133.0,133.0,136.0,138.0,138.0,138.0,137.0,135.0,136.0,104.0,117.0,119.0,121.0,128.0,145.0,138.0,117.0,96.0,87.0,92.0,111.0,131.0,145.0,154.0,155.0,150.0,142.0,136.0,100.0,59.0,55.0,55.0,55.0,115.0,205.0,205.0,205.0,205.0,205.0,73.0,55.0,55.0,55.0,55.0,124.0,200.0,205.0,205.0,191.0,161.0,135.0,117.0,108.0,104.0,104.0,104.0,102.0,99.0,98.0,0.12529233584178864,-0.9921198670419359
133.0,205.0,160.0,134.0,78.0,62.0,55.0,55.0,55.0,55.0,113.0,166.0,189.0,200.0,205.0,165.0,104.0,57.0,55.0,55.0,55.0,56.0,70.0,167.0,205.0,205.0,205.0,197.0,160.0,122.0,90.0,65.0,58.0,70.0,100.0,134.0,159.0,170.0,166.0,155.0,143.0,132.0,124.0,118.0,116.0,119.0,123.0,127.0,129.0,132.0,121.0,85.0,99.0,131.0,125.0,118.0,118.0,132.0,140.0,126.0,105.0,100.0,104.0,112.0,122.0,125.0,129.0,149.0,171.0,171.0,161.0,145.0,108.0,71.0,63.0,78.0,106.0,145.0,182.0,202.0,202.0,189.0,165.0,128.0,93.0,69.0,64.0,78.0,104.0,130.0,145.0,146.0,138.0,128.0,124.0,126.0,131.0,136.0,139.0,138.0,-0.12537867522841692,-0.992108959640002
69.0,55.0,55.0,97.0,134.0,163.0,188.0,205.0,205.0,205.0,144.0,64.0,55.0,55.0,55.0,55.0,119.0,170.0,198.0,205.0,205.0,182.0,133.0,86.0,61.0,65.0,87.0,113.0,134.0,145.0,150.0,150.0,144.0,137.0,131.0,129.0,131.0,133.0,132.0,129.0,127.0,128.0,130.0,130.0,128.0,126.0,125.0,127.0,129.0,131.0,118.0,148.0,141.0,140.0,136.0,132.0,111.0,72.0,72.0,90.0,127.0,144.0,156.0,154.0,169.0,177.0,166.0,124.0,70.0,55.0,55.0,55.0,121.0,205.0,205.0,205.0,205.0,205.0,88.0,55.0,55.0,55.0,55.0,71.0,193.0,205.0,205.0,205.0,150.0,89.0,56.0,55.0,55.0,89.0,110.0,119.0,120.0,118.0,121.0,129.0,-0.3681713973899234,-0.9297579373922823
125.0,96.0,100.0,142.0,152.0,136.0,96.0,67.0,56.0,68.0,97.0,130.0,153.0,174.0,178.0,158.0,128.0,92.0,62.0,56.0,76.0,104.0,139.0,169.0,185.0,185.0,173.0,148.0,115.0,91.0,84.0,94.0,115.0,135.0,146.0,147.0,144.0,138.0,133.0,128.0,124.0,124.0,126.0,130.0,132.0,133.0,134.0,135.0,137.0,138.0,113.0,142.0,123.0,165.0,131.0,132.0,102.0,92.0,91.0,113.0,138.0,151.0,160.0,152.0,152.0,147.0,135.0,105.0,60.0,55.0,55.0,55.0,165.0,205.0,205.0,205.0,205.0,152.0,55.0,55.0,55.0,55.0,55.0,133.0,205.0,205.0,205.0,205.0,159.0,120.0,94.0,84.0,88.0,98.0,105.0,106.0,105.0,104.0,108.0,118.0,-0.5878297178577396,-0.8089846863836734
137.0,119.0,66.0,55.0,104.0,155.0,172.0,155.0,163.0,143.0,122.0,88.0,58.0,55.0,55.0,55.0,84.0,175.0,205.0,202.0,180.0,167.0,146.0,118.0,98.0,82.0,75.0,96.0,131.0,156.0,162.0,157.0,144.0,135.0,133.0,132.0,131.0,130.0,128.0,127.0,127.0,125.0,123.0,126.0,131.0,136.0,138.0,138.0,139.0,142.0,127.0,151.0,148.0,111.0,94.0,99.0,118.0,133.0,134.0,124.0,141.0,171.0,185.0,174.0,155.0,121.0,84.0,72.0,87.0,115.0,147.0,177.0,194.0,198.0,188.0,164.0,122.0,78.0,55.0,55.0,94.0,146.0,178.0,175.0,142.0,101.0,73.0,72.0,94.0,124.0,147.0,158.0,156.0,148.0,140.0,139.0,142.0,145.0,142.0,135.0,-0.7705511960916995,-0.6373781092896518
112.0,177.0,186.0,205.0,176.0,164.0,112.0,83.0,55.0,57.0,77.0,110.0,137.0,158.0,176.0,190.0,201.0,192.0,169.0,140.0,112.0,93.0,94.0,103.0,104.0,107.0,114.0,124.0,139.0,156.0,167.0,167.0,155.0,133.0,113.0,102.0,100.0,104.0,111.0,119.0,125.0,131.0,134.0,135.0,134.0,134.0,133.0,133.0,133.0,133.0,161.0,128.0,134.0,132.0,113.0,89.0,90.0,105.0,130.0,139.0,136.0,137.0,146.0,149.0,136.0,116.0,88.0,66.0,70.0,109.0,168.0,205.0,205.0,205.0,205.0,135.0,65.0,55.0,55.0,55.0,72.0,187.0,205.0,205.0,205.0,205.0,104.0,56.0,55.0,55.0,55.0,88.0,108.0,116.0,120.0,123.0,130.0,142.0,154.0,165.0,-0.9048543533416981,-0.42572126942235033
158.0,96.0,55.0,55.0,55.0,103.0,138.0,156.0,159.0,157.0,142.0,127.0,87.0,57.0,55.0,56.0,56.0,92.0,126.0,139.0,146.0,159.0,168.0,157.0,148.0,140.0,131.0,123.0,121.0,116.0,109.0,107.0,113.0,127.0,142.0,158.0,157.0,152.0,141.0,133.0,132.0,131.0,127.0,124.0,127.0,132.0,135.0,138.0,139.0,142.0,93.0,110.0,116.0,110.0,120.0,141.0,153.0,154.0,129.0,111.0,107.0,99.0,79.0,64.0,62.0,88.0,147.0,205.0,205.0,205.0,205.0,137.0,72.0,55.0,55.0,55.0,55.0,75.0,204.0,205.0,205.0,205.0,205.0,103.0,55.0,55.0,55.0,94.0,125.0,133.0,124.0,110.0,102.0,107.0,122.0,138.0,149.0,152.0,149.0,145.0,-0.9823001223401899,-0.18731382663980772
128.0,99.0,58.0,90.0,135.0,162.0,125.0,92.0,61.0,55.0,55.0,56.0,102.0,139.0,181.0,183.0,159.0,132.0,96.0,61.0,57.0,73.0,95.0,132.0,177.0,201.0,204.0,180.0,138.0,99.0,82.0,85.0,100.0,118.0,135.0,146.0,152.0,148.0,139.0,133.0,129.0,128.0,128.0,131.0,135.0,138.0,140.0,142.0,144.0,145.0,125.0,122.0,113.0,103.0,106.0,125.0,141.0,137.0,114.0,102.0,119.0,140.0,146.0,138.0,126.0,115.0,115.0,127.0,133.0,127.0,115.0,110.0,117.0,133.0,151.0,149.0,122.0,89.0,82.0,113.0,168.0,205.0,205.0,152.0,78.0,55.0,55.0,55.0,138.0,183.0,195.0,178.0,149.0,126.0,118.0,124.0,132.0,132.0,123.0,111.0,-0.9980221241610386,0.06286365949488205
113.0,122.0,66.0,66.0,75.0,117.0,138.0,161.0,161.0,151.0,153.0,162.0,163.0,139.0,126.0,109.0,95.0,102.0,123.0,114.0,98.0,103.0,118.0,133.0,154.0,167.0,157.0,142.0,132.0,122.0,112.0,104.0,101.0,106.0,119.0,132.0,141.0,146.0,146.0,144.0,143.0,140.0,135.0,131.0,130.0,129.0,129.0,127.0,123.0,122.0,130.0,124.0,143.0,131.0,143.0,133.0,121.0,111.0,105.0,102.0,101.0,102.0,109.0,144.0,180.0,205.0,205.0,205.0,168.0,128.0,89.0,56.0,55.0,55.0,79.0,160.0,205.0,205.0,205.0,205.0,124.0,55.0,55.0,55.0,59.0,119.0,123.0,102.0,76.0,64.0,77.0,110.0,146.0,172.0,181.0,178.0,171.0,166.0,161.0,155.0,-0.9510324517909722,0.30909104749321387
164.0,88.0,112.0,95.0,153.0,114.0,112.0,66.0,63.0,56.0,96.0,101.0,99.0,106.0,126.0,129.0,125.0,125.0,111.0,97.0,106.0,133.0,146.0,155.0,159.0,154.0,140.0,132.0,122.0,116.0,112.0,117.0,126.0,138.0,145.0,145.0,141.0,135.0,129.0,124.0,122.0,122.0,124.0,129.0,133.0,138.0,141.0,144.0,146.0,149.0,92.0,66.0,92.0,130.0,135.0,132.0,123.0,120.0,114.0,96.0,78.0,85.0,102.0,123.0,146.0,165.0,176.0,188.0,183.0,146.0,94.0,55.0,55.0,55.0,55.0,119.0,205.0,205.0,205.0,205.0,205.0,74.0,55.0,55.0,55.0,55.0,66.0,143.0,171.0,179.0,172.0,157.0,141.0,130.0,126.0,126.0,126.0,124.0,121.0,115.0,-0.8442837462112578,0.5358964040591097
55.0,55.0,55.0,55.0,57.0,77.0,105.0,158.0,205.0,196.0,142.0,99.0,76.0,57.0,55.0,56.0,56.0,57.0,127.0,189.0,205.0,205.0,189.0,154.0,124.0,106.0,94.0,87.0,87.0,98.0,117.0,137.0,149.0,154.0,154.0,150.0,144.0,138.0,132.0,129.0,130.0,135.0,139.0,141.0,141.0,141.0,143.0,145.0,146.0,145.0,127.0,154.0,146.0,131.0,122.0,127.0,132.0,128.0,116.0,98.0,85.0,96.0,128.0,156.0,168.0,163.0,145.0,122.0,108.0,99.0,84.0,66.0,69.0,105.0,166.0,205.0,205.0,205.0,122.0,59.0,55.0,55.0,122.0,172.0,194.0,185.0,157.0,126.0,109.0,110.0,121.0,129.0,127.0,119.0,111.0,113.0,121.0,128.0,129.0,124.0,-0.6844836643791442,0.7290281978072584
174.0,144.0,149.0,100.0,114.0,111.0,130.0,118.0,138.0,146.0,155.0,160.0,159.0,132.0,102.0,109.0,114.0,103.0,99.0,118.0,118.0,120.0,135.0,144.0,133.0,130.0,133.0,129.0,126.0,130.0,132.0,129.0,123.0,117.0,117.0,121.0,128.0,134.0,139.0,139.0,135.0,132.0,129.0,126.0,123.0,122.0,122.0,122.0,123.0,122.0,130.0,110.0,128.0,113.0,100.0,102.0,109.0,100.0,97.0,96.0,128.0,173.0,205.0,205.0,195.0,162.0,124.0,92.0,61.0,55.0,55.0,55.0,136.0,205.0,205.0,205.0,205.0,138.0,59.0,55.0,55.0,104.0,121.0,98.0,59.0,55.0,55.0,66.0,143.0,185.0,204.0,200.0,181.0,163.0,152.0,150.0,146.0,135.0,120.0,105.0,-0.481673397191037,0.8763508078608963
162.0,122.0,87.0,63.0,79.0,66.0,93.0,90.0,96.0,95.0,129.0,128.0,120.0,112.0,120.0,115.0,123.0,147.0,155.0,134.0,120.0,125.0,125.0,125.0,128.0,128.0,124.0,134.0,148.0,156.0,148.0,133.0,118.0,113.0,117.0,122.0,127.0,131.0,133.0,134.0,137.0,138.0,137.0,139.0,143.0,147.0,149.0,148.0,146.0,146.0,117.0,109.0,116.0,127.0,102.0,78.0,76.0,98.0,121.0,153.0,171.0,182.0,186.0,177.0,140.0,91.0,55.0,55.0,55.0,55.0,121.0,205.0,205.0,205.0,205.0,205.0,71.0,55.0,55.0,55.0,55.0,66.0,142.0,170.0,179.0,172.0,157.0,141.0,130.0,126.0,126.0,126.0,124.0,121.0,115.0,109.0,107.0,109.0,117.0,126.0,-0.24859672165404958,0.9686070771901572
119.0,55.0,55.0,55.0,64.0,172.0,196.0,161.0,130.0,124.0,109.0,75.0,56.0,55.0,55.0,56.0,135.0,193.0,205.0,203.0,178.0,143.0,120.0,104.0,94.0,89.0,94.0,107.0,125.0,140.0,148.0,150.0,147.0,141.0,133.0,126.0,122.0,123.0,126.0,130.0,133.0,135.0,137.0,140.0,144.0,146.0,145.0,144.0,144.0,145.0,88.0,97.0,141.0,152.0,130.0,99.0,100.0,110.0,138.0,142.0,126.0,102.0,94.0,101.0,128.0,157.0,153.0,116.0,77.0,67.0,99.0,159.0,198.0,186.0,130.0,67.0,55.0,55.0,123.0,194.0,205.0,205.0,176.0,115.0,74.0,70.0,99.0,137.0,161.0,161.0,146.0,127.0,118.0,115.0,114.0,112.0,109.0,108.0,112.0,120.0,0.00010076652414349323,0.9999999949230538
108.0,112.0,153.0,171.0,182.0,141.0,94.0,88.0,109.0,104.0,97.0,115.0,134.0,139.0,155.0,164.0,130.0,90.0,82.0,94.0,105.0,123.0,143.0,149.0,150.0,152.0,148.0,135.0,118.0,106.0,105.0,115.0,126.0,135.0,140.0,141.0,137.0,132.0,127.0,122.0,119.0,119.0,121.0,122.0,123.0,122.0,124.0,126.0,129.0,129.0,154.0,141.0,102.0,113.0,126.0,146.0,148.0,149.0,146.0,150.0,150.0,148.0,147.0,121.0,83.0,57.0,55.0,93.0,163.0,205.0,205.0,169.0,118.0,89.0,96.0,139.0,175.0,167.0,116.0,55.0,55.0,55.0,55.0,148.0,205.0,205.0,205.0,170.0,122.0,102.0,103.0,112.0,117.0,112.0,104.0,102.0,109.0,120.0,129.0,134.0,0.2487919229414709,0.9685569570650376
173.0,150.0,89.0,122.0,60.0,98.0,77.0,109.0,85.0,116.0,134.0,158.0,153.0,166.0,162.0,138.0,129.0,147.0,160.0,156.0,163.0,158.0,131.0,109.0,110.0,108.0,104.0,108.0,121.0,133.0,148.0,156.0,157.0,146.0,129.0,112.0,103.0,102.0,107.0,118.0,131.0,141.0,147.0,151.0,152.0,152.0,150.0,147.0,144.0,140.0,133.0,109.0,117.0,150.0,154.0,131.0,123.0,124.0,130.0,118.0,102.0,91.0,92.0,104.0,128.0,151.0,167.0,182.0,189.0,172.0,134.0,99.0,68.0,55.0,70.0,124.0,180.0,205.0,205.0,169.0,117.0,93.0,108.0,147.0,176.0,176.0,145.0,101.0,70.0,61.0,74.0,96.0,118.0,130.0,133.0,133.0,136.0,144.0,152.0,155.0,0.4818500010581006,0.8762537169566292
192.0,178.0,103.0,84.0,65.0,93.0,83.0,94.0,75.0,88.0,119.0,167.0,179.0,181.0,175.0,170.0,163.0,152.0,133.0,93.0,58.0,55.0,85.0,116.0,143.0,160.0,166.0,169.0,174.0,169.0,144.0,112.0,89.0,87.0,100.0,114.0,124.0,132.0,143.0,155.0,155.0,145.0,137.0,136.0,143.0,147.0,146.0,141.0,136.0,134.0,100.0,99.0,132.0,155.0,159.0,137.0,112.0,102.0,96.0,96.0,99.0,103.0,104.0,117.0,138.0,167.0,189.0,187.0,149.0,93.0,55.0,55.0,55.0,98.0,190.0,205.0,205.0,187.0,123.0,78.0,69.0,95.0,136.0,168.0,177.0,165.0,141.0,121.0,109.0,104.0,103.0,103.0,107.0,113.0,120.0,125.0,129.0,130.0,130.0,128.0,0.6846305737530438,0.7288902369236249
128.0,97.0,86.0,92.0,130.0,138.0,132.0,143.0,155.0,141.0,132.0,131.0,101.0,64.0,55.0,64.0,65.0,83.0,123.0,157.0,174.0,185.0,186.0,170.0,146.0,119.0,96.0,78.0,76.0,89.0,114.0,140.0,155.0,159.0,156.0,148.0,138.0,130.0,124.0,121.0,120.0,120.0,123.0,124.0,125.0,126.0,129.0,131.0,133.0,135.0,125.0,130.0,133.0,129.0,126.0,120.0,125.0,129.0,126.0,127.0,142.0,147.0,149.0,137.0,113.0,94.0,98.0,108.0,120.0,124.0,135.0,147.0,171.0,198.0,198.0,157.0,96.0,55.0,55.0,55.0,70.0,176.0,205.0,205.0,205.0,148.0,106.0,90.0,96.0,111.0,123.0,122.0,116.0,111.0,112.0,120.0,133.0,138.0,135.0,128.0,0.8443917299010546,0.535726242100109
103.0,66.0,55.0,55.0,111.0,138.0,154.0,169.0,153.0,154.0,175.0,180.0,160.0,144.0,133.0,93.0,58.0,55.0,55.0,55.0,56.0,121.0,166.0,199.0,205.0,205.0,182.0,140.0,99.0,70.0,57.0,62.0,87.0,120.0,151.0,168.0,173.0,169.0,160.0,150.0,141.0,134.0,129.0,126.0,124.0,123.0,122.0,121.0,120.0,122.0,139.0,118.0,98.0,106.0,121.0,124.0,114.0,102.0,108.0,125.0,160.0,175.0,171.0,147.0,130.0,117.0,107.0,110.0,116.0,114.0,120.0,144.0,174.0,194.0,195.0,164.0,113.0,75.0,76.0,109.0,147.0,164.0,150.0,112.0,79.0,64.0,73.0,97.0,125.0,142.0,146.0,141.0,136.0,137.0,144.0,150.0,148.0,139.0,130.0,127.0,0.951094724538294,0.3088993767482005
149.0,139.0,110.0,71.0,55.0,72.0,112.0,135.0,149.0,159.0,183.0,196.0,196.0,172.0,120.0,58.0,55.0,55.0,72.0,118.0,147.0,161.0,169.0,177.0,178.0,158.0,126.0,98.0,85.0,90.0,105.0,119.0,130.0,138.0,141.0,142.0,139.0,134.0,131.0,132.0,135.0,136.0,134.0,131.0,130.0,131.0,132.0,130.0,128.0,126.0,166.0,99.0,112.0,83.0,129.0,106.0,101.0,95.0,129.0,137.0,145.0,141.0,140.0,146.0,142.0,123.0,92.0,75.0,73.0,98.0,139.0,180.0,203.0,204.0,174.0,129.0,90.0,66.0,68.0,97.0,145.0,183.0,194.0,174.0,132.0,91.0,70.0,76.0,102.0,135.0,157.0,163.0,153.0,137.0,124.0,118.0,116.0,117.0,120.0,123.0,0.9980347729982803,0.06266252377834088
158.0,157.0,103.0,115.0,117.0,136.0,101.0,57.0,55.0,55.0,55.0,87.0,146.0,171.0,189.0,192.0,183.0,146.0,106.0,65.0,55.0,55.0,76.0,115.0,151.0,179.0,189.0,188.0,173.0,145.0,111.0,91.0,87.0,99.0,115.0,130.0,135.0,137.0,134.0,131.0,128.0,126.0,124.0,126.0,131.0,135.0,137.0,138.0,138.0,139.0,130.0,130.0,130.0,129.0,130.0,130.0,130.0,130.0,129.0,129.0,129.0,130.0,130.0,130.0,130.0,138.0,130.0,130.0,130.0,129.0,129.0,128.0,129.0,129.0,130.0,131.0,130.0,129.0,128.0,128.0,128.0,129.0,130.0,130.0,127.0,128.0,129.0,131.0,128.0,128.0,127.0,128.0,131.0,131.0,131.0,130.0,129.0,130.0,130.0,130.0,0.982262352465573,-0.1875117887728621
55.0,81.0,55.0,132.0,153.0,205.0,204.0,205.0,194.0,156.0,80.0,55.0,55.0,55.0,55.0,71.0,181.0,205.0,205.0,205.0,205.0,157.0,102.0,60.0,55.0,55.0,87.0,119.0,139.0,152.0,164.0,170.0,167.0,152.0,133.0,118.0,111.0,110.0,114.0,117.0,120.0,125.0,128.0,131.0,130.0,128.0,127.0,129.0,130.0,131.0,126.0,109.0,106.0,110.0,116.0,136.0,149.0,142.0,119.0,98.0,96.0,113.0,130.0,139.0,138.0,128.0,125.0,138.0,153.0,149.0,123.0,86.0,56.0,55.0,93.0,153.0,195.0,205.0,189.0,159.0,132.0,116.0,103.0,87.0,74.0,74.0,93.0,127.0,163.0,186.0,189.0,173.0,148.0,123.0,111.0,111.0,118.0,122.0,119.0,110.0,0.9047685380613573,-0.42590361883214184
117.0,108.0,142.0,192.0,183.0,165.0,105.0,63.0,55.0,74.0,89.0,122.0,163.0,202.0,205.0,205.0,160.0,87.0,55.0,55.0,55.0,55.0,115.0,158.0,192.0,205.0,205.0,176.0,126.0,83.0,65.0,75.0,100.0,124.0,140.0,146.0,148.0,145.0,138.0,130.0,124.0,122.0,123.0,125.0,124.0,122.0,122.0,124.0,126.0,128.0,127.0,116.0,99.0,117.0,144.0,148.0,123.0,99.0,93.0,99.0,109.0,115.0,120.0,126.0,140.0,153.0,158.0,148.0,124.0,93.0,67.0,58.0,75.0,115.0,165.0,205.0,205.0,205.0,205.0,140.0,75.0,55.0,55.0,55.0,99.0,177.0,205.0,205.0,180.0,146.0,118.0,103.0,99.0,102.0,106.0,108.0,107.0,105.0,108.0,114.0,0.7704227276908283,-0.6375333878766067
132.0,115.0,64.0,55.0,55.0,76.0,77.0,97.0,133.0,168.0,192.0,200.0,178.0,126.0,81.0,55.0,55.0,55.0,67.0,126.0,163.0,188.0,196.0,187.0,168.0,137.0,104.0,82.0,77.0,90.0,111.0,132.0,143.0,147.0,144.0,139.0,135.0,131.0,130.0,136.0,135.0,133.0,131.0,135.0,142.0,144.0,142.0,138.0,136.0,136.0,155.0,143.0,148.0,146.0,151.0,124.0,98.0,97.0,121.0,148.0,160.0,145.0,126.0,137.0,158.0,165.0,141.0,100.0,59.0,55.0,84.0,153.0,205.0,205.0,205.0,168.0,133.0,113.0,96.0,71.0,55.0,55.0,70.0,139.0,202.0,205.0,205.0,179.0,118.0,75.0,64.0,83.0,113.0,136.0,140.0,130.0,118.0,116.0,125.0,140.0,0.5876666687711126,-0.80910313706935
165.0,132.0,148.0,132.0,100.0,55.0,55.0,55.0,55.0,112.0,172.0,185.0,195.0,205.0,183.0,113.0,56.0,55.0,55.0,55.0,57.0,133.0,188.0,205.0,205.0,194.0,164.0,130.0,101.0,79.0,74.0,83.0,105.0,129.0,146.0,153.0,153.0,146.0,135.0,128.0,123.0,122.0,121.0,123.0,125.0,127.0,130.0,132.0,134.0,134.0,113.0,160.0,126.0,117.0,104.0,113.0,114.0,122.0,132.0,136.0,137.0,130.0,138.0,142.0,136.0,110.0,81.0,56.0,56.0,102.0,156.0,187.0,195.0,182.0,155.0,132.0,122.0,116.0,107.0,97.0,89.0,87.0,98.0,125.0,159.0,188.0,199.0,189.0,164.0,137.0,120.0,110.0,105.0,100.0,94.0,92.0,94.0,102.0,111.0,121.0,0.3679840129627609,-0.9298321172146199
205.0,204.0,129.0,79.0,55.0,71.0,86.0,102.0,134.0,178.0,205.0,205.0,205.0,131.0,62.0,55.0,55.0,55.0,67.0,135.0,173.0,201.0,205.0,201.0,158.0,107.0,73.0,67.0,85.0,110.0,132.0,144.0,148.0,148.0,143.0,135.0,127.0,122.0,123.0,124.0,125.0,124.0,121.0,121.0,122.0,126.0,130.0,132.0,128.0,124.0,129.0,129.0,129.0,129.0,128.0,131.0,130.0,124.0,130.0,130.0,127.0,112.0,121.0,68.0,127.0,121.0,129.0,131.0,133.0,133.0,130.0,67.0,74.0,59.0,119.0,128.0,57.0,55.0,62.0,76.0,123.0,141.0,135.0,126.0,135.0,128.0,126.0,138.0,127.0,135.0,123.0,130.0,134.0,109.0,118.0,135.0,126.0,129.0,58.0,57.0,0.1251787299403234,-0.9921342074389571
167.0,104.0,84.0,106.0,153.0,157.0,137.0,92.0,72.0,58.0,71.0,91.0,126.0,148.0,174.0,179.0,162.0,130.0,96.0,63.0,56.0,73.0,101.0,134.0,166.0,184.0,185.0,176.0,151.0,118.0,92.0,84.0,92.0,112.0,133.0,145.0,147.0,144.0,139.0,133.0,129.0,125.0,123.0,125.0,129.0,131.0,133.0,133.0,134.0,136.0,129.0,130.0,130.0,129.0,128.0,129.0,132.0,132.0,131.0,129.0,128.0,129.0,130.0,131.0,131.0,130.0,130.0,130.0,130.0,131.0,130.0,129.0,129.0,128.0,128.0,129.0,130.0,131.0,132.0,132.0,131.0,130.0,129.0,128.0,128.0,129.0,130.0,130.0,130.0,130.0,131.0,131.0,131.0,131.0,130.0,85.0,55.0,55.0,55.0,55.0,-0.1254922782375041,-0.9920945963479293
88.0,139.0,73.0,108.0,55.0,108.0,125.0,167.0,149.0,172.0,162.0,136.0,99.0,62.0,55.0,55.0,55.0,58.0,157.0,205.0,205.0,205.0,204.0,158.0,116.0,82.0,60.0,55.0,56.0,104.0,147.0,173.0,183.0,171.0,152.0,135.0,122.0,116.0,114.0,115.0,118.0,124.0,126.0,126.0,127.0,131.0,135.0,137.0,138.0,138.0,129.0,129.0,137.0,130.0,130.0,129.0,131.0,130.0,130.0,130.0,130.0,130.0,130.0,130.0,130.0,129.0,129.0,129.0,130.0,130.0,134.0,131.0,130.0,130.0,130.0,129.0,130.0,205.0,205.0,130.0,107.0,119.0,127.0,129.0,127.0,128.0,127.0,126.0,126.0,127.0,126.0,127.0,126.0,127.0,127.0,127.0,127.0,127.0,128.0,128.0,-0.36827785915296435,-0.9297157729423059
112.0,130.0,173.0,191.0,200.0,188.0,136.0,105.0,57.0,55.0,55.0,95.0,113.0,147.0,162.0,185.0,197.0,199.0,177.0,148.0,116.0,90.0,84.0,93.0,104.0,112.0,122.0,127.0,134.0,145.0,157.0,160.0,154.0,138.0,120.0,106.0,102.0,103.0,111.0,117.0,123.0,127.0,130.0,132.0,133.0,132.0,132.0,132.0,132.0,131.0,76.0,92.0,133.0,129.0,132.0,124.0,114.0,94.0,76.0,72.0,86.0,108.0,125.0,140.0,149.0,160.0,167.0,160.0,125.0,77.0,55.0,55.0,55.0,73.0,199.0,205.0,205.0,205.0,205.0,104.0,56.0,55.0,55.0,55.0,84.0,166.0,197.0,201.0,183.0,154.0,124.0,103.0,91.0,90.0,94.0,99.0,103.0,105.0,106.0,109.0,-0.5879223487480854,-0.8089173702193164
196.0,164.0,86.0,83.0,82.0,89.0,67.0,64.0,87.0,125.0,166.0,184.0,174.0,145.0,120.0,85.0,56.0,55.0,55.0,55.0,90.0,159.0,197.0,205.0,205.0,176.0,139.0,112.0,95.0,85.0,85.0,94.0,112.0,132.0,149.0,156.0,155.0,148.0,138.0,131.0,126.0,123.0,122.0,124.0,127.0,131.0,133.0,134.0,136.0,138.0,125.0,107.0,103.0,124.0,157.0,148.0,119.0,95.0,88.0,96.0,113.0,129.0,138.0,149.0,152.0,151.0,144.0,132.0,106.0,71.0,55.0,55.0,55.0,102.0,205.0,205.0,205.0,205.0,205.0,59.0,55.0,55.0,55.0,55.0,125.0,199.0,205.0,205.0,191.0,161.0,135.0,117.0,107.0,103.0,103.0,104.0,102.0,99.0,97.0,101.0,-0.7706241755588142,-0.6372898712864483
205.0,170.0,92.0,98.0,103.0,130.0,84.0,57.0,55.0,55.0,55.0,58.0,132.0,168.0,200.0,195.0,156.0,116.0,84.0,56.0,55.0,55.0,86.0,122.0,169.0,202.0,205.0,191.0,159.0,119.0,91.0,80.0,87.0,105.0,125.0,137.0,143.0,141.0,133.0,125.0,122.0,121.0,122.0,125.0,129.0,134.0,138.0,141.0,142.0,144.0,110.0,132.0,102.0,151.0,143.0,136.0,100.0,96.0,104.0,116.0,124.0,121.0,123.0,137.0,167.0,175.0,168.0,150.0,124.0,87.0,68.0,75.0,100.0,130.0,165.0,192.0,200.0,191.0,170.0,134.0,94.0,68.0,64.0,84.0,114.0,139.0,146.0,136.0,118.0,106.0,104.0,114.0,129.0,140.0,145.0,144.0,138.0,132.0,129.0,129.0,-0.9049030956510018,-0.42561765409958485
166.0,108.0,119.0,98.0,108.0,70.0,91.0,100.0,138.0,159.0,177.0,166.0,162.0,165.0,155.0,136.0,118.0,105.0,90.0,111.0,145.0,153.0,139.0,132.0,123.0,120.0,129.0,137.0,129.0,120.0,118.0,123.0,129.0,132.0,128.0,123.0,121.0,121.0,124.0,129.0,132.0,135.0,140.0,141.0,140.0,136.0,133.0,131.0,131.0,128.0,160.0,148.0,138.0,126.0,132.0,110.0,78.0,71.0,93.0,127.0,149.0,157.0,157.0,170.0,178.0,161.0,115.0,61.0,55.0,55.0,55.0,155.0,205.0,205.0,205.0,205.0,205.0,71.0,55.0,55.0,55.0,55.0,76.0,202.0,205.0,205.0,205.0,141.0,78.0,55.0,55.0,55.0,86.0,112.0,121.0,121.0,119.0,123.0,134.0,148.0,-0.9823215647221067,-0.18720134476523342
55.0,55.0,55.0,71.0,138.0,155.0,156.0,157.0,142.0,133.0,95.0,59.0,55.0,55.0,55.0,85.0,118.0,136.0,142.0,155.0,166.0,158.0,149.0,141.0,133.0,123.0,121.0,116.0,109.0,106.0,109.0,122.0,138.0,150.0,154.0,153.0,147.0,138.0,131.0,126.0,124.0,123.0,126.0,130.0,134.0,135.0,137.0,139.0,142.0,144.0,122.0,133.0,117.0,163.0,137.0,136.0,101.0,92.0,88.0,112.0,135.0,148.0,157.0,152.0,151.0,148.0,137.0,103.0,62.0,55.0,55.0,55.0,149.0,205.0,205.0,205.0,205.0,205.0,55.0,55.0,55.0,55.0,55.0,125.0,205.0,205.0,205.0,205.0,166.0,129.0,101.0,83.0,83.0,93.0,104.0,108.0,106.0,102.0,104.0,113.0,-0.9980149192629629,0.06297794001506787
166.0,194.0,128.0,129.0,75.0,69.0,55.0,55.0,55.0,55.0,89.0,187.0,205.0,205.0,168.0,117.0,72.0,55.0,55.0,55.0,55.0,128.0,187.0,205.0,205.0,185.0,146.0,111.0,93.0,86.0,93.0,107.0,124.0,137.0,144.0,142.0,133.0,128.0,124.0,123.0,122.0,123.0,125.0,129.0,133.0,138.0,141.0,143.0,143.0,144.0,83.0,125.0,122.0,133.0,110.0,139.0,133.0,144.0,104.0,101.0,99.0,113.0,118.0,123.0,122.0,133.0,160.0,175.0,169.0,154.0,131.0,94.0,69.0,71.0,94.0,123.0,158.0,187.0,199.0,193.0,175.0,142.0,102.0,72.0,69.0,80.0,105.0,130.0,141.0,140.0,125.0,109.0,102.0,109.0,124.0,137.0,145.0,146.0,140.0,132.0,-0.9509970523395618,0.3091999457332826
55.0,83.0,140.0,141.0,175.0,151.0,159.0,152.0,182.0,157.0,144.0,118.0,108.0,85.0,102.0,123.0,120.0,118.0,141.0,156.0,153.0,158.0,154.0,133.0,115.0,109.0,103.0,100.0,106.0,119.0,134.0,146.0,146.0,142.0,135.0,132.0,129.0,132.0,133.0,133.0,133.0,133.0,133.0,131.0,128.0,125.0,123.0,123.0,124.0,124.0,122.0,104.0,81.0,75.0,92.0,123.0,146.0,157.0,158.0,168.0,175.0,161.0,117.0,64.0,55.0,55.0,55.0,134.0,205.0,205.0,205.0,205.0,205.0,75.0,55.0,55.0,55.0,55.0,73.0,198.0,205.0,205.0,205.0,142.0,79.0,55.0,55.0,55.0,84.0,110.0,120.0,120.0,118.0,122.0,132.0,147.0,159.0,165.0,163.0,159.0,-0.8442223765648811,0.5359930772940489
205.0,141.0,93.0,112.0,133.0,146.0,107.0,94.0,56.0,69.0,82.0,116.0,99.0,116.0,125.0,134.0,117.0,116.0,112.0,105.0,121.0,159.0,180.0,171.0,161.0,146.0,125.0,110.0,104.0,98.0,102.0,120.0,144.0,159.0,163.0,155.0,142.0,129.0,119.0,111.0,111.0,114.0,121.0,128.0,136.0,140.0,146.0,145.0,142.0,143.0,140.0,95.0,113.0,103.0,98.0,100.0,131.0,153.0,168.0,159.0,144.0,145.0,136.0,105.0,59.0,55.0,55.0,55.0,163.0,205.0,205.0,205.0,205.0,195.0,55.0,55.0,55.0,55.0,55.0,118.0,205.0,205.0,205.0,205.0,165.0,106.0,67.0,57.0,72.0,96.0,114.0,119.0,114.0,108.0,109.0,119.0,133.0,147.0,156.0,158.0,-0.6844001807581949,0.7291065714819407
55.0,55.0,55.0,74.0,187.0,187.0,149.0,126.0,122.0,99.0,67.0,55.0,55.0,55.0,60.0,161.0,201.0,205.0,195.0,167.0,135.0,114.0,100.0,91.0,89.0,95.0,112.0,129.0,143.0,148.0,148.0,145.0,137.0,130.0,124.0,121.0,121.0,126.0,130.0,133.0,135.0,137.0,141.0,144.0,145.0,144.0,143.0,143.0,144.0,145.0,121.0,101.0,88.0,87.0,103.0,126.0,137.0,125.0,118.0,143.0,171.0,177.0,161.0,127.0,87.0,62.0,74.0,105.0,135.0,156.0,169.0,173.0,169.0,162.0,141.0,102.0,65.0,58.0,91.0,146.0,194.0,194.0,143.0,71.0,55.0,55.0,55.0,138.0,186.0,203.0,192.0,165.0,136.0,121.0,121.0,128.0,129.0,121.0,110.0,104.0,-0.4815730453686402,0.8764059572905547
176.0,115.0,96.0,121.0,162.0,178.0,177.0,128.0,92.0,93.0,114.0,101.0,97.0,118.0,137.0,142.0,158.0,160.0,122.0,86.0,84.0,96.0,107.0,126.0,144.0,149.0,151.0,152.0,147.0,132.0,115.0,104.0,105.0,116.0,127.0,136.0,140.0,140.0,136.0,132.0,126.0,121.0,118.0,119.0,121.0,122.0,123.0,122.0,124.0,126.0,132.0,150.0,134.0,140.0,140.0,133.0,114.0,107.0,100.0,103.0,105.0,111.0,134.0,171.0,203.0,205.0,205.0,179.0,138.0,97.0,64.0,55.0,55.0,66.0,145.0,205.0,205.0,205.0,205.0,205.0,55.0,55.0,55.0,55.0,119.0,136.0,118.0,86.0,62.0,63.0,89.0,128.0,162.0,180.0,183.0,177.0,170.0,165.0,159.0,150.0,-0.24848580733289205,0.9686355370076616
158.0,133.0,73.0,75.0,60.0,104.0,96.0,101.0,91.0,132.0,140.0,156.0,166.0,171.0,144.0,130.0,148.0,157.0,144.0,134.0,124.0,102.0,99.0,113.0,124.0,126.0,132.0,139.0,146.0,151.0,147.0,136.0,123.0,112.0,106.0,107.0,113.0,119.0,128.0,137.0,144.0,146.0,147.0,147.0,147.0,147.0,145.0,141.0,137.0,133.0,110.0,112.0,123.0,142.0,133.0,116.0,90.0,75.0,85.0,105.0,121.0,140.0,160.0,174.0,187.0,186.0,153.0,101.0,55.0,55.0,55.0,55.0,86.0,205.0,205.0,205.0,205.0,205.0,88.0,55.0,55.0,55.0,55.0,60.0,135.0,167.0,178.0,172.0,158.0,143.0,131.0,126.0,125.0,125.0,124.0,121.0,116.0,110.0,107.0,108.0,0.000215273936666689,0.9999999768285658
118.0,82.0,101.0,96.0,66.0,98.0,91.0,116.0,119.0,139.0,117.0,140.0,143.0,151.0,133.0,135.0,138.0,150.0,166.0,179.0,170.0,139.0,111.0,99.0,99.0,104.0,113.0,119.0,127.0,139.0,155.0,159.0,153.0,133.0,116.0,104.0,104.0,108.0,117.0,127.0,138.0,146.0,152.0,153.0,151.0,150.0,149.0,147.0,144.0,139.0,175.0,131.0,99.0,93.0,116.0,137.0,135.0,120.0,105.0,105.0,133.0,166.0,180.0,160.0,118.0,81.0,68.0,87.0,121.0,136.0,128.0,120.0,134.0,171.0,205.0,205.0,170.0,96.0,55.0,55.0,55.0,74.0,163.0,190.0,183.0,155.0,125.0,113.0,120.0,134.0,142.0,136.0,121.0,109.0,107.0,115.0,124.0,126.0,122.0,118.0,0.24890282826263668,0.9685284621955415
192.0,136.0,136.0,115.0,107.0,105.0,95.0,70.0,82.0,123.0,142.0,147.0,162.0,165.0,122.0,80.0,60.0,55.0,55.0,55.0,121.0,156.0,178.0,192.0,188.0,167.0,140.0,113.0,91.0,80.0,83.0,100.0,124.0,144.0,153.0,153.0,146.0,135.0,125.0,119.0,114.0,113.0,113.0,115.0,119.0,122.0,124.0,127.0,129.0,131.0,109.0,99.0,115.0,128.0,104.0,82.0,97.0,120.0,160.0,171.0,171.0,167.0,169.0,160.0,144.0,105.0,55.0,55.0,55.0,55.0,157.0,205.0,205.0,205.0,112.0,74.0,57.0,89.0,141.0,166.0,145.0,94.0,55.0,55.0,55.0,62.0,158.0,204.0,205.0,205.0,192.0,171.0,156.0,141.0,124.0,108.0,92.0,87.0,92.0,102.0,0.48195033544603655,0.8761985358144881
205.0,110.0,65.0,55.0,65.0,95.0,112.0,109.0,123.0,165.0,180.0,172.0,167.0,181.0,167.0,151.0,134.0,105.0,64.0,55.0,77.0,100.0,118.0,138.0,156.0,167.0,177.0,176.0,158.0,125.0,94.0,78.0,80.0,95.0,113.0,131.0,142.0,148.0,149.0,147.0,143.0,139.0,138.0,137.0,137.0,134.0,131.0,128.0,126.0,124.0,166.0,137.0,96.0,127.0,107.0,121.0,88.0,87.0,103.0,135.0,151.0,147.0,146.0,148.0,153.0,132.0,109.0,71.0,55.0,55.0,55.0,142.0,202.0,205.0,205.0,205.0,134.0,73.0,55.0,55.0,55.0,94.0,167.0,201.0,201.0,172.0,130.0,103.0,98.0,113.0,137.0,153.0,154.0,142.0,125.0,108.0,98.0,97.0,103.0,111.0,0.6847140326005725,0.7288118368686545
69.0,70.0,73.0,82.0,83.0,101.0,138.0,165.0,177.0,174.0,173.0,163.0,155.0,142.0,116.0,72.0,55.0,55.0,94.0,124.0,149.0,161.0,163.0,168.0,172.0,159.0,129.0,99.0,81.0,83.0,98.0,116.0,129.0,138.0,144.0,146.0,146.0,142.0,138.0,137.0,139.0,141.0,140.0,137.0,133.0,131.0,131.0,130.0,128.0,125.0,129.0,130.0,130.0,130.0,130.0,130.0,130.0,130.0,130.0,130.0,130.0,130.0,130.0,130.0,130.0,130.0,130.0,130.0,130.0,130.0,130.0,130.0,130.0,130.0,130.0,130.0,130.0,130.0,130.0,130.0,130.0,130.0,130.0,130.0,130.0,130.0,130.0,130.0,130.0,130.0,129.0,130.0,129.0,130.0,130.0,130.0,129.0,130.0,130.0,130.0,0.8444530689917126,0.5356295494747073
205.0,163.0,109.0,86.0,87.0,125.0,113.0,98.0,107.0,130.0,119.0,107.0,97.0,79.0,64.0,83.0,119.0,142.0,161.0,175.0,176.0,162.0,141.0,114.0,91.0,79.0,85.0,105.0,130.0,148.0,155.0,154.0,147.0,137.0,127.0,119.0,114.0,111.0,112.0,114.0,116.0,118.0,120.0,123.0,126.0,129.0,135.0,138.0,141.0,137.0,150.0,157.0,125.0,129.0,141.0,148.0,140.0,141.0,133.0,133.0,122.0,116.0,120.0,127.0,122.0,121.0,108.0,105.0,126.0,156.0,157.0,129.0,103.0,90.0,107.0,150.0,187.0,182.0,140.0,83.0,55.0,55.0,55.0,154.0,205.0,205.0,205.0,187.0,123.0,93.0,88.0,99.0,110.0,113.0,109.0,105.0,108.0,116.0,126.0,133.0,0.9511300895716864,0.30879046732591314
123.0,82.0,112.0,78.0,136.0,118.0,135.0,136.0,200.0,199.0,205.0,178.0,139.0,70.0,55.0,55.0,55.0,55.0,63.0,152.0,187.0,205.0,205.0,205.0,159.0,118.0,83.0,62.0,65.0,79.0,105.0,132.0,152.0,164.0,163.0,154.0,141.0,133.0,128.0,125.0,122.0,121.0,119.0,118.0,120.0,121.0,124.0,121.0,121.0,121.0,130.0,131.0,130.0,130.0,130.0,130.0,130.0,130.0,130.0,130.0,130.0,130.0,130.0,130.0,130.0,130.0,130.0,130.0,130.0,130.0,129.0,129.0,129.0,129.0,132.0,131.0,130.0,128.0,129.0,130.0,130.0,131.0,130.0,129.0,129.0,129.0,130.0,130.0,130.0,129.0,130.0,129.0,130.0,130.0,130.0,130.0,129.0,129.0,129.0,130.0,0.9980419417787283,0.06254824098682192
202.0,55.0,55.0,95.0,139.0,132.0,159.0,163.0,202.0,205.0,205.0,159.0,101.0,55.0,55.0,55.0,75.0,131.0,175.0,205.0,205.0,205.0,205.0,141.0,91.0,56.0,55.0,55.0,83.0,113.0,147.0,173.0,181.0,172.0,149.0,126.0,112.0,110.0,114.0,120.0,124.0,129.0,134.0,137.0,137.0,133.0,129.0,127.0,127.0,127.0,55.0,55.0,82.0,72.0,110.0,129.0,121.0,57.0,56.0,57.0,58.0,58.0,59.0,74.0,62.0,105.0,86.0,61.0,61.0,62.0,62.0,63.0,80.0,203.0,111.0,64.0,64.0,117.0,205.0,177.0,119.0,69.0,117.0,150.0,173.0,153.0,139.0,142.0,152.0,158.0,145.0,140.0,136.0,147.0,153.0,158.0,153.0,149.0,146.0,146.0,0.982240874535904,-0.18762426386515813
91.0,55.0,77.0,141.0,175.0,135.0,85.0,67.0,67.0,73.0,95.0,116.0,131.0,161.0,186.0,186.0,151.0,108.0,62.0,56.0,55.0,84.0,129.0,168.0,190.0,192.0,184.0,161.0,127.0,95.0,81.0,86.0,104.0,125.0,140.0,148.0,150.0,146.0,140.0,135.0,131.0,130.0,132.0,136.0,137.0,137.0,136.0,138.0,140.0,142.0,131.0,131.0,131.0,131.0,130.0,130.0,129.0,130.0,130.0,130.0,130.0,130.0,129.0,130.0,129.0,129.0,129.0,129.0,129.0,129.0,130.0,130.0,130.0,129.0,129.0,129.0,129.0,129.0,129.0,129.0,129.0,129.0,130.0,205.0,205.0,205.0,205.0,205.0,205.0,205.0,113.0,120.0,101.0,81.0,125.0,119.0,124.0,122.0,113.0,115.0,0.9047197630078119,-0.42600721874527975
147.0,205.0,154.0,142.0,103.0,111.0,108.0,149.0,159.0,160.0,154.0,159.0,126.0,81.0,63.0,61.0,63.0,83.0,128.0,152.0,154.0,157.0,168.0,157.0,136.0,115.0,97.0,89.0,104.0,131.0,149.0,149.0,137.0,126.0,124.0,130.0,135.0,137.0,135.0,131.0,125.0,121.0,116.0,112.0,112.0,114.0,118.0,121.0,122.0,124.0,130.0,130.0,130.0,129.0,130.0,130.0,130.0,130.0,130.0,130.0,125.0,130.0,131.0,130.0,131.0,130.0,130.0,130.0,129.0,130.0,130.0,131.0,131.0,131.0,130.0,130.0,130.0,130.0,130.0,130.0,130.0,130.0,130.0,130.0,128.0,129.0,127.0,121.0,110.0,131.0,131.0,131.0,131.0,121.0,131.0,131.0,57.0,130.0,132.0,132.0,0.7703497203405233,-0.637621602811007
175.0,62.0,124.0,121.0,205.0,180.0,182.0,112.0,85.0,58.0,77.0,85.0,110.0,152.0,191.0,205.0,205.0,186.0,116.0,61.0,55.0,55.0,55.0,105.0,141.0,176.0,198.0,205.0,183.0,142.0,101.0,79.0,81.0,100.0,121.0,135.0,142.0,144.0,144.0,139.0,132.0,127.0,124.0,126.0,127.0,127.0,125.0,123.0,124.0,127.0,138.0,123.0,117.0,127.0,129.0,122.0,113.0,102.0,96.0,103.0,120.0,130.0,138.0,145.0,148.0,147.0,141.0,123.0,97.0,77.0,71.0,88.0,126.0,174.0,205.0,205.0,188.0,136.0,84.0,56.0,58.0,93.0,135.0,164.0,170.0,155.0,133.0,117.0,110.0,110.0,113.0,117.0,119.0,120.0,121.0,122.0,124.0,126.0,127.0,127.0,0.5875740166106889,-0.8091704239552888
205.0,170.0,96.0,55.0,55.0,55.0,55.0,55.0,92.0,153.0,201.0,205.0,205.0,153.0,93.0,55.0,55.0,55.0,55.0,112.0,159.0,188.0,196.0,188.0,166.0,131.0,98.0,82.0,83.0,98.0,118.0,133.0,140.0,140.0,135.0,129.0,124.0,121.0,120.0,122.0,125.0,128.0,130.0,132.0,134.0,137.0,139.0,138.0,136.0,135.0,129.0,130.0,132.0,130.0,129.0,128.0,129.0,130.0,130.0,131.0,129.0,129.0,129.0,129.0,129.0,129.0,129.0,129.0,130.0,130.0,131.0,130.0,130.0,129.0,129.0,128.0,128.0,129.0,129.0,130.0,130.0,131.0,130.0,130.0,130.0,130.0,129.0,129.0,129.0,124.0,123.0,115.0,119.0,130.0,130.0,130.0,130.0,130.0,130.0,130.0,0.3678775378792932,-0.9298742480162945
205.0,149.0,145.0,108.0,129.0,75.0,58.0,55.0,55.0,55.0,120.0,181.0,188.0,196.0,196.0,164.0,95.0,55.0,55.0,55.0,55.0,55.0,125.0,192.0,205.0,205.0,204.0,166.0,129.0,98.0,74.0,65.0,73.0,96.0,125.0,146.0,158.0,158.0,150.0,138.0,129.0,122.0,119.0,118.0,120.0,123.0,126.0,128.0,131.0,132.0,107.0,129.0,144.0,134.0,107.0,97.0,107.0,131.0,148.0,144.0,127.0,124.0,139.0,155.0,163.0,151.0,114.0,80.0,80.0,114.0,158.0,185.0,176.0,135.0,95.0,88.0,116.0,157.0,182.0,174.0,137.0,94.0,68.0,68.0,88.0,114.0,132.0,134.0,128.0,124.0,128.0,139.0,150.0,151.0,143.0,132.0,126.0,128.0,132.0,135.0,0.12506512239745154,-0.9921485348271752
161.0,76.0,55.0,55.0,97.0,132.0,167.0,192.0,205.0,205.0,205.0,139.0,61.0,55.0,55.0,55.0,56.0,131.0,170.0,198.0,205.0,205.0,178.0,129.0,83.0,60.0,65.0,86.0,113.0,132.0,143.0,149.0,148.0,143.0,135.0,129.0,127.0,129.0,131.0,130.0,128.0,125.0,126.0,128.0,128.0,127.0,125.0,124.0,125.0,127.0,129.0,130.0,131.0,130.0,129.0,129.0,132.0,132.0,130.0,128.0,128.0,130.0,131.0,131.0,130.0,129.0,129.0,130.0,131.0,130.0,130.0,129.0,129.0,129.0,129.0,130.0,130.0,131.0,130.0,131.0,130.0,130.0,129.0,129.0,129.0,129.0,130.0,130.0,130.0,130.0,130.0,130.0,130.0,129.0,130.0,130.0,130.0,130.0,130.0,130.0,-0.12560587960121802,-0.9920802200475546
127.0,139.0,97.0,156.0,104.0,130.0,63.0,69.0,55.0,98.0,117.0,161.0,172.0,179.0,159.0,133.0,99.0,59.0,55.0,55.0,55.0,108.0,160.0,190.0,200.0,195.0,172.0,134.0,106.0,88.0,85.0,92.0,110.0,125.0,138.0,145.0,149.0,148.0,146.0,134.0,124.0,120.0,123.0,127.0,130.0,130.0,130.0,131.0,133.0,136.0,114.0,144.0,134.0,137.0,137.0,134.0,112.0,92.0,94.0,123.0,154.0,176.0,176.0,160.0,155.0,152.0,129.0,90.0,57.0,55.0,55.0,117.0,192.0,205.0,205.0,205.0,164.0,121.0,100.0,84.0,60.0,55.0,55.0,55.0,71.0,180.0,205.0,205.0,203.0,133.0,93.0,79.0,91.0,111.0,131.0,137.0,130.0,118.0,113.0,119.0,-0.36838431608724087,-0.9296735963019149
162.0,150.0,112.0,55.0,55.0,109.0,165.0,169.0,156.0,159.0,139.0,113.0,82.0,55.0,55.0,55.0,55.0,109.0,181.0,205.0,193.0,169.0,157.0,137.0,113.0,96.0,83.0,80.0,104.0,138.0,157.0,159.0,149.0,136.0,129.0,131.0,131.0,133.0,131.0,129.0,127.0,126.0,123.0,121.0,124.0,129.0,134.0,135.0,136.0,137.0,119.0,132.0,166.0,112.0,119.0,116.0,122.0,114.0,126.0,135.0,141.0,140.0,134.0,142.0,144.0,130.0,99.0,67.0,55.0,74.0,132.0,181.0,200.0,200.0,176.0,144.0,123.0,116.0,107.0,93.0,81.0,73.0,80.0,107.0,155.0,198.0,205.0,205.0,169.0,125.0,97.0,94.0,101.0,106.0,101.0,96.0,96.0,103.0,114.0,124.0,-0.5880149719296944,-0.808850043448426
173.0,115.0,132.0,55.0,65.0,55.0,97.0,118.0,165.0,170.0,187.0,200.0,205.0,172.0,127.0,94.0,66.0,78.0,118.0,151.0,147.0,142.0,132.0,124.0,127.0,138.0,135.0,125.0,118.0,120.0,126.0,132.0,130.0,123.0,115.0,112.0,112.0,117.0,122.0,127.0,132.0,136.0,136.0,134.0,132.0,131.0,131.0,129.0,126.0,122.0,90.0,98.0,114.0,125.0,123.0,131.0,138.0,147.0,147.0,129.0,90.0,60.0,55.0,55.0,107.0,158.0,197.0,205.0,205.0,185.0,135.0,82.0,55.0,55.0,55.0,99.0,191.0,205.0,205.0,181.0,111.0,63.0,55.0,77.0,120.0,156.0,165.0,150.0,123.0,102.0,94.0,99.0,108.0,117.0,121.0,124.0,128.0,132.0,136.0,136.0,-0.770697144921601,-0.6372016249270656
165.0,151.0,79.0,112.0,104.0,159.0,115.0,109.0,68.0,68.0,56.0,89.0,92.0,97.0,106.0,129.0,130.0,121.0,122.0,112.0,98.0,103.0,129.0,142.0,151.0,156.0,154.0,141.0,132.0,122.0,115.0,111.0,115.0,124.0,136.0,143.0,143.0,140.0,135.0,128.0,123.0,121.0,120.0,122.0,127.0,132.0,136.0,139.0,142.0,144.0,71.0,80.0,105.0,129.0,123.0,120.0,117.0,144.0,139.0,124.0,101.0,93.0,93.0,107.0,125.0,138.0,149.0,153.0,152.0,145.0,134.0,107.0,70.0,55.0,55.0,55.0,107.0,205.0,205.0,205.0,205.0,205.0,70.0,55.0,55.0,55.0,55.0,127.0,199.0,205.0,205.0,181.0,153.0,132.0,118.0,110.0,106.0,105.0,105.0,103.0,-0.9049518260953046,-0.4255140331960553
55.0,55.0,55.0,55.0,83.0,113.0,152.0,202.0,187.0,140.0,96.0,74.0,55.0,55.0,55.0,55.0,56.0,127.0,188.0,205.0,205.0,186.0,151.0,120.0,103.0,91.0,84.0,85.0,96.0,116.0,135.0,147.0,152.0,152.0,149.0,142.0,135.0,130.0,127.0,128.0,133.0,136.0,139.0,139.0,140.0,142.0,144.0,144.0,143.0,142.0,174.0,133.0,101.0,90.0,130.0,132.0,122.0,113.0,122.0,137.0,135.0,115.0,101.0,103.0,106.0,117.0,125.0,126.0,137.0,161.0,170.0,164.0,154.0,130.0,91.0,66.0,70.0,90.0,121.0,161.0,191.0,199.0,190.0,170.0,142.0,109.0,86.0,75.0,77.0,92.0,111.0,126.0,133.0,133.0,128.0,125.0,126.0,131.0,135.0,139.0,-0.9823429942238744,-0.18708886043608572
154.0,187.0,73.0,142.0,91.0,154.0,112.0,157.0,137.0,164.0,156.0,162.0,122.0,100.0,111.0,111.0,104.0,108.0,124.0,115.0,125.0,148.0,157.0,136.0,130.0,126.0,118.0,117.0,125.0,128.0,127.0,124.0,122.0,124.0,129.0,131.0,134.0,134.0,133.0,128.0,128.0,127.0,126.0,124.0,123.0,122.0,122.0,122.0,121.0,123.0,118.0,147.0,115.0,146.0,131.0,145.0,116.0,79.0,66.0,80.0,115.0,133.0,150.0,147.0,163.0,172.0,172.0,138.0,90.0,55.0,55.0,55.0,72.0,194.0,205.0,205.0,205.0,205.0,205.0,55.0,55.0,55.0,55.0,57.0,137.0,205.0,205.0,205.0,167.0,111.0,71.0,57.0,64.0,84.0,102.0,112.0,114.0,112.0,114.0,121.0,-0.9980077012789678,0.06309221970949024
179.0,161.0,86.0,55.0,55.0,71.0,98.0,91.0,93.0,84.0,128.0,127.0,127.0,109.0,120.0,113.0,123.0,144.0,156.0,132.0,114.0,115.0,119.0,121.0,128.0,131.0,129.0,137.0,151.0,158.0,149.0,131.0,114.0,108.0,112.0,120.0,127.0,132.0,134.0,136.0,137.0,138.0,136.0,137.0,140.0,145.0,147.0,147.0,145.0,145.0,96.0,127.0,121.0,174.0,140.0,129.0,94.0,95.0,91.0,114.0,130.0,145.0,154.0,153.0,152.0,146.0,137.0,105.0,65.0,55.0,55.0,55.0,132.0,205.0,205.0,205.0,205.0,205.0,55.0,55.0,55.0,55.0,55.0,116.0,201.0,205.0,205.0,205.0,164.0,127.0,101.0,89.0,89.0,96.0,102.0,104.0,102.0,101.0,104.0,113.0,-0.9509616404187281,0.30930883991913605
168.0,112.0,55.0,85.0,138.0,160.0,120.0,94.0,81.0,76.0,76.0,82.0,72.0,70.0,106.0,159.0,186.0,188.0,173.0,147.0,122.0,109.0,102.0,96.0,95.0,101.0,118.0,135.0,148.0,150.0,147.0,141.0,132.0,124.0,118.0,114.0,114.0,118.0,122.0,126.0,128.0,130.0,134.0,138.0,141.0,142.0,143.0,143.0,144.0,144.0,151.0,133.0,117.0,133.0,157.0,141.0,97.0,92.0,101.0,123.0,134.0,129.0,122.0,146.0,175.0,181.0,167.0,145.0,110.0,76.0,73.0,91.0,120.0,152.0,179.0,193.0,194.0,181.0,153.0,110.0,68.0,55.0,55.0,104.0,153.0,178.0,166.0,129.0,90.0,68.0,74.0,99.0,129.0,149.0,156.0,153.0,144.0,137.0,137.0,141.0,-0.844160995849105,0.5360897435010741
176.0,93.0,154.0,133.0,180.0,164.0,152.0,97.0,92.0,107.0,99.0,98.0,111.0,139.0,136.0,158.0,166.0,139.0,89.0,76.0,81.0,92.0,113.0,142.0,153.0,157.0,160.0,158.0,143.0,125.0,107.0,100.0,105.0,116.0,129.0,139.0,144.0,141.0,137.0,131.0,125.0,120.0,118.0,118.0,120.0,120.0,120.0,121.0,124.0,127.0,127.0,130.0,122.0,97.0,91.0,95.0,115.0,135.0,141.0,136.0,140.0,144.0,139.0,123.0,100.0,73.0,62.0,85.0,136.0,198.0,205.0,205.0,205.0,202.0,92.0,55.0,55.0,55.0,55.0,125.0,205.0,205.0,205.0,205.0,117.0,71.0,55.0,55.0,55.0,55.0,98.0,111.0,116.0,118.0,125.0,136.0,149.0,159.0,163.0,163.0,-0.6843166881634266,0.729184935596615
143.0,111.0,92.0,55.0,62.0,89.0,117.0,99.0,132.0,135.0,150.0,158.0,172.0,141.0,121.0,137.0,163.0,166.0,161.0,152.0,115.0,80.0,76.0,94.0,101.0,114.0,133.0,149.0,160.0,169.0,165.0,145.0,118.0,94.0,85.0,91.0,105.0,122.0,138.0,149.0,157.0,155.0,148.0,143.0,144.0,147.0,145.0,139.0,131.0,126.0,110.0,109.0,105.0,103.0,127.0,155.0,154.0,150.0,121.0,111.0,107.0,95.0,70.0,62.0,68.0,102.0,158.0,205.0,205.0,205.0,204.0,121.0,58.0,55.0,55.0,55.0,55.0,118.0,205.0,205.0,205.0,205.0,205.0,87.0,55.0,55.0,55.0,82.0,128.0,137.0,127.0,112.0,103.0,108.0,122.0,137.0,146.0,149.0,145.0,140.0,-0.48147268723188114,0.8764610952288249
55.0,67.0,79.0,87.0,84.0,99.0,133.0,165.0,178.0,175.0,173.0,162.0,153.0,142.0,117.0,73.0,55.0,55.0,93.0,123.0,148.0,161.0,163.0,167.0,171.0,159.0,129.0,99.0,81.0,82.0,98.0,115.0,129.0,138.0,144.0,146.0,146.0,142.0,138.0,137.0,139.0,141.0,140.0,136.0,133.0,131.0,131.0,129.0,127.0,125.0,115.0,97.0,110.0,133.0,141.0,120.0,106.0,121.0,141.0,144.0,138.0,131.0,120.0,120.0,128.0,127.0,114.0,105.0,111.0,129.0,148.0,162.0,150.0,111.0,77.0,78.0,121.0,181.0,205.0,205.0,138.0,62.0,55.0,55.0,55.0,146.0,188.0,194.0,173.0,145.0,124.0,120.0,127.0,134.0,131.0,120.0,109.0,106.0,113.0,123.0,-0.2483748897536033,0.9686639841244669
205.0,205.0,148.0,112.0,87.0,96.0,121.0,111.0,94.0,107.0,130.0,121.0,105.0,97.0,79.0,65.0,82.0,117.0,141.0,159.0,174.0,176.0,162.0,141.0,115.0,91.0,80.0,84.0,104.0,128.0,147.0,154.0,154.0,147.0,137.0,126.0,118.0,113.0,111.0,112.0,113.0,116.0,118.0,120.0,123.0,127.0,130.0,133.0,134.0,136.0,170.0,117.0,109.0,120.0,129.0,107.0,104.0,103.0,103.0,101.0,96.0,112.0,154.0,195.0,205.0,205.0,176.0,139.0,105.0,74.0,55.0,55.0,55.0,91.0,181.0,205.0,205.0,205.0,205.0,61.0,55.0,55.0,86.0,119.0,113.0,76.0,55.0,55.0,55.0,113.0,172.0,203.0,205.0,188.0,166.0,153.0,150.0,149.0,141.0,126.0,0.00032978134636722415,0.9999999456221303
98.0,88.0,94.0,130.0,105.0,136.0,103.0,141.0,181.0,205.0,205.0,191.0,151.0,89.0,55.0,55.0,55.0,55.0,72.0,165.0,205.0,205.0,205.0,205.0,151.0,106.0,72.0,55.0,55.0,76.0,116.0,152.0,173.0,172.0,159.0,143.0,131.0,123.0,122.0,121.0,122.0,123.0,125.0,125.0,123.0,121.0,120.0,121.0,123.0,124.0,103.0,112.0,118.0,102.0,81.0,82.0,101.0,126.0,155.0,168.0,178.0,184.0,174.0,130.0,80.0,55.0,55.0,55.0,55.0,139.0,205.0,205.0,205.0,205.0,205.0,55.0,55.0,55.0,55.0,55.0,87.0,149.0,173.0,176.0,167.0,151.0,136.0,128.0,124.0,124.0,124.0,122.0,118.0,112.0,107.0,105.0,109.0,118.0,127.0,136.0,0.24901373032019752,0.9684999546267516
108.0,66.0,55.0,106.0,120.0,148.0,142.0,161.0,189.0,205.0,205.0,180.0,123.0,57.0,55.0,55.0,55.0,114.0,164.0,198.0,205.0,205.0,205.0,159.0,106.0,65.0,55.0,55.0,74.0,102.0,136.0,167.0,182.0,178.0,158.0,133.0,115.0,110.0,112.0,118.0,123.0,128.0,132.0,137.0,138.0,135.0,131.0,128.0,128.0,128.0,160.0,80.0,99.0,120.0,164.0,139.0,109.0,92.0,106.0,130.0,144.0,136.0,109.0,96.0,94.0,116.0,145.0,160.0,133.0,92.0,66.0,81.0,134.0,187.0,198.0,158.0,94.0,55.0,55.0,60.0,159.0,205.0,205.0,205.0,141.0,86.0,65.0,85.0,124.0,155.0,164.0,151.0,130.0,118.0,114.0,115.0,114.0,110.0,107.0,109.0,0.4820506635146637,0.8761433431836781
174.0,170.0,110.0,133.0,104.0,149.0,113.0,84.0,55.0,55.0,55.0,55.0,117.0,160.0,177.0,189.0,190.0,165.0,126.0,84.0,56.0,55.0,55.0,97.0,133.0,164.0,184.0,186.0,180.0,158.0,126.0,98.0,87.0,91.0,107.0,122.0,131.0,134.0,134.0,131.0,127.0,125.0,123.0,124.0,128.0,132.0,135.0,136.0,137.0,138.0,85.0,129.0,149.0,147.0,106.0,102.0,112.0,136.0,154.0,153.0,147.0,142.0,143.0,143.0,149.0,127.0,88.0,55.0,55.0,81.0,151.0,205.0,205.0,172.0,121.0,86.0,87.0,129.0,170.0,172.0,127.0,66.0,55.0,55.0,55.0,123.0,205.0,205.0,205.0,179.0,134.0,113.0,112.0,117.0,117.0,110.0,99.0,96.0,103.0,114.0,0.6847974824701644,0.7287334272575431
205.0,92.0,106.0,114.0,134.0,164.0,163.0,168.0,169.0,150.0,93.0,68.0,61.0,61.0,61.0,103.0,149.0,175.0,196.0,205.0,205.0,168.0,115.0,76.0,55.0,55.0,87.0,119.0,139.0,151.0,160.0,165.0,163.0,150.0,131.0,115.0,107.0,103.0,105.0,109.0,111.0,115.0,120.0,123.0,125.0,125.0,125.0,127.0,129.0,129.0,113.0,106.0,130.0,124.0,120.0,110.0,133.0,145.0,136.0,126.0,125.0,128.0,120.0,105.0,91.0,90.0,92.0,109.0,132.0,154.0,170.0,186.0,184.0,153.0,113.0,80.0,55.0,55.0,88.0,146.0,196.0,205.0,203.0,148.0,104.0,93.0,117.0,152.0,170.0,159.0,125.0,89.0,69.0,69.0,83.0,104.0,120.0,128.0,129.0,131.0,0.8445143970099483,0.5355328498261552
125.0,108.0,140.0,192.0,182.0,160.0,100.0,58.0,55.0,73.0,92.0,127.0,169.0,204.0,205.0,205.0,151.0,78.0,55.0,55.0,55.0,55.0,121.0,162.0,194.0,205.0,205.0,169.0,118.0,78.0,64.0,77.0,101.0,126.0,140.0,145.0,147.0,143.0,136.0,126.0,119.0,118.0,122.0,127.0,128.0,123.0,117.0,117.0,123.0,128.0,116.0,93.0,100.0,145.0,155.0,151.0,133.0,121.0,111.0,104.0,93.0,93.0,100.0,105.0,114.0,131.0,157.0,185.0,194.0,164.0,105.0,55.0,55.0,55.0,72.0,171.0,205.0,205.0,205.0,141.0,90.0,68.0,84.0,122.0,159.0,176.0,170.0,148.0,126.0,112.0,104.0,102.0,102.0,106.0,111.0,118.0,123.0,127.0,129.0,128.0,0.9511654421339121,0.308681553854777
169.0,100.0,55.0,55.0,55.0,88.0,108.0,133.0,162.0,186.0,200.0,180.0,127.0,78.0,55.0,55.0,55.0,76.0,126.0,160.0,187.0,195.0,187.0,167.0,136.0,102.0,80.0,77.0,89.0,110.0,131.0,142.0,146.0,144.0,138.0,134.0,131.0,129.0,129.0,131.0,134.0,136.0,137.0,138.0,139.0,139.0,139.0,137.0,136.0,136.0,140.0,114.0,132.0,148.0,152.0,145.0,135.0,132.0,127.0,120.0,118.0,127.0,124.0,119.0,112.0,106.0,118.0,150.0,163.0,141.0,114.0,95.0,95.0,124.0,169.0,193.0,169.0,112.0,55.0,55.0,55.0,99.0,198.0,205.0,205.0,205.0,149.0,100.0,85.0,93.0,107.0,115.0,113.0,106.0,106.0,112.0,122.0,132.0,136.0,135.0,0.9980490974729023,0.06243395737517503
196.0,160.0,99.0,131.0,74.0,65.0,55.0,55.0,55.0,100.0,163.0,188.0,193.0,205.0,182.0,115.0,58.0,55.0,55.0,55.0,55.0,78.0,182.0,205.0,205.0,205.0,179.0,143.0,109.0,81.0,66.0,66.0,87.0,114.0,140.0,154.0,160.0,157.0,148.0,134.0,122.0,116.0,117.0,121.0,124.0,126.0,127.0,129.0,131.0,134.0,131.0,131.0,131.0,131.0,130.0,131.0,130.0,130.0,130.0,130.0,130.0,130.0,130.0,129.0,130.0,129.0,129.0,129.0,130.0,130.0,130.0,130.0,130.0,130.0,129.0,129.0,130.0,129.0,129.0,129.0,129.0,130.0,129.0,130.0,130.0,130.0,130.0,130.0,130.0,130.0,130.0,130.0,130.0,130.0,130.0,129.0,129.0,130.0,130.0,130.0,0.9822193837271431,-0.18773673649733852
99.0,61.0,55.0,87.0,121.0,158.0,186.0,205.0,205.0,205.0,157.0,79.0,55.0,55.0,55.0,55.0,105.0,163.0,193.0,205.0,205.0,187.0,142.0,96.0,68.0,65.0,79.0,103.0,127.0,144.0,151.0,151.0,145.0,137.0,130.0,127.0,130.0,132.0,132.0,128.0,126.0,126.0,129.0,130.0,128.0,126.0,124.0,125.0,127.0,129.0,148.0,123.0,119.0,109.0,119.0,117.0,108.0,96.0,106.0,123.0,137.0,142.0,143.0,139.0,143.0,139.0,119.0,92.0,74.0,78.0,104.0,148.0,190.0,205.0,205.0,172.0,119.0,73.0,56.0,70.0,108.0,147.0,168.0,166.0,147.0,126.0,113.0,108.0,110.0,114.0,118.0,119.0,120.0,121.0,122.0,125.0,127.0,127.0,127.0,129.0,0.904670976091629,-0.4261108130726316
128.0,105.0,106.0,143.0,143.0,123.0,85.0,60.0,55.0,74.0,109.0,137.0,162.0,175.0,172.0,146.0,115.0,77.0,56.0,55.0,85.0,115.0,150.0,176.0,185.0,180.0,164.0,135.0,104.0,85.0,84.0,99.0,121.0,139.0,146.0,145.0,141.0,134.0,130.0,125.0,122.0,123.0,125.0,129.0,131.0,132.0,133.0,134.0,136.0,137.0,139.0,121.0,118.0,116.0,134.0,132.0,124.0,129.0,143.0,149.0,146.0,129.0,102.0,93.0,102.0,109.0,112.0,125.0,154.0,166.0,183.0,190.0,175.0,131.0,77.0,55.0,55.0,55.0,105.0,197.0,205.0,205.0,183.0,127.0,95.0,88.0,101.0,116.0,124.0,120.0,114.0,111.0,115.0,122.0,129.0,132.0,132.0,132.0,135.0,140.0,0.7702767028894283,-0.6377098093849516
132.0,80.0,114.0,109.0,85.0,71.0,102.0,149.0,157.0,167.0,165.0,163.0,117.0,90.0,55.0,55.0,55.0,55.0,70.0,185.0,205.0,205.0,205.0,190.0,143.0,99.0,67.0,55.0,55.0,55.0,118.0,161.0,186.0,188.0,171.0,147.0,129.0,115.0,111.0,110.0,114.0,119.0,125.0,127.0,128.0,130.0,132.0,136.0,138.0,138.0,132.0,102.0,112.0,130.0,151.0,134.0,105.0,93.0,105.0,130.0,147.0,146.0,129.0,124.0,137.0,154.0,162.0,156.0,122.0,84.0,76.0,106.0,151.0,183.0,182.0,145.0,102.0,87.0,109.0,150.0,179.0,178.0,146.0,101.0,71.0,66.0,84.0,110.0,130.0,135.0,129.0,125.0,127.0,137.0,148.0,152.0,146.0,135.0,128.0,127.0,0.5874813567460289,-0.8092377002314247
81.0,172.0,136.0,202.0,180.0,200.0,130.0,89.0,55.0,55.0,55.0,92.0,130.0,143.0,175.0,188.0,204.0,186.0,158.0,114.0,86.0,72.0,85.0,103.0,121.0,132.0,139.0,140.0,142.0,145.0,146.0,142.0,135.0,126.0,117.0,112.0,111.0,114.0,119.0,123.0,125.0,127.0,127.0,129.0,130.0,131.0,130.0,130.0,130.0,131.0,97.0,101.0,103.0,102.0,127.0,130.0,139.0,137.0,139.0,141.0,142.0,121.0,92.0,72.0,69.0,91.0,133.0,176.0,201.0,203.0,174.0,126.0,82.0,59.0,64.0,97.0,145.0,184.0,196.0,178.0,137.0,92.0,63.0,62.0,88.0,126.0,158.0,171.0,165.0,146.0,127.0,115.0,110.0,112.0,115.0,119.0,122.0,124.0,125.0,125.0,0.3677710579722282,-0.9299163666255089
197.0,165.0,116.0,92.0,88.0,103.0,78.0,61.0,57.0,94.0,131.0,176.0,187.0,175.0,141.0,115.0,81.0,57.0,55.0,55.0,55.0,90.0,163.0,198.0,205.0,205.0,176.0,138.0,111.0,94.0,86.0,87.0,97.0,114.0,134.0,150.0,157.0,156.0,149.0,139.0,131.0,127.0,124.0,123.0,126.0,129.0,131.0,134.0,135.0,137.0,158.0,105.0,100.0,98.0,124.0,133.0,138.0,140.0,147.0,128.0,101.0,88.0,92.0,103.0,114.0,127.0,140.0,158.0,184.0,201.0,178.0,116.0,55.0,55.0,55.0,55.0,116.0,205.0,205.0,205.0,197.0,144.0,120.0,110.0,99.0,82.0,70.0,73.0,97.0,135.0,167.0,181.0,173.0,152.0,129.0,116.0,118.0,126.0,132.0,129.0,0.12495151321473941,-0.9921628492063925
193.0,116.0,165.0,113.0,139.0,105.0,134.0,106.0,76.0,55.0,55.0,55.0,55.0,97.0,144.0,188.0,202.0,183.0,137.0,116.0,88.0,70.0,72.0,89.0,99.0,131.0,169.0,191.0,189.0,170.0,138.0,109.0,97.0,100.0,115.0,129.0,134.0,131.0,131.0,129.0,126.0,123.0,122.0,122.0,125.0,129.0,133.0,137.0,141.0,143.0,155.0,134.0,92.0,137.0,111.0,127.0,88.0,95.0,111.0,154.0,158.0,139.0,114.0,117.0,147.0,161.0,162.0,127.0,88.0,70.0,100.0,145.0,179.0,178.0,144.0,96.0,75.0,98.0,145.0,181.0,190.0,170.0,132.0,99.0,81.0,76.0,77.0,86.0,98.0,117.0,141.0,164.0,179.0,180.0,168.0,147.0,126.0,115.0,116.0,122.0,-0.12571947931799415,-0.9920658307390757
205.0,205.0,166.0,162.0,144.0,113.0,65.0,55.0,55.0,96.0,129.0,160.0,170.0,190.0,204.0,205.0,166.0,124.0,91.0,68.0,83.0,127.0,151.0,145.0,138.0,131.0,124.0,131.0,141.0,136.0,126.0,121.0,123.0,128.0,132.0,128.0,120.0,115.0,113.0,114.0,120.0,124.0,129.0,134.0,137.0,136.0,135.0,133.0,132.0,132.0,115.0,99.0,103.0,116.0,141.0,148.0,127.0,105.0,96.0,99.0,103.0,110.0,114.0,122.0,133.0,146.0,154.0,153.0,137.0,109.0,78.0,59.0,60.0,91.0,139.0,188.0,205.0,205.0,205.0,172.0,106.0,55.0,55.0,55.0,57.0,148.0,194.0,205.0,193.0,162.0,129.0,108.0,99.0,99.0,103.0,106.0,106.0,104.0,105.0,109.0,-0.3684907681912785,-0.9296314074716933
175.0,115.0,55.0,55.0,55.0,119.0,157.0,168.0,149.0,142.0,129.0,110.0,69.0,55.0,55.0,55.0,60.0,109.0,134.0,137.0,150.0,166.0,166.0,150.0,139.0,129.0,124.0,123.0,119.0,111.0,105.0,106.0,116.0,133.0,148.0,154.0,154.0,147.0,139.0,132.0,127.0,124.0,122.0,125.0,128.0,132.0,135.0,137.0,138.0,141.0,135.0,116.0,128.0,124.0,137.0,117.0,94.0,92.0,109.0,134.0,152.0,167.0,163.0,160.0,154.0,144.0,112.0,75.0,55.0,55.0,66.0,132.0,195.0,205.0,205.0,205.0,154.0,121.0,102.0,88.0,69.0,55.0,55.0,55.0,112.0,161.0,192.0,196.0,177.0,150.0,127.0,117.0,120.0,128.0,130.0,124.0,113.0,103.0,103.0,111.0,-0.5881075874012825,-0.8087827060719355
205.0,205.0,161.0,77.0,61.0,58.0,55.0,55.0,55.0,55.0,71.0,183.0,205.0,205.0,168.0,131.0,83.0,55.0,55.0,55.0,55.0,56.0,135.0,205.0,205.0,205.0,182.0,144.0,118.0,102.0,93.0,88.0,94.0,107.0,126.0,140.0,146.0,145.0,142.0,137.0,131.0,127.0,124.0,124.0,128.0,134.0,139.0,141.0,143.0,142.0,141.0,84.0,106.0,105.0,163.0,146.0,119.0,100.0,101.0,119.0,127.0,136.0,131.0,134.0,126.0,138.0,145.0,144.0,120.0,91.0,60.0,55.0,85.0,143.0,183.0,198.0,190.0,163.0,136.0,123.0,116.0,106.0,94.0,86.0,88.0,99.0,124.0,152.0,179.0,193.0,188.0,165.0,138.0,121.0,114.0,111.0,107.0,100.0,95.0,94.0,-0.7707701041790459,-0.6371133702127297
130.0,80.0,55.0,63.0,123.0,177.0,162.0,158.0,132.0,155.0,166.0,161.0,134.0,118.0,103.0,97.0,116.0,121.0,98.0,83.0,99.0,116.0,137.0,162.0,175.0,165.0,152.0,137.0,121.0,106.0,94.0,91.0,102.0,121.0,137.0,148.0,152.0,151.0,149.0,145.0,139.0,132.0,129.0,127.0,129.0,128.0,125.0,122.0,122.0,124.0,122.0,110.0,133.0,133.0,125.0,105.0,94.0,94.0,105.0,116.0,123.0,130.0,141.0,152.0,154.0,143.0,116.0,85.0,61.0,57.0,81.0,126.0,175.0,205.0,205.0,205.0,187.0,122.0,61.0,55.0,55.0,55.0,128.0,184.0,205.0,199.0,171.0,137.0,112.0,99.0,98.0,102.0,106.0,106.0,105.0,104.0,107.0,114.0,122.0,128.0,-0.9050005446739247,-0.4254104067132112
183.0,117.0,103.0,81.0,141.0,116.0,117.0,67.0,59.0,55.0,88.0,95.0,100.0,108.0,130.0,131.0,125.0,121.0,104.0,83.0,88.0,116.0,137.0,154.0,165.0,164.0,153.0,143.0,130.0,118.0,107.0,105.0,112.0,127.0,139.0,146.0,146.0,141.0,134.0,127.0,123.0,121.0,122.0,125.0,130.0,136.0,139.0,141.0,144.0,147.0,150.0,145.0,149.0,135.0,109.0,91.0,110.0,136.0,157.0,153.0,132.0,128.0,148.0,164.0,153.0,117.0,72.0,55.0,55.0,125.0,187.0,205.0,205.0,185.0,145.0,119.0,102.0,81.0,57.0,55.0,55.0,110.0,178.0,205.0,205.0,205.0,141.0,88.0,63.0,71.0,99.0,128.0,139.0,134.0,121.0,114.0,120.0,133.0,146.0,150.0,-0.9823644108452122,-0.1869763736538369
84.0,61.0,55.0,55.0,55.0,55.0,124.0,178.0,172.0,151.0,131.0,114.0,78.0,57.0,55.0,55.0,55.0,97.0,179.0,205.0,205.0,187.0,154.0,125.0,108.0,96.0,89.0,90.0,100.0,118.0,135.0,145.0,149.0,147.0,143.0,134.0,127.0,122.0,121.0,123.0,127.0,131.0,134.0,136.0,139.0,142.0,144.0,144.0,142.0,142.0,130.0,129.0,130.0,130.0,130.0,130.0,130.0,130.0,130.0,130.0,130.0,130.0,130.0,130.0,130.0,130.0,130.0,130.0,130.0,130.0,130.0,130.0,130.0,130.0,130.0,130.0,130.0,130.0,130.0,130.0,130.0,130.0,130.0,130.0,130.0,130.0,130.0,130.0,130.0,130.0,130.0,130.0,130.0,130.0,130.0,130.0,130.0,130.0,130.0,130.0,-0.9980004702091478,0.06320649857664803
130.0,157.0,88.0,132.0,126.0,133.0,143.0,152.0,157.0,161.0,172.0,131.0,112.0,103.0,116.0,92.0,100.0,117.0,128.0,133.0,164.0,178.0,157.0,133.0,123.0,109.0,101.0,108.0,115.0,118.0,124.0,132.0,140.0,145.0,143.0,137.0,130.0,126.0,120.0,121.0,122.0,124.0,124.0,125.0,125.0,125.0,124.0,123.0,123.0,124.0,83.0,101.0,117.0,118.0,116.0,126.0,126.0,125.0,112.0,104.0,90.0,85.0,84.0,98.0,119.0,142.0,157.0,163.0,163.0,155.0,134.0,102.0,67.0,55.0,55.0,83.0,164.0,205.0,205.0,205.0,205.0,91.0,55.0,55.0,55.0,64.0,154.0,188.0,188.0,160.0,122.0,96.0,92.0,99.0,109.0,114.0,114.0,114.0,117.0,122.0,-0.9509262160289336,0.30941773004935236
65.0,82.0,55.0,88.0,93.0,103.0,91.0,110.0,141.0,129.0,122.0,111.0,117.0,105.0,126.0,149.0,156.0,141.0,152.0,160.0,146.0,126.0,116.0,104.0,100.0,116.0,135.0,142.0,142.0,140.0,139.0,138.0,133.0,125.0,118.0,116.0,117.0,123.0,129.0,134.0,138.0,143.0,147.0,150.0,149.0,147.0,146.0,145.0,144.0,142.0,105.0,143.0,120.0,118.0,111.0,146.0,141.0,132.0,105.0,98.0,95.0,104.0,120.0,135.0,156.0,158.0,152.0,141.0,135.0,120.0,90.0,56.0,55.0,55.0,94.0,182.0,205.0,205.0,205.0,205.0,65.0,55.0,55.0,55.0,55.0,120.0,193.0,205.0,198.0,173.0,148.0,131.0,127.0,123.0,117.0,108.0,103.0,104.0,106.0,108.0,-0.8440996040647316,0.5361864026789223
170.0,110.0,56.0,55.0,104.0,166.0,148.0,107.0,84.0,91.0,83.0,82.0,78.0,70.0,71.0,110.0,162.0,186.0,188.0,173.0,149.0,124.0,112.0,103.0,97.0,96.0,104.0,120.0,137.0,148.0,151.0,148.0,142.0,134.0,126.0,119.0,116.0,115.0,119.0,123.0,127.0,129.0,132.0,136.0,140.0,143.0,143.0,144.0,143.0,145.0,149.0,151.0,101.0,109.0,129.0,144.0,123.0,119.0,114.0,141.0,140.0,120.0,104.0,103.0,108.0,122.0,133.0,130.0,138.0,157.0,168.0,165.0,163.0,143.0,105.0,76.0,73.0,87.0,116.0,155.0,183.0,186.0,173.0,158.0,143.0,129.0,117.0,105.0,92.0,84.0,85.0,93.0,106.0,120.0,128.0,134.0,137.0,140.0,142.0,146.0,-0.6842331865959305,0.7292632901502575
81.0,131.0,101.0,151.0,118.0,158.0,148.0,171.0,166.0,163.0,119.0,106.0,117.0,103.0,93.0,103.0,124.0,128.0,157.0,189.0,190.0,158.0,135.0,115.0,96.0,92.0,100.0,106.0,114.0,126.0,142.0,154.0,158.0,149.0,137.0,125.0,116.0,113.0,115.0,119.0,123.0,126.0,128.0,128.0,126.0,125.0,124.0,125.0,125.0,124.0,66.0,81.0,92.0,127.0,116.0,120.0,118.0,136.0,119.0,111.0,86.0,79.0,82.0,97.0,110.0,130.0,149.0,160.0,168.0,165.0,144.0,106.0,66.0,55.0,55.0,55.0,143.0,205.0,205.0,205.0,205.0,205.0,56.0,55.0,55.0,55.0,69.0,167.0,198.0,196.0,170.0,136.0,111.0,98.0,95.0,98.0,103.0,107.0,110.0,111.0,-0.4813723227820804,0.8765162216749811
137.0,55.0,78.0,70.0,90.0,100.0,96.0,101.0,124.0,144.0,126.0,119.0,114.0,114.0,106.0,132.0,152.0,152.0,149.0,168.0,173.0,150.0,127.0,110.0,94.0,95.0,114.0,131.0,136.0,139.0,143.0,147.0,147.0,138.0,125.0,114.0,110.0,113.0,121.0,128.0,134.0,140.0,148.0,152.0,151.0,145.0,143.0,147.0,150.0,147.0,62.0,87.0,109.0,127.0,123.0,116.0,125.0,146.0,138.0,116.0,96.0,88.0,96.0,115.0,132.0,142.0,151.0,153.0,150.0,144.0,127.0,92.0,56.0,55.0,55.0,55.0,160.0,205.0,205.0,205.0,205.0,119.0,55.0,55.0,55.0,55.0,62.0,142.0,205.0,205.0,205.0,182.0,152.0,128.0,113.0,105.0,102.0,103.0,103.0,100.0,-0.24826396891763508,0.9686924185402008
188.0,95.0,79.0,55.0,56.0,55.0,75.0,98.0,111.0,144.0,179.0,201.0,177.0,156.0,128.0,124.0,130.0,151.0,155.0,142.0,119.0,111.0,107.0,107.0,112.0,121.0,129.0,141.0,152.0,158.0,152.0,136.0,117.0,103.0,97.0,98.0,104.0,114.0,127.0,136.0,144.0,146.0,147.0,147.0,148.0,148.0,146.0,141.0,136.0,134.0,129.0,130.0,130.0,131.0,132.0,129.0,130.0,130.0,130.0,130.0,129.0,129.0,129.0,129.0,129.0,130.0,130.0,130.0,130.0,131.0,130.0,130.0,129.0,129.0,128.0,128.0,128.0,129.0,130.0,131.0,131.0,131.0,130.0,129.0,128.0,128.0,128.0,129.0,129.0,129.0,129.0,129.0,129.0,129.0,129.0,130.0,130.0,130.0,130.0,130.0,0.000444288751749264,0.9999999013037477
205.0,156.0,125.0,121.0,112.0,104.0,111.0,83.0,71.0,95.0,135.0,143.0,155.0,168.0,149.0,100.0,68.0,56.0,55.0,55.0,92.0,139.0,162.0,185.0,192.0,179.0,156.0,127.0,102.0,81.0,77.0,89.0,112.0,135.0,149.0,153.0,150.0,141.0,130.0,122.0,116.0,113.0,111.0,113.0,116.0,120.0,123.0,125.0,128.0,130.0,130.0,93.0,129.0,130.0,130.0,130.0,118.0,102.0,110.0,124.0,55.0,55.0,66.0,107.0,56.0,61.0,84.0,127.0,121.0,134.0,126.0,139.0,135.0,114.0,138.0,138.0,137.0,137.0,138.0,138.0,139.0,138.0,139.0,138.0,138.0,138.0,137.0,137.0,137.0,137.0,137.0,137.0,137.0,137.0,137.0,137.0,137.0,137.0,137.0,137.0,0.2491246291127087,0.9684714343590395
205.0,103.0,73.0,59.0,90.0,83.0,105.0,95.0,115.0,149.0,191.0,172.0,161.0,170.0,181.0,163.0,145.0,120.0,79.0,55.0,62.0,95.0,115.0,131.0,144.0,156.0,170.0,181.0,172.0,143.0,108.0,82.0,76.0,88.0,106.0,124.0,137.0,145.0,148.0,148.0,145.0,141.0,138.0,137.0,136.0,135.0,133.0,129.0,126.0,124.0,121.0,130.0,131.0,129.0,130.0,130.0,129.0,56.0,55.0,55.0,55.0,55.0,62.0,69.0,97.0,129.0,118.0,139.0,155.0,136.0,141.0,134.0,144.0,149.0,145.0,139.0,137.0,138.0,142.0,143.0,140.0,140.0,140.0,143.0,143.0,143.0,141.0,141.0,141.0,141.0,141.0,141.0,140.0,140.0,140.0,139.0,140.0,139.0,139.0,139.0,0.4821509852626701,0.8760881390649211
205.0,77.0,55.0,70.0,88.0,84.0,95.0,118.0,157.0,172.0,177.0,174.0,167.0,157.0,145.0,128.0,89.0,55.0,55.0,80.0,111.0,140.0,157.0,163.0,165.0,171.0,165.0,141.0,108.0,85.0,79.0,90.0,107.0,122.0,136.0,145.0,149.0,145.0,139.0,135.0,136.0,140.0,141.0,140.0,136.0,132.0,131.0,131.0,130.0,129.0,130.0,129.0,130.0,130.0,130.0,130.0,129.0,129.0,114.0,126.0,130.0,130.0,130.0,130.0,129.0,129.0,129.0,129.0,129.0,130.0,132.0,133.0,131.0,128.0,127.0,127.0,130.0,132.0,132.0,131.0,129.0,129.0,129.0,130.0,131.0,130.0,130.0,130.0,130.0,130.0,130.0,130.0,130.0,129.0,129.0,130.0,130.0,130.0,130.0,130.0,0.6848809233607295,0.7286550080913151
205.0,155.0,108.0,86.0,93.0,124.0,114.0,95.0,106.0,128.0,120.0,104.0,96.0,78.0,64.0,81.0,117.0,140.0,159.0,174.0,176.0,162.0,140.0,114.0,91.0,79.0,84.0,103.0,128.0,147.0,154.0,153.0,147.0,136.0,126.0,118.0,113.0,110.0,111.0,113.0,115.0,117.0,119.0,122.0,126.0,130.0,132.0,134.0,135.0,136.0,132.0,131.0,131.0,131.0,130.0,130.0,130.0,130.0,130.0,130.0,129.0,129.0,129.0,129.0,130.0,129.0,130.0,130.0,130.0,130.0,129.0,129.0,129.0,129.0,128.0,129.0,130.0,130.0,130.0,130.0,130.0,129.0,129.0,129.0,129.0,129.0,129.0,129.0,129.0,129.0,129.0,129.0,129.0,128.0,96.0,129.0,55.0,55.0,55.0,67.0,0.8445757139549553,0.5354361431557245
205.0,123.0,115.0,55.0,129.0,93.0,149.0,112.0,158.0,185.0,205.0,197.0,186.0,143.0,73.0,55.0,55.0,55.0,55.0,96.0,178.0,205.0,205.0,205.0,189.0,141.0,98.0,67.0,55.0,55.0,83.0,125.0,158.0,174.0,168.0,154.0,139.0,129.0,123.0,121.0,121.0,125.0,125.0,122.0,119.0,118.0,121.0,122.0,122.0,123.0,128.0,131.0,129.0,131.0,129.0,130.0,129.0,130.0,129.0,129.0,129.0,124.0,55.0,117.0,125.0,126.0,129.0,130.0,77.0,128.0,128.0,128.0,129.0,130.0,131.0,132.0,133.0,133.0,132.0,131.0,130.0,129.0,129.0,130.0,130.0,131.0,131.0,132.0,132.0,131.0,131.0,131.0,131.0,131.0,131.0,131.0,131.0,131.0,131.0,131.0,0.9512007822245033,0.3085726363362327
128.0,140.0,140.0,125.0,106.0,128.0,161.0,183.0,184.0,168.0,129.0,86.0,70.0,72.0,85.0,111.0,151.0,185.0,205.0,205.0,205.0,149.0,101.0,63.0,55.0,55.0,82.0,112.0,146.0,174.0,183.0,175.0,152.0,125.0,107.0,102.0,104.0,110.0,116.0,122.0,128.0,132.0,133.0,130.0,128.0,127.0,127.0,128.0,126.0,125.0,108.0,121.0,152.0,154.0,136.0,124.0,125.0,130.0,125.0,115.0,95.0,83.0,95.0,128.0,157.0,168.0,162.0,143.0,120.0,104.0,95.0,79.0,62.0,65.0,100.0,160.0,205.0,205.0,205.0,128.0,59.0,55.0,55.0,118.0,173.0,196.0,185.0,155.0,123.0,107.0,108.0,120.0,128.0,126.0,116.0,109.0,110.0,118.0,126.0,127.0,0.9980562400807086,0.062319672944897334
85.0,79.0,111.0,151.0,136.0,99.0,73.0,57.0,61.0,85.0,117.0,134.0,163.0,181.0,177.0,143.0,101.0,58.0,55.0,55.0,91.0,128.0,161.0,183.0,188.0,180.0,156.0,120.0,90.0,77.0,83.0,102.0,124.0,138.0,145.0,145.0,142.0,136.0,131.0,127.0,126.0,129.0,132.0,134.0,135.0,135.0,135.0,137.0,138.0,138.0,121.0,105.0,123.0,120.0,105.0,106.0,107.0,101.0,98.0,96.0,119.0,163.0,200.0,205.0,203.0,168.0,131.0,98.0,68.0,55.0,55.0,55.0,113.0,194.0,205.0,205.0,205.0,205.0,56.0,55.0,55.0,94.0,121.0,106.0,67.0,55.0,55.0,55.0,132.0,182.0,201.0,197.0,180.0,163.0,155.0,151.0,147.0,136.0,121.0,106.0,0.982197880039574,-0.18784920666791938
183.0,157.0,167.0,166.0,148.0,68.0,55.0,55.0,55.0,55.0,104.0,188.0,205.0,205.0,203.0,176.0,108.0,55.0,55.0,55.0,55.0,106.0,151.0,175.0,180.0,173.0,159.0,139.0,119.0,102.0,96.0,104.0,115.0,125.0,128.0,126.0,122.0,120.0,117.0,114.0,113.0,115.0,120.0,123.0,126.0,127.0,129.0,130.0,132.0,133.0,111.0,107.0,119.0,143.0,119.0,81.0,62.0,86.0,115.0,142.0,158.0,166.0,177.0,186.0,168.0,119.0,68.0,55.0,55.0,55.0,63.0,181.0,205.0,205.0,205.0,205.0,192.0,55.0,55.0,55.0,55.0,55.0,101.0,156.0,175.0,175.0,163.0,147.0,133.0,126.0,125.0,125.0,124.0,120.0,116.0,110.0,106.0,106.0,111.0,119.0,0.9046221773134473,-0.4262144018128411
205.0,110.0,107.0,138.0,192.0,184.0,162.0,102.0,58.0,55.0,74.0,92.0,125.0,166.0,202.0,205.0,205.0,150.0,78.0,55.0,55.0,55.0,55.0,118.0,156.0,191.0,205.0,205.0,171.0,119.0,77.0,63.0,75.0,101.0,126.0,140.0,145.0,146.0,143.0,136.0,128.0,121.0,120.0,121.0,123.0,122.0,121.0,117.0,121.0,124.0,170.0,79.0,95.0,115.0,168.0,144.0,110.0,86.0,104.0,130.0,148.0,137.0,110.0,94.0,93.0,114.0,144.0,161.0,136.0,94.0,66.0,77.0,128.0,183.0,198.0,163.0,98.0,55.0,55.0,56.0,154.0,205.0,205.0,205.0,146.0,88.0,65.0,81.0,120.0,152.0,161.0,149.0,131.0,123.0,120.0,117.0,109.0,105.0,105.0,111.0,0.7702036753385162,-0.6377980075972655
205.0,154.0,66.0,58.0,55.0,87.0,100.0,123.0,142.0,170.0,178.0,160.0,125.0,87.0,58.0,55.0,75.0,102.0,136.0,165.0,182.0,182.0,171.0,145.0,113.0,88.0,82.0,91.0,112.0,132.0,143.0,145.0,141.0,135.0,130.0,126.0,122.0,121.0,123.0,126.0,129.0,130.0,131.0,132.0,134.0,136.0,136.0,136.0,135.0,135.0,149.0,88.0,121.0,118.0,140.0,92.0,90.0,107.0,132.0,164.0,168.0,172.0,169.0,173.0,154.0,135.0,89.0,55.0,55.0,55.0,69.0,183.0,205.0,205.0,205.0,122.0,73.0,62.0,99.0,147.0,161.0,128.0,72.0,55.0,55.0,55.0,74.0,188.0,205.0,205.0,205.0,170.0,145.0,133.0,130.0,123.0,110.0,92.0,86.0,93.0,0.5873886891783393,-0.8093049658968814
205.0,205.0,115.0,115.0,64.0,68.0,55.0,55.0,55.0,86.0,146.0,191.0,188.0,205.0,186.0,129.0,64.0,55.0,55.0,55.0,55.0,69.0,168.0,205.0,205.0,205.0,189.0,152.0,117.0,86.0,67.0,61.0,78.0,105.0,135.0,153.0,161.0,156.0,146.0,135.0,126.0,120.0,117.0,116.0,119.0,123.0,126.0,128.0,130.0,132.0,124.0,99.0,133.0,129.0,130.0,88.0,85.0,96.0,121.0,143.0,146.0,145.0,149.0,157.0,140.0,120.0,90.0,57.0,55.0,55.0,103.0,172.0,205.0,205.0,205.0,198.0,102.0,55.0,55.0,55.0,55.0,130.0,174.0,191.0,181.0,156.0,132.0,120.0,119.0,125.0,130.0,129.0,124.0,117.0,110.0,104.0,102.0,106.0,112.0,121.0,0.3676645732429703,-0.9299584730417076
55.0,55.0,55.0,123.0,149.0,172.0,196.0,205.0,205.0,198.0,104.0,55.0,55.0,55.0,55.0,68.0,145.0,179.0,205.0,205.0,205.0,161.0,108.0,69.0,58.0,72.0,98.0,122.0,138.0,145.0,149.0,146.0,140.0,132.0,128.0,127.0,130.0,131.0,130.0,127.0,126.0,127.0,128.0,128.0,126.0,124.0,124.0,126.0,128.0,129.0,88.0,91.0,125.0,128.0,106.0,89.0,98.0,123.0,150.0,157.0,144.0,130.0,125.0,123.0,122.0,112.0,84.0,58.0,57.0,101.0,170.0,205.0,205.0,205.0,109.0,55.0,55.0,55.0,95.0,185.0,205.0,205.0,151.0,92.0,58.0,62.0,99.0,144.0,173.0,178.0,165.0,146.0,130.0,118.0,109.0,103.0,100.0,103.0,110.0,118.0,0.12483790239365852,-0.9921771505764237
183.0,101.0,85.0,122.0,152.0,152.0,112.0,73.0,56.0,57.0,84.0,117.0,142.0,165.0,176.0,167.0,139.0,105.0,70.0,55.0,61.0,90.0,122.0,156.0,179.0,184.0,177.0,158.0,126.0,97.0,83.0,86.0,103.0,126.0,141.0,146.0,144.0,138.0,133.0,128.0,124.0,121.0,123.0,126.0,129.0,131.0,131.0,132.0,133.0,135.0,100.0,101.0,115.0,162.0,110.0,114.0,101.0,123.0,142.0,154.0,147.0,138.0,141.0,143.0,155.0,143.0,104.0,61.0,55.0,55.0,110.0,178.0,205.0,201.0,144.0,96.0,77.0,101.0,151.0,178.0,159.0,106.0,55.0,55.0,55.0,70.0,172.0,205.0,205.0,205.0,164.0,136.0,126.0,124.0,120.0,111.0,99.0,92.0,94.0,104.0,-0.12583307738633775,-0.9920514284226821
158.0,105.0,83.0,55.0,109.0,141.0,171.0,142.0,167.0,146.0,133.0,89.0,60.0,55.0,55.0,55.0,68.0,165.0,205.0,205.0,192.0,177.0,151.0,118.0,92.0,74.0,64.0,82.0,118.0,149.0,162.0,163.0,151.0,139.0,132.0,128.0,125.0,124.0,122.0,122.0,123.0,123.0,122.0,124.0,129.0,133.0,136.0,136.0,137.0,139.0,115.0,88.0,128.0,104.0,126.0,121.0,147.0,127.0,131.0,124.0,128.0,117.0,102.0,91.0,89.0,91.0,102.0,128.0,150.0,170.0,186.0,184.0,150.0,109.0,74.0,55.0,55.0,83.0,143.0,195.0,205.0,205.0,164.0,114.0,92.0,101.0,128.0,150.0,153.0,135.0,111.0,92.0,85.0,89.0,101.0,113.0,120.0,124.0,126.0,130.0,-0.3685972154636923,-0.92958920645219
132.0,101.0,161.0,122.0,194.0,168.0,205.0,142.0,114.0,55.0,55.0,55.0,85.0,112.0,137.0,166.0,184.0,198.0,188.0,164.0,126.0,95.0,72.0,76.0,93.0,115.0,133.0,146.0,147.0,142.0,137.0,137.0,137.0,137.0,130.0,121.0,113.0,111.0,113.0,118.0,122.0,124.0,125.0,125.0,126.0,128.0,130.0,129.0,129.0,129.0,110.0,124.0,114.0,96.0,116.0,142.0,148.0,143.0,136.0,124.0,115.0,102.0,92.0,92.0,100.0,104.0,111.0,126.0,152.0,182.0,194.0,169.0,111.0,56.0,55.0,55.0,59.0,162.0,205.0,205.0,205.0,148.0,94.0,68.0,79.0,116.0,155.0,175.0,170.0,150.0,128.0,112.0,104.0,101.0,101.0,104.0,109.0,117.0,122.0,126.0,-0.5882001951616326,-0.8087153580907298
89.0,86.0,80.0,102.0,69.0,63.0,68.0,113.0,150.0,182.0,178.0,155.0,130.0,100.0,64.0,55.0,55.0,55.0,55.0,134.0,184.0,205.0,205.0,188.0,153.0,120.0,100.0,87.0,83.0,89.0,103.0,123.0,142.0,153.0,155.0,151.0,142.0,133.0,127.0,123.0,120.0,120.0,125.0,131.0,136.0,134.0,131.0,132.0,137.0,141.0,132.0,147.0,143.0,145.0,135.0,128.0,118.0,115.0,123.0,126.0,120.0,112.0,105.0,109.0,138.0,160.0,151.0,122.0,99.0,91.0,108.0,152.0,187.0,179.0,132.0,72.0,55.0,55.0,57.0,168.0,205.0,205.0,205.0,157.0,113.0,88.0,88.0,101.0,110.0,111.0,106.0,104.0,109.0,118.0,127.0,132.0,133.0,132.0,132.0,136.0,-0.770843053330199,-0.6370251071445897
184.0,159.0,119.0,121.0,107.0,135.0,110.0,78.0,55.0,55.0,55.0,55.0,65.0,140.0,176.0,204.0,188.0,144.0,111.0,80.0,56.0,55.0,72.0,93.0,129.0,172.0,199.0,199.0,181.0,148.0,112.0,90.0,86.0,96.0,113.0,130.0,138.0,140.0,136.0,128.0,122.0,120.0,121.0,123.0,126.0,130.0,134.0,137.0,141.0,142.0,164.0,134.0,99.0,124.0,150.0,154.0,127.0,122.0,124.0,126.0,114.0,98.0,89.0,91.0,108.0,132.0,155.0,168.0,183.0,186.0,162.0,122.0,88.0,60.0,55.0,81.0,139.0,191.0,205.0,205.0,152.0,105.0,91.0,115.0,154.0,178.0,169.0,131.0,90.0,64.0,62.0,77.0,101.0,121.0,130.0,132.0,132.0,137.0,144.0,151.0,-0.9050492513862225,-0.4253067746524128
138.0,174.0,123.0,116.0,68.0,55.0,55.0,76.0,120.0,141.0,171.0,176.0,205.0,205.0,187.0,142.0,103.0,58.0,55.0,70.0,103.0,120.0,138.0,148.0,152.0,161.0,170.0,161.0,140.0,117.0,99.0,94.0,102.0,112.0,122.0,129.0,131.0,132.0,132.0,131.0,130.0,130.0,130.0,131.0,130.0,130.0,129.0,129.0,128.0,127.0,116.0,128.0,139.0,127.0,111.0,102.0,101.0,101.0,113.0,125.0,134.0,141.0,147.0,146.0,143.0,133.0,112.0,89.0,75.0,78.0,103.0,147.0,192.0,205.0,205.0,171.0,115.0,69.0,55.0,70.0,108.0,147.0,167.0,164.0,145.0,124.0,112.0,108.0,110.0,114.0,117.0,119.0,120.0,121.0,123.0,125.0,127.0,127.0,127.0,129.0,-0.9823858145858391,-0.1868638844199636
205.0,147.0,69.0,55.0,55.0,64.0,147.0,159.0,156.0,151.0,139.0,132.0,99.0,61.0,55.0,55.0,55.0,80.0,115.0,136.0,140.0,153.0,163.0,158.0,147.0,140.0,131.0,123.0,120.0,115.0,109.0,104.0,108.0,120.0,136.0,148.0,153.0,152.0,146.0,137.0,130.0,125.0,122.0,122.0,125.0,129.0,132.0,134.0,135.0,137.0,132.0,132.0,131.0,131.0,131.0,131.0,130.0,130.0,130.0,130.0,130.0,130.0,129.0,129.0,129.0,129.0,129.0,129.0,129.0,129.0,129.0,129.0,129.0,129.0,129.0,129.0,129.0,129.0,129.0,129.0,129.0,129.0,129.0,129.0,129.0,126.0,129.0,129.0,129.0,129.0,129.0,129.0,126.0,128.0,128.0,129.0,130.0,131.0,130.0,129.0,-0.9979932260535979,0.06332077661504464
205.0,200.0,105.0,73.0,58.0,61.0,55.0,55.0,55.0,55.0,126.0,205.0,205.0,187.0,144.0,104.0,59.0,55.0,55.0,55.0,55.0,75.0,187.0,205.0,205.0,196.0,160.0,127.0,109.0,96.0,88.0,88.0,97.0,115.0,133.0,143.0,145.0,144.0,140.0,134.0,128.0,124.0,122.0,125.0,130.0,136.0,139.0,140.0,140.0,142.0,132.0,132.0,131.0,131.0,131.0,130.0,130.0,130.0,130.0,130.0,130.0,130.0,130.0,130.0,129.0,130.0,129.0,130.0,129.0,129.0,129.0,129.0,130.0,129.0,130.0,129.0,129.0,129.0,129.0,129.0,130.0,130.0,129.0,130.0,129.0,130.0,129.0,130.0,129.0,129.0,129.0,129.0,129.0,130.0,129.0,130.0,130.0,130.0,129.0,130.0,-0.9508907791706445,0.30952661612249865
135.0,131.0,106.0,55.0,55.0,94.0,136.0,156.0,159.0,151.0,143.0,156.0,165.0,152.0,130.0,120.0,103.0,97.0,112.0,117.0,92.0,81.0,97.0,118.0,143.0,168.0,175.0,160.0,145.0,133.0,118.0,103.0,92.0,91.0,102.0,122.0,138.0,148.0,152.0,150.0,146.0,142.0,136.0,131.0,127.0,127.0,127.0,126.0,123.0,121.0,130.0,130.0,131.0,130.0,130.0,130.0,130.0,130.0,130.0,130.0,129.0,130.0,129.0,130.0,130.0,130.0,130.0,130.0,130.0,130.0,130.0,130.0,129.0,129.0,129.0,129.0,130.0,130.0,130.0,130.0,130.0,130.0,129.0,130.0,129.0,130.0,129.0,130.0,129.0,129.0,129.0,130.0,130.0,130.0,130.0,130.0,130.0,130.0,130.0,130.0,-0.8440382012125726,0.5362830548263154
178.0,75.0,119.0,97.0,134.0,135.0,129.0,108.0,92.0,90.0,67.0,74.0,78.0,98.0,91.0,114.0,122.0,123.0,117.0,131.0,130.0,126.0,133.0,142.0,141.0,140.0,139.0,132.0,123.0,117.0,115.0,118.0,126.0,135.0,142.0,144.0,141.0,134.0,129.0,123.0,120.0,118.0,120.0,122.0,125.0,130.0,134.0,138.0,140.0,142.0,132.0,131.0,132.0,131.0,131.0,130.0,130.0,130.0,130.0,130.0,130.0,129.0,129.0,129.0,129.0,130.0,130.0,130.0,130.0,130.0,129.0,130.0,129.0,129.0,129.0,129.0,129.0,129.0,129.0,130.0,130.0,129.0,129.0,129.0,129.0,129.0,129.0,129.0,129.0,129.0,129.0,129.0,129.0,130.0,129.0,130.0,130.0,130.0,130.0,130.0,-0.6841496760568083,0.7293416351418341
162.0,62.0,55.0,55.0,55.0,66.0,61.0,69.0,116.0,170.0,205.0,183.0,129.0,90.0,73.0,56.0,55.0,55.0,55.0,57.0,140.0,196.0,205.0,205.0,181.0,146.0,119.0,102.0,90.0,84.0,87.0,100.0,120.0,138.0,149.0,152.0,152.0,148.0,141.0,135.0,129.0,128.0,129.0,135.0,138.0,139.0,139.0,140.0,142.0,144.0,131.0,132.0,131.0,130.0,129.0,129.0,130.0,131.0,130.0,130.0,130.0,130.0,130.0,130.0,130.0,129.0,129.0,129.0,129.0,130.0,130.0,131.0,130.0,130.0,130.0,130.0,130.0,130.0,130.0,130.0,130.0,129.0,130.0,130.0,130.0,129.0,129.0,129.0,130.0,130.0,130.0,130.0,130.0,130.0,130.0,130.0,130.0,130.0,130.0,130.0,-0.4812719520205463,0.8765713366283049
169.0,113.0,98.0,99.0,128.0,127.0,139.0,144.0,150.0,151.0,162.0,133.0,105.0,103.0,113.0,103.0,103.0,117.0,113.0,102.0,115.0,133.0,132.0,133.0,138.0,137.0,132.0,133.0,134.0,128.0,118.0,108.0,106.0,113.0,124.0,135.0,142.0,143.0,138.0,133.0,128.0,124.0,120.0,119.0,119.0,120.0,120.0,120.0,120.0,122.0,130.0,130.0,130.0,130.0,130.0,130.0,130.0,130.0,130.0,130.0,129.0,129.0,129.0,129.0,130.0,129.0,129.0,129.0,129.0,129.0,130.0,129.0,129.0,129.0,129.0,129.0,129.0,129.0,129.0,130.0,129.0,129.0,129.0,129.0,129.0,129.0,129.0,129.0,129.0,129.0,129.0,130.0,129.0,130.0,129.0,129.0,130.0,130.0,129.0,130.0,-0.24815304482644177,0.9687208402544905
168.0,72.0,61.0,55.0,79.0,108.0,93.0,97.0,103.0,146.0,123.0,124.0,108.0,116.0,105.0,128.0,151.0,153.0,138.0,148.0,154.0,138.0,124.0,115.0,105.0,104.0,122.0,138.0,144.0,142.0,138.0,134.0,133.0,128.0,123.0,117.0,118.0,118.0,125.0,130.0,135.0,137.0,142.0,146.0,148.0,148.0,146.0,145.0,143.0,142.0,145.0,128.0,144.0,137.0,138.0,120.0,93.0,88.0,111.0,145.0,171.0,179.0,164.0,159.0,153.0,134.0,94.0,59.0,55.0,55.0,96.0,174.0,205.0,205.0,205.0,171.0,126.0,104.0,89.0,68.0,55.0,55.0,55.0,66.0,167.0,205.0,205.0,205.0,144.0,100.0,82.0,91.0,114.0,134.0,137.0,126.0,111.0,110.0,121.0,135.0,0.0005587961512918615,0.9999998438734184
162.0,98.0,55.0,92.0,148.0,162.0,116.0,87.0,84.0,78.0,80.0,81.0,71.0,68.0,107.0,158.0,186.0,186.0,172.0,146.0,123.0,109.0,102.0,96.0,95.0,101.0,118.0,135.0,147.0,149.0,147.0,141.0,132.0,124.0,118.0,114.0,114.0,118.0,122.0,126.0,127.0,130.0,134.0,138.0,142.0,142.0,142.0,142.0,143.0,144.0,131.0,144.0,135.0,112.0,105.0,103.0,118.0,126.0,135.0,133.0,129.0,130.0,139.0,141.0,123.0,97.0,67.0,55.0,72.0,124.0,168.0,189.0,187.0,167.0,141.0,126.0,120.0,113.0,104.0,95.0,89.0,91.0,104.0,132.0,164.0,187.0,194.0,182.0,158.0,135.0,120.0,109.0,100.0,93.0,89.0,90.0,95.0,104.0,112.0,121.0,0.2492355246386999,0.9684429013927832
203.0,156.0,117.0,126.0,156.0,179.0,166.0,114.0,81.0,99.0,105.0,96.0,103.0,128.0,134.0,145.0,160.0,148.0,102.0,79.0,87.0,98.0,112.0,133.0,146.0,147.0,149.0,149.0,139.0,123.0,107.0,101.0,107.0,119.0,129.0,136.0,138.0,136.0,132.0,127.0,122.0,117.0,116.0,117.0,120.0,121.0,120.0,120.0,123.0,125.0,137.0,111.0,134.0,127.0,121.0,105.0,95.0,93.0,105.0,116.0,125.0,132.0,143.0,151.0,151.0,136.0,107.0,76.0,57.0,59.0,90.0,138.0,185.0,205.0,205.0,205.0,170.0,104.0,55.0,55.0,55.0,55.0,146.0,192.0,205.0,191.0,160.0,128.0,106.0,97.0,97.0,102.0,105.0,105.0,103.0,103.0,107.0,115.0,121.0,126.0,0.48225130068873306,0.8760329234589447
169.0,117.0,86.0,90.0,91.0,86.0,102.0,85.0,101.0,112.0,154.0,146.0,169.0,167.0,159.0,120.0,128.0,154.0,162.0,156.0,156.0,139.0,111.0,104.0,109.0,108.0,109.0,117.0,128.0,140.0,152.0,156.0,148.0,134.0,116.0,105.0,101.0,105.0,112.0,125.0,135.0,144.0,148.0,150.0,150.0,150.0,148.0,144.0,140.0,136.0,145.0,143.0,131.0,105.0,94.0,114.0,134.0,154.0,150.0,131.0,127.0,145.0,159.0,148.0,118.0,75.0,55.0,55.0,120.0,185.0,205.0,205.0,184.0,141.0,116.0,99.0,78.0,56.0,55.0,55.0,109.0,176.0,205.0,205.0,205.0,138.0,85.0,61.0,70.0,98.0,126.0,138.0,133.0,119.0,112.0,117.0,132.0,144.0,148.0,143.0,0.6849643552711776,0.7285765793709951
159.0,68.0,55.0,55.0,115.0,134.0,141.0,107.0,109.0,131.0,151.0,143.0,136.0,140.0,154.0,166.0,168.0,148.0,101.0,62.0,62.0,89.0,114.0,138.0,153.0,158.0,162.0,167.0,159.0,134.0,105.0,86.0,85.0,99.0,123.0,136.0,142.0,146.0,150.0,156.0,154.0,147.0,142.0,142.0,144.0,142.0,138.0,135.0,133.0,132.0,108.0,114.0,151.0,142.0,107.0,123.0,124.0,113.0,121.0,128.0,142.0,145.0,140.0,130.0,141.0,136.0,118.0,83.0,56.0,55.0,104.0,164.0,198.0,205.0,194.0,160.0,128.0,116.0,109.0,98.0,82.0,71.0,68.0,89.0,135.0,188.0,205.0,205.0,201.0,140.0,101.0,84.0,86.0,96.0,104.0,104.0,102.0,103.0,109.0,120.0,0.8446370198259237,0.5353394294646924
186.0,199.0,145.0,133.0,110.0,105.0,103.0,116.0,95.0,98.0,119.0,134.0,112.0,101.0,91.0,74.0,66.0,92.0,125.0,145.0,164.0,177.0,173.0,156.0,132.0,107.0,86.0,79.0,88.0,111.0,135.0,150.0,155.0,152.0,144.0,133.0,124.0,116.0,111.0,110.0,112.0,114.0,117.0,118.0,120.0,124.0,128.0,131.0,132.0,134.0,61.0,61.0,86.0,137.0,135.0,128.0,110.0,117.0,106.0,95.0,76.0,77.0,91.0,111.0,129.0,144.0,156.0,165.0,167.0,146.0,104.0,57.0,55.0,55.0,55.0,120.0,205.0,205.0,205.0,205.0,205.0,77.0,55.0,55.0,55.0,55.0,117.0,181.0,201.0,196.0,171.0,140.0,114.0,96.0,89.0,90.0,95.0,100.0,103.0,104.0,0.9512361098430006,0.30846371477169715
166.0,138.0,113.0,81.0,101.0,77.0,131.0,120.0,132.0,127.0,189.0,197.0,205.0,181.0,151.0,82.0,55.0,55.0,55.0,55.0,55.0,132.0,177.0,205.0,205.0,205.0,171.0,129.0,91.0,66.0,57.0,69.0,95.0,127.0,151.0,161.0,160.0,154.0,144.0,137.0,130.0,126.0,121.0,119.0,118.0,119.0,119.0,118.0,118.0,119.0,100.0,106.0,128.0,163.0,144.0,111.0,88.0,87.0,100.0,119.0,133.0,140.0,150.0,153.0,151.0,144.0,126.0,92.0,56.0,55.0,55.0,55.0,161.0,205.0,205.0,205.0,205.0,119.0,55.0,55.0,55.0,55.0,61.0,144.0,205.0,205.0,205.0,180.0,150.0,127.0,112.0,105.0,102.0,102.0,102.0,99.0,97.0,97.0,102.0,111.0,0.9980633696020537,0.06220538769748445
55.0,102.0,114.0,153.0,149.0,162.0,185.0,202.0,205.0,180.0,128.0,57.0,55.0,55.0,55.0,112.0,163.0,196.0,205.0,205.0,205.0,160.0,109.0,67.0,55.0,55.0,75.0,102.0,135.0,165.0,180.0,176.0,157.0,133.0,115.0,111.0,112.0,119.0,123.0,128.0,131.0,136.0,137.0,134.0,131.0,128.0,127.0,127.0,127.0,126.0,112.0,146.0,127.0,131.0,117.0,152.0,151.0,119.0,89.0,94.0,112.0,127.0,133.0,121.0,129.0,157.0,181.0,175.0,160.0,131.0,95.0,70.0,76.0,98.0,129.0,160.0,184.0,194.0,190.0,174.0,139.0,95.0,59.0,55.0,74.0,121.0,161.0,172.0,152.0,114.0,83.0,72.0,85.0,112.0,137.0,151.0,154.0,147.0,139.0,135.0,0.9821763634734785,-0.18796167437542555
205.0,192.0,134.0,99.0,94.0,134.0,129.0,91.0,55.0,55.0,55.0,55.0,109.0,158.0,174.0,189.0,191.0,172.0,129.0,86.0,55.0,55.0,55.0,82.0,129.0,163.0,187.0,192.0,187.0,165.0,131.0,99.0,82.0,84.0,100.0,119.0,132.0,137.0,137.0,134.0,129.0,126.0,123.0,122.0,126.0,130.0,134.0,135.0,136.0,136.0,173.0,148.0,138.0,127.0,132.0,108.0,74.0,71.0,96.0,131.0,152.0,158.0,156.0,169.0,176.0,159.0,111.0,57.0,55.0,55.0,55.0,168.0,205.0,205.0,205.0,205.0,205.0,60.0,55.0,55.0,55.0,55.0,80.0,205.0,205.0,205.0,205.0,133.0,71.0,55.0,55.0,55.0,90.0,112.0,121.0,120.0,119.0,123.0,134.0,148.0,0.9045733666739081,-0.42631798496454676
108.0,127.0,111.0,128.0,164.0,160.0,163.0,165.0,160.0,102.0,73.0,56.0,60.0,57.0,99.0,145.0,172.0,188.0,205.0,205.0,170.0,119.0,82.0,56.0,55.0,86.0,119.0,139.0,152.0,158.0,161.0,159.0,148.0,132.0,117.0,110.0,105.0,107.0,110.0,112.0,114.0,119.0,121.0,123.0,124.0,124.0,126.0,128.0,129.0,130.0,175.0,135.0,120.0,94.0,119.0,93.0,90.0,116.0,148.0,166.0,163.0,147.0,137.0,145.0,122.0,80.0,55.0,55.0,55.0,95.0,205.0,205.0,205.0,205.0,205.0,59.0,55.0,55.0,55.0,55.0,70.0,187.0,205.0,205.0,205.0,205.0,120.0,71.0,55.0,63.0,93.0,119.0,128.0,123.0,111.0,104.0,109.0,123.0,139.0,150.0,0.7701306376887246,-0.6378861974468161
205.0,139.0,150.0,78.0,124.0,147.0,190.0,183.0,169.0,136.0,89.0,74.0,67.0,85.0,98.0,146.0,178.0,205.0,205.0,205.0,146.0,97.0,61.0,55.0,55.0,85.0,115.0,148.0,177.0,189.0,179.0,152.0,122.0,101.0,97.0,103.0,114.0,121.0,128.0,132.0,135.0,134.0,131.0,128.0,127.0,127.0,128.0,127.0,126.0,124.0,163.0,109.0,147.0,144.0,114.0,89.0,95.0,116.0,130.0,134.0,119.0,130.0,158.0,183.0,174.0,158.0,126.0,88.0,67.0,80.0,105.0,135.0,165.0,185.0,192.0,186.0,169.0,132.0,87.0,55.0,55.0,82.0,133.0,171.0,174.0,144.0,102.0,71.0,66.0,88.0,121.0,146.0,157.0,155.0,145.0,136.0,134.0,137.0,141.0,139.0,0.5872960139088446,-0.8093722209507701
55.0,55.0,55.0,101.0,126.0,153.0,168.0,192.0,192.0,160.0,104.0,60.0,55.0,55.0,55.0,105.0,143.0,174.0,193.0,191.0,179.0,153.0,118.0,89.0,76.0,80.0,98.0,120.0,137.0,144.0,145.0,140.0,135.0,131.0,129.0,128.0,130.0,133.0,134.0,135.0,136.0,138.0,138.0,139.0,138.0,136.0,135.0,135.0,135.0,135.0,119.0,103.0,122.0,125.0,144.0,131.0,129.0,118.0,122.0,111.0,101.0,91.0,92.0,107.0,138.0,172.0,196.0,205.0,205.0,177.0,138.0,94.0,55.0,55.0,55.0,55.0,140.0,205.0,205.0,205.0,205.0,205.0,55.0,55.0,55.0,55.0,77.0,86.0,89.0,91.0,100.0,115.0,133.0,151.0,163.0,167.0,166.0,162.0,158.0,152.0,0.36795789630469605,-0.9298424525407638
189.0,175.0,160.0,141.0,151.0,129.0,74.0,55.0,55.0,55.0,55.0,138.0,175.0,188.0,196.0,205.0,162.0,91.0,55.0,55.0,55.0,55.0,69.0,164.0,193.0,205.0,205.0,180.0,148.0,115.0,90.0,76.0,79.0,93.0,116.0,136.0,147.0,150.0,147.0,139.0,130.0,124.0,120.0,120.0,122.0,123.0,125.0,127.0,129.0,131.0,63.0,84.0,127.0,140.0,132.0,120.0,122.0,118.0,108.0,82.0,80.0,94.0,115.0,137.0,158.0,169.0,182.0,187.0,163.0,113.0,62.0,55.0,55.0,55.0,72.0,194.0,205.0,205.0,205.0,205.0,123.0,55.0,55.0,55.0,55.0,55.0,113.0,160.0,176.0,174.0,161.0,146.0,132.0,126.0,125.0,125.0,124.0,121.0,117.0,111.0,0.12585161260952354,-0.9920490772152265
205.0,170.0,116.0,71.0,62.0,75.0,85.0,104.0,143.0,188.0,205.0,205.0,190.0,112.0,55.0,55.0,55.0,55.0,86.0,143.0,179.0,203.0,205.0,189.0,144.0,96.0,68.0,68.0,88.0,115.0,134.0,144.0,147.0,145.0,140.0,131.0,124.0,120.0,122.0,123.0,124.0,122.0,120.0,121.0,124.0,126.0,126.0,125.0,124.0,126.0,112.0,144.0,152.0,142.0,124.0,122.0,130.0,129.0,121.0,104.0,86.0,88.0,116.0,148.0,165.0,164.0,151.0,129.0,110.0,101.0,88.0,69.0,64.0,89.0,145.0,204.0,205.0,205.0,146.0,74.0,55.0,55.0,97.0,156.0,189.0,189.0,165.0,133.0,111.0,107.0,116.0,126.0,128.0,120.0,111.0,109.0,116.0,125.0,128.0,125.0,-0.12398612407978156,-0.9922839518180635
169.0,106.0,55.0,55.0,96.0,164.0,186.0,178.0,140.0,113.0,87.0,66.0,57.0,72.0,99.0,144.0,178.0,185.0,163.0,129.0,90.0,66.0,69.0,90.0,117.0,148.0,174.0,181.0,176.0,156.0,126.0,99.0,86.0,90.0,108.0,130.0,147.0,153.0,152.0,148.0,141.0,136.0,132.0,130.0,130.0,132.0,133.0,133.0,133.0,133.0,142.0,111.0,120.0,120.0,102.0,105.0,108.0,104.0,99.0,94.0,112.0,154.0,196.0,205.0,205.0,175.0,136.0,102.0,72.0,55.0,55.0,55.0,92.0,183.0,205.0,205.0,205.0,205.0,56.0,55.0,55.0,87.0,119.0,111.0,74.0,55.0,55.0,55.0,115.0,174.0,203.0,205.0,187.0,165.0,152.0,149.0,148.0,141.0,125.0,108.0,-0.36608379165006066,-0.930581891877934
55.0,55.0,140.0,168.0,169.0,158.0,143.0,114.0,90.0,61.0,55.0,55.0,55.0,68.0,164.0,204.0,199.0,172.0,158.0,143.0,119.0,99.0,85.0,76.0,93.0,127.0,152.0,158.0,151.0,138.0,128.0,128.0,129.0,130.0,130.0,128.0,126.0,125.0,123.0,119.0,121.0,126.0,131.0,134.0,135.0,135.0,138.0,141.0,144.0,144.0,101.0,116.0,121.0,125.0,89.0,73.0,84.0,110.0,135.0,157.0,168.0,178.0,186.0,169.0,122.0,69.0,55.0,55.0,55.0,61.0,178.0,205.0,205.0,205.0,205.0,199.0,55.0,55.0,55.0,55.0,55.0,99.0,155.0,175.0,175.0,163.0,147.0,134.0,126.0,124.0,124.0,123.0,121.0,117.0,111.0,106.0,105.0,110.0,119.0,128.0,-0.5854289626204779,-0.8107237073905703
200.0,201.0,158.0,171.0,140.0,132.0,73.0,55.0,55.0,55.0,102.0,138.0,158.0,175.0,196.0,205.0,199.0,157.0,112.0,63.0,55.0,55.0,82.0,114.0,137.0,153.0,160.0,166.0,173.0,169.0,147.0,118.0,95.0,86.0,93.0,108.0,123.0,132.0,137.0,136.0,134.0,131.0,129.0,128.0,128.0,129.0,130.0,129.0,129.0,129.0,150.0,85.0,93.0,120.0,142.0,112.0,85.0,85.0,120.0,148.0,159.0,146.0,131.0,126.0,126.0,124.0,116.0,93.0,63.0,55.0,86.0,149.0,205.0,205.0,205.0,134.0,58.0,55.0,55.0,64.0,167.0,205.0,205.0,169.0,109.0,64.0,56.0,87.0,132.0,167.0,179.0,170.0,151.0,134.0,121.0,112.0,105.0,101.0,102.0,108.0,-0.7683459881357345,-0.6400347197736398
137.0,107.0,62.0,55.0,55.0,91.0,126.0,140.0,170.0,169.0,162.0,133.0,104.0,60.0,55.0,55.0,55.0,55.0,126.0,173.0,196.0,204.0,191.0,157.0,125.0,104.0,91.0,86.0,91.0,101.0,117.0,135.0,147.0,153.0,150.0,144.0,135.0,129.0,124.0,122.0,121.0,124.0,126.0,129.0,131.0,133.0,135.0,136.0,138.0,138.0,152.0,157.0,136.0,120.0,142.0,147.0,143.0,141.0,134.0,134.0,125.0,117.0,117.0,127.0,123.0,117.0,109.0,105.0,122.0,153.0,160.0,136.0,109.0,92.0,96.0,131.0,175.0,189.0,158.0,100.0,55.0,55.0,55.0,111.0,205.0,205.0,205.0,205.0,136.0,97.0,87.0,95.0,107.0,113.0,110.0,105.0,106.0,114.0,123.0,131.0,-0.903312344126055,-0.4289834599952446
132.0,114.0,98.0,138.0,123.0,117.0,78.0,55.0,55.0,55.0,86.0,132.0,174.0,180.0,160.0,134.0,106.0,66.0,56.0,64.0,85.0,117.0,164.0,195.0,198.0,181.0,148.0,110.0,86.0,80.0,89.0,108.0,129.0,143.0,150.0,147.0,139.0,131.0,127.0,126.0,126.0,128.0,131.0,134.0,136.0,139.0,141.0,142.0,144.0,144.0,114.0,113.0,130.0,105.0,130.0,142.0,147.0,124.0,124.0,125.0,129.0,116.0,98.0,89.0,90.0,100.0,119.0,144.0,161.0,178.0,188.0,174.0,135.0,98.0,66.0,55.0,55.0,113.0,171.0,205.0,205.0,178.0,126.0,95.0,100.0,131.0,161.0,167.0,147.0,110.0,81.0,69.0,75.0,92.0,111.0,124.0,128.0,130.0,132.0,138.0,-0.9816687455059881,-0.19059505265535995
205.0,90.0,108.0,83.0,108.0,62.0,105.0,108.0,150.0,161.0,169.0,157.0,156.0,166.0,151.0,136.0,117.0,101.0,87.0,114.0,137.0,134.0,124.0,127.0,123.0,128.0,143.0,146.0,134.0,124.0,120.0,119.0,120.0,120.0,118.0,119.0,124.0,127.0,131.0,134.0,136.0,137.0,140.0,139.0,136.0,133.0,131.0,130.0,129.0,126.0,157.0,114.0,89.0,100.0,146.0,157.0,152.0,131.0,119.0,109.0,104.0,94.0,94.0,100.0,104.0,113.0,130.0,157.0,185.0,194.0,164.0,105.0,55.0,55.0,55.0,68.0,169.0,205.0,205.0,205.0,143.0,89.0,68.0,83.0,121.0,158.0,176.0,170.0,150.0,126.0,107.0,99.0,101.0,105.0,108.0,110.0,115.0,121.0,126.0,129.0,-0.9981805448933041,0.060295935157409185
128.0,148.0,98.0,89.0,98.0,138.0,135.0,112.0,86.0,69.0,59.0,67.0,89.0,92.0,97.0,116.0,134.0,129.0,122.0,115.0,97.0,82.0,96.0,125.0,144.0,157.0,165.0,160.0,148.0,137.0,125.0,112.0,105.0,106.0,117.0,132.0,143.0,146.0,144.0,138.0,131.0,125.0,121.0,121.0,122.0,127.0,131.0,136.0,139.0,141.0,133.0,114.0,132.0,147.0,149.0,143.0,132.0,136.0,130.0,120.0,114.0,122.0,120.0,118.0,112.0,107.0,121.0,151.0,159.0,136.0,110.0,94.0,97.0,131.0,174.0,189.0,159.0,101.0,55.0,55.0,55.0,112.0,205.0,205.0,205.0,205.0,136.0,97.0,87.0,95.0,107.0,113.0,109.0,105.0,106.0,114.0,123.0,131.0,134.0,133.0,-0.951412840760172,0.3079181813999616
112.0,55.0,55.0,55.0,55.0,55.0,111.0,164.0,177.0,157.0,136.0,121.0,86.0,59.0,55.0,55.0,55.0,65.0,163.0,203.0,205.0,195.0,164.0,132.0,111.0,98.0,90.0,89.0,96.0,112.0,131.0,143.0,148.0,148.0,144.0,136.0,128.0,123.0,120.0,121.0,125.0,130.0,133.0,135.0,138.0,141.0,143.0,144.0,142.0,141.0,146.0,126.0,126.0,129.0,129.0,112.0,98.0,89.0,92.0,103.0,126.0,148.0,165.0,180.0,186.0,168.0,131.0,96.0,66.0,55.0,69.0,123.0,179.0,205.0,205.0,164.0,113.0,90.0,106.0,145.0,174.0,173.0,142.0,99.0,67.0,60.0,71.0,94.0,116.0,128.0,131.0,131.0,134.0,142.0,150.0,152.0,146.0,135.0,128.0,127.0,-0.8438893024286421,0.5365173298659605
205.0,153.0,132.0,83.0,111.0,121.0,152.0,153.0,150.0,143.0,153.0,141.0,112.0,111.0,112.0,102.0,97.0,117.0,118.0,107.0,111.0,129.0,129.0,132.0,139.0,140.0,136.0,136.0,136.0,130.0,120.0,109.0,105.0,110.0,122.0,134.0,143.0,145.0,141.0,135.0,130.0,125.0,121.0,119.0,119.0,120.0,121.0,121.0,121.0,122.0,115.0,106.0,112.0,113.0,105.0,107.0,113.0,131.0,137.0,147.0,145.0,147.0,139.0,125.0,100.0,80.0,73.0,88.0,123.0,168.0,204.0,205.0,196.0,142.0,93.0,58.0,56.0,88.0,131.0,164.0,175.0,158.0,127.0,105.0,101.0,107.0,116.0,122.0,124.0,124.0,123.0,121.0,121.0,122.0,122.0,127.0,130.0,132.0,130.0,132.0,-0.6820149646389704,0.7313382172486982
55.0,72.0,91.0,104.0,95.0,102.0,123.0,143.0,124.0,119.0,113.0,112.0,107.0,134.0,153.0,151.0,150.0,169.0,171.0,148.0,125.0,109.0,93.0,95.0,115.0,136.0,137.0,137.0,138.0,143.0,148.0,140.0,125.0,111.0,108.0,114.0,126.0,130.0,132.0,136.0,144.0,151.0,152.0,150.0,147.0,146.0,145.0,143.0,141.0,138.0,116.0,114.0,115.0,137.0,136.0,127.0,132.0,143.0,148.0,144.0,123.0,97.0,94.0,104.0,110.0,116.0,132.0,147.0,165.0,188.0,197.0,170.0,114.0,58.0,55.0,55.0,55.0,145.0,205.0,205.0,205.0,164.0,115.0,90.0,91.0,104.0,119.0,123.0,118.0,112.0,112.0,116.0,123.0,129.0,132.0,132.0,132.0,136.0,140.0,143.0,-0.47575590968690684,0.8795773498663911
205.0,155.0,140.0,180.0,141.0,127.0,55.0,55.0,55.0,55.0,61.0,109.0,99.0,148.0,176.0,201.0,178.0,157.0,133.0,120.0,122.0,132.0,131.0,114.0,105.0,106.0,116.0,126.0,136.0,138.0,141.0,144.0,147.0,143.0,134.0,119.0,109.0,103.0,104.0,107.0,114.0,122.0,131.0,137.0,142.0,143.0,144.0,144.0,145.0,146.0,124.0,136.0,132.0,132.0,96.0,105.0,109.0,136.0,148.0,142.0,125.0,124.0,142.0,155.0,162.0,147.0,111.0,77.0,83.0,119.0,162.0,184.0,171.0,126.0,90.0,88.0,121.0,162.0,185.0,175.0,138.0,98.0,71.0,69.0,83.0,105.0,121.0,135.0,132.0,130.0,135.0,148.0,158.0,155.0,141.0,126.0,120.0,123.0,129.0,132.0,-0.23808333675058682,0.9712447295927565
150.0,119.0,169.0,157.0,179.0,116.0,101.0,88.0,112.0,89.0,106.0,125.0,138.0,142.0,163.0,157.0,110.0,78.0,76.0,86.0,100.0,129.0,148.0,154.0,156.0,159.0,150.0,133.0,113.0,101.0,100.0,111.0,122.0,135.0,141.0,142.0,137.0,133.0,127.0,121.0,118.0,118.0,119.0,120.0,120.0,120.0,122.0,125.0,127.0,129.0,67.0,95.0,102.0,110.0,121.0,131.0,137.0,132.0,117.0,103.0,99.0,99.0,103.0,111.0,118.0,127.0,139.0,150.0,154.0,146.0,124.0,93.0,66.0,56.0,72.0,112.0,163.0,205.0,205.0,205.0,205.0,138.0,73.0,55.0,55.0,55.0,97.0,173.0,204.0,204.0,179.0,145.0,117.0,101.0,97.0,100.0,105.0,106.0,105.0,104.0,0.01579475575796724,0.9998752550646236
205.0,93.0,61.0,58.0,77.0,105.0,108.0,104.0,120.0,168.0,183.0,175.0,170.0,179.0,163.0,147.0,132.0,100.0,61.0,55.0,81.0,101.0,119.0,141.0,158.0,168.0,177.0,175.0,154.0,121.0,91.0,77.0,82.0,97.0,115.0,132.0,143.0,148.0,149.0,146.0,142.0,138.0,138.0,137.0,136.0,134.0,130.0,127.0,125.0,124.0,112.0,144.0,136.0,136.0,136.0,133.0,108.0,90.0,99.0,128.0,159.0,178.0,174.0,158.0,155.0,150.0,124.0,84.0,55.0,55.0,55.0,130.0,202.0,205.0,205.0,205.0,157.0,117.0,98.0,81.0,57.0,55.0,55.0,55.0,97.0,191.0,205.0,205.0,188.0,126.0,85.0,74.0,92.0,118.0,137.0,139.0,127.0,114.0,111.0,121.0,0.2693751980388434,0.9630353070794102
108.0,122.0,110.0,74.0,64.0,70.0,107.0,133.0,149.0,162.0,183.0,194.0,192.0,168.0,114.0,56.0,55.0,55.0,72.0,118.0,146.0,161.0,168.0,177.0,176.0,155.0,122.0,95.0,83.0,90.0,105.0,119.0,129.0,137.0,140.0,140.0,137.0,132.0,129.0,130.0,133.0,134.0,132.0,129.0,127.0,130.0,133.0,133.0,126.0,120.0,133.0,164.0,143.0,110.0,115.0,124.0,121.0,120.0,128.0,137.0,142.0,140.0,139.0,145.0,137.0,114.0,81.0,56.0,55.0,104.0,162.0,198.0,205.0,195.0,163.0,131.0,117.0,108.0,96.0,81.0,68.0,65.0,84.0,133.0,190.0,205.0,205.0,205.0,139.0,93.0,77.0,84.0,96.0,101.0,101.0,101.0,105.0,113.0,123.0,132.0,0.5059207508516822,0.8625799637469387
170.0,106.0,57.0,55.0,89.0,149.0,162.0,146.0,145.0,160.0,135.0,96.0,63.0,55.0,55.0,55.0,96.0,157.0,183.0,197.0,195.0,175.0,147.0,114.0,87.0,72.0,75.0,93.0,119.0,140.0,151.0,154.0,151.0,142.0,132.0,124.0,120.0,119.0,120.0,121.0,123.0,124.0,125.0,128.0,131.0,133.0,134.0,134.0,135.0,136.0,74.0,73.0,89.0,96.0,113.0,130.0,128.0,130.0,130.0,139.0,146.0,139.0,105.0,68.0,55.0,55.0,93.0,148.0,192.0,205.0,205.0,197.0,146.0,93.0,55.0,55.0,55.0,91.0,176.0,205.0,205.0,205.0,127.0,70.0,55.0,68.0,110.0,150.0,166.0,155.0,129.0,106.0,94.0,97.0,106.0,115.0,121.0,124.0,127.0,131.0,0.709574506448118,0.704630413620438
145.0,118.0,75.0,92.0,118.0,141.0,161.0,197.0,197.0,185.0,174.0,133.0,67.0,55.0,55.0,55.0,55.0,112.0,163.0,177.0,176.0,177.0,169.0,142.0,116.0,95.0,80.0,84.0,107.0,132.0,143.0,144.0,138.0,135.0,133.0,134.0,136.0,139.0,140.0,135.0,129.0,123.0,118.0,115.0,117.0,119.0,121.0,122.0,121.0,124.0,117.0,94.0,139.0,149.0,158.0,144.0,123.0,114.0,125.0,132.0,117.0,96.0,74.0,76.0,109.0,166.0,203.0,205.0,172.0,124.0,92.0,90.0,98.0,96.0,77.0,59.0,66.0,112.0,185.0,205.0,205.0,205.0,154.0,88.0,55.0,55.0,87.0,119.0,136.0,131.0,118.0,110.0,116.0,131.0,145.0,150.0,145.0,136.0,131.0,133.0,0.8664528217066164,0.49925895861430714
173.0,146.0,131.0,104.0,123.0,156.0,184.0,185.0,172.0,135.0,92.0,72.0,73.0,84.0,106.0,146.0,181.0,205.0,205.0,205.0,158.0,108.0,68.0,55.0,55.0,80.0,108.0,142.0,171.0,184.0,178.0,157.0,129.0,109.0,103.0,104.0,110.0,116.0,122.0,128.0,132.0,134.0,132.0,129.0,128.0,128.0,129.0,127.0,126.0,124.0,151.0,108.0,103.0,155.0,138.0,141.0,134.0,145.0,120.0,121.0,107.0,116.0,114.0,100.0,84.0,90.0,112.0,149.0,181.0,174.0,144.0,120.0,109.0,105.0,122.0,138.0,129.0,104.0,90.0,90.0,112.0,153.0,194.0,205.0,202.0,172.0,144.0,124.0,115.0,110.0,98.0,84.0,75.0,78.0,93.0,110.0,122.0,128.0,133.0,138.0,0.9656383614517383,0.2598895051609473
171.0,148.0,101.0,57.0,55.0,55.0,55.0,55.0,94.0,161.0,202.0,205.0,205.0,150.0,89.0,55.0,55.0,55.0,55.0,118.0,162.0,189.0,194.0,187.0,163.0,127.0,96.0,81.0,84.0,99.0,120.0,134.0,140.0,140.0,135.0,129.0,124.0,120.0,119.0,122.0,125.0,128.0,130.0,132.0,134.0,137.0,138.0,138.0,136.0,135.0,88.0,102.0,118.0,124.0,128.0,132.0,120.0,112.0,98.0,87.0,82.0,89.0,100.0,121.0,143.0,158.0,165.0,167.0,154.0,125.0,88.0,56.0,55.0,55.0,93.0,183.0,205.0,205.0,205.0,205.0,91.0,55.0,55.0,55.0,56.0,148.0,191.0,196.0,173.0,139.0,112.0,98.0,96.0,99.0,104.0,108.0,110.0,113.0,116.0,119.0,0.9999970153540024,0.0024432116337058285
205.0,205.0,168.0,164.0,167.0,172.0,124.0,55.0,55.0,55.0,55.0,55.0,140.0,200.0,205.0,205.0,198.0,161.0,92.0,55.0,55.0,55.0,55.0,121.0,160.0,175.0,179.0,175.0,159.0,134.0,110.0,97.0,98.0,109.0,120.0,127.0,129.0,125.0,121.0,120.0,117.0,115.0,114.0,117.0,121.0,125.0,126.0,128.0,130.0,132.0,81.0,105.0,115.0,109.0,130.0,145.0,145.0,123.0,103.0,93.0,92.0,105.0,121.0,136.0,146.0,153.0,151.0,147.0,138.0,114.0,76.0,55.0,55.0,55.0,74.0,199.0,205.0,205.0,205.0,205.0,79.0,55.0,55.0,55.0,55.0,75.0,185.0,205.0,205.0,205.0,169.0,140.0,120.0,108.0,103.0,102.0,103.0,101.0,97.0,96.0,0.9667509558182656,-0.2557197478187202
135.0,191.0,183.0,172.0,114.0,78.0,59.0,71.0,81.0,107.0,146.0,192.0,205.0,205.0,181.0,109.0,55.0,55.0,55.0,55.0,88.0,144.0,181.0,204.0,205.0,187.0,142.0,94.0,67.0,69.0,90.0,116.0,135.0,144.0,147.0,145.0,139.0,131.0,124.0,120.0,122.0,123.0,124.0,122.0,120.0,121.0,124.0,126.0,126.0,125.0,167.0,139.0,115.0,85.0,131.0,134.0,128.0,113.0,118.0,131.0,140.0,124.0,105.0,104.0,103.0,114.0,124.0,129.0,132.0,154.0,169.0,166.0,159.0,143.0,107.0,75.0,70.0,82.0,108.0,148.0,183.0,195.0,193.0,173.0,145.0,116.0,100.0,92.0,87.0,89.0,98.0,109.0,119.0,126.0,128.0,128.0,129.0,131.0,133.0,139.0,0.8677548612281514,-0.49699245549093773
186.0,104.0,55.0,55.0,59.0,100.0,123.0,137.0,162.0,175.0,168.0,136.0,100.0,63.0,55.0,66.0,96.0,126.0,158.0,178.0,183.0,176.0,155.0,123.0,94.0,82.0,87.0,106.0,128.0,141.0,145.0,143.0,137.0,131.0,126.0,121.0,121.0,126.0,131.0,131.0,127.0,126.0,130.0,136.0,138.0,138.0,136.0,135.0,134.0,135.0,82.0,89.0,104.0,138.0,139.0,128.0,99.0,85.0,72.0,81.0,93.0,111.0,126.0,143.0,155.0,164.0,166.0,147.0,108.0,61.0,55.0,55.0,55.0,116.0,205.0,205.0,205.0,205.0,205.0,71.0,55.0,55.0,55.0,55.0,104.0,177.0,202.0,200.0,175.0,143.0,115.0,97.0,90.0,91.0,96.0,100.0,103.0,104.0,106.0,110.0,0.7094426555867267,-0.7047631647823637
205.0,153.0,84.0,80.0,55.0,58.0,55.0,55.0,56.0,148.0,178.0,194.0,204.0,192.0,135.0,74.0,55.0,55.0,55.0,55.0,56.0,119.0,197.0,205.0,205.0,205.0,175.0,137.0,102.0,74.0,58.0,58.0,85.0,118.0,148.0,165.0,167.0,158.0,146.0,134.0,126.0,119.0,116.0,116.0,120.0,124.0,127.0,129.0,131.0,134.0,119.0,123.0,112.0,109.0,107.0,138.0,155.0,141.0,111.0,94.0,90.0,99.0,115.0,129.0,140.0,150.0,154.0,150.0,145.0,129.0,98.0,59.0,55.0,55.0,55.0,147.0,205.0,205.0,205.0,205.0,149.0,59.0,55.0,55.0,55.0,55.0,134.0,205.0,205.0,205.0,181.0,150.0,129.0,116.0,109.0,105.0,102.0,102.0,99.0,98.0,0.5028407015932449,-0.864379100176082
130.0,65.0,55.0,55.0,113.0,148.0,175.0,200.0,205.0,205.0,199.0,110.0,55.0,55.0,55.0,55.0,66.0,149.0,182.0,204.0,205.0,205.0,162.0,111.0,71.0,58.0,71.0,96.0,121.0,138.0,146.0,149.0,147.0,140.0,133.0,128.0,128.0,130.0,130.0,127.0,125.0,129.0,133.0,133.0,126.0,121.0,121.0,126.0,129.0,130.0,84.0,107.0,136.0,140.0,119.0,141.0,149.0,133.0,92.0,94.0,105.0,124.0,131.0,125.0,121.0,146.0,176.0,179.0,165.0,143.0,109.0,75.0,70.0,87.0,120.0,154.0,181.0,191.0,189.0,177.0,153.0,112.0,71.0,55.0,59.0,102.0,149.0,172.0,162.0,128.0,92.0,72.0,78.0,103.0,130.0,148.0,154.0,150.0,141.0,136.0,0.26263948453846053,-0.9648940362347421
111.0,76.0,105.0,148.0,159.0,141.0,99.0,77.0,63.0,67.0,84.0,117.0,141.0,170.0,180.0,170.0,139.0,106.0,71.0,56.0,66.0,93.0,125.0,158.0,181.0,186.0,179.0,159.0,127.0,99.0,85.0,88.0,106.0,128.0,143.0,147.0,146.0,140.0,134.0,130.0,126.0,124.0,125.0,128.0,131.0,132.0,133.0,134.0,135.0,136.0,149.0,148.0,133.0,133.0,126.0,96.0,65.0,79.0,106.0,140.0,154.0,157.0,159.0,173.0,175.0,146.0,95.0,55.0,55.0,55.0,73.0,199.0,205.0,205.0,205.0,205.0,205.0,55.0,55.0,55.0,55.0,55.0,133.0,205.0,205.0,205.0,205.0,113.0,59.0,55.0,55.0,55.0,98.0,116.0,122.0,120.0,120.0,126.0,139.0,153.0,0.004395378717227482,-0.999990340276311
161.0,129.0,68.0,55.0,55.0,144.0,162.0,163.0,159.0,162.0,128.0,99.0,66.0,55.0,55.0,55.0,60.0,146.0,196.0,204.0,183.0,164.0,153.0,127.0,106.0,90.0,78.0,86.0,118.0,148.0,159.0,155.0,143.0,132.0,130.0,131.0,132.0,132.0,131.0,128.0,127.0,124.0,122.0,122.0,126.0,131.0,135.0,136.0,136.0,138.0,167.0,115.0,91.0,96.0,100.0,84.0,105.0,146.0,165.0,169.0,146.0,135.0,138.0,134.0,93.0,55.0,55.0,55.0,65.0,197.0,205.0,205.0,205.0,205.0,75.0,55.0,55.0,55.0,55.0,60.0,151.0,205.0,205.0,205.0,205.0,96.0,65.0,55.0,55.0,93.0,131.0,145.0,138.0,118.0,104.0,102.0,114.0,131.0,145.0,151.0,-0.2543754805038313,-0.9671055345299421
183.0,186.0,162.0,173.0,145.0,125.0,68.0,55.0,55.0,55.0,103.0,137.0,157.0,176.0,202.0,205.0,193.0,149.0,105.0,63.0,55.0,55.0,84.0,113.0,137.0,154.0,160.0,166.0,174.0,168.0,145.0,116.0,94.0,85.0,93.0,108.0,123.0,132.0,137.0,135.0,134.0,131.0,128.0,127.0,128.0,129.0,129.0,129.0,128.0,127.0,130.0,124.0,132.0,131.0,130.0,131.0,131.0,131.0,130.0,130.0,130.0,131.0,132.0,132.0,131.0,131.0,128.0,131.0,131.0,130.0,129.0,129.0,130.0,119.0,131.0,131.0,55.0,55.0,55.0,55.0,55.0,87.0,112.0,136.0,130.0,130.0,148.0,144.0,137.0,140.0,137.0,130.0,145.0,137.0,140.0,131.0,80.0,140.0,142.0,140.0,-0.4960425765554999,-0.8682981989179644
120.0,86.0,55.0,55.0,55.0,114.0,139.0,150.0,169.0,156.0,151.0,118.0,88.0,55.0,55.0,55.0,55.0,91.0,133.0,150.0,163.0,177.0,175.0,155.0,139.0,128.0,116.0,111.0,110.0,109.0,110.0,116.0,125.0,138.0,148.0,152.0,149.0,145.0,137.0,131.0,126.0,125.0,124.0,126.0,129.0,132.0,135.0,136.0,136.0,138.0,132.0,132.0,131.0,131.0,131.0,131.0,130.0,129.0,129.0,129.0,132.0,132.0,129.0,128.0,128.0,130.0,131.0,132.0,131.0,130.0,129.0,129.0,130.0,129.0,129.0,128.0,129.0,129.0,131.0,131.0,131.0,131.0,129.0,129.0,128.0,129.0,129.0,129.0,129.0,131.0,129.0,133.0,131.0,131.0,130.0,130.0,130.0,129.0,130.0,130.0,-0.7040640843440906,-0.7101364412116289
123.0,63.0,55.0,55.0,55.0,55.0,55.0,55.0,119.0,205.0,205.0,191.0,145.0,111.0,66.0,55.0,55.0,55.0,56.0,74.0,182.0,205.0,205.0,202.0,166.0,132.0,113.0,100.0,90.0,87.0,94.0,111.0,130.0,143.0,147.0,146.0,142.0,136.0,130.0,126.0,123.0,124.0,130.0,135.0,139.0,141.0,141.0,142.0,144.0,145.0,121.0,127.0,135.0,133.0,130.0,127.0,127.0,130.0,131.0,129.0,129.0,128.0,131.0,132.0,132.0,131.0,130.0,130.0,129.0,129.0,128.0,129.0,129.0,130.0,121.0,131.0,132.0,132.0,132.0,125.0,112.0,115.0,55.0,56.0,113.0,123.0,130.0,97.0,94.0,66.0,118.0,128.0,131.0,134.0,133.0,134.0,134.0,134.0,134.0,134.0,-0.8641251815740018,-0.5032769322845012
165.0,103.0,55.0,55.0,106.0,158.0,168.0,165.0,138.0,148.0,161.0,168.0,142.0,126.0,110.0,98.0,106.0,123.0,107.0,83.0,86.0,111.0,133.0,156.0,171.0,167.0,156.0,144.0,129.0,110.0,96.0,89.0,95.0,112.0,132.0,146.0,153.0,152.0,149.0,146.0,141.0,134.0,128.0,127.0,127.0,128.0,127.0,123.0,122.0,122.0,130.0,130.0,130.0,130.0,130.0,130.0,130.0,130.0,130.0,130.0,130.0,130.0,130.0,130.0,129.0,129.0,129.0,129.0,129.0,129.0,129.0,129.0,129.0,131.0,131.0,130.0,128.0,128.0,129.0,130.0,131.0,130.0,129.0,129.0,129.0,130.0,130.0,130.0,130.0,129.0,130.0,130.0,130.0,130.0,130.0,129.0,130.0,130.0,130.0,130.0,-0.9651329132449996,-0.26176030977063747
89.0,146.0,135.0,116.0,91.0,60.0,57.0,84.0,113.0,101.0,112.0,122.0,133.0,116.0,115.0,110.0,105.0,117.0,157.0,182.0,175.0,161.0,147.0,125.0,109.0,103.0,97.0,98.0,112.0,137.0,159.0,168.0,160.0,144.0,127.0,116.0,109.0,110.0,113.0,120.0,127.0,135.0,139.0,141.0,143.0,144.0,147.0,149.0,149.0,147.0,136.0,137.0,146.0,135.0,144.0,140.0,126.0,112.0,103.0,101.0,102.0,105.0,113.0,146.0,183.0,205.0,205.0,205.0,164.0,121.0,84.0,55.0,55.0,55.0,94.0,166.0,205.0,205.0,205.0,205.0,103.0,55.0,55.0,55.0,66.0,131.0,133.0,108.0,75.0,59.0,69.0,101.0,141.0,170.0,182.0,180.0,173.0,167.0,163.0,156.0,-0.9999978605610477,-0.002068543769749718
170.0,117.0,59.0,55.0,55.0,55.0,101.0,158.0,172.0,153.0,136.0,134.0,102.0,66.0,55.0,55.0,55.0,55.0,146.0,196.0,205.0,200.0,173.0,140.0,116.0,101.0,91.0,88.0,93.0,107.0,126.0,140.0,147.0,147.0,145.0,138.0,130.0,123.0,120.0,120.0,124.0,128.0,132.0,134.0,136.0,139.0,143.0,144.0,143.0,142.0,130.0,130.0,130.0,55.0,55.0,55.0,55.0,55.0,55.0,56.0,56.0,57.0,57.0,58.0,91.0,106.0,116.0,120.0,120.0,118.0,114.0,108.0,104.0,103.0,110.0,123.0,136.0,147.0,153.0,153.0,148.0,139.0,130.0,123.0,123.0,127.0,133.0,138.0,141.0,142.0,143.0,142.0,142.0,142.0,142.0,142.0,141.0,140.0,139.0,138.0,-0.9661467260437077,0.2579932242424689
102.0,140.0,113.0,142.0,123.0,162.0,150.0,168.0,165.0,147.0,106.0,108.0,117.0,103.0,93.0,108.0,126.0,131.0,161.0,187.0,175.0,143.0,126.0,110.0,98.0,99.0,108.0,112.0,119.0,130.0,142.0,150.0,150.0,141.0,132.0,123.0,118.0,116.0,119.0,121.0,124.0,126.0,126.0,126.0,125.0,124.0,123.0,124.0,124.0,123.0,136.0,133.0,152.0,128.0,109.0,105.0,118.0,132.0,133.0,120.0,106.0,109.0,137.0,166.0,174.0,152.0,113.0,84.0,78.0,98.0,123.0,126.0,114.0,114.0,140.0,184.0,205.0,205.0,155.0,78.0,55.0,55.0,55.0,101.0,173.0,192.0,179.0,149.0,123.0,115.0,123.0,136.0,140.0,131.0,117.0,108.0,109.0,118.0,125.0,125.0,-0.8657278496423743,0.5005150251027342
74.0,79.0,55.0,84.0,89.0,101.0,107.0,127.0,140.0,124.0,117.0,115.0,115.0,108.0,131.0,151.0,150.0,148.0,168.0,173.0,151.0,127.0,111.0,94.0,95.0,113.0,131.0,135.0,138.0,143.0,147.0,147.0,138.0,125.0,115.0,111.0,112.0,120.0,128.0,134.0,139.0,146.0,150.0,151.0,150.0,148.0,147.0,146.0,144.0,141.0,122.0,113.0,125.0,114.0,117.0,130.0,116.0,89.0,95.0,100.0,140.0,163.0,177.0,171.0,172.0,163.0,156.0,132.0,84.0,55.0,55.0,55.0,71.0,200.0,205.0,205.0,205.0,112.0,67.0,68.0,104.0,144.0,148.0,113.0,63.0,55.0,55.0,55.0,138.0,191.0,205.0,205.0,184.0,163.0,152.0,146.0,137.0,123.0,105.0,92.0,-0.7054924399113343,0.7087174452685304
161.0,144.0,183.0,105.0,80.0,55.0,55.0,55.0,80.0,100.0,115.0,145.0,183.0,197.0,177.0,151.0,128.0,123.0,132.0,151.0,154.0,135.0,111.0,104.0,106.0,112.0,119.0,126.0,130.0,141.0,152.0,157.0,150.0,132.0,113.0,100.0,96.0,99.0,107.0,116.0,128.0,137.0,144.0,146.0,146.0,147.0,147.0,147.0,144.0,140.0,105.0,125.0,108.0,122.0,124.0,148.0,127.0,131.0,123.0,129.0,117.0,104.0,91.0,89.0,90.0,103.0,129.0,151.0,170.0,186.0,184.0,151.0,111.0,76.0,55.0,55.0,83.0,144.0,196.0,205.0,205.0,160.0,112.0,93.0,105.0,134.0,155.0,156.0,133.0,106.0,86.0,81.0,88.0,102.0,115.0,122.0,125.0,128.0,132.0,138.0,-0.4963565449616688,0.8681187593144816
187.0,168.0,121.0,145.0,134.0,118.0,100.0,98.0,81.0,79.0,112.0,138.0,144.0,155.0,172.0,141.0,93.0,64.0,56.0,55.0,55.0,111.0,150.0,171.0,187.0,189.0,172.0,147.0,119.0,97.0,84.0,84.0,97.0,120.0,141.0,152.0,154.0,147.0,137.0,127.0,120.0,116.0,114.0,114.0,115.0,118.0,121.0,124.0,126.0,129.0,113.0,114.0,120.0,105.0,102.0,125.0,142.0,145.0,143.0,133.0,120.0,107.0,97.0,90.0,96.0,102.0,105.0,114.0,135.0,164.0,191.0,190.0,149.0,88.0,55.0,55.0,55.0,97.0,186.0,205.0,205.0,187.0,127.0,80.0,68.0,90.0,132.0,164.0,176.0,164.0,142.0,121.0,108.0,103.0,101.0,102.0,105.0,112.0,118.0,123.0,-0.2526709790084676,0.9675522602768817
174.0,131.0,96.0,55.0,55.0,92.0,119.0,120.0,138.0,134.0,148.0,168.0,164.0,132.0,122.0,153.0,168.0,169.0,161.0,139.0,91.0,66.0,75.0,96.0,108.0,127.0,147.0,160.0,171.0,174.0,161.0,132.0,103.0,83.0,82.0,96.0,114.0,133.0,148.0,155.0,156.0,155.0,151.0,147.0,145.0,142.0,140.0,136.0,132.0,129.0,109.0,120.0,139.0,155.0,150.0,141.0,128.0,126.0,119.0,118.0,125.0,126.0,119.0,111.0,106.0,110.0,139.0,161.0,151.0,122.0,99.0,91.0,109.0,154.0,188.0,179.0,131.0,71.0,55.0,55.0,58.0,170.0,205.0,205.0,205.0,165.0,112.0,86.0,90.0,106.0,116.0,112.0,102.0,101.0,109.0,121.0,130.0,134.0,133.0,131.0,0.008752981452004692,0.9999616919240961
80.0,99.0,78.0,78.0,69.0,105.0,146.0,173.0,176.0,172.0,171.0,163.0,156.0,141.0,114.0,70.0,55.0,56.0,98.0,126.0,151.0,162.0,164.0,168.0,172.0,157.0,127.0,97.0,82.0,84.0,100.0,117.0,130.0,139.0,144.0,147.0,146.0,142.0,138.0,138.0,139.0,141.0,140.0,136.0,133.0,132.0,131.0,130.0,128.0,126.0,137.0,138.0,140.0,119.0,104.0,108.0,119.0,121.0,113.0,103.0,109.0,124.0,152.0,173.0,174.0,154.0,133.0,115.0,103.0,107.0,116.0,115.0,119.0,142.0,173.0,195.0,193.0,162.0,111.0,77.0,77.0,108.0,145.0,162.0,148.0,113.0,80.0,64.0,71.0,95.0,122.0,140.0,144.0,140.0,136.0,137.0,143.0,149.0,147.0,139.0,0.26979677115703077,0.9629172873477975
