Feat_1,Feat_2,Feat_3,Feat_4,Feat_5,Feat_6,Feat_7,Feat_8,Feat_9,Feat_10,Feat_11,Feat_12,Feat_13,Feat_14,Feat_15,Feat_16,Feat_17,Feat_18,Feat_19,Feat_20,Feat_21,Feat_22,Feat_23,Feat_24,Feat_25,Feat_26,Feat_27,Feat_28,Feat_29,Feat_30,Feat_31,Feat_32,Feat_33,Feat_34,Feat_35,Feat_36,Feat_37,Feat_38,Feat_39,Feat_40,Feat_41,Feat_42,Feat_43,Feat_44,Feat_45,Feat_46,Feat_47,Feat_48,Feat_49,Feat_50,Feat_51,Feat_52,Feat_53,Feat_54,Feat_55,Feat_56,Feat_57,Feat_58,Feat_59,Feat_60,Feat_61,Feat_62,Feat_63,Feat_64,Feat_65,Feat_66,Feat_67,Feat_68,Feat_69,Feat_70,Feat_71,Feat_72,Feat_73,Feat_74,Feat_75,Feat_76,Feat_77,Feat_78,Feat_79,Feat_80,Feat_81,Feat_82,Feat_83,Feat_84,Feat_85,Feat_86,Feat_87,Feat_88,Feat_89,Feat_90,Feat_91,Feat_92,Feat_93,Feat_94,Feat_95,Feat_96,Feat_97,Feat_98,Feat_99,Feat_100,Label_Sin,Label_Cos
144.0,102.0,156.0,119.0,154.0,141.0,170.0,164.0,164.0,119.0,105.0,117.0,103.0,94.0,101.0,124.0,127.0,155.0,186.0,189.0,158.0,136.0,115.0,98.0,92.0,100.0,106.0,114.0,125.0,141.0,152.0,157.0,149.0,138.0,126.0,118.0,113.0,115.0,119.0,122.0,126.0,128.0,128.0,126.0,125.0,124.0,125.0,125.0,124.0,123.0,158.0,140.0,127.0,118.0,116.0,125.0,136.0,129.0,122.0,132.0,145.0,150.0,144.0,123.0,97.0,94.0,105.0,110.0,116.0,132.0,148.0,165.0,189.0,198.0,171.0,116.0,58.0,55.0,55.0,55.0,146.0,205.0,205.0,205.0,164.0,115.0,91.0,91.0,105.0,119.0,124.0,118.0,112.0,112.0,117.0,123.0,130.0,133.0,132.0,133.0,0.0,1.0
93.0,106.0,66.0,88.0,96.0,102.0,98.0,125.0,150.0,149.0,161.0,169.0,162.0,128.0,132.0,151.0,159.0,159.0,166.0,152.0,121.0,109.0,109.0,103.0,102.0,112.0,125.0,137.0,151.0,158.0,155.0,142.0,123.0,108.0,101.0,102.0,109.0,123.0,134.0,143.0,148.0,151.0,151.0,151.0,149.0,146.0,142.0,138.0,133.0,130.0,160.0,124.0,105.0,116.0,138.0,148.0,124.0,98.0,97.0,113.0,139.0,150.0,140.0,124.0,128.0,144.0,159.0,163.0,144.0,103.0,75.0,87.0,128.0,170.0,188.0,168.0,123.0,90.0,93.0,129.0,167.0,184.0,167.0,125.0,85.0,65.0,72.0,96.0,122.0,135.0,133.0,127.0,124.0,131.0,143.0,152.0,151.0,141.0,130.0,127.0,0.2526702055137128,0.9675524622704745
55.0,74.0,114.0,140.0,132.0,108.0,114.0,140.0,149.0,143.0,135.0,147.0,157.0,169.0,166.0,138.0,88.0,59.0,69.0,97.0,123.0,144.0,156.0,158.0,163.0,167.0,158.0,133.0,104.0,84.0,83.0,102.0,124.0,141.0,149.0,153.0,153.0,152.0,149.0,146.0,146.0,146.0,145.0,142.0,138.0,135.0,134.0,133.0,131.0,128.0,183.0,111.0,71.0,99.0,103.0,119.0,117.0,123.0,131.0,138.0,123.0,106.0,97.0,97.0,102.0,110.0,118.0,125.0,137.0,149.0,156.0,150.0,128.0,97.0,68.0,56.0,67.0,105.0,156.0,203.0,205.0,205.0,205.0,150.0,83.0,55.0,55.0,55.0,84.0,167.0,203.0,205.0,184.0,150.0,120.0,103.0,97.0,100.0,104.0,107.0,0.4894946003485413,0.8720063280903538
114.0,90.0,83.0,119.0,141.0,136.0,134.0,154.0,145.0,133.0,131.0,117.0,75.0,55.0,56.0,65.0,73.0,105.0,146.0,167.0,181.0,186.0,178.0,155.0,129.0,104.0,83.0,75.0,82.0,103.0,129.0,150.0,158.0,157.0,148.0,141.0,133.0,126.0,122.0,119.0,120.0,124.0,126.0,121.0,120.0,125.0,132.0,134.0,132.0,132.0,100.0,102.0,143.0,119.0,134.0,118.0,145.0,115.0,104.0,85.0,109.0,129.0,153.0,166.0,166.0,161.0,156.0,149.0,118.0,82.0,55.0,55.0,55.0,125.0,190.0,205.0,205.0,205.0,159.0,123.0,103.0,88.0,68.0,55.0,55.0,55.0,111.0,165.0,199.0,201.0,179.0,146.0,119.0,110.0,115.0,127.0,134.0,129.0,117.0,106.0,0.6948513475510091,0.7191533944900398
93.0,63.0,55.0,68.0,118.0,111.0,145.0,157.0,182.0,151.0,176.0,178.0,176.0,148.0,144.0,111.0,68.0,55.0,55.0,67.0,85.0,123.0,159.0,183.0,199.0,203.0,181.0,145.0,105.0,77.0,65.0,73.0,92.0,121.0,145.0,159.0,163.0,161.0,155.0,147.0,141.0,136.0,132.0,130.0,127.0,125.0,124.0,123.0,122.0,122.0,148.0,137.0,83.0,115.0,101.0,158.0,146.0,132.0,105.0,101.0,109.0,122.0,134.0,136.0,141.0,128.0,129.0,138.0,150.0,135.0,106.0,67.0,55.0,56.0,125.0,177.0,202.0,199.0,173.0,142.0,124.0,115.0,104.0,90.0,80.0,82.0,98.0,128.0,161.0,185.0,191.0,179.0,155.0,131.0,118.0,115.0,115.0,112.0,105.0,98.0,0.8549986909753052,0.5186301557280627
158.0,125.0,58.0,55.0,58.0,122.0,140.0,150.0,155.0,179.0,196.0,198.0,175.0,118.0,58.0,55.0,55.0,71.0,119.0,147.0,163.0,169.0,178.0,178.0,158.0,124.0,94.0,84.0,92.0,108.0,119.0,127.0,136.0,142.0,145.0,141.0,133.0,129.0,130.0,132.0,135.0,134.0,132.0,131.0,131.0,132.0,131.0,128.0,126.0,126.0,152.0,121.0,108.0,129.0,137.0,131.0,108.0,95.0,93.0,103.0,113.0,121.0,127.0,138.0,150.0,156.0,149.0,124.0,93.0,65.0,56.0,72.0,112.0,163.0,205.0,205.0,205.0,205.0,141.0,76.0,55.0,55.0,55.0,97.0,174.0,205.0,205.0,180.0,146.0,117.0,102.0,98.0,101.0,105.0,107.0,105.0,104.0,106.0,112.0,120.0,0.9590178846518145,0.2833455433176231
146.0,101.0,55.0,70.0,122.0,170.0,158.0,152.0,154.0,133.0,96.0,69.0,55.0,55.0,55.0,88.0,155.0,182.0,197.0,196.0,176.0,149.0,118.0,90.0,73.0,74.0,91.0,116.0,139.0,151.0,155.0,152.0,144.0,134.0,126.0,121.0,119.0,120.0,121.0,123.0,124.0,126.0,128.0,131.0,133.0,134.0,134.0,135.0,137.0,139.0,160.0,168.0,143.0,146.0,118.0,93.0,100.0,126.0,146.0,154.0,136.0,121.0,137.0,160.0,165.0,138.0,95.0,55.0,55.0,83.0,155.0,205.0,205.0,205.0,163.0,130.0,111.0,93.0,68.0,55.0,55.0,66.0,140.0,202.0,205.0,205.0,176.0,114.0,72.0,62.0,82.0,112.0,135.0,139.0,128.0,117.0,114.0,124.0,139.0,148.0,0.9995887108714422,0.028677675958282765
57.0,111.0,105.0,149.0,164.0,205.0,197.0,186.0,176.0,130.0,69.0,55.0,55.0,55.0,55.0,121.0,174.0,181.0,183.0,185.0,176.0,141.0,112.0,88.0,73.0,80.0,107.0,135.0,150.0,151.0,142.0,136.0,136.0,138.0,137.0,136.0,132.0,129.0,131.0,131.0,126.0,118.0,114.0,117.0,123.0,126.0,125.0,126.0,127.0,129.0,168.0,116.0,107.0,114.0,161.0,128.0,146.0,143.0,141.0,117.0,110.0,112.0,117.0,112.0,87.0,82.0,98.0,132.0,168.0,185.0,161.0,132.0,114.0,108.0,112.0,134.0,140.0,119.0,96.0,88.0,98.0,129.0,173.0,204.0,205.0,187.0,162.0,138.0,123.0,116.0,106.0,91.0,78.0,73.0,78.0,95.0,115.0,130.0,137.0,140.0,0.9735409390335483,-0.22851266928920375
116.0,171.0,55.0,137.0,124.0,205.0,172.0,180.0,117.0,87.0,62.0,72.0,86.0,106.0,152.0,187.0,205.0,205.0,188.0,122.0,70.0,55.0,55.0,55.0,100.0,134.0,168.0,191.0,199.0,181.0,144.0,105.0,85.0,86.0,101.0,119.0,131.0,137.0,140.0,141.0,137.0,132.0,126.0,125.0,125.0,127.0,126.0,124.0,123.0,124.0,150.0,87.0,57.0,82.0,108.0,129.0,113.0,115.0,122.0,135.0,122.0,97.0,71.0,70.0,91.0,112.0,131.0,144.0,155.0,165.0,169.0,153.0,115.0,68.0,55.0,55.0,55.0,108.0,205.0,205.0,205.0,205.0,205.0,81.0,55.0,55.0,55.0,55.0,114.0,184.0,204.0,196.0,170.0,138.0,112.0,97.0,92.0,95.0,99.0,104.0,0.8821384345166381,-0.47099021470571456
62.0,55.0,55.0,55.0,55.0,67.0,129.0,173.0,205.0,205.0,186.0,121.0,62.0,55.0,55.0,55.0,82.0,140.0,176.0,193.0,194.0,178.0,149.0,112.0,88.0,81.0,91.0,109.0,128.0,139.0,141.0,139.0,133.0,128.0,123.0,120.0,121.0,124.0,127.0,130.0,131.0,133.0,137.0,139.0,140.0,138.0,137.0,136.0,136.0,137.0,109.0,124.0,112.0,110.0,105.0,134.0,155.0,143.0,114.0,95.0,89.0,97.0,114.0,129.0,140.0,150.0,154.0,151.0,146.0,131.0,101.0,61.0,55.0,55.0,55.0,140.0,205.0,205.0,205.0,205.0,160.0,62.0,55.0,55.0,55.0,55.0,132.0,205.0,205.0,205.0,187.0,157.0,132.0,115.0,106.0,103.0,103.0,103.0,101.0,98.0,0.731069432698303,-0.6823030738419558
172.0,154.0,143.0,168.0,154.0,160.0,80.0,55.0,55.0,55.0,55.0,130.0,162.0,190.0,190.0,205.0,180.0,112.0,56.0,55.0,55.0,55.0,73.0,160.0,186.0,197.0,197.0,177.0,149.0,119.0,96.0,84.0,90.0,103.0,122.0,137.0,145.0,145.0,143.0,136.0,129.0,124.0,123.0,123.0,125.0,126.0,127.0,129.0,131.0,133.0,55.0,77.0,154.0,131.0,132.0,118.0,148.0,149.0,121.0,90.0,95.0,110.0,125.0,130.0,122.0,128.0,156.0,181.0,175.0,162.0,134.0,96.0,65.0,71.0,98.0,133.0,164.0,184.0,192.0,187.0,177.0,145.0,100.0,58.0,55.0,62.0,120.0,164.0,175.0,152.0,113.0,81.0,71.0,87.0,114.0,139.0,153.0,153.0,147.0,139.0,0.5301357348712389,-0.8479127918674959
205.0,205.0,131.0,79.0,55.0,72.0,85.0,100.0,132.0,176.0,205.0,205.0,205.0,134.0,65.0,55.0,55.0,55.0,66.0,133.0,171.0,199.0,205.0,198.0,160.0,110.0,74.0,67.0,83.0,109.0,131.0,143.0,147.0,147.0,143.0,135.0,127.0,122.0,122.0,124.0,125.0,123.0,122.0,121.0,124.0,127.0,127.0,126.0,125.0,126.0,177.0,165.0,130.0,121.0,115.0,96.0,72.0,84.0,108.0,138.0,155.0,157.0,163.0,176.0,175.0,143.0,90.0,55.0,55.0,55.0,73.0,205.0,205.0,205.0,205.0,205.0,205.0,55.0,55.0,55.0,55.0,55.0,137.0,205.0,205.0,205.0,205.0,106.0,56.0,55.0,55.0,55.0,102.0,119.0,121.0,120.0,120.0,128.0,141.0,155.0,0.29265403077745283,-0.9562183946514048
94.0,138.0,148.0,141.0,99.0,69.0,55.0,65.0,94.0,128.0,151.0,171.0,176.0,158.0,128.0,93.0,62.0,55.0,73.0,101.0,135.0,166.0,183.0,183.0,173.0,148.0,115.0,89.0,82.0,94.0,117.0,135.0,141.0,142.0,141.0,139.0,134.0,128.0,123.0,121.0,123.0,128.0,131.0,133.0,133.0,134.0,135.0,137.0,137.0,137.0,187.0,166.0,123.0,90.0,104.0,101.0,93.0,104.0,144.0,159.0,169.0,151.0,140.0,142.0,134.0,94.0,55.0,55.0,55.0,64.0,193.0,205.0,205.0,205.0,205.0,89.0,55.0,55.0,55.0,55.0,57.0,144.0,205.0,205.0,205.0,205.0,102.0,74.0,55.0,55.0,91.0,120.0,133.0,129.0,116.0,106.0,107.0,118.0,134.0,147.0,0.03460283597350603,-0.9994011425561763
141.0,62.0,97.0,55.0,124.0,134.0,167.0,147.0,169.0,152.0,121.0,88.0,55.0,55.0,55.0,55.0,68.0,173.0,205.0,205.0,198.0,179.0,145.0,115.0,90.0,72.0,58.0,76.0,114.0,151.0,170.0,170.0,156.0,141.0,131.0,125.0,122.0,121.0,120.0,120.0,123.0,124.0,124.0,127.0,130.0,134.0,136.0,136.0,137.0,139.0,205.0,154.0,118.0,114.0,136.0,122.0,100.0,89.0,95.0,131.0,139.0,134.0,118.0,146.0,173.0,184.0,165.0,135.0,93.0,67.0,76.0,104.0,134.0,156.0,174.0,180.0,178.0,169.0,147.0,105.0,67.0,58.0,87.0,142.0,187.0,190.0,146.0,84.0,55.0,55.0,56.0,138.0,180.0,194.0,182.0,157.0,135.0,125.0,129.0,135.0,-0.2264327717421205,-0.9740267962849793
120.0,127.0,169.0,186.0,189.0,190.0,148.0,110.0,59.0,55.0,55.0,93.0,110.0,145.0,157.0,181.0,194.0,199.0,181.0,152.0,118.0,91.0,81.0,93.0,105.0,113.0,117.0,122.0,133.0,146.0,158.0,159.0,153.0,138.0,122.0,108.0,104.0,104.0,111.0,116.0,122.0,126.0,130.0,131.0,132.0,132.0,132.0,131.0,131.0,132.0,123.0,128.0,116.0,108.0,113.0,127.0,134.0,133.0,132.0,119.0,124.0,114.0,104.0,91.0,92.0,100.0,128.0,162.0,190.0,205.0,205.0,188.0,151.0,106.0,61.0,55.0,55.0,55.0,100.0,204.0,205.0,205.0,205.0,205.0,79.0,55.0,55.0,55.0,55.0,86.0,94.0,95.0,99.0,110.0,128.0,148.0,163.0,168.0,167.0,163.0,-0.47245070118115745,-0.8813570984302745
91.0,84.0,55.0,58.0,56.0,89.0,132.0,142.0,183.0,161.0,160.0,120.0,99.0,56.0,55.0,55.0,55.0,70.0,130.0,162.0,179.0,192.0,184.0,158.0,134.0,120.0,107.0,102.0,103.0,106.0,113.0,125.0,136.0,146.0,150.0,150.0,144.0,139.0,133.0,128.0,126.0,126.0,126.0,128.0,130.0,133.0,135.0,137.0,138.0,140.0,177.0,127.0,73.0,73.0,96.0,145.0,129.0,125.0,119.0,126.0,121.0,101.0,78.0,82.0,101.0,121.0,145.0,162.0,175.0,187.0,187.0,153.0,101.0,55.0,55.0,55.0,55.0,92.0,205.0,205.0,205.0,205.0,205.0,85.0,55.0,55.0,55.0,55.0,63.0,138.0,168.0,179.0,173.0,159.0,143.0,131.0,126.0,125.0,126.0,124.0,-0.6862762304175505,-0.727341003631637
72.0,64.0,105.0,161.0,150.0,114.0,73.0,56.0,55.0,55.0,80.0,114.0,156.0,185.0,172.0,148.0,119.0,79.0,58.0,60.0,81.0,106.0,149.0,188.0,200.0,191.0,163.0,125.0,95.0,82.0,86.0,104.0,125.0,140.0,149.0,150.0,144.0,135.0,130.0,128.0,128.0,130.0,132.0,135.0,137.0,140.0,142.0,144.0,145.0,145.0,134.0,124.0,129.0,152.0,144.0,128.0,126.0,126.0,125.0,123.0,114.0,96.0,85.0,101.0,133.0,160.0,169.0,160.0,140.0,117.0,103.0,94.0,78.0,63.0,75.0,119.0,183.0,205.0,205.0,181.0,102.0,55.0,55.0,55.0,133.0,178.0,196.0,185.0,153.0,117.0,101.0,107.0,123.0,132.0,128.0,116.0,109.0,111.0,121.0,129.0,-0.8510166795482654,-0.525138658956513
132.0,57.0,55.0,79.0,137.0,159.0,165.0,153.0,142.0,153.0,167.0,158.0,134.0,123.0,105.0,99.0,111.0,121.0,98.0,84.0,96.0,117.0,140.0,167.0,176.0,162.0,147.0,135.0,122.0,107.0,96.0,92.0,102.0,120.0,137.0,148.0,152.0,151.0,147.0,144.0,139.0,133.0,129.0,128.0,129.0,128.0,125.0,121.0,120.0,126.0,156.0,142.0,113.0,114.0,127.0,126.0,106.0,100.0,107.0,104.0,103.0,98.0,122.0,166.0,204.0,205.0,205.0,169.0,131.0,98.0,68.0,55.0,55.0,55.0,124.0,202.0,205.0,205.0,205.0,205.0,64.0,55.0,55.0,100.0,124.0,107.0,68.0,55.0,55.0,55.0,134.0,185.0,205.0,205.0,184.0,163.0,153.0,151.0,149.0,140.0,-0.9581420303303808,-0.28629329317044017
107.0,119.0,67.0,137.0,115.0,158.0,109.0,110.0,81.0,88.0,65.0,81.0,90.0,93.0,100.0,116.0,125.0,117.0,126.0,134.0,133.0,131.0,142.0,143.0,139.0,137.0,134.0,125.0,119.0,115.0,116.0,124.0,134.0,141.0,146.0,144.0,138.0,130.0,125.0,121.0,119.0,120.0,121.0,125.0,129.0,133.0,135.0,140.0,142.0,144.0,150.0,125.0,106.0,114.0,135.0,134.0,107.0,73.0,73.0,95.0,120.0,138.0,158.0,169.0,184.0,189.0,164.0,112.0,61.0,55.0,55.0,55.0,72.0,196.0,205.0,205.0,205.0,205.0,121.0,55.0,55.0,55.0,55.0,55.0,112.0,162.0,178.0,176.0,162.0,146.0,134.0,127.0,125.0,125.0,124.0,121.0,117.0,111.0,107.0,107.0,-0.9996437743698591,-0.026689405455764273
69.0,55.0,55.0,55.0,70.0,56.0,56.0,101.0,156.0,205.0,205.0,149.0,102.0,85.0,62.0,56.0,56.0,57.0,57.0,113.0,180.0,205.0,205.0,195.0,163.0,130.0,110.0,98.0,89.0,88.0,96.0,114.0,134.0,148.0,154.0,155.0,152.0,146.0,139.0,133.0,131.0,131.0,135.0,139.0,141.0,141.0,141.0,143.0,145.0,147.0,174.0,107.0,106.0,106.0,152.0,151.0,148.0,108.0,102.0,100.0,130.0,145.0,143.0,119.0,97.0,96.0,119.0,155.0,165.0,136.0,86.0,62.0,83.0,146.0,201.0,205.0,166.0,92.0,55.0,55.0,56.0,153.0,204.0,205.0,187.0,139.0,105.0,97.0,116.0,142.0,148.0,133.0,110.0,99.0,105.0,120.0,129.0,127.0,118.0,113.0,-0.9717480794869789,0.236020486427276
129.0,149.0,105.0,126.0,117.0,123.0,118.0,130.0,155.0,155.0,164.0,158.0,140.0,103.0,108.0,109.0,101.0,99.0,124.0,129.0,129.0,143.0,151.0,137.0,126.0,124.0,119.0,116.0,121.0,127.0,131.0,132.0,127.0,124.0,124.0,126.0,129.0,133.0,133.0,131.0,129.0,128.0,126.0,125.0,123.0,122.0,122.0,122.0,122.0,122.0,108.0,123.0,131.0,160.0,110.0,110.0,107.0,133.0,141.0,156.0,146.0,147.0,145.0,144.0,148.0,140.0,104.0,64.0,55.0,59.0,122.0,192.0,205.0,201.0,139.0,96.0,81.0,110.0,159.0,179.0,150.0,91.0,55.0,55.0,55.0,76.0,195.0,205.0,205.0,205.0,150.0,120.0,113.0,116.0,118.0,113.0,103.0,96.0,99.0,110.0,-0.8753389315624104,0.48350982915673796
102.0,143.0,76.0,103.0,55.0,78.0,80.0,108.0,100.0,123.0,132.0,121.0,113.0,110.0,109.0,106.0,138.0,171.0,180.0,164.0,154.0,136.0,116.0,106.0,100.0,96.0,103.0,123.0,149.0,164.0,166.0,151.0,134.0,120.0,112.0,109.0,112.0,116.0,122.0,130.0,136.0,140.0,142.0,143.0,145.0,148.0,149.0,147.0,146.0,144.0,162.0,113.0,101.0,109.0,125.0,119.0,113.0,101.0,127.0,133.0,145.0,129.0,127.0,119.0,110.0,97.0,94.0,89.0,89.0,106.0,131.0,156.0,178.0,193.0,180.0,141.0,98.0,62.0,55.0,55.0,98.0,159.0,205.0,205.0,205.0,161.0,114.0,93.0,98.0,121.0,143.0,148.0,138.0,120.0,105.0,95.0,95.0,102.0,111.0,119.0,-0.7161053266651898,0.6979922357173766
60.0,55.0,55.0,55.0,71.0,132.0,179.0,168.0,148.0,131.0,110.0,74.0,56.0,55.0,55.0,55.0,102.0,184.0,205.0,205.0,183.0,150.0,123.0,106.0,95.0,89.0,91.0,102.0,120.0,137.0,146.0,149.0,147.0,142.0,133.0,126.0,121.0,121.0,123.0,128.0,132.0,134.0,137.0,139.0,143.0,144.0,144.0,142.0,142.0,143.0,138.0,90.0,95.0,123.0,132.0,100.0,84.0,96.0,128.0,153.0,157.0,141.0,128.0,126.0,125.0,123.0,110.0,81.0,57.0,59.0,106.0,176.0,205.0,205.0,205.0,104.0,55.0,55.0,55.0,101.0,189.0,205.0,205.0,148.0,89.0,57.0,64.0,103.0,148.0,175.0,179.0,165.0,146.0,129.0,118.0,110.0,103.0,101.0,104.0,111.0,-0.5043712100903317,0.8634869324037362
111.0,122.0,131.0,129.0,158.0,151.0,164.0,163.0,165.0,121.0,110.0,111.0,109.0,90.0,103.0,122.0,130.0,151.0,183.0,185.0,155.0,133.0,117.0,101.0,96.0,104.0,110.0,116.0,125.0,139.0,149.0,153.0,146.0,136.0,126.0,120.0,116.0,118.0,121.0,123.0,125.0,127.0,127.0,126.0,124.0,124.0,124.0,124.0,124.0,124.0,110.0,144.0,159.0,146.0,117.0,132.0,138.0,146.0,145.0,140.0,134.0,126.0,117.0,115.0,126.0,125.0,120.0,110.0,104.0,116.0,148.0,163.0,143.0,114.0,95.0,93.0,122.0,168.0,192.0,169.0,113.0,57.0,55.0,55.0,96.0,195.0,205.0,205.0,205.0,149.0,103.0,87.0,92.0,105.0,113.0,111.0,106.0,106.0,113.0,122.0,-0.25458427186245114,0.967050592533951
142.0,72.0,65.0,55.0,82.0,106.0,95.0,96.0,88.0,136.0,126.0,130.0,113.0,121.0,106.0,124.0,148.0,158.0,137.0,136.0,141.0,132.0,123.0,122.0,118.0,114.0,127.0,144.0,151.0,146.0,137.0,128.0,125.0,124.0,123.0,122.0,124.0,125.0,131.0,134.0,137.0,137.0,141.0,145.0,149.0,149.0,148.0,146.0,146.0,146.0,151.0,134.0,121.0,105.0,136.0,155.0,147.0,118.0,123.0,127.0,128.0,111.0,95.0,89.0,96.0,114.0,133.0,154.0,172.0,190.0,188.0,157.0,115.0,82.0,57.0,55.0,92.0,151.0,199.0,205.0,196.0,143.0,100.0,93.0,123.0,161.0,180.0,165.0,125.0,85.0,63.0,63.0,81.0,106.0,124.0,132.0,133.0,134.0,138.0,147.0,0.015536565829326063,0.999879300276904
105.0,142.0,128.0,111.0,100.0,91.0,75.0,75.0,79.0,71.0,78.0,119.0,166.0,188.0,190.0,172.0,141.0,116.0,106.0,104.0,101.0,100.0,106.0,121.0,138.0,147.0,150.0,146.0,141.0,132.0,124.0,118.0,116.0,117.0,120.0,124.0,126.0,128.0,130.0,135.0,139.0,142.0,142.0,142.0,143.0,144.0,145.0,145.0,142.0,138.0,141.0,96.0,99.0,132.0,158.0,159.0,137.0,111.0,102.0,96.0,96.0,99.0,102.0,104.0,117.0,140.0,169.0,193.0,187.0,144.0,83.0,55.0,55.0,55.0,101.0,192.0,205.0,205.0,183.0,121.0,78.0,69.0,95.0,137.0,168.0,177.0,163.0,140.0,120.0,108.0,103.0,102.0,103.0,107.0,113.0,120.0,125.0,128.0,129.0,129.0,0.2861662493587264,0.9581799819073445
169.0,139.0,120.0,148.0,136.0,112.0,96.0,94.0,77.0,84.0,119.0,138.0,142.0,160.0,171.0,133.0,86.0,62.0,55.0,55.0,55.0,114.0,151.0,175.0,191.0,192.0,173.0,147.0,119.0,95.0,82.0,82.0,97.0,121.0,143.0,154.0,156.0,149.0,139.0,128.0,127.0,118.0,111.0,108.0,112.0,122.0,126.0,126.0,125.0,128.0,151.0,127.0,116.0,121.0,128.0,134.0,127.0,139.0,145.0,149.0,140.0,117.0,95.0,96.0,108.0,112.0,121.0,136.0,152.0,171.0,194.0,196.0,160.0,100.0,55.0,55.0,55.0,60.0,168.0,205.0,205.0,205.0,154.0,109.0,91.0,94.0,108.0,119.0,120.0,116.0,113.0,115.0,121.0,128.0,133.0,134.0,132.0,133.0,136.0,141.0,0.5367906665771535,0.8437154616786724
80.0,76.0,62.0,100.0,81.0,102.0,93.0,117.0,148.0,190.0,177.0,168.0,175.0,178.0,161.0,144.0,125.0,81.0,56.0,64.0,93.0,110.0,130.0,149.0,163.0,173.0,180.0,171.0,144.0,110.0,85.0,79.0,89.0,106.0,124.0,138.0,147.0,149.0,149.0,146.0,143.0,140.0,139.0,138.0,137.0,134.0,130.0,128.0,126.0,125.0,152.0,156.0,127.0,108.0,112.0,129.0,149.0,137.0,109.0,94.0,104.0,124.0,144.0,147.0,132.0,123.0,133.0,150.0,161.0,159.0,132.0,92.0,74.0,96.0,141.0,179.0,186.0,155.0,109.0,86.0,102.0,142.0,176.0,182.0,155.0,110.0,75.0,65.0,78.0,104.0,127.0,135.0,131.0,125.0,125.0,134.0,146.0,152.0,148.0,137.0,0.7477832654325823,0.6639429101504015
66.0,73.0,82.0,86.0,81.0,96.0,133.0,166.0,179.0,177.0,174.0,162.0,153.0,143.0,118.0,75.0,55.0,55.0,94.0,124.0,149.0,161.0,163.0,167.0,171.0,160.0,131.0,100.0,82.0,83.0,98.0,116.0,129.0,138.0,144.0,146.0,145.0,141.0,136.0,135.0,140.0,145.0,146.0,138.0,130.0,127.0,130.0,132.0,131.0,127.0,205.0,194.0,106.0,67.0,101.0,119.0,136.0,104.0,114.0,123.0,145.0,135.0,122.0,103.0,104.0,107.0,105.0,110.0,119.0,132.0,142.0,153.0,153.0,146.0,130.0,106.0,80.0,68.0,77.0,107.0,152.0,199.0,205.0,205.0,200.0,132.0,72.0,55.0,55.0,58.0,139.0,179.0,192.0,178.0,151.0,125.0,110.0,106.0,108.0,112.0,0.9020209092776662,0.43169234325604183
151.0,122.0,93.0,96.0,114.0,115.0,96.0,104.0,129.0,125.0,107.0,98.0,85.0,67.0,75.0,109.0,136.0,155.0,172.0,178.0,167.0,147.0,122.0,97.0,82.0,82.0,99.0,123.0,144.0,154.0,155.0,150.0,140.0,130.0,121.0,115.0,112.0,112.0,114.0,116.0,118.0,120.0,122.0,126.0,130.0,133.0,135.0,136.0,137.0,138.0,121.0,115.0,93.0,114.0,133.0,137.0,142.0,146.0,129.0,102.0,85.0,91.0,103.0,112.0,120.0,133.0,150.0,177.0,200.0,189.0,133.0,62.0,55.0,55.0,55.0,73.0,200.0,205.0,205.0,205.0,154.0,127.0,115.0,104.0,85.0,66.0,63.0,83.0,123.0,163.0,185.0,182.0,162.0,135.0,117.0,114.0,121.0,129.0,128.0,118.0,0.9863989101533647,0.16436906657961675
131.0,87.0,97.0,107.0,137.0,138.0,183.0,198.0,201.0,180.0,165.0,100.0,55.0,55.0,55.0,55.0,65.0,144.0,176.0,178.0,178.0,182.0,161.0,130.0,103.0,84.0,75.0,90.0,119.0,141.0,149.0,144.0,135.0,133.0,136.0,138.0,139.0,138.0,133.0,130.0,126.0,123.0,119.0,118.0,118.0,120.0,122.0,123.0,124.0,126.0,146.0,107.0,106.0,110.0,121.0,121.0,117.0,129.0,148.0,140.0,117.0,96.0,100.0,118.0,136.0,143.0,135.0,124.0,130.0,151.0,158.0,139.0,100.0,63.0,55.0,58.0,128.0,180.0,204.0,199.0,172.0,143.0,123.0,110.0,94.0,78.0,71.0,81.0,110.0,147.0,178.0,191.0,183.0,161.0,134.0,115.0,110.0,115.0,122.0,122.0,0.9930975861732565,-0.11729102411033629
179.0,55.0,135.0,115.0,203.0,173.0,185.0,127.0,98.0,65.0,72.0,83.0,98.0,144.0,178.0,205.0,205.0,205.0,141.0,91.0,55.0,55.0,55.0,90.0,120.0,154.0,180.0,194.0,182.0,153.0,117.0,95.0,91.0,101.0,115.0,126.0,132.0,135.0,138.0,136.0,132.0,128.0,126.0,126.0,127.0,127.0,125.0,124.0,125.0,126.0,153.0,121.0,108.0,131.0,136.0,130.0,107.0,94.0,93.0,103.0,114.0,122.0,128.0,139.0,151.0,155.0,147.0,122.0,90.0,64.0,56.0,75.0,116.0,167.0,205.0,205.0,205.0,205.0,134.0,68.0,55.0,55.0,55.0,107.0,179.0,202.0,200.0,176.0,145.0,118.0,102.0,97.0,100.0,104.0,107.0,106.0,105.0,107.0,112.0,120.0,0.9204604303827937,-0.39083576614675647
147.0,165.0,137.0,96.0,55.0,55.0,55.0,55.0,55.0,136.0,174.0,205.0,205.0,187.0,127.0,68.0,55.0,55.0,55.0,67.0,137.0,174.0,192.0,193.0,180.0,151.0,115.0,89.0,80.0,89.0,107.0,126.0,137.0,141.0,139.0,133.0,127.0,122.0,120.0,120.0,123.0,127.0,129.0,131.0,133.0,136.0,138.0,138.0,137.0,136.0,160.0,153.0,143.0,148.0,137.0,110.0,90.0,108.0,134.0,156.0,155.0,134.0,127.0,147.0,163.0,154.0,119.0,74.0,55.0,55.0,120.0,185.0,205.0,205.0,188.0,147.0,120.0,103.0,81.0,57.0,55.0,55.0,106.0,175.0,205.0,205.0,205.0,144.0,90.0,63.0,70.0,97.0,126.0,140.0,135.0,122.0,114.0,119.0,132.0,145.0,0.7733687197311065,-0.6339564837916474
202.0,171.0,162.0,175.0,172.0,158.0,88.0,55.0,55.0,55.0,55.0,75.0,172.0,205.0,205.0,205.0,188.0,129.0,67.0,55.0,55.0,55.0,90.0,142.0,169.0,179.0,179.0,170.0,148.0,124.0,104.0,97.0,103.0,115.0,125.0,129.0,128.0,123.0,121.0,119.0,117.0,115.0,116.0,119.0,123.0,127.0,128.0,129.0,131.0,133.0,88.0,112.0,156.0,161.0,120.0,112.0,121.0,122.0,118.0,126.0,136.0,142.0,142.0,139.0,143.0,143.0,125.0,95.0,63.0,55.0,83.0,144.0,190.0,205.0,205.0,177.0,141.0,121.0,113.0,102.0,87.0,72.0,64.0,74.0,120.0,173.0,205.0,205.0,205.0,167.0,118.0,85.0,72.0,79.0,95.0,106.0,109.0,109.0,110.0,115.0,0.5630386986060851,-0.8264305317883446
182.0,143.0,95.0,67.0,69.0,79.0,90.0,122.0,170.0,205.0,205.0,205.0,145.0,73.0,55.0,55.0,55.0,56.0,126.0,164.0,194.0,205.0,204.0,167.0,116.0,77.0,65.0,79.0,104.0,128.0,141.0,146.0,147.0,143.0,136.0,128.0,122.0,121.0,123.0,124.0,123.0,121.0,121.0,123.0,125.0,127.0,126.0,125.0,125.0,127.0,137.0,67.0,80.0,94.0,119.0,117.0,114.0,114.0,133.0,129.0,119.0,104.0,91.0,84.0,85.0,94.0,111.0,135.0,153.0,164.0,166.0,160.0,140.0,109.0,72.0,55.0,55.0,55.0,145.0,205.0,205.0,205.0,205.0,152.0,57.0,55.0,55.0,55.0,114.0,183.0,192.0,171.0,137.0,110.0,98.0,97.0,102.0,107.0,111.0,113.0,0.30622245640029416,-0.9519599819300021
90.0,104.0,146.0,151.0,127.0,88.0,62.0,55.0,73.0,104.0,134.0,157.0,174.0,174.0,150.0,119.0,83.0,57.0,56.0,81.0,110.0,145.0,173.0,184.0,181.0,167.0,139.0,108.0,87.0,84.0,97.0,119.0,137.0,145.0,145.0,141.0,135.0,130.0,126.0,123.0,123.0,125.0,129.0,131.0,132.0,133.0,134.0,136.0,137.0,137.0,149.0,89.0,57.0,100.0,135.0,134.0,117.0,111.0,129.0,138.0,141.0,118.0,107.0,98.0,98.0,104.0,126.0,144.0,156.0,158.0,150.0,140.0,131.0,113.0,81.0,55.0,55.0,55.0,123.0,204.0,205.0,205.0,205.0,130.0,55.0,55.0,55.0,55.0,76.0,171.0,195.0,188.0,167.0,146.0,134.0,129.0,126.0,122.0,118.0,116.0,0.023856946652319785,-0.9997153825446663
104.0,85.0,55.0,95.0,153.0,165.0,162.0,159.0,163.0,123.0,102.0,58.0,55.0,55.0,55.0,70.0,174.0,205.0,205.0,205.0,201.0,152.0,109.0,77.0,57.0,55.0,55.0,110.0,153.0,181.0,186.0,173.0,150.0,132.0,119.0,114.0,113.0,115.0,119.0,125.0,127.0,128.0,129.0,132.0,135.0,138.0,139.0,139.0,140.0,141.0,154.0,129.0,109.0,119.0,154.0,118.0,123.0,120.0,129.0,122.0,122.0,118.0,131.0,136.0,122.0,112.0,105.0,104.0,115.0,131.0,132.0,140.0,157.0,166.0,163.0,162.0,145.0,109.0,79.0,72.0,84.0,113.0,153.0,181.0,184.0,178.0,156.0,135.0,127.0,125.0,117.0,97.0,81.0,77.0,86.0,102.0,119.0,128.0,134.0,137.0,-0.2607300939276733,-0.96541173502318
126.0,117.0,114.0,122.0,143.0,175.0,195.0,190.0,147.0,92.0,55.0,55.0,55.0,86.0,117.0,142.0,168.0,188.0,197.0,183.0,147.0,101.0,72.0,68.0,85.0,111.0,133.0,146.0,151.0,150.0,144.0,136.0,129.0,125.0,124.0,125.0,124.0,122.0,121.0,121.0,123.0,124.0,124.0,123.0,123.0,126.0,128.0,129.0,129.0,129.0,136.0,86.0,65.0,82.0,113.0,129.0,128.0,119.0,125.0,112.0,103.0,80.0,76.0,84.0,103.0,121.0,139.0,152.0,162.0,169.0,160.0,127.0,82.0,55.0,55.0,55.0,75.0,189.0,205.0,205.0,205.0,205.0,114.0,55.0,55.0,55.0,55.0,89.0,173.0,201.0,199.0,174.0,143.0,114.0,97.0,89.0,92.0,103.0,109.0,109.0,-0.5238917981092093,-0.8517848225191028
102.0,103.0,109.0,93.0,70.0,55.0,78.0,108.0,159.0,173.0,185.0,155.0,140.0,104.0,70.0,55.0,55.0,55.0,77.0,143.0,186.0,203.0,204.0,186.0,150.0,117.0,97.0,87.0,87.0,99.0,114.0,132.0,145.0,153.0,152.0,147.0,138.0,132.0,127.0,126.0,124.0,126.0,128.0,131.0,133.0,134.0,136.0,137.0,138.0,139.0,121.0,111.0,105.0,115.0,145.0,153.0,131.0,104.0,91.0,91.0,101.0,118.0,134.0,149.0,157.0,154.0,145.0,138.0,120.0,87.0,55.0,55.0,55.0,64.0,178.0,205.0,205.0,205.0,205.0,93.0,55.0,55.0,55.0,55.0,70.0,177.0,205.0,205.0,205.0,175.0,146.0,124.0,111.0,104.0,103.0,103.0,102.0,99.0,97.0,98.0,-0.7438051063713402,-0.6683965617325685
151.0,117.0,106.0,112.0,129.0,107.0,68.0,55.0,55.0,55.0,55.0,72.0,143.0,179.0,205.0,186.0,142.0,107.0,73.0,55.0,55.0,56.0,94.0,134.0,180.0,205.0,204.0,184.0,148.0,110.0,87.0,81.0,92.0,111.0,129.0,140.0,143.0,139.0,131.0,125.0,122.0,121.0,123.0,126.0,131.0,135.0,139.0,141.0,143.0,144.0,62.0,86.0,153.0,131.0,133.0,120.0,147.0,148.0,119.0,90.0,95.0,111.0,126.0,132.0,122.0,129.0,156.0,181.0,176.0,160.0,132.0,96.0,70.0,76.0,99.0,130.0,162.0,186.0,196.0,191.0,174.0,139.0,94.0,58.0,55.0,74.0,122.0,162.0,173.0,151.0,113.0,82.0,71.0,84.0,111.0,142.0,157.0,158.0,145.0,135.0,-0.9024609840270575,-0.43077160109379875
160.0,157.0,145.0,81.0,56.0,55.0,59.0,104.0,154.0,159.0,184.0,188.0,205.0,187.0,150.0,107.0,78.0,67.0,100.0,142.0,152.0,145.0,136.0,126.0,124.0,135.0,139.0,130.0,121.0,120.0,124.0,132.0,132.0,127.0,118.0,114.0,112.0,115.0,120.0,126.0,131.0,135.0,137.0,136.0,133.0,132.0,132.0,131.0,128.0,124.0,165.0,158.0,150.0,132.0,126.0,125.0,96.0,68.0,80.0,109.0,141.0,164.0,161.0,158.0,169.0,172.0,146.0,95.0,55.0,55.0,55.0,72.0,205.0,205.0,205.0,205.0,205.0,205.0,55.0,55.0,55.0,55.0,55.0,139.0,205.0,205.0,205.0,205.0,109.0,57.0,55.0,55.0,55.0,101.0,118.0,122.0,120.0,120.0,127.0,141.0,-0.9872874692962124,-0.1589448110844784
79.0,109.0,97.0,151.0,115.0,109.0,67.0,62.0,55.0,92.0,97.0,97.0,112.0,128.0,128.0,121.0,122.0,107.0,96.0,107.0,134.0,143.0,151.0,154.0,153.0,142.0,135.0,119.0,109.0,108.0,116.0,128.0,139.0,144.0,142.0,138.0,133.0,127.0,123.0,121.0,120.0,123.0,128.0,133.0,137.0,140.0,142.0,145.0,147.0,149.0,166.0,165.0,162.0,125.0,110.0,113.0,105.0,89.0,119.0,137.0,164.0,166.0,157.0,144.0,147.0,129.0,90.0,55.0,55.0,55.0,72.0,203.0,205.0,205.0,205.0,205.0,99.0,55.0,55.0,55.0,55.0,60.0,144.0,205.0,205.0,205.0,205.0,155.0,100.0,64.0,55.0,69.0,91.0,107.0,114.0,113.0,112.0,116.0,128.0,142.0,-0.9920594180237068,0.1257700723958772
55.0,55.0,79.0,120.0,159.0,199.0,185.0,139.0,100.0,76.0,56.0,55.0,55.0,55.0,56.0,127.0,186.0,205.0,205.0,187.0,151.0,122.0,103.0,93.0,85.0,87.0,97.0,116.0,135.0,147.0,152.0,152.0,149.0,142.0,136.0,130.0,128.0,129.0,133.0,137.0,139.0,139.0,140.0,142.0,144.0,145.0,143.0,142.0,141.0,142.0,167.0,131.0,111.0,117.0,111.0,110.0,113.0,120.0,132.0,125.0,111.0,111.0,130.0,142.0,140.0,134.0,128.0,120.0,121.0,127.0,123.0,110.0,105.0,114.0,132.0,152.0,161.0,142.0,101.0,73.0,84.0,139.0,195.0,205.0,185.0,114.0,55.0,55.0,55.0,67.0,153.0,189.0,191.0,170.0,141.0,121.0,118.0,126.0,133.0,131.0,-0.9163898951418328,0.40028684725074437
101.0,126.0,132.0,126.0,149.0,147.0,156.0,156.0,169.0,130.0,113.0,106.0,111.0,89.0,101.0,119.0,129.0,141.0,173.0,181.0,156.0,133.0,121.0,105.0,98.0,105.0,112.0,116.0,124.0,135.0,144.0,148.0,144.0,137.0,128.0,123.0,117.0,119.0,121.0,123.0,124.0,125.0,124.0,123.0,125.0,127.0,129.0,124.0,119.0,119.0,132.0,136.0,118.0,147.0,123.0,148.0,137.0,131.0,109.0,110.0,101.0,103.0,102.0,106.0,132.0,170.0,202.0,205.0,205.0,179.0,140.0,100.0,64.0,55.0,55.0,55.0,139.0,205.0,205.0,205.0,205.0,205.0,55.0,55.0,55.0,55.0,111.0,127.0,109.0,80.0,63.0,70.0,100.0,142.0,174.0,186.0,178.0,166.0,161.0,162.0,-0.7664145893664143,0.6423462284518456
135.0,147.0,55.0,90.0,55.0,91.0,93.0,96.0,96.0,106.0,144.0,131.0,126.0,109.0,117.0,103.0,127.0,150.0,162.0,140.0,145.0,153.0,144.0,127.0,121.0,111.0,106.0,120.0,138.0,147.0,146.0,141.0,136.0,134.0,131.0,126.0,121.0,121.0,121.0,126.0,131.0,136.0,138.0,143.0,147.0,150.0,150.0,149.0,148.0,147.0,136.0,78.0,72.0,110.0,133.0,138.0,129.0,121.0,115.0,105.0,85.0,80.0,94.0,112.0,134.0,157.0,170.0,183.0,188.0,167.0,117.0,66.0,55.0,55.0,55.0,71.0,188.0,205.0,205.0,205.0,205.0,143.0,55.0,55.0,55.0,55.0,55.0,102.0,159.0,177.0,176.0,163.0,147.0,132.0,124.0,122.0,126.0,130.0,128.0,118.0,-0.554294298813431,0.832320749652997
100.0,55.0,90.0,143.0,160.0,117.0,91.0,83.0,78.0,78.0,82.0,72.0,70.0,106.0,158.0,186.0,187.0,173.0,147.0,124.0,110.0,104.0,97.0,96.0,102.0,119.0,136.0,148.0,150.0,148.0,142.0,134.0,125.0,119.0,115.0,115.0,119.0,123.0,126.0,128.0,131.0,134.0,138.0,142.0,143.0,142.0,141.0,142.0,146.0,149.0,124.0,101.0,112.0,142.0,157.0,144.0,122.0,120.0,131.0,131.0,124.0,106.0,87.0,86.0,113.0,146.0,165.0,167.0,154.0,132.0,112.0,103.0,90.0,72.0,63.0,84.0,138.0,200.0,205.0,205.0,156.0,82.0,55.0,55.0,89.0,153.0,189.0,192.0,170.0,137.0,113.0,106.0,115.0,126.0,129.0,122.0,113.0,110.0,116.0,125.0,-0.29722886859324554,0.9548062629008982
164.0,108.0,173.0,142.0,173.0,103.0,101.0,98.0,111.0,94.0,111.0,131.0,135.0,153.0,169.0,152.0,98.0,75.0,76.0,85.0,103.0,136.0,153.0,159.0,161.0,162.0,150.0,132.0,111.0,101.0,100.0,112.0,123.0,137.0,144.0,144.0,140.0,134.0,128.0,122.0,119.0,118.0,120.0,120.0,120.0,121.0,124.0,126.0,128.0,130.0,164.0,138.0,98.0,93.0,119.0,114.0,94.0,84.0,106.0,139.0,168.0,171.0,167.0,166.0,163.0,152.0,123.0,79.0,55.0,55.0,55.0,85.0,205.0,205.0,205.0,203.0,97.0,59.0,67.0,115.0,159.0,163.0,122.0,66.0,55.0,55.0,55.0,101.0,181.0,205.0,205.0,205.0,187.0,166.0,148.0,129.0,111.0,95.0,85.0,86.0,-0.01606253558433832,0.9998709891534017
138.0,84.0,85.0,83.0,100.0,105.0,119.0,149.0,148.0,164.0,169.0,170.0,130.0,128.0,145.0,160.0,161.0,173.0,166.0,139.0,119.0,113.0,105.0,99.0,102.0,114.0,131.0,147.0,154.0,156.0,152.0,139.0,120.0,105.0,100.0,103.0,116.0,128.0,140.0,147.0,152.0,152.0,152.0,150.0,148.0,144.0,139.0,135.0,131.0,129.0,201.0,135.0,97.0,108.0,100.0,110.0,89.0,87.0,111.0,144.0,154.0,146.0,145.0,147.0,144.0,123.0,92.0,56.0,55.0,55.0,95.0,173.0,205.0,205.0,205.0,168.0,99.0,55.0,55.0,55.0,55.0,141.0,192.0,205.0,203.0,155.0,108.0,83.0,88.0,116.0,149.0,167.0,165.0,147.0,122.0,102.0,93.0,95.0,103.0,113.0,0.26640623352537807,0.9638608399239081
205.0,115.0,71.0,56.0,85.0,89.0,99.0,74.0,85.0,119.0,168.0,180.0,180.0,172.0,167.0,159.0,150.0,129.0,88.0,56.0,55.0,86.0,117.0,144.0,160.0,164.0,168.0,173.0,167.0,142.0,109.0,87.0,82.0,95.0,112.0,127.0,137.0,144.0,147.0,148.0,145.0,141.0,139.0,139.0,141.0,140.0,140.0,139.0,139.0,134.0,138.0,111.0,95.0,120.0,124.0,102.0,89.0,100.0,124.0,150.0,155.0,143.0,130.0,126.0,124.0,122.0,111.0,84.0,58.0,58.0,102.0,171.0,205.0,205.0,205.0,108.0,55.0,55.0,55.0,97.0,187.0,205.0,205.0,152.0,93.0,58.0,63.0,100.0,145.0,174.0,179.0,165.0,146.0,130.0,119.0,110.0,103.0,101.0,103.0,110.0,0.5272733635786583,0.8496957102754186
75.0,85.0,121.0,148.0,132.0,130.0,151.0,146.0,135.0,132.0,117.0,74.0,55.0,58.0,65.0,71.0,104.0,145.0,167.0,180.0,187.0,178.0,156.0,129.0,104.0,83.0,75.0,81.0,102.0,129.0,149.0,157.0,157.0,150.0,141.0,133.0,126.0,121.0,119.0,119.0,121.0,123.0,125.0,126.0,127.0,129.0,131.0,133.0,135.0,136.0,139.0,148.0,143.0,122.0,129.0,151.0,140.0,117.0,110.0,114.0,135.0,141.0,132.0,124.0,128.0,129.0,129.0,124.0,110.0,104.0,114.0,126.0,137.0,156.0,169.0,166.0,159.0,150.0,131.0,105.0,81.0,68.0,73.0,104.0,156.0,202.0,205.0,205.0,164.0,115.0,83.0,75.0,84.0,100.0,113.0,117.0,117.0,116.0,120.0,127.0,0.7453863555872752,0.6666327181471969
101.0,58.0,55.0,56.0,111.0,129.0,136.0,169.0,159.0,159.0,168.0,180.0,159.0,146.0,136.0,102.0,61.0,55.0,55.0,55.0,55.0,109.0,158.0,192.0,205.0,205.0,188.0,147.0,106.0,74.0,58.0,59.0,80.0,112.0,144.0,164.0,172.0,169.0,161.0,151.0,142.0,134.0,129.0,126.0,124.0,123.0,122.0,121.0,120.0,121.0,153.0,133.0,112.0,109.0,147.0,156.0,137.0,120.0,121.0,128.0,123.0,107.0,91.0,89.0,98.0,122.0,147.0,165.0,179.0,187.0,174.0,139.0,104.0,74.0,56.0,65.0,112.0,170.0,205.0,205.0,177.0,123.0,91.0,98.0,136.0,171.0,179.0,156.0,117.0,80.0,61.0,63.0,84.0,111.0,129.0,135.0,134.0,134.0,139.0,148.0,0.9030594442275739,0.4295155878328346
78.0,55.0,102.0,130.0,130.0,146.0,162.0,197.0,205.0,205.0,170.0,117.0,55.0,55.0,55.0,55.0,120.0,167.0,200.0,205.0,205.0,205.0,154.0,103.0,63.0,55.0,55.0,78.0,106.0,139.0,168.0,181.0,176.0,155.0,131.0,114.0,111.0,113.0,119.0,124.0,128.0,133.0,137.0,138.0,135.0,131.0,128.0,128.0,128.0,127.0,132.0,133.0,107.0,94.0,116.0,147.0,151.0,144.0,134.0,120.0,112.0,101.0,92.0,92.0,99.0,107.0,118.0,137.0,160.0,184.0,190.0,158.0,100.0,55.0,55.0,55.0,76.0,177.0,205.0,205.0,205.0,136.0,85.0,67.0,86.0,126.0,162.0,177.0,168.0,146.0,124.0,111.0,104.0,102.0,103.0,106.0,112.0,118.0,124.0,128.0,0.987507654070674,0.15757104160293567
57.0,80.0,136.0,165.0,157.0,156.0,151.0,120.0,85.0,62.0,55.0,55.0,55.0,116.0,164.0,188.0,198.0,191.0,168.0,138.0,108.0,82.0,72.0,78.0,99.0,125.0,144.0,152.0,154.0,149.0,140.0,131.0,123.0,120.0,119.0,120.0,122.0,124.0,124.0,126.0,129.0,131.0,133.0,134.0,135.0,136.0,137.0,138.0,139.0,139.0,138.0,133.0,146.0,146.0,143.0,131.0,127.0,119.0,118.0,123.0,128.0,121.0,113.0,106.0,106.0,131.0,159.0,157.0,127.0,103.0,91.0,102.0,142.0,183.0,187.0,147.0,87.0,55.0,55.0,55.0,148.0,205.0,205.0,205.0,205.0,124.0,92.0,87.0,97.0,109.0,113.0,109.0,105.0,107.0,116.0,125.0,132.0,134.0,133.0,132.0,0.991883473615613,-0.12715020553748838
122.0,73.0,97.0,123.0,136.0,158.0,190.0,205.0,187.0,186.0,139.0,80.0,55.0,55.0,55.0,55.0,104.0,168.0,186.0,189.0,192.0,182.0,148.0,114.0,89.0,69.0,71.0,95.0,127.0,148.0,155.0,148.0,141.0,137.0,136.0,135.0,134.0,132.0,128.0,127.0,125.0,122.0,120.0,120.0,120.0,121.0,122.0,122.0,123.0,129.0,158.0,144.0,124.0,105.0,129.0,154.0,151.0,125.0,122.0,126.0,127.0,113.0,97.0,89.0,92.0,111.0,136.0,158.0,172.0,186.0,186.0,159.0,120.0,87.0,60.0,55.0,86.0,144.0,195.0,205.0,205.0,149.0,103.0,93.0,119.0,159.0,180.0,168.0,129.0,88.0,64.0,63.0,80.0,103.0,123.0,131.0,133.0,134.0,138.0,146.0,0.9158320880626958,-0.40156143549240714
125.0,166.0,148.0,128.0,107.0,122.0,159.0,185.0,187.0,170.0,132.0,88.0,72.0,74.0,86.0,110.0,150.0,184.0,205.0,205.0,205.0,154.0,105.0,67.0,55.0,57.0,82.0,111.0,145.0,173.0,184.0,177.0,154.0,127.0,109.0,104.0,106.0,111.0,117.0,123.0,128.0,133.0,134.0,132.0,129.0,128.0,128.0,129.0,127.0,126.0,137.0,121.0,118.0,126.0,129.0,120.0,111.0,102.0,98.0,103.0,120.0,131.0,139.0,145.0,147.0,146.0,140.0,124.0,99.0,80.0,74.0,89.0,134.0,175.0,205.0,205.0,192.0,146.0,92.0,57.0,55.0,87.0,130.0,162.0,170.0,157.0,134.0,116.0,108.0,109.0,114.0,117.0,119.0,120.0,121.0,122.0,124.0,125.0,125.0,124.0,0.7655201495908743,-0.6434119213772507
90.0,71.0,103.0,155.0,143.0,103.0,71.0,59.0,61.0,87.0,117.0,130.0,152.0,176.0,182.0,155.0,113.0,66.0,55.0,55.0,81.0,120.0,156.0,181.0,188.0,183.0,163.0,130.0,98.0,80.0,81.0,98.0,120.0,136.0,145.0,147.0,144.0,139.0,134.0,129.0,127.0,129.0,132.0,135.0,136.0,135.0,136.0,138.0,140.0,140.0,158.0,139.0,123.0,119.0,115.0,131.0,133.0,125.0,126.0,142.0,148.0,148.0,133.0,107.0,92.0,100.0,109.0,112.0,124.0,141.0,156.0,178.0,198.0,188.0,143.0,83.0,55.0,55.0,55.0,82.0,188.0,205.0,205.0,201.0,135.0,98.0,88.0,98.0,113.0,123.0,122.0,115.0,112.0,114.0,120.0,127.0,132.0,132.0,133.0,134.0,0.5531357522915497,-0.83309113519282
92.0,116.0,179.0,205.0,205.0,205.0,172.0,106.0,55.0,55.0,55.0,55.0,55.0,135.0,203.0,205.0,205.0,205.0,144.0,83.0,55.0,55.0,55.0,96.0,140.0,160.0,168.0,168.0,158.0,141.0,124.0,111.0,108.0,114.0,123.0,130.0,133.0,131.0,128.0,126.0,125.0,123.0,122.0,121.0,124.0,125.0,127.0,128.0,130.0,132.0,149.0,108.0,111.0,124.0,147.0,138.0,111.0,94.0,104.0,126.0,146.0,147.0,138.0,126.0,132.0,147.0,160.0,161.0,130.0,88.0,74.0,101.0,147.0,182.0,185.0,151.0,105.0,86.0,105.0,147.0,179.0,181.0,150.0,105.0,73.0,65.0,81.0,108.0,130.0,135.0,130.0,125.0,126.0,136.0,147.0,153.0,147.0,136.0,128.0,127.0,0.2959001564594527,-0.955218874084506
182.0,144.0,77.0,106.0,147.0,202.0,192.0,160.0,101.0,64.0,61.0,79.0,94.0,125.0,167.0,204.0,205.0,205.0,158.0,85.0,55.0,55.0,55.0,55.0,122.0,162.0,194.0,205.0,205.0,176.0,126.0,84.0,68.0,79.0,103.0,128.0,142.0,148.0,149.0,147.0,140.0,131.0,125.0,123.0,125.0,126.0,125.0,123.0,123.0,125.0,169.0,105.0,79.0,95.0,130.0,132.0,113.0,111.0,127.0,132.0,133.0,121.0,110.0,109.0,106.0,101.0,107.0,122.0,133.0,142.0,149.0,148.0,145.0,138.0,119.0,95.0,77.0,75.0,96.0,140.0,186.0,205.0,205.0,181.0,126.0,77.0,56.0,67.0,103.0,143.0,166.0,165.0,148.0,127.0,114.0,109.0,112.0,115.0,119.0,121.0,0.014671396908943361,-0.9998923692641825
61.0,55.0,55.0,60.0,87.0,113.0,142.0,172.0,194.0,198.0,165.0,111.0,68.0,55.0,55.0,55.0,98.0,137.0,170.0,192.0,194.0,182.0,159.0,125.0,95.0,79.0,80.0,95.0,118.0,136.0,145.0,146.0,143.0,137.0,133.0,130.0,129.0,130.0,133.0,136.0,137.0,138.0,139.0,140.0,140.0,139.0,137.0,137.0,136.0,136.0,166.0,136.0,123.0,121.0,123.0,129.0,127.0,136.0,143.0,153.0,145.0,130.0,101.0,94.0,102.0,112.0,115.0,129.0,145.0,161.0,186.0,200.0,180.0,125.0,66.0,55.0,55.0,55.0,113.0,204.0,205.0,205.0,180.0,126.0,96.0,90.0,104.0,116.0,119.0,112.0,110.0,116.0,126.0,134.0,136.0,134.0,130.0,137.0,135.0,135.0,-0.2677469977949489,-0.9634892553483883
162.0,148.0,110.0,81.0,56.0,55.0,55.0,55.0,59.0,137.0,187.0,185.0,205.0,193.0,148.0,77.0,55.0,55.0,55.0,55.0,64.0,138.0,201.0,205.0,205.0,196.0,161.0,125.0,94.0,72.0,63.0,75.0,101.0,131.0,151.0,162.0,159.0,150.0,138.0,129.0,123.0,119.0,118.0,120.0,123.0,127.0,129.0,131.0,133.0,135.0,148.0,117.0,103.0,111.0,115.0,118.0,128.0,141.0,144.0,126.0,103.0,96.0,109.0,127.0,140.0,140.0,130.0,131.0,140.0,148.0,142.0,119.0,87.0,58.0,55.0,92.0,151.0,193.0,203.0,193.0,164.0,134.0,111.0,96.0,82.0,74.0,77.0,95.0,128.0,162.0,185.0,188.0,174.0,148.0,122.0,110.0,110.0,118.0,122.0,118.0,-0.5284550371206096,-0.8489612910738953
55.0,55.0,107.0,136.0,172.0,200.0,205.0,205.0,205.0,118.0,55.0,55.0,55.0,55.0,64.0,145.0,178.0,202.0,205.0,205.0,165.0,114.0,75.0,63.0,73.0,95.0,118.0,135.0,145.0,149.0,148.0,142.0,134.0,127.0,125.0,128.0,134.0,136.0,132.0,125.0,123.0,126.0,130.0,130.0,127.0,124.0,125.0,127.0,129.0,130.0,126.0,108.0,99.0,113.0,136.0,154.0,133.0,105.0,93.0,97.0,106.0,111.0,116.0,119.0,131.0,146.0,156.0,155.0,139.0,111.0,80.0,60.0,59.0,89.0,136.0,185.0,205.0,205.0,205.0,176.0,110.0,56.0,55.0,55.0,55.0,146.0,193.0,205.0,195.0,164.0,131.0,109.0,99.0,98.0,103.0,106.0,107.0,105.0,105.0,109.0,-0.7463131220049852,-0.6655950149476573
165.0,111.0,96.0,88.0,106.0,77.0,63.0,58.0,97.0,131.0,173.0,181.0,171.0,143.0,121.0,85.0,56.0,55.0,55.0,55.0,90.0,164.0,198.0,205.0,203.0,175.0,138.0,112.0,95.0,86.0,87.0,97.0,114.0,134.0,150.0,157.0,155.0,148.0,139.0,132.0,126.0,124.0,123.0,126.0,129.0,132.0,133.0,135.0,137.0,138.0,140.0,141.0,143.0,148.0,152.0,150.0,116.0,89.0,100.0,126.0,153.0,158.0,139.0,124.0,140.0,160.0,162.0,133.0,89.0,55.0,55.0,97.0,169.0,205.0,205.0,205.0,155.0,127.0,111.0,92.0,66.0,55.0,55.0,80.0,151.0,205.0,205.0,205.0,165.0,106.0,69.0,65.0,87.0,117.0,137.0,138.0,127.0,116.0,116.0,127.0,-0.9036561563543202,-0.42825874314827067
76.0,140.0,162.0,166.0,163.0,139.0,107.0,85.0,57.0,55.0,55.0,55.0,72.0,175.0,205.0,195.0,168.0,155.0,138.0,116.0,99.0,84.0,77.0,97.0,131.0,153.0,158.0,149.0,136.0,128.0,129.0,130.0,131.0,131.0,128.0,126.0,125.0,122.0,120.0,122.0,127.0,132.0,134.0,135.0,136.0,139.0,143.0,144.0,144.0,142.0,93.0,132.0,140.0,161.0,113.0,118.0,116.0,118.0,117.0,128.0,138.0,140.0,139.0,134.0,144.0,142.0,125.0,91.0,61.0,55.0,85.0,145.0,189.0,203.0,199.0,171.0,138.0,121.0,114.0,104.0,89.0,76.0,70.0,82.0,116.0,167.0,205.0,205.0,205.0,164.0,113.0,87.0,85.0,95.0,105.0,106.0,102.0,99.0,104.0,114.0,-0.9877259273029447,-0.156196967107361
148.0,202.0,154.0,184.0,101.0,82.0,55.0,55.0,73.0,121.0,135.0,161.0,174.0,196.0,205.0,188.0,157.0,120.0,87.0,69.0,84.0,100.0,114.0,124.0,134.0,137.0,149.0,159.0,163.0,152.0,136.0,116.0,104.0,102.0,106.0,114.0,121.0,126.0,128.0,130.0,131.0,132.0,132.0,132.0,132.0,132.0,132.0,132.0,131.0,129.0,205.0,162.0,124.0,103.0,92.0,105.0,107.0,93.0,91.0,121.0,130.0,139.0,135.0,142.0,147.0,145.0,115.0,82.0,58.0,56.0,83.0,132.0,180.0,205.0,205.0,205.0,169.0,114.0,63.0,55.0,55.0,57.0,156.0,205.0,205.0,205.0,149.0,91.0,63.0,72.0,105.0,141.0,159.0,153.0,131.0,109.0,98.0,99.0,109.0,118.0,-0.9917056091949494,0.12853009255141074
106.0,55.0,60.0,55.0,97.0,121.0,145.0,171.0,166.0,159.0,126.0,105.0,58.0,55.0,55.0,55.0,57.0,123.0,154.0,174.0,187.0,186.0,162.0,139.0,124.0,111.0,103.0,103.0,106.0,111.0,121.0,132.0,142.0,149.0,150.0,146.0,141.0,134.0,129.0,125.0,125.0,125.0,127.0,129.0,132.0,134.0,136.0,137.0,139.0,141.0,166.0,146.0,116.0,111.0,103.0,141.0,156.0,154.0,142.0,117.0,118.0,127.0,132.0,112.0,90.0,72.0,83.0,125.0,181.0,205.0,205.0,159.0,111.0,87.0,93.0,106.0,99.0,74.0,55.0,69.0,129.0,204.0,205.0,205.0,205.0,122.0,74.0,55.0,65.0,98.0,126.0,135.0,126.0,114.0,111.0,120.0,136.0,148.0,150.0,143.0,-0.9152725081854748,0.4028352464219956
113.0,68.0,85.0,131.0,158.0,129.0,94.0,61.0,55.0,55.0,55.0,102.0,137.0,177.0,181.0,158.0,132.0,97.0,62.0,57.0,73.0,93.0,130.0,174.0,199.0,197.0,176.0,141.0,105.0,85.0,82.0,95.0,115.0,134.0,146.0,150.0,147.0,138.0,132.0,128.0,127.0,128.0,131.0,133.0,136.0,138.0,141.0,143.0,144.0,145.0,126.0,137.0,155.0,130.0,136.0,153.0,143.0,117.0,107.0,108.0,121.0,114.0,89.0,79.0,100.0,138.0,176.0,186.0,158.0,127.0,112.0,109.0,119.0,141.0,145.0,120.0,94.0,86.0,98.0,130.0,172.0,199.0,199.0,181.0,162.0,148.0,137.0,126.0,107.0,82.0,63.0,59.0,71.0,94.0,119.0,135.0,142.0,144.0,143.0,144.0,-0.7646242279796717,0.6444763688348014
136.0,55.0,90.0,94.0,158.0,150.0,177.0,149.0,156.0,167.0,174.0,151.0,128.0,117.0,93.0,93.0,111.0,125.0,116.0,134.0,155.0,160.0,156.0,159.0,144.0,121.0,109.0,105.0,99.0,102.0,113.0,129.0,144.0,150.0,146.0,139.0,133.0,129.0,130.0,133.0,133.0,132.0,134.0,134.0,134.0,130.0,127.0,124.0,124.0,124.0,109.0,64.0,80.0,87.0,130.0,118.0,126.0,118.0,132.0,115.0,107.0,82.0,77.0,84.0,100.0,117.0,136.0,153.0,163.0,170.0,161.0,133.0,91.0,56.0,55.0,55.0,62.0,172.0,205.0,205.0,205.0,205.0,149.0,55.0,55.0,55.0,55.0,92.0,177.0,201.0,195.0,167.0,135.0,110.0,98.0,94.0,97.0,102.0,106.0,109.0,-0.5519761350515675,0.8338599080981971
109.0,134.0,139.0,103.0,94.0,57.0,67.0,80.0,112.0,99.0,114.0,124.0,131.0,114.0,114.0,110.0,105.0,120.0,159.0,180.0,172.0,160.0,145.0,123.0,109.0,103.0,98.0,98.0,114.0,139.0,159.0,168.0,159.0,142.0,125.0,116.0,109.0,110.0,114.0,120.0,127.0,134.0,137.0,139.0,140.0,146.0,152.0,154.0,147.0,142.0,106.0,124.0,112.0,112.0,105.0,133.0,152.0,142.0,115.0,96.0,90.0,96.0,112.0,128.0,140.0,150.0,154.0,150.0,145.0,132.0,102.0,62.0,55.0,55.0,55.0,138.0,205.0,205.0,205.0,205.0,182.0,63.0,55.0,55.0,55.0,55.0,131.0,204.0,205.0,205.0,187.0,157.0,132.0,115.0,106.0,103.0,103.0,103.0,101.0,98.0,-0.29457087154465433,0.9556296362280854
55.0,55.0,55.0,64.0,144.0,176.0,163.0,141.0,133.0,113.0,77.0,55.0,55.0,55.0,55.0,103.0,183.0,201.0,201.0,184.0,154.0,125.0,105.0,93.0,88.0,91.0,102.0,121.0,137.0,146.0,148.0,146.0,141.0,133.0,126.0,121.0,121.0,123.0,127.0,131.0,134.0,137.0,139.0,142.0,144.0,144.0,143.0,142.0,143.0,144.0,180.0,138.0,83.0,99.0,127.0,123.0,113.0,112.0,130.0,142.0,129.0,105.0,96.0,100.0,109.0,120.0,126.0,127.0,146.0,167.0,169.0,161.0,145.0,110.0,71.0,60.0,74.0,102.0,140.0,180.0,201.0,200.0,188.0,165.0,129.0,92.0,68.0,62.0,74.0,101.0,127.0,143.0,145.0,137.0,127.0,122.0,124.0,129.0,134.0,138.0,-0.013280229833771997,0.9999118138593834
93.0,152.0,109.0,162.0,139.0,168.0,158.0,164.0,115.0,105.0,112.0,105.0,94.0,106.0,128.0,126.0,144.0,167.0,168.0,140.0,129.0,119.0,108.0,105.0,114.0,119.0,123.0,127.0,134.0,138.0,142.0,138.0,134.0,129.0,125.0,121.0,123.0,124.0,124.0,125.0,125.0,125.0,124.0,123.0,123.0,124.0,124.0,123.0,124.0,125.0,130.0,105.0,122.0,117.0,133.0,137.0,134.0,114.0,80.0,73.0,80.0,108.0,123.0,140.0,147.0,161.0,170.0,169.0,141.0,95.0,55.0,55.0,55.0,57.0,172.0,205.0,205.0,205.0,205.0,205.0,55.0,55.0,55.0,55.0,57.0,150.0,202.0,205.0,205.0,168.0,126.0,95.0,79.0,79.0,88.0,98.0,105.0,108.0,108.0,109.0,0.2690872437802485,0.9631158057236674
146.0,110.0,77.0,62.0,75.0,75.0,105.0,86.0,104.0,102.0,150.0,123.0,126.0,109.0,121.0,110.0,130.0,152.0,156.0,139.0,143.0,150.0,136.0,126.0,120.0,112.0,110.0,127.0,143.0,149.0,145.0,138.0,132.0,131.0,128.0,125.0,121.0,122.0,123.0,129.0,133.0,137.0,139.0,144.0,147.0,150.0,150.0,148.0,147.0,147.0,59.0,125.0,142.0,150.0,175.0,131.0,122.0,105.0,100.0,91.0,118.0,139.0,160.0,166.0,156.0,148.0,147.0,131.0,92.0,55.0,55.0,55.0,72.0,195.0,205.0,205.0,205.0,205.0,136.0,55.0,55.0,55.0,55.0,55.0,138.0,205.0,205.0,205.0,205.0,162.0,108.0,69.0,56.0,65.0,85.0,102.0,111.0,112.0,111.0,116.0,0.5296356877195039,0.8482252285176904
65.0,115.0,164.0,138.0,103.0,85.0,82.0,77.0,83.0,79.0,67.0,83.0,135.0,176.0,190.0,182.0,161.0,133.0,116.0,107.0,101.0,96.0,98.0,110.0,127.0,143.0,150.0,150.0,145.0,138.0,129.0,122.0,117.0,115.0,117.0,121.0,125.0,127.0,130.0,132.0,137.0,141.0,143.0,143.0,143.0,144.0,145.0,146.0,144.0,141.0,75.0,119.0,149.0,136.0,122.0,137.0,155.0,136.0,96.0,89.0,103.0,124.0,133.0,128.0,119.0,141.0,172.0,183.0,171.0,149.0,113.0,77.0,70.0,88.0,116.0,148.0,177.0,193.0,194.0,183.0,158.0,115.0,71.0,55.0,55.0,97.0,148.0,177.0,170.0,135.0,94.0,69.0,71.0,96.0,125.0,147.0,156.0,153.0,145.0,137.0,0.7472384437665254,0.6645560233399298
133.0,157.0,159.0,174.0,123.0,98.0,89.0,117.0,90.0,104.0,116.0,142.0,138.0,165.0,163.0,124.0,80.0,75.0,79.0,92.0,120.0,146.0,155.0,160.0,163.0,157.0,141.0,121.0,104.0,98.0,105.0,117.0,131.0,140.0,145.0,141.0,137.0,130.0,125.0,120.0,118.0,118.0,120.0,120.0,120.0,122.0,125.0,127.0,129.0,130.0,126.0,140.0,128.0,122.0,101.0,110.0,123.0,133.0,134.0,129.0,123.0,124.0,119.0,104.0,92.0,88.0,97.0,121.0,153.0,183.0,203.0,205.0,195.0,162.0,117.0,69.0,55.0,55.0,55.0,71.0,188.0,205.0,205.0,205.0,205.0,125.0,55.0,55.0,55.0,55.0,57.0,93.0,101.0,106.0,114.0,128.0,143.0,157.0,164.0,164.0,0.904251119252225,0.42700106947301464
86.0,119.0,110.0,80.0,98.0,88.0,110.0,127.0,159.0,146.0,161.0,168.0,169.0,133.0,129.0,148.0,157.0,163.0,175.0,169.0,140.0,121.0,112.0,103.0,96.0,103.0,114.0,128.0,144.0,159.0,166.0,161.0,138.0,114.0,99.0,99.0,106.0,119.0,130.0,140.0,147.0,151.0,154.0,154.0,152.0,147.0,143.0,139.0,135.0,131.0,167.0,124.0,75.0,78.0,108.0,161.0,153.0,140.0,123.0,113.0,111.0,89.0,61.0,55.0,70.0,101.0,155.0,204.0,205.0,205.0,205.0,124.0,55.0,55.0,55.0,55.0,55.0,86.0,205.0,205.0,205.0,205.0,205.0,170.0,55.0,55.0,55.0,55.0,68.0,135.0,157.0,159.0,154.0,143.0,134.0,125.0,125.0,130.0,133.0,132.0,0.9879422885705083,0.15482259025758008
134.0,82.0,55.0,77.0,82.0,99.0,78.0,89.0,128.0,166.0,181.0,178.0,173.0,158.0,155.0,144.0,121.0,76.0,55.0,55.0,95.0,123.0,143.0,155.0,162.0,170.0,175.0,162.0,131.0,100.0,82.0,83.0,98.0,115.0,128.0,135.0,140.0,143.0,148.0,148.0,144.0,137.0,134.0,138.0,141.0,141.0,136.0,132.0,130.0,129.0,139.0,123.0,104.0,101.0,113.0,136.0,135.0,116.0,106.0,124.0,143.0,143.0,137.0,129.0,121.0,120.0,127.0,125.0,113.0,105.0,111.0,128.0,148.0,161.0,150.0,112.0,78.0,77.0,117.0,179.0,205.0,205.0,141.0,64.0,55.0,55.0,55.0,145.0,188.0,194.0,174.0,145.0,124.0,120.0,127.0,134.0,132.0,121.0,109.0,106.0,0.9915258251060143,-0.1299097307665506
172.0,134.0,110.0,91.0,104.0,120.0,104.0,97.0,116.0,131.0,115.0,103.0,95.0,76.0,66.0,91.0,125.0,146.0,164.0,177.0,175.0,159.0,136.0,111.0,88.0,81.0,89.0,110.0,134.0,150.0,156.0,154.0,146.0,135.0,126.0,118.0,114.0,112.0,113.0,114.0,117.0,119.0,121.0,125.0,129.0,132.0,134.0,135.0,137.0,138.0,124.0,135.0,117.0,136.0,123.0,151.0,124.0,106.0,105.0,102.0,106.0,102.0,104.0,120.0,167.0,198.0,205.0,205.0,181.0,140.0,104.0,68.0,55.0,55.0,55.0,126.0,202.0,205.0,205.0,205.0,205.0,55.0,55.0,55.0,55.0,113.0,118.0,97.0,69.0,58.0,72.0,109.0,151.0,179.0,188.0,181.0,170.0,162.0,160.0,156.0,0.9147111565933653,-0.4041082775737561
131.0,105.0,82.0,107.0,126.0,142.0,182.0,202.0,196.0,179.0,163.0,106.0,55.0,55.0,55.0,55.0,69.0,141.0,174.0,173.0,171.0,175.0,160.0,131.0,107.0,88.0,81.0,97.0,126.0,143.0,144.0,137.0,130.0,131.0,136.0,140.0,142.0,140.0,136.0,132.0,128.0,124.0,120.0,117.0,117.0,120.0,122.0,123.0,124.0,126.0,192.0,133.0,127.0,109.0,122.0,116.0,99.0,74.0,82.0,108.0,130.0,156.0,166.0,177.0,185.0,182.0,137.0,84.0,55.0,55.0,55.0,55.0,138.0,205.0,205.0,205.0,205.0,205.0,56.0,55.0,55.0,55.0,55.0,94.0,155.0,177.0,175.0,159.0,141.0,130.0,128.0,133.0,137.0,136.0,130.0,121.0,111.0,103.0,100.0,104.0,0.7637268262670528,-0.645539568764034
153.0,86.0,107.0,161.0,191.0,187.0,142.0,84.0,55.0,63.0,81.0,103.0,138.0,180.0,205.0,205.0,205.0,132.0,63.0,55.0,55.0,55.0,66.0,134.0,172.0,199.0,205.0,196.0,158.0,108.0,73.0,67.0,84.0,109.0,131.0,142.0,147.0,147.0,143.0,135.0,127.0,122.0,122.0,123.0,125.0,123.0,121.0,121.0,124.0,126.0,144.0,140.0,113.0,81.0,78.0,118.0,139.0,153.0,147.0,137.0,131.0,131.0,127.0,121.0,109.0,81.0,58.0,63.0,109.0,180.0,205.0,205.0,201.0,100.0,55.0,55.0,55.0,106.0,192.0,205.0,205.0,145.0,87.0,58.0,67.0,107.0,150.0,176.0,179.0,164.0,145.0,129.0,118.0,110.0,104.0,101.0,104.0,112.0,120.0,126.0,0.550815449338168,-0.8346270668810065
76.0,83.0,55.0,58.0,128.0,175.0,180.0,166.0,147.0,110.0,98.0,59.0,63.0,69.0,112.0,142.0,176.0,175.0,167.0,141.0,117.0,97.0,92.0,94.0,111.0,135.0,154.0,160.0,156.0,141.0,123.0,111.0,108.0,113.0,123.0,134.0,139.0,142.0,140.0,138.0,135.0,134.0,133.0,133.0,134.0,135.0,135.0,134.0,134.0,134.0,180.0,135.0,127.0,133.0,131.0,125.0,122.0,122.0,128.0,126.0,126.0,140.0,147.0,148.0,138.0,115.0,94.0,97.0,106.0,111.0,125.0,138.0,147.0,165.0,192.0,198.0,163.0,101.0,55.0,55.0,55.0,59.0,169.0,205.0,205.0,205.0,150.0,106.0,89.0,94.0,109.0,121.0,123.0,117.0,112.0,113.0,118.0,125.0,130.0,132.0,0.29324101642196526,-0.9560385485365184
103.0,55.0,55.0,55.0,114.0,87.0,128.0,156.0,199.0,188.0,187.0,161.0,108.0,59.0,55.0,55.0,55.0,55.0,63.0,167.0,205.0,205.0,205.0,205.0,158.0,111.0,76.0,55.0,55.0,55.0,77.0,139.0,174.0,190.0,181.0,161.0,145.0,133.0,124.0,116.0,114.0,118.0,128.0,134.0,134.0,131.0,131.0,133.0,136.0,138.0,142.0,148.0,139.0,124.0,99.0,106.0,118.0,124.0,114.0,103.0,106.0,121.0,150.0,172.0,175.0,156.0,136.0,117.0,104.0,105.0,115.0,116.0,119.0,140.0,171.0,193.0,195.0,166.0,116.0,79.0,76.0,106.0,143.0,162.0,151.0,118.0,83.0,65.0,70.0,91.0,120.0,139.0,146.0,141.0,137.0,136.0,143.0,149.0,148.0,141.0,0.011889037051742235,-0.999929322901365
125.0,117.0,116.0,123.0,148.0,179.0,197.0,184.0,137.0,83.0,55.0,55.0,55.0,93.0,122.0,148.0,173.0,191.0,196.0,177.0,138.0,95.0,70.0,70.0,90.0,116.0,137.0,147.0,151.0,149.0,142.0,134.0,128.0,124.0,125.0,125.0,124.0,122.0,121.0,122.0,129.0,126.0,121.0,117.0,120.0,128.0,132.0,131.0,128.0,127.0,148.0,138.0,121.0,125.0,114.0,119.0,113.0,104.0,96.0,108.0,126.0,137.0,144.0,146.0,146.0,143.0,135.0,113.0,89.0,74.0,78.0,104.0,149.0,193.0,205.0,205.0,172.0,115.0,69.0,55.0,71.0,110.0,150.0,170.0,165.0,145.0,123.0,111.0,107.0,111.0,116.0,120.0,121.0,122.0,122.0,123.0,125.0,126.0,127.0,127.0,-0.27042696888693796,-0.9627404917726392
132.0,129.0,98.0,118.0,104.0,91.0,56.0,56.0,78.0,120.0,153.0,176.0,178.0,158.0,136.0,104.0,66.0,55.0,55.0,55.0,57.0,137.0,185.0,205.0,205.0,190.0,154.0,121.0,101.0,89.0,86.0,93.0,107.0,126.0,144.0,154.0,155.0,151.0,142.0,133.0,128.0,125.0,124.0,125.0,128.0,130.0,132.0,134.0,135.0,137.0,155.0,98.0,105.0,100.0,130.0,130.0,138.0,136.0,155.0,134.0,108.0,83.0,90.0,105.0,116.0,124.0,133.0,149.0,176.0,205.0,197.0,138.0,62.0,55.0,55.0,55.0,75.0,202.0,205.0,205.0,205.0,154.0,125.0,112.0,102.0,87.0,73.0,73.0,92.0,127.0,160.0,176.0,173.0,155.0,134.0,120.0,118.0,126.0,132.0,131.0,-0.5308153130899288,-0.8474875240316172
74.0,160.0,154.0,170.0,161.0,140.0,101.0,81.0,55.0,55.0,55.0,55.0,107.0,181.0,205.0,190.0,165.0,150.0,129.0,107.0,96.0,84.0,83.0,107.0,142.0,160.0,162.0,148.0,133.0,124.0,125.0,127.0,131.0,132.0,131.0,129.0,128.0,124.0,122.0,124.0,128.0,132.0,134.0,135.0,136.0,139.0,143.0,145.0,145.0,143.0,133.0,96.0,89.0,85.0,107.0,141.0,158.0,138.0,116.0,111.0,134.0,156.0,162.0,138.0,97.0,68.0,81.0,128.0,170.0,182.0,155.0,105.0,68.0,76.0,123.0,170.0,192.0,183.0,151.0,118.0,97.0,86.0,77.0,70.0,72.0,88.0,120.0,159.0,190.0,202.0,191.0,164.0,133.0,112.0,107.0,113.0,119.0,119.0,112.0,104.0,-0.7481623190807369,-0.6635157453352057
78.0,55.0,117.0,129.0,176.0,155.0,161.0,135.0,171.0,162.0,154.0,125.0,115.0,95.0,99.0,120.0,120.0,98.0,102.0,119.0,128.0,147.0,164.0,162.0,145.0,134.0,119.0,109.0,105.0,106.0,109.0,118.0,128.0,138.0,143.0,145.0,143.0,143.0,141.0,136.0,131.0,130.0,130.0,130.0,127.0,124.0,122.0,122.0,124.0,125.0,151.0,119.0,108.0,131.0,137.0,130.0,107.0,94.0,93.0,103.0,114.0,122.0,128.0,139.0,151.0,155.0,146.0,121.0,89.0,64.0,57.0,75.0,117.0,168.0,205.0,205.0,205.0,205.0,132.0,68.0,55.0,55.0,55.0,100.0,179.0,205.0,204.0,176.0,142.0,114.0,100.0,97.0,101.0,105.0,107.0,105.0,104.0,107.0,113.0,121.0,-0.9048443317696057,-0.4257425692415734
101.0,136.0,139.0,108.0,95.0,67.0,63.0,73.0,109.0,96.0,112.0,117.0,135.0,116.0,116.0,111.0,106.0,109.0,145.0,171.0,170.0,161.0,149.0,131.0,115.0,109.0,103.0,100.0,109.0,130.0,151.0,163.0,159.0,146.0,130.0,120.0,112.0,112.0,114.0,120.0,125.0,133.0,137.0,140.0,141.0,143.0,146.0,148.0,148.0,147.0,178.0,152.0,136.0,133.0,114.0,100.0,114.0,125.0,146.0,150.0,137.0,129.0,146.0,161.0,155.0,123.0,80.0,55.0,55.0,108.0,175.0,205.0,205.0,203.0,152.0,123.0,105.0,85.0,60.0,55.0,55.0,94.0,162.0,205.0,205.0,205.0,154.0,97.0,64.0,66.0,91.0,121.0,138.0,136.0,123.0,114.0,116.0,129.0,143.0,150.0,-0.9881567374545498,-0.15344791371400232
126.0,63.0,55.0,55.0,55.0,55.0,93.0,146.0,183.0,164.0,142.0,126.0,96.0,65.0,55.0,55.0,55.0,56.0,145.0,195.0,205.0,201.0,173.0,139.0,116.0,102.0,92.0,89.0,94.0,108.0,126.0,140.0,147.0,149.0,145.0,139.0,131.0,124.0,121.0,121.0,125.0,129.0,133.0,135.0,137.0,140.0,143.0,144.0,143.0,142.0,191.0,143.0,95.0,86.0,118.0,124.0,111.0,124.0,140.0,149.0,140.0,132.0,132.0,142.0,125.0,91.0,57.0,55.0,77.0,152.0,199.0,205.0,191.0,157.0,120.0,106.0,110.0,108.0,98.0,84.0,81.0,96.0,140.0,195.0,205.0,205.0,163.0,108.0,84.0,96.0,127.0,149.0,147.0,126.0,102.0,89.0,93.0,106.0,120.0,130.0,-0.9913441216968178,0.131289117512324
136.0,92.0,126.0,140.0,165.0,160.0,169.0,152.0,108.0,97.0,107.0,110.0,92.0,111.0,127.0,134.0,145.0,168.0,154.0,120.0,108.0,109.0,104.0,110.0,125.0,131.0,133.0,137.0,141.0,138.0,132.0,124.0,121.0,121.0,125.0,126.0,129.0,130.0,129.0,127.0,126.0,123.0,122.0,122.0,122.0,123.0,122.0,122.0,123.0,125.0,205.0,121.0,55.0,93.0,98.0,131.0,113.0,112.0,118.0,130.0,130.0,116.0,107.0,93.0,88.0,84.0,95.0,111.0,137.0,155.0,164.0,164.0,159.0,142.0,113.0,78.0,55.0,55.0,57.0,142.0,205.0,205.0,205.0,205.0,136.0,61.0,55.0,55.0,55.0,144.0,185.0,186.0,158.0,124.0,102.0,96.0,101.0,108.0,112.0,114.0,-0.9141480343729875,0.40538052648345513
55.0,83.0,75.0,98.0,99.0,91.0,97.0,120.0,148.0,130.0,121.0,112.0,118.0,108.0,132.0,151.0,152.0,144.0,165.0,174.0,155.0,127.0,110.0,96.0,99.0,119.0,136.0,140.0,140.0,142.0,144.0,145.0,139.0,128.0,118.0,115.0,116.0,123.0,130.0,135.0,140.0,145.0,149.0,152.0,151.0,149.0,148.0,147.0,145.0,143.0,205.0,121.0,59.0,88.0,111.0,135.0,118.0,114.0,118.0,150.0,145.0,126.0,100.0,93.0,95.0,109.0,127.0,139.0,151.0,155.0,154.0,147.0,136.0,109.0,72.0,55.0,55.0,55.0,112.0,205.0,205.0,205.0,205.0,205.0,71.0,55.0,55.0,55.0,55.0,129.0,201.0,205.0,205.0,181.0,154.0,133.0,120.0,111.0,107.0,106.0,-0.7628279461901489,0.6466015191068756
82.0,105.0,137.0,134.0,109.0,97.0,75.0,71.0,76.0,80.0,70.0,91.0,138.0,178.0,188.0,181.0,157.0,130.0,113.0,105.0,99.0,95.0,99.0,111.0,130.0,144.0,150.0,149.0,144.0,136.0,127.0,120.0,115.0,114.0,117.0,121.0,125.0,127.0,129.0,132.0,137.0,140.0,142.0,143.0,143.0,144.0,145.0,145.0,144.0,141.0,159.0,149.0,128.0,115.0,90.0,136.0,130.0,122.0,113.0,122.0,135.0,139.0,121.0,104.0,105.0,105.0,115.0,124.0,128.0,135.0,158.0,171.0,166.0,158.0,139.0,101.0,72.0,70.0,85.0,113.0,154.0,187.0,198.0,189.0,172.0,147.0,117.0,96.0,84.0,82.0,89.0,104.0,117.0,126.0,130.0,129.0,127.0,129.0,133.0,137.0,-0.5496536973981282,0.835392610056234
123.0,118.0,157.0,158.0,181.0,131.0,100.0,87.0,112.0,95.0,101.0,117.0,138.0,138.0,159.0,162.0,123.0,84.0,79.0,90.0,101.0,124.0,144.0,151.0,153.0,155.0,150.0,135.0,116.0,104.0,102.0,112.0,123.0,134.0,140.0,141.0,137.0,133.0,126.0,122.0,119.0,118.0,119.0,120.0,121.0,121.0,122.0,125.0,127.0,128.0,108.0,82.0,73.0,102.0,126.0,140.0,129.0,115.0,99.0,85.0,76.0,80.0,96.0,113.0,132.0,147.0,157.0,165.0,164.0,141.0,98.0,56.0,55.0,55.0,55.0,150.0,205.0,205.0,205.0,205.0,205.0,74.0,55.0,55.0,55.0,56.0,141.0,189.0,204.0,194.0,167.0,136.0,111.0,96.0,90.0,92.0,96.0,100.0,103.0,105.0,-0.2919105936656333,0.9564456102182588
118.0,55.0,55.0,84.0,124.0,119.0,137.0,135.0,145.0,168.0,167.0,139.0,126.0,152.0,162.0,164.0,158.0,149.0,104.0,76.0,79.0,97.0,106.0,123.0,142.0,155.0,166.0,171.0,162.0,138.0,111.0,90.0,86.0,96.0,112.0,129.0,144.0,153.0,155.0,154.0,151.0,148.0,145.0,143.0,140.0,140.0,138.0,135.0,128.0,123.0,143.0,128.0,112.0,103.0,114.0,151.0,154.0,129.0,100.0,89.0,91.0,107.0,124.0,136.0,145.0,153.0,153.0,149.0,139.0,115.0,77.0,55.0,55.0,55.0,90.0,194.0,205.0,205.0,205.0,205.0,95.0,55.0,55.0,55.0,55.0,77.0,194.0,205.0,205.0,194.0,165.0,141.0,124.0,112.0,104.0,102.0,102.0,101.0,100.0,98.0,-0.010497821255819273,0.9999448963562346
69.0,66.0,74.0,91.0,86.0,90.0,109.0,150.0,170.0,184.0,182.0,169.0,152.0,143.0,129.0,95.0,57.0,55.0,79.0,110.0,137.0,157.0,164.0,166.0,171.0,166.0,143.0,112.0,88.0,80.0,91.0,108.0,123.0,134.0,142.0,145.0,146.0,144.0,140.0,137.0,138.0,140.0,141.0,139.0,135.0,132.0,131.0,131.0,129.0,127.0,176.0,145.0,122.0,125.0,150.0,148.0,111.0,92.0,98.0,118.0,133.0,134.0,123.0,140.0,170.0,184.0,172.0,153.0,119.0,82.0,70.0,86.0,115.0,146.0,176.0,193.0,196.0,186.0,162.0,120.0,75.0,55.0,55.0,93.0,145.0,177.0,174.0,140.0,99.0,71.0,77.0,96.0,120.0,141.0,155.0,158.0,150.0,140.0,137.0,139.0,0.2717661705216717,0.9623633142218098
74.0,76.0,112.0,120.0,107.0,110.0,124.0,112.0,105.0,99.0,79.0,62.0,83.0,118.0,143.0,161.0,175.0,174.0,161.0,138.0,113.0,90.0,80.0,85.0,106.0,130.0,148.0,154.0,154.0,147.0,136.0,126.0,118.0,113.0,111.0,112.0,114.0,117.0,117.0,118.0,121.0,125.0,133.0,138.0,139.0,134.0,132.0,134.0,140.0,143.0,147.0,124.0,134.0,115.0,93.0,91.0,97.0,121.0,139.0,141.0,135.0,140.0,144.0,138.0,122.0,96.0,69.0,63.0,93.0,149.0,205.0,205.0,205.0,205.0,153.0,80.0,55.0,55.0,55.0,55.0,137.0,205.0,205.0,205.0,205.0,89.0,61.0,55.0,55.0,55.0,69.0,102.0,113.0,117.0,120.0,127.0,139.0,152.0,161.0,164.0,0.531993910948458,0.8467481790436658
94.0,100.0,117.0,107.0,105.0,131.0,120.0,146.0,182.0,205.0,205.0,193.0,159.0,100.0,55.0,55.0,55.0,55.0,67.0,167.0,205.0,205.0,205.0,205.0,154.0,111.0,75.0,55.0,55.0,55.0,115.0,158.0,180.0,176.0,160.0,143.0,130.0,123.0,121.0,121.0,122.0,123.0,125.0,126.0,125.0,123.0,121.0,122.0,124.0,124.0,164.0,107.0,87.0,115.0,106.0,116.0,127.0,146.0,151.0,145.0,120.0,108.0,106.0,90.0,69.0,60.0,71.0,107.0,166.0,205.0,205.0,205.0,186.0,113.0,55.0,55.0,55.0,55.0,55.0,127.0,205.0,205.0,205.0,205.0,205.0,69.0,55.0,55.0,55.0,104.0,128.0,130.0,117.0,104.0,101.0,110.0,126.0,141.0,149.0,150.0,0.749084746159251,0.6624741829471774
171.0,155.0,88.0,118.0,107.0,188.0,173.0,196.0,143.0,127.0,67.0,77.0,70.0,93.0,119.0,163.0,195.0,205.0,205.0,175.0,120.0,74.0,55.0,55.0,73.0,102.0,134.0,164.0,187.0,187.0,169.0,135.0,109.0,95.0,99.0,108.0,120.0,126.0,132.0,135.0,137.0,133.0,130.0,127.0,127.0,128.0,128.0,127.0,125.0,124.0,119.0,112.0,106.0,102.0,104.0,119.0,134.0,135.0,115.0,103.0,118.0,141.0,145.0,138.0,130.0,121.0,118.0,126.0,127.0,117.0,105.0,108.0,123.0,143.0,159.0,156.0,122.0,83.0,73.0,104.0,164.0,205.0,205.0,160.0,79.0,55.0,55.0,55.0,112.0,181.0,195.0,180.0,152.0,127.0,119.0,125.0,132.0,133.0,123.0,111.0,0.9054357927581689,0.4244832448900502
168.0,150.0,103.0,58.0,55.0,55.0,55.0,55.0,94.0,160.0,201.0,205.0,205.0,150.0,90.0,55.0,55.0,55.0,55.0,118.0,161.0,188.0,194.0,187.0,164.0,129.0,98.0,82.0,84.0,99.0,120.0,134.0,140.0,140.0,136.0,129.0,124.0,121.0,119.0,122.0,125.0,129.0,130.0,132.0,133.0,135.0,137.0,141.0,142.0,139.0,114.0,134.0,138.0,141.0,131.0,143.0,138.0,119.0,112.0,100.0,102.0,104.0,107.0,112.0,147.0,187.0,205.0,205.0,205.0,157.0,115.0,79.0,55.0,55.0,55.0,108.0,180.0,205.0,205.0,205.0,205.0,80.0,55.0,55.0,55.0,75.0,132.0,130.0,101.0,70.0,59.0,74.0,109.0,148.0,174.0,183.0,179.0,172.0,167.0,162.0,0.988369273539954,0.1520729401376318
174.0,152.0,148.0,71.0,55.0,55.0,55.0,55.0,102.0,182.0,205.0,205.0,205.0,181.0,117.0,56.0,55.0,55.0,55.0,86.0,150.0,176.0,185.0,185.0,173.0,150.0,123.0,101.0,92.0,99.0,111.0,123.0,129.0,131.0,127.0,125.0,121.0,118.0,115.0,116.0,118.0,123.0,126.0,127.0,129.0,131.0,133.0,134.0,133.0,132.0,180.0,135.0,107.0,112.0,122.0,134.0,103.0,74.0,74.0,98.0,123.0,147.0,163.0,173.0,186.0,185.0,151.0,97.0,55.0,55.0,55.0,55.0,98.0,205.0,205.0,205.0,205.0,205.0,82.0,55.0,55.0,55.0,55.0,65.0,137.0,168.0,179.0,172.0,158.0,142.0,130.0,126.0,124.0,123.0,121.0,121.0,120.0,114.0,106.0,104.0,0.991160499319089,-0.13266825011861025
196.0,191.0,173.0,114.0,76.0,59.0,72.0,82.0,107.0,145.0,191.0,205.0,205.0,182.0,112.0,55.0,55.0,55.0,55.0,89.0,145.0,180.0,203.0,205.0,188.0,145.0,97.0,69.0,69.0,90.0,116.0,135.0,144.0,147.0,146.0,140.0,132.0,125.0,121.0,122.0,124.0,124.0,122.0,121.0,122.0,124.0,126.0,127.0,125.0,125.0,205.0,107.0,73.0,101.0,145.0,163.0,125.0,94.0,94.0,120.0,144.0,145.0,122.0,99.0,94.0,105.0,131.0,156.0,152.0,114.0,78.0,70.0,103.0,160.0,198.0,183.0,126.0,66.0,55.0,55.0,121.0,196.0,205.0,205.0,186.0,114.0,66.0,59.0,91.0,136.0,167.0,171.0,156.0,135.0,122.0,116.0,113.0,109.0,107.0,107.0,0.9135831426143862,-0.4066519906883797
108.0,120.0,125.0,146.0,128.0,105.0,70.0,56.0,57.0,92.0,133.0,153.0,177.0,173.0,158.0,126.0,93.0,59.0,55.0,62.0,94.0,133.0,169.0,188.0,189.0,178.0,153.0,119.0,94.0,83.0,89.0,107.0,128.0,141.0,146.0,145.0,140.0,136.0,130.0,126.0,124.0,125.0,127.0,129.0,131.0,132.0,133.0,135.0,136.0,137.0,181.0,117.0,122.0,137.0,150.0,147.0,142.0,130.0,127.0,119.0,117.0,125.0,126.0,120.0,112.0,106.0,111.0,140.0,161.0,151.0,121.0,99.0,91.0,111.0,156.0,189.0,180.0,131.0,71.0,55.0,55.0,58.0,169.0,205.0,205.0,205.0,157.0,111.0,87.0,89.0,102.0,113.0,113.0,108.0,104.0,109.0,119.0,129.0,134.0,135.0,0.7619275894889408,-0.6476622178076873
55.0,55.0,143.0,168.0,165.0,155.0,149.0,123.0,97.0,68.0,55.0,55.0,55.0,70.0,158.0,203.0,202.0,176.0,160.0,147.0,124.0,104.0,90.0,78.0,90.0,122.0,150.0,160.0,154.0,141.0,130.0,129.0,131.0,133.0,132.0,130.0,127.0,127.0,124.0,122.0,122.0,126.0,132.0,135.0,136.0,136.0,139.0,142.0,145.0,145.0,158.0,141.0,110.0,110.0,144.0,155.0,136.0,123.0,122.0,129.0,121.0,105.0,91.0,90.0,100.0,123.0,148.0,164.0,179.0,189.0,176.0,140.0,103.0,71.0,55.0,62.0,114.0,173.0,205.0,205.0,175.0,121.0,92.0,102.0,140.0,172.0,178.0,151.0,107.0,72.0,60.0,69.0,91.0,114.0,128.0,132.0,132.0,135.0,141.0,150.0,0.5484908814802792,-0.8361565361419991
143.0,182.0,135.0,140.0,77.0,56.0,55.0,55.0,102.0,134.0,159.0,171.0,197.0,205.0,205.0,162.0,119.0,68.0,55.0,55.0,72.0,111.0,136.0,153.0,161.0,167.0,175.0,172.0,152.0,123.0,97.0,86.0,91.0,107.0,122.0,133.0,138.0,138.0,136.0,133.0,130.0,129.0,129.0,130.0,131.0,130.0,129.0,128.0,128.0,131.0,137.0,87.0,97.0,132.0,161.0,157.0,139.0,119.0,108.0,104.0,96.0,95.0,97.0,102.0,115.0,135.0,159.0,182.0,191.0,166.0,111.0,58.0,55.0,55.0,62.0,164.0,205.0,205.0,205.0,149.0,93.0,68.0,81.0,120.0,157.0,177.0,171.0,150.0,128.0,113.0,105.0,103.0,103.0,106.0,111.0,117.0,123.0,127.0,129.0,129.0,0.2905796058509764,-0.956850820485352
55.0,55.0,69.0,150.0,168.0,161.0,143.0,129.0,124.0,94.0,59.0,55.0,55.0,55.0,89.0,128.0,139.0,141.0,155.0,162.0,154.0,146.0,139.0,129.0,121.0,118.0,113.0,103.0,105.0,111.0,124.0,140.0,150.0,153.0,153.0,145.0,131.0,124.0,123.0,126.0,126.0,126.0,128.0,131.0,135.0,136.0,139.0,142.0,144.0,145.0,176.0,122.0,128.0,133.0,132.0,127.0,120.0,121.0,128.0,126.0,127.0,142.0,147.0,147.0,136.0,114.0,94.0,98.0,107.0,111.0,120.0,137.0,152.0,172.0,195.0,193.0,155.0,96.0,55.0,55.0,55.0,65.0,174.0,205.0,205.0,205.0,147.0,104.0,88.0,94.0,110.0,122.0,123.0,116.0,112.0,113.0,119.0,125.0,131.0,133.0,0.009106585139017647,-0.9999585341938464
78.0,55.0,55.0,55.0,55.0,55.0,55.0,71.0,189.0,205.0,205.0,156.0,113.0,66.0,55.0,55.0,55.0,55.0,58.0,159.0,205.0,205.0,205.0,173.0,137.0,114.0,100.0,89.0,83.0,89.0,108.0,129.0,140.0,141.0,141.0,140.0,138.0,132.0,125.0,121.0,120.0,125.0,132.0,138.0,140.0,141.0,141.0,143.0,144.0,144.0,167.0,135.0,103.0,111.0,127.0,150.0,137.0,108.0,93.0,104.0,127.0,150.0,147.0,128.0,117.0,131.0,154.0,166.0,160.0,126.0,85.0,74.0,101.0,148.0,183.0,185.0,149.0,103.0,83.0,103.0,149.0,183.0,185.0,149.0,101.0,69.0,65.0,84.0,110.0,129.0,134.0,129.0,123.0,126.0,137.0,148.0,152.0,146.0,135.0,128.0,-0.27310484609212454,-0.9619842738012909
161.0,118.0,153.0,102.0,140.0,106.0,132.0,131.0,168.0,152.0,169.0,154.0,132.0,103.0,108.0,108.0,95.0,106.0,132.0,141.0,142.0,155.0,151.0,132.0,120.0,117.0,110.0,111.0,118.0,127.0,135.0,139.0,134.0,131.0,126.0,125.0,125.0,129.0,129.0,129.0,128.0,128.0,127.0,126.0,124.0,123.0,123.0,123.0,123.0,122.0,198.0,120.0,56.0,107.0,106.0,132.0,110.0,119.0,126.0,140.0,131.0,112.0,102.0,100.0,105.0,104.0,115.0,121.0,135.0,146.0,155.0,152.0,140.0,116.0,89.0,67.0,65.0,87.0,127.0,175.0,205.0,205.0,205.0,175.0,108.0,55.0,55.0,55.0,66.0,152.0,189.0,195.0,179.0,155.0,128.0,109.0,98.0,100.0,107.0,113.0,-0.5331714790136397,-0.8460071949850119
152.0,80.0,59.0,60.0,77.0,97.0,93.0,92.0,90.0,127.0,129.0,122.0,110.0,119.0,113.0,123.0,144.0,156.0,133.0,119.0,123.0,125.0,124.0,128.0,128.0,123.0,132.0,147.0,155.0,148.0,133.0,118.0,113.0,116.0,121.0,127.0,130.0,132.0,134.0,136.0,136.0,136.0,138.0,142.0,146.0,148.0,148.0,146.0,146.0,146.0,141.0,101.0,93.0,108.0,130.0,136.0,142.0,146.0,135.0,105.0,85.0,87.0,102.0,112.0,122.0,134.0,147.0,173.0,198.0,192.0,139.0,68.0,55.0,55.0,55.0,71.0,195.0,205.0,205.0,205.0,156.0,128.0,116.0,105.0,87.0,68.0,62.0,80.0,119.0,160.0,184.0,184.0,163.0,135.0,116.0,113.0,126.0,135.0,131.0,115.0,-0.7500057232164976,-0.661431338192029
55.0,55.0,55.0,74.0,176.0,190.0,155.0,128.0,125.0,107.0,74.0,55.0,55.0,55.0,55.0,142.0,196.0,205.0,200.0,174.0,141.0,119.0,103.0,93.0,89.0,93.0,107.0,126.0,141.0,147.0,149.0,146.0,139.0,131.0,125.0,122.0,121.0,125.0,129.0,133.0,135.0,137.0,140.0,143.0,145.0,144.0,143.0,143.0,144.0,145.0,139.0,112.0,105.0,110.0,116.0,122.0,138.0,146.0,134.0,110.0,96.0,102.0,120.0,135.0,142.0,135.0,126.0,131.0,147.0,152.0,134.0,99.0,63.0,55.0,67.0,131.0,183.0,205.0,198.0,170.0,140.0,120.0,107.0,92.0,76.0,71.0,83.0,112.0,150.0,180.0,191.0,181.0,158.0,131.0,113.0,109.0,115.0,121.0,121.0,113.0,-0.9060255010730043,-0.42322309885616066
153.0,102.0,143.0,115.0,173.0,147.0,175.0,156.0,138.0,101.0,108.0,110.0,94.0,98.0,121.0,133.0,134.0,162.0,170.0,146.0,118.0,116.0,107.0,105.0,113.0,124.0,124.0,131.0,135.0,141.0,139.0,134.0,127.0,125.0,124.0,123.0,125.0,126.0,127.0,126.0,126.0,124.0,123.0,122.0,122.0,123.0,123.0,123.0,122.0,123.0,133.0,113.0,100.0,107.0,131.0,153.0,137.0,109.0,94.0,96.0,104.0,110.0,115.0,120.0,130.0,144.0,155.0,155.0,141.0,114.0,83.0,61.0,57.0,84.0,131.0,181.0,205.0,205.0,205.0,183.0,116.0,58.0,55.0,55.0,55.0,136.0,189.0,205.0,198.0,168.0,134.0,110.0,99.0,98.0,102.0,106.0,106.0,105.0,104.0,108.0,-0.988579896415311,-0.15069767219002753
77.0,85.0,77.0,99.0,91.0,119.0,133.0,141.0,116.0,118.0,117.0,112.0,115.0,140.0,155.0,148.0,157.0,174.0,166.0,139.0,121.0,105.0,93.0,101.0,122.0,134.0,138.0,140.0,145.0,148.0,145.0,133.0,121.0,113.0,112.0,116.0,124.0,131.0,136.0,143.0,148.0,151.0,151.0,149.0,148.0,147.0,146.0,143.0,140.0,138.0,142.0,141.0,142.0,147.0,151.0,150.0,116.0,88.0,101.0,127.0,155.0,158.0,138.0,124.0,141.0,161.0,161.0,131.0,88.0,55.0,55.0,100.0,168.0,205.0,205.0,205.0,156.0,126.0,107.0,89.0,64.0,55.0,55.0,87.0,155.0,205.0,205.0,205.0,162.0,103.0,67.0,65.0,89.0,119.0,138.0,138.0,126.0,116.0,116.0,128.0,-0.9909749583282695,0.13404712591579282
127.0,189.0,102.0,205.0,109.0,118.0,55.0,59.0,55.0,55.0,81.0,103.0,121.0,156.0,197.0,190.0,174.0,144.0,131.0,117.0,129.0,131.0,126.0,108.0,106.0,110.0,122.0,132.0,139.0,140.0,143.0,146.0,146.0,139.0,128.0,115.0,107.0,104.0,106.0,111.0,118.0,126.0,133.0,140.0,142.0,144.0,144.0,146.0,147.0,146.0,101.0,82.0,127.0,148.0,160.0,117.0,115.0,115.0,118.0,118.0,130.0,138.0,141.0,139.0,136.0,144.0,142.0,122.0,89.0,60.0,55.0,89.0,149.0,191.0,205.0,197.0,169.0,136.0,119.0,113.0,102.0,89.0,74.0,67.0,76.0,116.0,176.0,205.0,205.0,205.0,153.0,108.0,86.0,86.0,95.0,103.0,105.0,101.0,101.0,107.0,-0.9130164824110435,0.40792266772730906
133.0,160.0,136.0,117.0,93.0,108.0,99.0,81.0,95.0,125.0,144.0,146.0,171.0,159.0,113.0,71.0,63.0,56.0,66.0,101.0,143.0,162.0,176.0,182.0,173.0,152.0,126.0,104.0,89.0,88.0,98.0,118.0,137.0,149.0,150.0,146.0,138.0,129.0,121.0,117.0,115.0,116.0,116.0,117.0,120.0,123.0,124.0,125.0,129.0,134.0,167.0,119.0,113.0,87.0,110.0,100.0,100.0,91.0,124.0,126.0,138.0,137.0,145.0,150.0,144.0,113.0,75.0,56.0,55.0,89.0,139.0,185.0,205.0,205.0,205.0,168.0,109.0,56.0,55.0,55.0,63.0,163.0,205.0,205.0,205.0,142.0,93.0,72.0,82.0,110.0,138.0,149.0,141.0,120.0,104.0,97.0,102.0,112.0,120.0,126.0,-0.7610257579062694,0.6487216628132503
161.0,107.0,55.0,55.0,78.0,127.0,114.0,136.0,131.0,145.0,158.0,176.0,142.0,124.0,140.0,165.0,170.0,165.0,151.0,107.0,71.0,70.0,92.0,104.0,121.0,141.0,157.0,168.0,176.0,169.0,144.0,113.0,88.0,81.0,90.0,108.0,128.0,144.0,154.0,156.0,156.0,152.0,149.0,146.0,144.0,141.0,138.0,134.0,131.0,129.0,205.0,163.0,86.0,93.0,88.0,155.0,154.0,145.0,123.0,122.0,124.0,130.0,119.0,94.0,81.0,72.0,89.0,135.0,187.0,205.0,194.0,150.0,102.0,79.0,82.0,84.0,75.0,62.0,62.0,93.0,161.0,205.0,205.0,205.0,205.0,105.0,55.0,55.0,55.0,62.0,144.0,169.0,165.0,144.0,128.0,125.0,132.0,138.0,138.0,132.0,-0.5473270038355095,0.8369188436595535
67.0,55.0,75.0,95.0,89.0,85.0,99.0,149.0,171.0,182.0,174.0,170.0,158.0,152.0,136.0,103.0,60.0,55.0,70.0,105.0,133.0,155.0,163.0,165.0,170.0,170.0,151.0,119.0,92.0,80.0,88.0,105.0,121.0,133.0,141.0,145.0,146.0,145.0,141.0,137.0,138.0,140.0,141.0,140.0,136.0,133.0,132.0,131.0,130.0,127.0,191.0,127.0,105.0,98.0,145.0,136.0,135.0,133.0,133.0,134.0,123.0,112.0,106.0,106.0,90.0,89.0,93.0,113.0,146.0,178.0,174.0,148.0,124.0,107.0,100.0,114.0,129.0,124.0,106.0,94.0,96.0,121.0,167.0,205.0,205.0,205.0,164.0,121.0,98.0,99.0,112.0,119.0,113.0,102.0,91.0,94.0,107.0,120.0,125.0,127.0,-0.2892480555544276,0.9572541785534199
130.0,85.0,79.0,114.0,120.0,104.0,103.0,127.0,119.0,108.0,100.0,86.0,64.0,76.0,110.0,139.0,155.0,172.0,177.0,166.0,146.0,121.0,97.0,82.0,82.0,100.0,124.0,145.0,154.0,155.0,149.0,140.0,129.0,121.0,115.0,112.0,112.0,113.0,116.0,118.0,119.0,122.0,126.0,130.0,133.0,135.0,136.0,137.0,138.0,139.0,111.0,73.0,87.0,95.0,124.0,117.0,124.0,127.0,128.0,116.0,106.0,90.0,81.0,84.0,92.0,110.0,137.0,158.0,166.0,165.0,157.0,137.0,105.0,69.0,55.0,55.0,56.0,151.0,205.0,205.0,205.0,205.0,197.0,56.0,55.0,55.0,55.0,107.0,181.0,198.0,183.0,151.0,120.0,102.0,96.0,98.0,103.0,107.0,111.0,113.0,-0.007715331394378887,0.9999702363878011
123.0,120.0,77.0,97.0,126.0,134.0,156.0,185.0,205.0,187.0,189.0,141.0,83.0,55.0,55.0,55.0,55.0,91.0,166.0,188.0,193.0,196.0,186.0,150.0,114.0,87.0,67.0,68.0,92.0,125.0,147.0,157.0,151.0,144.0,138.0,136.0,134.0,133.0,130.0,127.0,125.0,124.0,122.0,119.0,120.0,120.0,122.0,125.0,123.0,124.0,111.0,71.0,94.0,108.0,125.0,120.0,124.0,137.0,142.0,125.0,104.0,92.0,91.0,105.0,124.0,137.0,146.0,152.0,152.0,148.0,138.0,112.0,72.0,55.0,55.0,55.0,98.0,202.0,205.0,205.0,205.0,205.0,72.0,55.0,55.0,55.0,55.0,89.0,192.0,205.0,205.0,199.0,165.0,138.0,119.0,108.0,103.0,102.0,103.0,101.0,0.27444299300699376,0.9616033712447992
158.0,95.0,114.0,105.0,185.0,177.0,197.0,148.0,131.0,70.0,79.0,70.0,92.0,119.0,162.0,189.0,205.0,205.0,185.0,131.0,81.0,55.0,55.0,70.0,98.0,131.0,161.0,186.0,187.0,170.0,139.0,113.0,98.0,100.0,107.0,119.0,125.0,131.0,134.0,137.0,134.0,130.0,127.0,127.0,128.0,129.0,128.0,126.0,125.0,125.0,61.0,83.0,124.0,137.0,127.0,117.0,137.0,146.0,147.0,100.0,96.0,97.0,119.0,124.0,129.0,120.0,136.0,164.0,179.0,170.0,153.0,124.0,88.0,69.0,77.0,103.0,134.0,167.0,189.0,197.0,189.0,168.0,129.0,88.0,58.0,56.0,85.0,131.0,162.0,161.0,134.0,104.0,86.0,88.0,105.0,127.0,142.0,149.0,148.0,142.0,0.5343480150060343,0.8452645732899912
138.0,88.0,55.0,55.0,55.0,55.0,55.0,125.0,170.0,205.0,205.0,199.0,135.0,76.0,55.0,55.0,55.0,58.0,130.0,170.0,192.0,194.0,183.0,156.0,120.0,92.0,81.0,87.0,104.0,123.0,136.0,141.0,139.0,134.0,128.0,123.0,120.0,119.0,122.0,125.0,127.0,128.0,134.0,140.0,143.0,139.0,133.0,131.0,135.0,138.0,84.0,135.0,146.0,152.0,135.0,131.0,127.0,102.0,71.0,75.0,99.0,132.0,151.0,157.0,159.0,173.0,177.0,153.0,104.0,55.0,55.0,55.0,58.0,180.0,205.0,205.0,205.0,205.0,205.0,55.0,55.0,55.0,55.0,55.0,109.0,205.0,205.0,205.0,205.0,127.0,68.0,55.0,55.0,55.0,92.0,114.0,122.0,120.0,119.0,124.0,0.7509252484697269,0.6603872130884114
205.0,183.0,172.0,171.0,171.0,165.0,117.0,55.0,55.0,55.0,55.0,55.0,141.0,199.0,205.0,205.0,201.0,161.0,92.0,55.0,55.0,55.0,55.0,121.0,164.0,180.0,182.0,173.0,155.0,134.0,113.0,101.0,100.0,110.0,119.0,127.0,129.0,127.0,123.0,121.0,118.0,115.0,115.0,117.0,122.0,125.0,127.0,128.0,131.0,132.0,147.0,165.0,146.0,134.0,104.0,119.0,95.0,84.0,114.0,140.0,165.0,164.0,154.0,140.0,148.0,130.0,93.0,55.0,55.0,55.0,72.0,198.0,205.0,205.0,205.0,205.0,94.0,55.0,55.0,55.0,55.0,58.0,145.0,205.0,205.0,205.0,205.0,147.0,93.0,61.0,59.0,78.0,102.0,117.0,118.0,112.0,108.0,112.0,124.0,138.0,0.906613455572605,0.42196213357918777
136.0,189.0,188.0,163.0,109.0,67.0,55.0,72.0,87.0,119.0,160.0,199.0,205.0,205.0,163.0,93.0,55.0,55.0,55.0,55.0,109.0,154.0,188.0,205.0,205.0,177.0,129.0,85.0,65.0,73.0,96.0,122.0,138.0,145.0,147.0,144.0,137.0,129.0,123.0,121.0,122.0,124.0,123.0,121.0,121.0,122.0,125.0,126.0,126.0,125.0,174.0,140.0,97.0,145.0,118.0,124.0,87.0,93.0,109.0,136.0,138.0,124.0,135.0,161.0,183.0,170.0,149.0,110.0,77.0,68.0,92.0,120.0,147.0,168.0,181.0,181.0,176.0,159.0,122.0,78.0,57.0,70.0,115.0,169.0,192.0,167.0,109.0,59.0,55.0,55.0,114.0,163.0,187.0,184.0,165.0,141.0,128.0,127.0,134.0,137.0,0.9887886056729107,0.14932211253334537
171.0,92.0,55.0,55.0,70.0,99.0,125.0,139.0,165.0,175.0,165.0,132.0,97.0,62.0,55.0,70.0,98.0,130.0,161.0,180.0,183.0,174.0,152.0,120.0,93.0,83.0,90.0,109.0,130.0,142.0,145.0,143.0,137.0,132.0,127.0,124.0,122.0,124.0,126.0,129.0,130.0,131.0,133.0,134.0,136.0,137.0,137.0,136.0,136.0,135.0,154.0,133.0,125.0,119.0,100.0,114.0,124.0,133.0,133.0,127.0,124.0,124.0,117.0,101.0,90.0,88.0,100.0,124.0,157.0,187.0,205.0,205.0,197.0,149.0,102.0,58.0,55.0,55.0,55.0,99.0,202.0,205.0,205.0,205.0,205.0,89.0,55.0,55.0,55.0,55.0,74.0,95.0,102.0,107.0,117.0,131.0,147.0,159.0,165.0,164.0,0.9907874990835173,-0.13542574223473616
158.0,68.0,56.0,55.0,55.0,55.0,55.0,110.0,160.0,181.0,192.0,205.0,170.0,111.0,58.0,55.0,55.0,55.0,55.0,67.0,139.0,205.0,205.0,205.0,199.0,163.0,126.0,93.0,67.0,57.0,64.0,94.0,128.0,155.0,168.0,165.0,155.0,143.0,132.0,123.0,118.0,115.0,117.0,121.0,126.0,128.0,130.0,131.0,134.0,137.0,200.0,115.0,90.0,87.0,91.0,139.0,148.0,144.0,136.0,130.0,112.0,105.0,80.0,61.0,61.0,76.0,106.0,157.0,205.0,205.0,205.0,205.0,112.0,55.0,55.0,55.0,55.0,55.0,133.0,205.0,205.0,205.0,205.0,205.0,110.0,55.0,55.0,55.0,55.0,85.0,143.0,160.0,156.0,143.0,132.0,128.0,129.0,133.0,135.0,133.0,0.9124480548598557,-0.40919255514056685
103.0,55.0,55.0,55.0,125.0,150.0,173.0,200.0,205.0,205.0,183.0,101.0,55.0,55.0,55.0,55.0,80.0,153.0,184.0,205.0,205.0,200.0,158.0,107.0,70.0,60.0,74.0,100.0,124.0,139.0,147.0,149.0,146.0,139.0,133.0,129.0,129.0,131.0,131.0,129.0,127.0,127.0,128.0,129.0,128.0,126.0,125.0,125.0,127.0,129.0,153.0,118.0,116.0,108.0,104.0,108.0,124.0,136.0,124.0,106.0,105.0,130.0,150.0,147.0,135.0,122.0,115.0,119.0,129.0,127.0,112.0,103.0,112.0,130.0,151.0,162.0,144.0,103.0,73.0,81.0,130.0,191.0,205.0,205.0,120.0,55.0,55.0,55.0,67.0,158.0,192.0,191.0,167.0,139.0,122.0,120.0,129.0,134.0,129.0,117.0,0.760122453187825,-0.6497798520727792
61.0,55.0,59.0,137.0,192.0,182.0,160.0,124.0,100.0,77.0,61.0,64.0,81.0,120.0,164.0,189.0,176.0,147.0,107.0,77.0,68.0,83.0,104.0,135.0,164.0,177.0,176.0,165.0,141.0,111.0,92.0,89.0,101.0,122.0,141.0,152.0,154.0,150.0,143.0,138.0,132.0,129.0,132.0,136.0,139.0,134.0,130.0,130.0,136.0,140.0,127.0,125.0,126.0,146.0,130.0,142.0,139.0,130.0,110.0,110.0,100.0,104.0,101.0,107.0,127.0,172.0,201.0,205.0,205.0,180.0,141.0,101.0,66.0,55.0,55.0,55.0,138.0,205.0,205.0,205.0,205.0,205.0,55.0,55.0,55.0,55.0,112.0,129.0,112.0,84.0,63.0,67.0,94.0,133.0,164.0,180.0,181.0,174.0,167.0,163.0,0.5461620667167643,-0.8376795311332805
87.0,106.0,83.0,121.0,172.0,205.0,192.0,183.0,156.0,105.0,61.0,55.0,55.0,55.0,55.0,73.0,178.0,205.0,205.0,205.0,205.0,155.0,108.0,73.0,55.0,55.0,55.0,87.0,144.0,180.0,194.0,184.0,162.0,141.0,127.0,119.0,117.0,119.0,123.0,129.0,133.0,133.0,132.0,133.0,135.0,137.0,139.0,139.0,139.0,140.0,175.0,102.0,68.0,94.0,122.0,136.0,136.0,127.0,116.0,110.0,90.0,80.0,88.0,105.0,124.0,148.0,166.0,178.0,188.0,179.0,137.0,85.0,55.0,55.0,55.0,55.0,132.0,205.0,205.0,205.0,205.0,205.0,61.0,55.0,55.0,55.0,55.0,68.0,147.0,172.0,178.0,169.0,154.0,139.0,128.0,125.0,125.0,131.0,125.0,115.0,0.2879159453534977,-0.9576556836416739
114.0,114.0,130.0,148.0,176.0,192.0,185.0,139.0,87.0,55.0,55.0,55.0,90.0,121.0,146.0,172.0,190.0,196.0,179.0,140.0,96.0,70.0,69.0,88.0,114.0,135.0,147.0,151.0,149.0,143.0,135.0,128.0,124.0,124.0,124.0,124.0,121.0,121.0,121.0,123.0,123.0,124.0,123.0,123.0,125.0,128.0,129.0,129.0,129.0,130.0,134.0,105.0,94.0,118.0,152.0,159.0,138.0,117.0,122.0,134.0,133.0,121.0,103.0,85.0,89.0,117.0,148.0,166.0,166.0,152.0,130.0,111.0,101.0,88.0,70.0,64.0,89.0,145.0,204.0,205.0,205.0,149.0,75.0,55.0,55.0,97.0,157.0,190.0,191.0,167.0,135.0,112.0,107.0,116.0,127.0,129.0,121.0,113.0,110.0,117.0,0.006324062714982997,-0.9999800029154468
172.0,98.0,155.0,102.0,127.0,72.0,73.0,55.0,91.0,116.0,156.0,175.0,178.0,162.0,134.0,103.0,64.0,55.0,55.0,79.0,114.0,161.0,187.0,195.0,188.0,166.0,131.0,104.0,87.0,86.0,97.0,117.0,133.0,143.0,147.0,146.0,141.0,136.0,130.0,126.0,125.0,126.0,127.0,129.0,130.0,132.0,134.0,135.0,137.0,137.0,164.0,119.0,108.0,125.0,119.0,104.0,101.0,105.0,98.0,98.0,102.0,129.0,169.0,200.0,205.0,197.0,167.0,130.0,96.0,63.0,55.0,55.0,55.0,125.0,205.0,205.0,205.0,205.0,193.0,58.0,55.0,55.0,96.0,117.0,104.0,68.0,55.0,55.0,55.0,135.0,185.0,205.0,203.0,182.0,160.0,150.0,149.0,147.0,138.0,121.0,-0.2757806086760008,-0.9612206072896557
64.0,77.0,147.0,165.0,166.0,162.0,139.0,106.0,83.0,55.0,55.0,55.0,55.0,80.0,173.0,205.0,194.0,169.0,156.0,138.0,115.0,98.0,84.0,78.0,98.0,132.0,154.0,158.0,149.0,136.0,128.0,129.0,130.0,131.0,131.0,128.0,126.0,125.0,122.0,120.0,123.0,127.0,132.0,134.0,135.0,136.0,139.0,142.0,144.0,144.0,165.0,126.0,101.0,117.0,130.0,128.0,88.0,68.0,81.0,109.0,139.0,161.0,171.0,179.0,186.0,168.0,120.0,68.0,55.0,55.0,55.0,63.0,181.0,205.0,205.0,205.0,205.0,174.0,55.0,55.0,55.0,55.0,55.0,102.0,157.0,177.0,176.0,164.0,148.0,134.0,127.0,125.0,125.0,124.0,122.0,117.0,111.0,107.0,107.0,111.0,-0.5355235166481879,-0.8445203153961176
204.0,173.0,180.0,148.0,149.0,89.0,67.0,55.0,55.0,85.0,131.0,149.0,171.0,186.0,205.0,205.0,175.0,132.0,86.0,55.0,55.0,76.0,107.0,129.0,146.0,155.0,158.0,168.0,170.0,158.0,133.0,108.0,93.0,93.0,104.0,118.0,128.0,134.0,135.0,134.0,133.0,131.0,129.0,130.0,130.0,131.0,131.0,131.0,131.0,131.0,166.0,80.0,103.0,108.0,167.0,143.0,120.0,92.0,105.0,122.0,144.0,140.0,117.0,101.0,93.0,110.0,139.0,162.0,145.0,104.0,69.0,73.0,118.0,179.0,204.0,177.0,111.0,56.0,55.0,55.0,140.0,204.0,205.0,205.0,157.0,99.0,72.0,84.0,119.0,150.0,161.0,149.0,129.0,117.0,114.0,117.0,117.0,114.0,110.0,110.0,-0.7518433201389844,-0.6593418096574709
132.0,55.0,55.0,55.0,94.0,108.0,155.0,156.0,175.0,152.0,137.0,107.0,67.0,55.0,55.0,55.0,56.0,111.0,146.0,165.0,178.0,186.0,167.0,146.0,130.0,118.0,107.0,107.0,107.0,110.0,115.0,126.0,136.0,147.0,150.0,149.0,144.0,138.0,132.0,127.0,125.0,124.0,126.0,129.0,131.0,134.0,136.0,137.0,138.0,141.0,97.0,111.0,121.0,121.0,158.0,118.0,112.0,94.0,127.0,137.0,161.0,148.0,144.0,140.0,141.0,148.0,147.0,117.0,72.0,55.0,55.0,98.0,169.0,205.0,205.0,154.0,104.0,78.0,94.0,144.0,178.0,168.0,118.0,60.0,55.0,55.0,56.0,158.0,205.0,205.0,205.0,172.0,141.0,128.0,125.0,122.0,115.0,103.0,94.0,94.0,-0.9071996551188453,-0.4207003515000292
98.0,83.0,138.0,137.0,131.0,92.0,62.0,55.0,55.0,55.0,110.0,147.0,181.0,175.0,150.0,126.0,88.0,59.0,57.0,76.0,97.0,138.0,179.0,200.0,194.0,170.0,133.0,99.0,83.0,83.0,98.0,119.0,137.0,147.0,150.0,145.0,136.0,130.0,127.0,127.0,128.0,130.0,133.0,136.0,139.0,141.0,143.0,144.0,145.0,144.0,120.0,107.0,114.0,117.0,130.0,111.0,127.0,139.0,144.0,124.0,125.0,125.0,129.0,114.0,98.0,88.0,89.0,98.0,120.0,145.0,162.0,179.0,188.0,173.0,141.0,99.0,62.0,55.0,55.0,118.0,177.0,205.0,205.0,174.0,123.0,93.0,102.0,134.0,163.0,167.0,144.0,107.0,79.0,68.0,75.0,93.0,113.0,124.0,129.0,130.0,-0.9889954009087538,-0.14794626383026127
120.0,118.0,60.0,56.0,82.0,125.0,146.0,163.0,154.0,146.0,149.0,163.0,158.0,136.0,124.0,107.0,95.0,107.0,120.0,101.0,83.0,93.0,113.0,135.0,162.0,175.0,163.0,147.0,135.0,122.0,108.0,96.0,92.0,99.0,117.0,134.0,146.0,150.0,150.0,146.0,144.0,139.0,132.0,128.0,127.0,128.0,128.0,125.0,122.0,121.0,102.0,116.0,122.0,106.0,106.0,125.0,142.0,144.0,143.0,133.0,121.0,108.0,97.0,90.0,96.0,102.0,106.0,116.0,137.0,167.0,192.0,189.0,146.0,85.0,55.0,55.0,55.0,100.0,190.0,205.0,205.0,185.0,123.0,78.0,68.0,93.0,134.0,166.0,176.0,163.0,140.0,121.0,108.0,103.0,101.0,102.0,106.0,112.0,119.0,124.0,-0.9905981219476994,0.1368040964068359
88.0,55.0,55.0,56.0,148.0,160.0,161.0,150.0,137.0,129.0,100.0,62.0,55.0,55.0,55.0,79.0,115.0,136.0,139.0,153.0,163.0,159.0,147.0,141.0,132.0,123.0,120.0,116.0,109.0,105.0,108.0,119.0,136.0,149.0,154.0,152.0,146.0,138.0,131.0,126.0,123.0,122.0,125.0,129.0,133.0,135.0,136.0,138.0,141.0,143.0,147.0,159.0,152.0,116.0,120.0,150.0,161.0,148.0,136.0,126.0,129.0,123.0,121.0,125.0,128.0,120.0,113.0,106.0,110.0,136.0,161.0,156.0,126.0,102.0,92.0,106.0,149.0,186.0,184.0,141.0,81.0,55.0,55.0,55.0,160.0,205.0,205.0,205.0,175.0,120.0,91.0,88.0,100.0,111.0,114.0,109.0,106.0,109.0,118.0,128.0,-0.9118778610611369,0.41046165047001143
136.0,118.0,55.0,56.0,55.0,55.0,55.0,55.0,102.0,190.0,205.0,205.0,162.0,111.0,68.0,55.0,55.0,55.0,55.0,99.0,190.0,205.0,205.0,185.0,145.0,112.0,98.0,91.0,92.0,100.0,114.0,130.0,141.0,143.0,137.0,132.0,127.0,125.0,123.0,123.0,123.0,127.0,131.0,136.0,139.0,141.0,142.0,143.0,144.0,143.0,148.0,142.0,127.0,112.0,113.0,153.0,152.0,130.0,121.0,124.0,130.0,118.0,101.0,87.0,91.0,107.0,131.0,149.0,160.0,175.0,187.0,176.0,140.0,102.0,68.0,55.0,57.0,117.0,176.0,205.0,205.0,173.0,119.0,91.0,103.0,142.0,173.0,177.0,147.0,104.0,71.0,60.0,71.0,92.0,115.0,128.0,132.0,133.0,136.0,142.0,-0.7592176770821745,0.6508367835378907
147.0,132.0,178.0,146.0,162.0,144.0,179.0,154.0,149.0,122.0,112.0,87.0,99.0,123.0,120.0,112.0,128.0,146.0,145.0,154.0,156.0,141.0,123.0,117.0,110.0,105.0,106.0,114.0,125.0,138.0,141.0,141.0,136.0,135.0,132.0,135.0,135.0,134.0,132.0,132.0,132.0,131.0,128.0,124.0,123.0,123.0,124.0,124.0,124.0,122.0,160.0,119.0,86.0,102.0,144.0,160.0,154.0,131.0,116.0,107.0,102.0,95.0,96.0,100.0,105.0,115.0,135.0,163.0,190.0,192.0,155.0,94.0,55.0,55.0,55.0,92.0,182.0,205.0,205.0,202.0,133.0,84.0,68.0,88.0,129.0,164.0,177.0,167.0,144.0,123.0,110.0,104.0,102.0,103.0,106.0,112.0,119.0,124.0,128.0,129.0,-0.5449960723790408,0.8384385970906989
140.0,130.0,135.0,80.0,84.0,56.0,79.0,97.0,109.0,104.0,122.0,130.0,121.0,112.0,110.0,106.0,110.0,147.0,182.0,185.0,169.0,153.0,131.0,110.0,100.0,96.0,93.0,103.0,127.0,155.0,170.0,169.0,152.0,133.0,117.0,109.0,107.0,110.0,116.0,123.0,132.0,138.0,141.0,142.0,144.0,147.0,149.0,149.0,147.0,145.0,147.0,143.0,129.0,129.0,120.0,120.0,130.0,131.0,124.0,120.0,137.0,148.0,152.0,139.0,111.0,91.0,96.0,107.0,112.0,123.0,139.0,154.0,173.0,195.0,192.0,151.0,92.0,55.0,55.0,55.0,71.0,178.0,205.0,205.0,205.0,142.0,102.0,88.0,95.0,111.0,122.0,122.0,115.0,112.0,114.0,119.0,126.0,131.0,132.0,132.0,-0.28658327782677956,0.9580553349729122
61.0,55.0,55.0,55.0,122.0,182.0,171.0,141.0,127.0,124.0,92.0,60.0,55.0,55.0,55.0,73.0,168.0,204.0,205.0,191.0,160.0,130.0,111.0,98.0,90.0,89.0,97.0,114.0,132.0,144.0,148.0,148.0,143.0,135.0,128.0,122.0,121.0,122.0,126.0,130.0,133.0,135.0,138.0,142.0,144.0,144.0,143.0,142.0,143.0,144.0,170.0,151.0,115.0,106.0,115.0,142.0,148.0,124.0,97.0,97.0,112.0,137.0,148.0,140.0,125.0,126.0,143.0,157.0,163.0,148.0,108.0,77.0,83.0,122.0,165.0,187.0,172.0,128.0,92.0,90.0,123.0,163.0,184.0,170.0,130.0,88.0,66.0,70.0,92.0,119.0,133.0,134.0,127.0,124.0,129.0,141.0,150.0,151.0,142.0,132.0,-0.004932781793946974,0.9999878337578779
152.0,108.0,109.0,123.0,166.0,163.0,171.0,149.0,120.0,91.0,110.0,106.0,94.0,100.0,128.0,137.0,144.0,161.0,154.0,115.0,93.0,99.0,102.0,111.0,128.0,140.0,141.0,144.0,145.0,140.0,128.0,116.0,111.0,114.0,123.0,129.0,134.0,136.0,134.0,131.0,127.0,124.0,120.0,120.0,120.0,122.0,122.0,122.0,122.0,124.0,152.0,110.0,80.0,107.0,124.0,119.0,119.0,124.0,127.0,130.0,125.0,114.0,110.0,108.0,102.0,102.0,115.0,128.0,138.0,146.0,149.0,146.0,141.0,126.0,102.0,81.0,73.0,85.0,120.0,167.0,205.0,205.0,205.0,153.0,95.0,57.0,55.0,82.0,126.0,160.0,172.0,161.0,139.0,120.0,110.0,109.0,112.0,116.0,119.0,120.0,0.27711769050988627,0.9608359826767869
89.0,84.0,95.0,102.0,128.0,142.0,128.0,116.0,114.0,117.0,112.0,129.0,147.0,145.0,142.0,169.0,183.0,161.0,128.0,108.0,93.0,95.0,115.0,132.0,136.0,138.0,141.0,146.0,148.0,142.0,128.0,116.0,112.0,112.0,120.0,128.0,134.0,139.0,145.0,149.0,152.0,151.0,149.0,147.0,147.0,145.0,142.0,139.0,137.0,134.0,173.0,108.0,116.0,97.0,130.0,120.0,145.0,141.0,152.0,132.0,104.0,84.0,91.0,109.0,112.0,123.0,134.0,152.0,175.0,201.0,191.0,139.0,70.0,55.0,55.0,55.0,72.0,201.0,205.0,205.0,205.0,144.0,115.0,104.0,100.0,91.0,85.0,86.0,100.0,125.0,149.0,161.0,157.0,145.0,129.0,121.0,122.0,129.0,135.0,134.0,0.5366979816646734,0.8437744227440566
182.0,132.0,120.0,55.0,55.0,55.0,55.0,59.0,106.0,100.0,150.0,177.0,199.0,176.0,155.0,133.0,122.0,124.0,133.0,132.0,115.0,105.0,105.0,115.0,124.0,134.0,137.0,140.0,144.0,148.0,144.0,135.0,120.0,109.0,102.0,103.0,106.0,114.0,121.0,130.0,135.0,139.0,141.0,146.0,150.0,151.0,145.0,138.0,136.0,137.0,165.0,136.0,106.0,114.0,134.0,147.0,129.0,101.0,95.0,110.0,136.0,150.0,142.0,125.0,126.0,143.0,158.0,163.0,148.0,108.0,77.0,83.0,122.0,165.0,188.0,173.0,128.0,92.0,90.0,123.0,163.0,184.0,170.0,130.0,88.0,66.0,70.0,92.0,118.0,133.0,134.0,127.0,124.0,130.0,141.0,151.0,151.0,142.0,131.0,126.0,0.7527599364471403,0.658295129922816
110.0,134.0,167.0,181.0,166.0,115.0,88.0,99.0,113.0,99.0,99.0,124.0,136.0,145.0,162.0,155.0,112.0,82.0,87.0,98.0,112.0,132.0,147.0,149.0,150.0,151.0,144.0,128.0,112.0,104.0,108.0,119.0,130.0,138.0,140.0,139.0,134.0,130.0,124.0,120.0,119.0,119.0,121.0,122.0,122.0,122.0,125.0,127.0,129.0,129.0,158.0,110.0,64.0,107.0,112.0,124.0,114.0,117.0,134.0,133.0,128.0,106.0,104.0,100.0,105.0,105.0,116.0,125.0,137.0,149.0,153.0,148.0,131.0,112.0,88.0,70.0,68.0,91.0,135.0,186.0,205.0,205.0,205.0,154.0,89.0,55.0,55.0,55.0,104.0,166.0,194.0,191.0,167.0,138.0,116.0,105.0,103.0,106.0,110.0,112.0,0.9077840985770151,0.41943775506112463
166.0,69.0,132.0,76.0,104.0,63.0,96.0,81.0,106.0,123.0,146.0,147.0,155.0,175.0,153.0,132.0,134.0,159.0,151.0,149.0,140.0,124.0,100.0,106.0,114.0,117.0,120.0,129.0,138.0,148.0,152.0,148.0,136.0,124.0,111.0,105.0,106.0,111.0,119.0,131.0,140.0,146.0,148.0,148.0,149.0,148.0,147.0,143.0,140.0,136.0,123.0,96.0,111.0,126.0,134.0,144.0,147.0,126.0,97.0,83.0,92.0,105.0,114.0,124.0,136.0,154.0,183.0,201.0,180.0,118.0,55.0,55.0,55.0,55.0,89.0,205.0,205.0,205.0,192.0,147.0,123.0,114.0,101.0,81.0,63.0,64.0,89.0,131.0,169.0,186.0,180.0,157.0,131.0,116.0,115.0,123.0,130.0,127.0,116.0,104.0,0.9892002817225386,0.14657012874406014
121.0,77.0,55.0,66.0,103.0,119.0,133.0,117.0,112.0,122.0,149.0,146.0,138.0,135.0,150.0,162.0,171.0,163.0,130.0,82.0,60.0,75.0,102.0,127.0,148.0,158.0,161.0,166.0,168.0,152.0,124.0,97.0,85.0,91.0,109.0,127.0,140.0,149.0,154.0,155.0,153.0,149.0,146.0,145.0,146.0,145.0,142.0,138.0,135.0,134.0,150.0,115.0,91.0,118.0,147.0,155.0,113.0,103.0,92.0,120.0,129.0,140.0,134.0,130.0,125.0,138.0,149.0,144.0,117.0,83.0,56.0,55.0,95.0,152.0,190.0,200.0,187.0,157.0,133.0,120.0,112.0,98.0,86.0,80.0,87.0,108.0,140.0,171.0,188.0,189.0,171.0,147.0,126.0,117.0,114.0,113.0,108.0,100.0,95.0,97.0,0.9904068272873969,-0.13818218576398422
84.0,99.0,130.0,139.0,135.0,150.0,149.0,135.0,130.0,130.0,91.0,59.0,55.0,64.0,67.0,92.0,132.0,159.0,173.0,188.0,187.0,167.0,137.0,108.0,87.0,77.0,79.0,96.0,120.0,143.0,155.0,157.0,154.0,146.0,136.0,128.0,122.0,119.0,119.0,121.0,123.0,125.0,125.0,126.0,128.0,131.0,133.0,135.0,136.0,137.0,151.0,125.0,103.0,121.0,140.0,142.0,116.0,96.0,91.0,99.0,110.0,118.0,123.0,131.0,145.0,155.0,154.0,137.0,108.0,77.0,58.0,60.0,91.0,139.0,188.0,205.0,205.0,205.0,173.0,106.0,55.0,55.0,55.0,57.0,148.0,195.0,205.0,194.0,161.0,127.0,106.0,103.0,104.0,106.0,103.0,102.0,102.0,106.0,112.0,118.0,0.911305902118623,-0.41172995125902956
55.0,55.0,89.0,133.0,135.0,169.0,164.0,156.0,163.0,184.0,171.0,151.0,142.0,115.0,72.0,55.0,55.0,55.0,56.0,102.0,151.0,182.0,205.0,205.0,194.0,156.0,114.0,80.0,62.0,62.0,79.0,108.0,139.0,160.0,168.0,168.0,161.0,152.0,143.0,136.0,131.0,128.0,126.0,124.0,123.0,121.0,120.0,121.0,122.0,124.0,163.0,162.0,143.0,148.0,129.0,105.0,93.0,112.0,136.0,154.0,148.0,134.0,136.0,155.0,162.0,144.0,109.0,68.0,55.0,65.0,132.0,192.0,205.0,205.0,180.0,142.0,117.0,100.0,76.0,55.0,55.0,55.0,116.0,184.0,205.0,205.0,205.0,133.0,83.0,62.0,74.0,103.0,130.0,139.0,133.0,120.0,114.0,120.0,134.0,146.0,0.7583114313406957,-0.6518924551626789
99.0,55.0,55.0,101.0,117.0,158.0,141.0,184.0,180.0,205.0,180.0,157.0,79.0,55.0,55.0,55.0,100.0,140.0,167.0,182.0,189.0,186.0,170.0,137.0,101.0,77.0,75.0,88.0,107.0,127.0,144.0,151.0,152.0,145.0,136.0,127.0,126.0,126.0,130.0,130.0,131.0,130.0,133.0,133.0,133.0,130.0,127.0,126.0,126.0,127.0,118.0,112.0,120.0,161.0,125.0,142.0,143.0,133.0,121.0,110.0,111.0,115.0,111.0,88.0,86.0,100.0,134.0,170.0,184.0,158.0,130.0,113.0,107.0,113.0,135.0,138.0,116.0,94.0,88.0,100.0,134.0,179.0,205.0,205.0,184.0,157.0,132.0,119.0,113.0,104.0,91.0,79.0,75.0,81.0,97.0,116.0,129.0,136.0,139.0,139.0,0.5438290230793724,-0.8391960400624728
156.0,102.0,127.0,111.0,139.0,99.0,62.0,55.0,55.0,55.0,79.0,138.0,168.0,186.0,190.0,182.0,147.0,112.0,73.0,55.0,55.0,57.0,106.0,147.0,178.0,190.0,187.0,173.0,146.0,114.0,92.0,87.0,96.0,112.0,126.0,133.0,136.0,134.0,131.0,127.0,125.0,123.0,125.0,129.0,134.0,136.0,137.0,137.0,139.0,139.0,94.0,61.0,87.0,100.0,128.0,113.0,115.0,122.0,135.0,123.0,111.0,92.0,82.0,83.0,92.0,106.0,126.0,147.0,161.0,168.0,165.0,148.0,116.0,78.0,55.0,55.0,55.0,123.0,202.0,205.0,205.0,205.0,205.0,58.0,55.0,55.0,55.0,69.0,167.0,197.0,192.0,163.0,130.0,107.0,97.0,97.0,101.0,106.0,110.0,112.0,0.28525005555395894,-0.9584531317735173
115.0,117.0,110.0,124.0,169.0,159.0,169.0,163.0,156.0,96.0,71.0,57.0,61.0,60.0,103.0,147.0,173.0,190.0,205.0,205.0,166.0,117.0,80.0,56.0,58.0,90.0,121.0,141.0,152.0,159.0,161.0,160.0,148.0,132.0,118.0,110.0,106.0,109.0,111.0,113.0,115.0,119.0,122.0,124.0,125.0,125.0,127.0,129.0,130.0,131.0,126.0,78.0,90.0,109.0,120.0,121.0,121.0,133.0,144.0,131.0,109.0,94.0,90.0,100.0,119.0,135.0,145.0,152.0,152.0,149.0,142.0,120.0,82.0,55.0,55.0,55.0,70.0,183.0,205.0,205.0,205.0,205.0,88.0,55.0,55.0,55.0,55.0,71.0,180.0,205.0,205.0,205.0,173.0,145.0,123.0,110.0,104.0,102.0,103.0,102.0,0.003541491324413641,-0.9999937288999362
78.0,107.0,148.0,201.0,196.0,160.0,95.0,56.0,55.0,81.0,100.0,131.0,169.0,205.0,205.0,205.0,152.0,80.0,55.0,55.0,55.0,55.0,125.0,165.0,196.0,205.0,205.0,171.0,121.0,81.0,68.0,80.0,104.0,128.0,142.0,148.0,149.0,145.0,138.0,130.0,124.0,123.0,124.0,125.0,123.0,121.0,120.0,125.0,131.0,134.0,175.0,110.0,84.0,103.0,133.0,124.0,116.0,117.0,133.0,140.0,123.0,103.0,99.0,104.0,112.0,122.0,124.0,129.0,152.0,171.0,169.0,159.0,140.0,101.0,65.0,60.0,83.0,115.0,153.0,183.0,198.0,197.0,186.0,162.0,124.0,88.0,65.0,63.0,79.0,108.0,133.0,145.0,144.0,135.0,126.0,122.0,126.0,131.0,136.0,138.0,-0.2784542359204177,-0.9604494981507233
102.0,55.0,55.0,55.0,88.0,113.0,142.0,163.0,187.0,197.0,175.0,121.0,74.0,55.0,55.0,55.0,82.0,132.0,164.0,189.0,194.0,185.0,164.0,132.0,99.0,80.0,78.0,92.0,114.0,133.0,144.0,146.0,143.0,138.0,134.0,131.0,129.0,130.0,132.0,135.0,136.0,137.0,138.0,139.0,140.0,139.0,138.0,137.0,136.0,136.0,171.0,157.0,148.0,130.0,127.0,121.0,91.0,67.0,84.0,114.0,144.0,158.0,158.0,164.0,176.0,171.0,135.0,81.0,55.0,55.0,55.0,104.0,205.0,205.0,205.0,205.0,205.0,190.0,55.0,55.0,55.0,55.0,65.0,152.0,205.0,205.0,205.0,165.0,100.0,55.0,55.0,55.0,55.0,105.0,120.0,122.0,119.0,121.0,129.0,143.0,-0.5378714077820266,-0.8430268967776656
200.0,163.0,93.0,121.0,69.0,64.0,55.0,55.0,55.0,112.0,173.0,186.0,198.0,201.0,173.0,102.0,56.0,55.0,55.0,55.0,55.0,114.0,188.0,205.0,205.0,205.0,173.0,136.0,104.0,77.0,64.0,67.0,93.0,125.0,149.0,157.0,155.0,149.0,141.0,134.0,126.0,121.0,117.0,118.0,121.0,126.0,129.0,131.0,132.0,134.0,205.0,166.0,156.0,130.0,106.0,109.0,104.0,81.0,93.0,138.0,162.0,173.0,154.0,138.0,138.0,140.0,105.0,58.0,55.0,55.0,55.0,168.0,205.0,205.0,205.0,205.0,132.0,55.0,55.0,55.0,55.0,55.0,131.0,205.0,205.0,205.0,205.0,130.0,85.0,55.0,55.0,81.0,117.0,136.0,135.0,121.0,107.0,104.0,114.0,130.0,-0.7536750956198824,-0.6572471759105254
55.0,55.0,71.0,122.0,155.0,180.0,205.0,205.0,205.0,169.0,89.0,55.0,55.0,55.0,55.0,98.0,158.0,189.0,205.0,205.0,192.0,151.0,100.0,66.0,60.0,77.0,103.0,127.0,141.0,147.0,149.0,145.0,138.0,131.0,128.0,129.0,131.0,131.0,129.0,127.0,127.0,128.0,129.0,128.0,125.0,124.0,125.0,127.0,129.0,129.0,149.0,123.0,108.0,96.0,88.0,92.0,107.0,132.0,132.0,120.0,126.0,154.0,178.0,172.0,149.0,105.0,68.0,62.0,88.0,121.0,145.0,161.0,171.0,172.0,167.0,156.0,126.0,83.0,57.0,65.0,113.0,171.0,201.0,178.0,113.0,55.0,55.0,55.0,71.0,164.0,202.0,205.0,180.0,148.0,124.0,119.0,125.0,130.0,127.0,117.0,-0.9083667848157857,-0.4181743467065287
167.0,106.0,93.0,86.0,107.0,79.0,63.0,59.0,97.0,132.0,173.0,181.0,171.0,143.0,120.0,83.0,56.0,55.0,55.0,55.0,96.0,165.0,197.0,205.0,202.0,175.0,137.0,111.0,94.0,86.0,87.0,97.0,114.0,134.0,150.0,157.0,155.0,148.0,138.0,132.0,127.0,124.0,123.0,126.0,128.0,131.0,133.0,135.0,137.0,138.0,96.0,147.0,115.0,108.0,111.0,125.0,134.0,137.0,133.0,118.0,123.0,114.0,106.0,93.0,91.0,97.0,126.0,160.0,189.0,205.0,205.0,189.0,154.0,111.0,64.0,55.0,55.0,55.0,94.0,199.0,205.0,205.0,205.0,205.0,84.0,55.0,55.0,55.0,55.0,87.0,93.0,92.0,94.0,105.0,130.0,151.0,164.0,165.0,163.0,161.0,-0.9894032477176721,-0.14519370993856032
176.0,112.0,159.0,98.0,136.0,104.0,93.0,55.0,56.0,55.0,55.0,62.0,135.0,176.0,200.0,191.0,147.0,121.0,96.0,74.0,70.0,86.0,95.0,120.0,158.0,186.0,189.0,177.0,147.0,118.0,101.0,100.0,107.0,121.0,131.0,134.0,135.0,131.0,125.0,120.0,121.0,122.0,125.0,128.0,132.0,135.0,139.0,142.0,144.0,144.0,129.0,87.0,81.0,119.0,123.0,142.0,131.0,121.0,109.0,93.0,79.0,87.0,103.0,120.0,144.0,163.0,176.0,187.0,183.0,147.0,94.0,55.0,55.0,55.0,55.0,120.0,205.0,205.0,205.0,205.0,205.0,78.0,55.0,55.0,55.0,55.0,67.0,141.0,170.0,178.0,171.0,156.0,141.0,130.0,125.0,125.0,124.0,123.0,120.0,115.0,-0.9902136154729066,0.13956000763855853
105.0,107.0,55.0,60.0,55.0,98.0,126.0,160.0,174.0,186.0,204.0,203.0,168.0,118.0,88.0,64.0,85.0,126.0,152.0,146.0,141.0,131.0,123.0,129.0,139.0,133.0,123.0,118.0,121.0,127.0,133.0,129.0,122.0,115.0,112.0,113.0,118.0,123.0,127.0,133.0,135.0,136.0,133.0,132.0,131.0,131.0,129.0,125.0,122.0,122.0,155.0,154.0,142.0,121.0,97.0,107.0,125.0,133.0,128.0,117.0,105.0,112.0,144.0,174.0,178.0,148.0,105.0,73.0,70.0,98.0,129.0,135.0,123.0,121.0,144.0,186.0,205.0,205.0,146.0,71.0,55.0,55.0,55.0,103.0,176.0,192.0,176.0,145.0,119.0,113.0,125.0,139.0,142.0,131.0,116.0,107.0,110.0,119.0,126.0,125.0,-0.9107321791394773,0.41299745505252067
92.0,89.0,119.0,146.0,122.0,99.0,72.0,59.0,59.0,86.0,94.0,96.0,109.0,131.0,131.0,124.0,120.0,106.0,88.0,93.0,121.0,141.0,154.0,163.0,161.0,149.0,138.0,127.0,116.0,108.0,108.0,117.0,131.0,142.0,146.0,145.0,139.0,132.0,126.0,122.0,121.0,122.0,126.0,131.0,136.0,139.0,142.0,144.0,147.0,149.0,122.0,113.0,138.0,121.0,127.0,119.0,121.0,95.0,93.0,97.0,137.0,167.0,181.0,177.0,169.0,163.0,158.0,137.0,87.0,55.0,55.0,55.0,71.0,205.0,205.0,205.0,205.0,82.0,59.0,58.0,101.0,142.0,144.0,106.0,57.0,55.0,55.0,61.0,158.0,201.0,205.0,189.0,163.0,148.0,146.0,149.0,145.0,131.0,112.0,97.0,-0.7574037177176423,0.6529468649036414
117.0,55.0,55.0,55.0,64.0,59.0,66.0,89.0,146.0,199.0,205.0,155.0,105.0,83.0,60.0,56.0,56.0,56.0,57.0,108.0,174.0,205.0,205.0,197.0,164.0,131.0,110.0,97.0,88.0,87.0,94.0,112.0,131.0,146.0,152.0,154.0,151.0,146.0,139.0,133.0,129.0,130.0,134.0,138.0,140.0,140.0,141.0,142.0,144.0,145.0,168.0,112.0,112.0,96.0,112.0,93.0,92.0,94.0,131.0,145.0,150.0,145.0,147.0,147.0,128.0,105.0,74.0,55.0,55.0,55.0,133.0,197.0,205.0,205.0,205.0,138.0,74.0,55.0,55.0,55.0,89.0,165.0,201.0,205.0,177.0,131.0,97.0,87.0,103.0,133.0,161.0,167.0,151.0,124.0,104.0,94.0,95.0,104.0,111.0,117.0,-0.5426609210768629,0.8399518585823897
142.0,106.0,109.0,121.0,121.0,122.0,137.0,152.0,152.0,161.0,153.0,128.0,100.0,110.0,110.0,105.0,107.0,121.0,113.0,114.0,137.0,146.0,135.0,129.0,130.0,125.0,124.0,128.0,131.0,129.0,123.0,116.0,115.0,121.0,128.0,134.0,138.0,137.0,133.0,130.0,128.0,125.0,123.0,121.0,121.0,121.0,122.0,121.0,122.0,123.0,121.0,83.0,114.0,121.0,91.0,93.0,104.0,128.0,145.0,152.0,150.0,135.0,125.0,119.0,120.0,115.0,90.0,60.0,56.0,96.0,165.0,205.0,205.0,205.0,115.0,55.0,55.0,55.0,78.0,182.0,205.0,205.0,155.0,96.0,59.0,62.0,98.0,143.0,173.0,179.0,167.0,147.0,131.0,119.0,110.0,104.0,101.0,103.0,110.0,118.0,-0.2839162811157768,0.9588490732734674
124.0,101.0,55.0,84.0,65.0,103.0,84.0,93.0,88.0,130.0,128.0,122.0,111.0,118.0,115.0,125.0,148.0,153.0,128.0,110.0,114.0,118.0,124.0,131.0,134.0,131.0,140.0,152.0,158.0,147.0,128.0,111.0,107.0,113.0,122.0,130.0,134.0,135.0,137.0,138.0,137.0,136.0,137.0,140.0,145.0,147.0,147.0,146.0,145.0,145.0,191.0,161.0,108.0,130.0,141.0,149.0,149.0,136.0,130.0,124.0,118.0,118.0,127.0,123.0,117.0,109.0,105.0,118.0,149.0,161.0,141.0,112.0,94.0,94.0,125.0,170.0,191.0,166.0,109.0,55.0,55.0,55.0,99.0,199.0,205.0,205.0,205.0,144.0,101.0,86.0,93.0,106.0,113.0,111.0,105.0,106.0,113.0,122.0,130.0,134.0,-0.002150193999530183,0.9999976883302103
119.0,129.0,130.0,104.0,111.0,97.0,83.0,67.0,85.0,71.0,80.0,102.0,155.0,181.0,189.0,175.0,151.0,126.0,117.0,111.0,102.0,98.0,102.0,114.0,128.0,140.0,144.0,144.0,142.0,137.0,131.0,125.0,119.0,116.0,117.0,120.0,122.0,125.0,128.0,133.0,138.0,142.0,143.0,143.0,143.0,145.0,146.0,145.0,142.0,139.0,162.0,141.0,114.0,107.0,141.0,156.0,141.0,123.0,122.0,128.0,123.0,108.0,92.0,90.0,97.0,119.0,144.0,162.0,177.0,188.0,179.0,145.0,108.0,76.0,55.0,55.0,104.0,164.0,205.0,205.0,183.0,129.0,94.0,98.0,134.0,169.0,179.0,156.0,113.0,76.0,61.0,67.0,88.0,111.0,127.0,132.0,132.0,135.0,140.0,149.0,0.27979024232042876,0.9600611544595874
159.0,147.0,151.0,150.0,159.0,111.0,104.0,92.0,104.0,75.0,110.0,127.0,147.0,147.0,172.0,154.0,106.0,71.0,67.0,62.0,77.0,116.0,149.0,164.0,174.0,179.0,166.0,145.0,120.0,102.0,91.0,95.0,106.0,126.0,141.0,149.0,148.0,144.0,134.0,126.0,120.0,118.0,117.0,117.0,117.0,119.0,121.0,124.0,126.0,129.0,158.0,132.0,116.0,125.0,123.0,126.0,115.0,108.0,98.0,98.0,111.0,128.0,136.0,142.0,147.0,146.0,143.0,132.0,111.0,87.0,74.0,79.0,106.0,151.0,195.0,205.0,205.0,168.0,110.0,64.0,55.0,77.0,118.0,153.0,165.0,159.0,141.0,125.0,114.0,110.0,111.0,114.0,117.0,120.0,122.0,122.0,123.0,125.0,126.0,127.0,0.539043792728828,0.8422777389439426
105.0,56.0,73.0,105.0,106.0,110.0,118.0,151.0,146.0,172.0,169.0,159.0,120.0,134.0,153.0,163.0,161.0,168.0,150.0,122.0,110.0,110.0,104.0,103.0,111.0,124.0,138.0,152.0,160.0,155.0,143.0,123.0,108.0,101.0,103.0,110.0,124.0,135.0,144.0,149.0,151.0,152.0,151.0,155.0,148.0,139.0,132.0,131.0,133.0,131.0,164.0,146.0,118.0,116.0,116.0,136.0,133.0,126.0,133.0,144.0,149.0,143.0,122.0,96.0,95.0,106.0,111.0,117.0,133.0,148.0,166.0,190.0,198.0,168.0,111.0,55.0,55.0,55.0,55.0,159.0,205.0,205.0,205.0,157.0,113.0,93.0,94.0,106.0,118.0,122.0,117.0,113.0,114.0,118.0,124.0,130.0,132.0,132.0,133.0,137.0,0.7545887958863856,0.6561979496483776
72.0,59.0,87.0,89.0,97.0,74.0,85.0,118.0,168.0,180.0,180.0,171.0,166.0,160.0,151.0,130.0,89.0,56.0,55.0,85.0,117.0,143.0,159.0,163.0,165.0,172.0,170.0,147.0,112.0,85.0,78.0,93.0,113.0,129.0,138.0,143.0,145.0,146.0,144.0,142.0,140.0,140.0,141.0,141.0,139.0,136.0,134.0,133.0,132.0,130.0,170.0,137.0,102.0,113.0,129.0,150.0,133.0,104.0,93.0,106.0,132.0,148.0,145.0,127.0,124.0,138.0,155.0,163.0,154.0,117.0,81.0,78.0,111.0,156.0,185.0,179.0,139.0,98.0,87.0,114.0,155.0,182.0,176.0,140.0,96.0,69.0,67.0,86.0,113.0,131.0,135.0,128.0,124.0,128.0,138.0,149.0,152.0,144.0,133.0,127.0,0.908947712707677,0.4169101288808923
124.0,86.0,81.0,108.0,141.0,137.0,127.0,148.0,151.0,136.0,132.0,124.0,87.0,58.0,57.0,60.0,63.0,94.0,140.0,166.0,178.0,185.0,180.0,161.0,136.0,110.0,89.0,76.0,77.0,95.0,122.0,145.0,156.0,158.0,152.0,143.0,134.0,127.0,123.0,120.0,119.0,120.0,123.0,124.0,126.0,126.0,128.0,131.0,132.0,134.0,205.0,122.0,63.0,99.0,104.0,123.0,115.0,119.0,125.0,141.0,130.0,111.0,99.0,97.0,100.0,104.0,117.0,127.0,138.0,146.0,150.0,149.0,136.0,112.0,83.0,61.0,62.0,89.0,136.0,185.0,205.0,205.0,205.0,169.0,103.0,55.0,55.0,55.0,61.0,152.0,194.0,205.0,188.0,156.0,126.0,106.0,99.0,101.0,105.0,108.0,0.9896042985014194,0.14381701007708922
90.0,159.0,130.0,184.0,150.0,168.0,171.0,188.0,163.0,146.0,138.0,93.0,57.0,55.0,55.0,55.0,93.0,142.0,184.0,197.0,205.0,200.0,167.0,125.0,90.0,63.0,56.0,71.0,101.0,135.0,160.0,168.0,166.0,158.0,149.0,140.0,135.0,132.0,130.0,129.0,127.0,125.0,123.0,121.0,120.0,121.0,122.0,123.0,124.0,126.0,73.0,95.0,141.0,127.0,144.0,130.0,137.0,114.0,98.0,86.0,115.0,139.0,167.0,176.0,166.0,156.0,155.0,141.0,105.0,68.0,55.0,55.0,82.0,160.0,205.0,205.0,205.0,202.0,138.0,109.0,92.0,73.0,55.0,55.0,55.0,55.0,148.0,205.0,205.0,205.0,160.0,111.0,85.0,87.0,108.0,130.0,139.0,132.0,118.0,109.0,0.9900184868780837,-0.14093755936452693
55.0,55.0,93.0,140.0,127.0,160.0,162.0,203.0,205.0,205.0,159.0,103.0,55.0,55.0,55.0,75.0,131.0,173.0,203.0,205.0,205.0,205.0,141.0,88.0,55.0,55.0,58.0,86.0,114.0,145.0,172.0,179.0,172.0,150.0,127.0,113.0,111.0,114.0,121.0,125.0,129.0,135.0,138.0,137.0,133.0,130.0,128.0,128.0,128.0,128.0,197.0,138.0,100.0,110.0,98.0,139.0,149.0,150.0,109.0,108.0,97.0,120.0,127.0,139.0,137.0,133.0,128.0,138.0,150.0,142.0,118.0,82.0,56.0,55.0,99.0,157.0,195.0,203.0,187.0,155.0,131.0,119.0,110.0,96.0,83.0,79.0,88.0,115.0,148.0,178.0,190.0,185.0,164.0,139.0,122.0,115.0,116.0,115.0,110.0,101.0,0.9101566932338276,-0.4142641593979186
201.0,142.0,173.0,116.0,157.0,112.0,132.0,116.0,94.0,55.0,55.0,55.0,61.0,102.0,144.0,177.0,179.0,186.0,170.0,150.0,119.0,97.0,79.0,78.0,86.0,107.0,132.0,153.0,163.0,166.0,156.0,140.0,124.0,115.0,113.0,114.0,117.0,118.0,120.0,121.0,122.0,123.0,124.0,126.0,127.0,130.0,133.0,141.0,140.0,136.0,139.0,114.0,103.0,122.0,147.0,140.0,113.0,93.0,94.0,101.0,112.0,118.0,122.0,129.0,144.0,157.0,160.0,143.0,107.0,72.0,56.0,57.0,95.0,144.0,191.0,205.0,205.0,205.0,170.0,105.0,55.0,55.0,55.0,58.0,151.0,197.0,205.0,193.0,161.0,128.0,107.0,99.0,99.0,104.0,107.0,106.0,105.0,105.0,109.0,116.0,0.7564945379693987,-0.6540000107205396
191.0,103.0,140.0,106.0,133.0,148.0,167.0,156.0,169.0,167.0,117.0,74.0,55.0,56.0,57.0,93.0,138.0,168.0,181.0,205.0,205.0,183.0,129.0,91.0,61.0,55.0,77.0,113.0,136.0,150.0,157.0,161.0,160.0,152.0,136.0,121.0,112.0,106.0,107.0,110.0,113.0,114.0,118.0,121.0,124.0,124.0,125.0,127.0,128.0,129.0,158.0,171.0,143.0,147.0,124.0,98.0,95.0,117.0,141.0,156.0,147.0,128.0,131.0,152.0,164.0,145.0,105.0,62.0,55.0,64.0,141.0,199.0,205.0,205.0,173.0,136.0,114.0,97.0,74.0,55.0,55.0,55.0,126.0,192.0,205.0,205.0,196.0,124.0,77.0,61.0,76.0,106.0,131.0,139.0,131.0,118.0,114.0,122.0,136.0,147.0,0.5414917686317352,-0.8407060511879734
123.0,158.0,59.0,132.0,135.0,205.0,175.0,171.0,112.0,78.0,63.0,72.0,88.0,111.0,159.0,193.0,205.0,205.0,177.0,109.0,58.0,55.0,55.0,55.0,107.0,143.0,176.0,197.0,200.0,177.0,142.0,100.0,78.0,78.0,98.0,123.0,137.0,142.0,141.0,140.0,136.0,131.0,126.0,125.0,126.0,127.0,125.0,123.0,123.0,124.0,103.0,83.0,136.0,164.0,144.0,113.0,112.0,124.0,114.0,125.0,128.0,140.0,141.0,140.0,137.0,145.0,138.0,114.0,81.0,56.0,55.0,105.0,164.0,199.0,205.0,194.0,161.0,130.0,117.0,109.0,97.0,81.0,68.0,66.0,87.0,135.0,191.0,205.0,205.0,205.0,141.0,96.0,76.0,80.0,92.0,102.0,105.0,103.0,104.0,109.0,0.28258195709304046,-0.9592431587066269
172.0,155.0,109.0,61.0,55.0,55.0,55.0,55.0,90.0,153.0,196.0,205.0,205.0,159.0,98.0,55.0,55.0,55.0,55.0,108.0,155.0,186.0,195.0,189.0,168.0,134.0,102.0,83.0,83.0,97.0,117.0,133.0,140.0,141.0,136.0,130.0,125.0,121.0,119.0,121.0,125.0,128.0,130.0,132.0,135.0,137.0,138.0,138.0,137.0,135.0,205.0,130.0,60.0,86.0,100.0,125.0,113.0,108.0,110.0,136.0,134.0,123.0,105.0,92.0,85.0,86.0,95.0,109.0,132.0,152.0,163.0,167.0,163.0,145.0,116.0,80.0,55.0,55.0,55.0,134.0,205.0,205.0,205.0,205.0,205.0,67.0,55.0,55.0,55.0,109.0,179.0,193.0,174.0,141.0,113.0,99.0,98.0,103.0,108.0,112.0,0.0007588925113938169,-0.9999997120410367
170.0,157.0,171.0,185.0,182.0,150.0,69.0,55.0,55.0,55.0,55.0,99.0,180.0,205.0,205.0,201.0,186.0,127.0,63.0,55.0,55.0,55.0,97.0,148.0,172.0,180.0,179.0,168.0,146.0,122.0,104.0,98.0,105.0,116.0,126.0,129.0,129.0,124.0,121.0,119.0,117.0,115.0,116.0,120.0,124.0,127.0,128.0,130.0,132.0,134.0,99.0,69.0,102.0,125.0,124.0,121.0,115.0,140.0,137.0,132.0,106.0,99.0,92.0,103.0,116.0,135.0,148.0,155.0,154.0,147.0,138.0,118.0,87.0,55.0,55.0,55.0,83.0,177.0,205.0,205.0,205.0,205.0,78.0,55.0,55.0,55.0,55.0,108.0,190.0,205.0,205.0,177.0,151.0,137.0,128.0,120.0,110.0,104.0,104.0,106.0,-0.2811257071248078,-0.9596709523548042
205.0,185.0,153.0,96.0,64.0,63.0,77.0,87.0,123.0,170.0,205.0,205.0,205.0,145.0,75.0,55.0,55.0,55.0,55.0,124.0,162.0,193.0,205.0,205.0,169.0,118.0,79.0,66.0,79.0,104.0,128.0,141.0,146.0,147.0,143.0,137.0,128.0,122.0,121.0,123.0,124.0,123.0,122.0,122.0,123.0,125.0,127.0,126.0,126.0,126.0,174.0,143.0,86.0,99.0,127.0,121.0,117.0,117.0,130.0,139.0,125.0,103.0,97.0,101.0,110.0,120.0,124.0,126.0,147.0,169.0,170.0,160.0,143.0,107.0,69.0,60.0,76.0,104.0,142.0,181.0,201.0,200.0,188.0,163.0,127.0,91.0,67.0,62.0,76.0,103.0,129.0,143.0,145.0,137.0,126.0,122.0,124.0,129.0,133.0,135.0,-0.5402151342365703,-0.8415269506924685
55.0,94.0,152.0,196.0,186.0,142.0,102.0,76.0,61.0,61.0,79.0,104.0,146.0,177.0,182.0,160.0,125.0,85.0,65.0,71.0,93.0,120.0,153.0,175.0,180.0,173.0,153.0,122.0,97.0,85.0,91.0,110.0,132.0,148.0,153.0,153.0,147.0,141.0,135.0,132.0,129.0,130.0,131.0,133.0,133.0,133.0,135.0,136.0,137.0,137.0,121.0,145.0,141.0,152.0,137.0,134.0,116.0,85.0,65.0,85.0,115.0,143.0,156.0,156.0,163.0,176.0,172.0,135.0,82.0,55.0,55.0,55.0,101.0,205.0,205.0,205.0,205.0,205.0,191.0,55.0,55.0,55.0,55.0,59.0,149.0,205.0,205.0,205.0,160.0,100.0,55.0,55.0,55.0,55.0,103.0,119.0,122.0,119.0,120.0,128.0,-0.7555010354766549,-0.6551474531689048
116.0,123.0,108.0,58.0,56.0,102.0,152.0,158.0,154.0,157.0,148.0,116.0,87.0,56.0,55.0,55.0,55.0,70.0,169.0,205.0,200.0,171.0,157.0,139.0,117.0,100.0,86.0,79.0,97.0,130.0,153.0,159.0,152.0,138.0,129.0,130.0,131.0,132.0,131.0,130.0,127.0,127.0,123.0,121.0,124.0,128.0,133.0,135.0,136.0,136.0,195.0,158.0,160.0,142.0,114.0,105.0,110.0,90.0,88.0,128.0,151.0,169.0,159.0,146.0,146.0,148.0,114.0,67.0,55.0,55.0,55.0,117.0,205.0,205.0,205.0,205.0,205.0,55.0,55.0,55.0,55.0,55.0,78.0,197.0,205.0,205.0,205.0,205.0,115.0,68.0,55.0,66.0,96.0,121.0,128.0,121.0,110.0,105.0,112.0,127.0,-0.9095268811273134,-0.415645104033263
157.0,196.0,186.0,198.0,136.0,105.0,55.0,55.0,55.0,99.0,113.0,144.0,159.0,182.0,197.0,200.0,178.0,147.0,113.0,86.0,81.0,92.0,105.0,113.0,122.0,131.0,140.0,149.0,155.0,153.0,148.0,137.0,123.0,109.0,104.0,103.0,111.0,117.0,124.0,128.0,131.0,131.0,131.0,131.0,132.0,131.0,131.0,131.0,131.0,130.0,205.0,142.0,101.0,136.0,117.0,113.0,88.0,93.0,110.0,141.0,136.0,122.0,130.0,160.0,182.0,173.0,150.0,109.0,74.0,66.0,91.0,122.0,148.0,166.0,176.0,175.0,171.0,163.0,130.0,84.0,59.0,66.0,111.0,169.0,201.0,177.0,111.0,55.0,55.0,55.0,96.0,170.0,199.0,196.0,171.0,143.0,125.0,124.0,131.0,135.0,-0.9898034336843055,-0.14244003182658568
60.0,55.0,57.0,94.0,131.0,144.0,174.0,169.0,155.0,128.0,93.0,56.0,55.0,55.0,55.0,58.0,140.0,181.0,200.0,204.0,184.0,149.0,119.0,101.0,89.0,87.0,92.0,105.0,122.0,140.0,150.0,153.0,149.0,142.0,134.0,128.0,124.0,121.0,122.0,124.0,127.0,130.0,132.0,134.0,135.0,135.0,136.0,140.0,144.0,146.0,150.0,131.0,125.0,116.0,102.0,115.0,126.0,133.0,133.0,126.0,124.0,123.0,115.0,95.0,89.0,90.0,105.0,132.0,165.0,191.0,205.0,205.0,180.0,141.0,99.0,56.0,55.0,55.0,55.0,108.0,205.0,205.0,205.0,205.0,205.0,72.0,55.0,55.0,55.0,55.0,82.0,97.0,103.0,109.0,119.0,134.0,149.0,160.0,165.0,163.0,-0.9898214418809321,0.14231483827328928
