Feat_1,Feat_2,Feat_3,Feat_4,Feat_5,Feat_6,Feat_7,Feat_8,Feat_9,Feat_10,Feat_11,Feat_12,Feat_13,Feat_14,Feat_15,Feat_16,Feat_17,Feat_18,Feat_19,Feat_20,Feat_21,Feat_22,Feat_23,Feat_24,Feat_25,Feat_26,Feat_27,Feat_28,Feat_29,Feat_30,Feat_31,Feat_32,Feat_33,Feat_34,Feat_35,Feat_36,Feat_37,Feat_38,Feat_39,Feat_40,Feat_41,Feat_42,Feat_43,Feat_44,Feat_45,Feat_46,Feat_47,Feat_48,Feat_49,Feat_50,Feat_51,Feat_52,Feat_53,Feat_54,Feat_55,Feat_56,Feat_57,Feat_58,Feat_59,Feat_60,Feat_61,Feat_62,Feat_63,Feat_64,Feat_65,Feat_66,Feat_67,Feat_68,Feat_69,Feat_70,Feat_71,Feat_72,Feat_73,Feat_74,Feat_75,Feat_76,Feat_77,Feat_78,Feat_79,Feat_80,Feat_81,Feat_82,Feat_83,Feat_84,Feat_85,Feat_86,Feat_87,Feat_88,Feat_89,Feat_90,Feat_91,Feat_92,Feat_93,Feat_94,Feat_95,Feat_96,Feat_97,Feat_98,Feat_99,Feat_100,Label_Sin,Label_Cos
92.0,98.0,165.0,137.0,150.0,167.0,131.0,134.0,109.0,152.0,102.0,132.0,107.0,111.0,95.0,118.0,129.0,148.0,153.0,143.0,139.0,117.0,116.0,114.0,121.0,116.0,133.0,135.0,131.0,124.0,125.0,128.0,122.0,123.0,132.0,134.0,124.0,126.0,125.0,121.0,123.0,133.0,135.0,133.0,129.0,125.0,123.0,127.0,132.0,134.0,163.0,107.0,96.0,104.0,112.0,101.0,99.0,112.0,113.0,133.0,135.0,149.0,155.0,158.0,135.0,106.0,76.0,60.0,72.0,103.0,146.0,189.0,205.0,205.0,173.0,114.0,62.0,55.0,57.0,134.0,186.0,203.0,174.0,114.0,68.0,63.0,93.0,137.0,170.0,176.0,158.0,131.0,111.0,102.0,106.0,114.0,119.0,118.0,116.0,118.0,-0.7705132427757894,-0.6374239897486895
129.0,142.0,156.0,132.0,162.0,165.0,133.0,125.0,129.0,139.0,103.0,118.0,112.0,131.0,136.0,162.0,151.0,134.0,110.0,101.0,112.0,121.0,138.0,143.0,141.0,134.0,145.0,138.0,124.0,115.0,116.0,117.0,118.0,125.0,134.0,129.0,120.0,125.0,127.0,127.0,132.0,138.0,132.0,127.0,125.0,126.0,127.0,131.0,130.0,127.0,107.0,90.0,106.0,89.0,117.0,112.0,120.0,115.0,123.0,133.0,153.0,164.0,155.0,130.0,85.0,56.0,55.0,55.0,97.0,149.0,176.0,180.0,174.0,173.0,177.0,180.0,174.0,141.0,86.0,55.0,55.0,55.0,56.0,142.0,205.0,205.0,205.0,205.0,155.0,114.0,91.0,78.0,70.0,67.0,67.0,74.0,88.0,104.0,121.0,134.0,-0.9075866018299451,-0.41986493087512405
70.0,121.0,170.0,147.0,152.0,157.0,161.0,122.0,128.0,140.0,128.0,105.0,105.0,118.0,133.0,162.0,174.0,161.0,122.0,94.0,86.0,103.0,123.0,146.0,153.0,146.0,143.0,147.0,138.0,119.0,112.0,111.0,113.0,116.0,128.0,134.0,125.0,118.0,124.0,127.0,130.0,137.0,139.0,130.0,122.0,121.0,127.0,135.0,136.0,128.0,176.0,123.0,87.0,94.0,97.0,110.0,130.0,137.0,130.0,136.0,156.0,190.0,200.0,159.0,81.0,55.0,55.0,55.0,55.0,110.0,174.0,205.0,205.0,205.0,205.0,134.0,55.0,55.0,55.0,55.0,77.0,204.0,205.0,205.0,162.0,133.0,144.0,176.0,202.0,198.0,160.0,106.0,64.0,55.0,55.0,80.0,96.0,100.0,99.0,104.0,-0.9850128661546557,-0.1724808786787407
55.0,55.0,106.0,149.0,152.0,143.0,163.0,138.0,122.0,116.0,132.0,121.0,124.0,116.0,88.0,75.0,88.0,127.0,165.0,182.0,169.0,145.0,112.0,96.0,100.0,107.0,112.0,126.0,137.0,136.0,132.0,133.0,133.0,124.0,122.0,131.0,135.0,129.0,126.0,123.0,117.0,121.0,132.0,139.0,137.0,131.0,123.0,121.0,127.0,136.0,171.0,135.0,110.0,143.0,135.0,121.0,106.0,100.0,111.0,140.0,153.0,147.0,134.0,131.0,148.0,161.0,160.0,141.0,111.0,88.0,107.0,160.0,201.0,205.0,165.0,101.0,55.0,55.0,83.0,152.0,202.0,205.0,204.0,130.0,69.0,55.0,55.0,55.0,77.0,119.0,143.0,159.0,167.0,168.0,167.0,165.0,159.0,149.0,140.0,135.0,-0.9960690996003086,0.08857961854416821
73.0,197.0,114.0,172.0,146.0,152.0,118.0,122.0,147.0,109.0,127.0,105.0,124.0,99.0,134.0,127.0,147.0,137.0,136.0,131.0,123.0,122.0,122.0,128.0,118.0,135.0,135.0,132.0,121.0,124.0,123.0,123.0,121.0,132.0,134.0,124.0,125.0,127.0,123.0,124.0,134.0,135.0,132.0,129.0,125.0,124.0,127.0,131.0,132.0,131.0,110.0,81.0,92.0,118.0,122.0,137.0,136.0,108.0,88.0,70.0,71.0,83.0,104.0,118.0,146.0,178.0,204.0,205.0,193.0,137.0,68.0,55.0,55.0,55.0,71.0,194.0,205.0,205.0,205.0,205.0,200.0,91.0,55.0,55.0,55.0,55.0,66.0,141.0,158.0,151.0,135.0,122.0,118.0,124.0,135.0,144.0,143.0,136.0,126.0,119.0,-0.9383970533531371,0.3455589244371352
60.0,55.0,81.0,149.0,151.0,147.0,155.0,152.0,127.0,116.0,137.0,122.0,126.0,114.0,102.0,76.0,85.0,111.0,153.0,178.0,173.0,153.0,121.0,101.0,99.0,108.0,109.0,121.0,134.0,138.0,133.0,132.0,133.0,127.0,120.0,128.0,136.0,130.0,129.0,124.0,119.0,116.0,128.0,139.0,140.0,132.0,122.0,118.0,125.0,138.0,146.0,137.0,113.0,102.0,117.0,154.0,179.0,176.0,139.0,90.0,59.0,55.0,68.0,77.0,78.0,90.0,139.0,205.0,205.0,205.0,205.0,56.0,55.0,55.0,55.0,80.0,205.0,205.0,205.0,151.0,118.0,130.0,174.0,204.0,200.0,156.0,101.0,64.0,57.0,70.0,88.0,99.0,102.0,101.0,106.0,122.0,146.0,162.0,161.0,146.0,-0.8144198229002654,0.5802760998585935
141.0,172.0,131.0,157.0,163.0,144.0,130.0,131.0,144.0,105.0,108.0,107.0,130.0,145.0,175.0,169.0,143.0,105.0,86.0,96.0,114.0,139.0,150.0,151.0,142.0,149.0,143.0,129.0,114.0,112.0,113.0,115.0,123.0,134.0,131.0,120.0,121.0,126.0,128.0,133.0,139.0,134.0,127.0,123.0,125.0,128.0,132.0,131.0,127.0,123.0,162.0,166.0,161.0,130.0,114.0,121.0,115.0,121.0,159.0,179.0,174.0,166.0,159.0,147.0,136.0,112.0,68.0,55.0,55.0,111.0,186.0,205.0,205.0,205.0,110.0,64.0,65.0,96.0,114.0,91.0,56.0,55.0,55.0,160.0,205.0,205.0,205.0,157.0,99.0,77.0,92.0,127.0,154.0,158.0,142.0,119.0,108.0,116.0,135.0,150.0,-0.6314335006562987,0.7754300318203649
205.0,184.0,168.0,87.0,119.0,106.0,107.0,107.0,135.0,137.0,114.0,135.0,136.0,152.0,148.0,165.0,141.0,132.0,111.0,106.0,111.0,119.0,133.0,144.0,145.0,137.0,143.0,129.0,120.0,120.0,129.0,132.0,131.0,133.0,137.0,129.0,122.0,131.0,133.0,132.0,135.0,136.0,126.0,121.0,122.0,126.0,132.0,135.0,132.0,126.0,132.0,158.0,154.0,103.0,83.0,112.0,134.0,147.0,149.0,152.0,161.0,170.0,158.0,122.0,76.0,55.0,55.0,95.0,164.0,205.0,205.0,205.0,205.0,147.0,82.0,55.0,55.0,55.0,55.0,110.0,161.0,197.0,205.0,205.0,192.0,136.0,81.0,55.0,55.0,55.0,55.0,109.0,133.0,149.0,156.0,160.0,165.0,170.0,170.0,165.0,-0.40133821960944044,0.9159299282591025
173.0,205.0,168.0,102.0,118.0,111.0,120.0,89.0,131.0,129.0,136.0,116.0,147.0,134.0,143.0,153.0,149.0,136.0,116.0,112.0,109.0,124.0,126.0,142.0,141.0,136.0,136.0,133.0,120.0,117.0,128.0,132.0,134.0,131.0,137.0,132.0,124.0,126.0,134.0,131.0,132.0,135.0,130.0,121.0,121.0,125.0,129.0,133.0,133.0,129.0,122.0,124.0,133.0,105.0,143.0,119.0,109.0,87.0,104.0,113.0,138.0,137.0,136.0,147.0,163.0,171.0,151.0,109.0,57.0,55.0,55.0,102.0,165.0,204.0,201.0,180.0,165.0,157.0,150.0,131.0,101.0,65.0,55.0,55.0,90.0,137.0,179.0,198.0,191.0,168.0,141.0,123.0,117.0,118.0,115.0,108.0,99.0,96.0,100.0,112.0,-0.1399981277889451,0.990151768273728
186.0,140.0,98.0,109.0,123.0,93.0,123.0,127.0,142.0,111.0,143.0,132.0,145.0,151.0,162.0,147.0,127.0,110.0,99.0,110.0,117.0,139.0,146.0,145.0,138.0,139.0,125.0,118.0,123.0,129.0,132.0,128.0,134.0,135.0,127.0,123.0,132.0,131.0,131.0,135.0,134.0,124.0,120.0,122.0,127.0,132.0,134.0,131.0,125.0,123.0,119.0,107.0,114.0,136.0,161.0,140.0,119.0,136.0,156.0,139.0,105.0,66.0,56.0,88.0,148.0,192.0,199.0,167.0,129.0,108.0,104.0,96.0,68.0,55.0,55.0,55.0,136.0,205.0,205.0,205.0,205.0,145.0,90.0,56.0,55.0,55.0,117.0,163.0,190.0,195.0,181.0,163.0,145.0,128.0,113.0,104.0,104.0,111.0,116.0,116.0,0.13375120809318855,0.9910149415289421
149.0,88.0,80.0,124.0,98.0,112.0,110.0,140.0,109.0,128.0,145.0,148.0,140.0,128.0,111.0,88.0,98.0,118.0,152.0,159.0,153.0,134.0,120.0,110.0,115.0,116.0,108.0,113.0,130.0,141.0,141.0,142.0,139.0,131.0,121.0,129.0,137.0,133.0,129.0,129.0,123.0,117.0,123.0,130.0,132.0,130.0,128.0,125.0,127.0,130.0,143.0,92.0,73.0,112.0,104.0,114.0,115.0,122.0,123.0,157.0,190.0,203.0,186.0,146.0,102.0,61.0,55.0,68.0,92.0,112.0,150.0,193.0,205.0,205.0,174.0,109.0,55.0,55.0,55.0,114.0,146.0,139.0,95.0,55.0,55.0,71.0,149.0,205.0,205.0,205.0,203.0,153.0,124.0,113.0,113.0,112.0,104.0,95.0,92.0,98.0,0.39939869720580495,0.9167773342913238
205.0,205.0,116.0,95.0,90.0,127.0,85.0,109.0,122.0,139.0,111.0,130.0,147.0,150.0,142.0,122.0,98.0,75.0,95.0,128.0,167.0,172.0,161.0,134.0,112.0,102.0,108.0,110.0,105.0,117.0,135.0,146.0,145.0,146.0,140.0,129.0,122.0,133.0,139.0,133.0,129.0,127.0,119.0,117.0,125.0,133.0,134.0,131.0,127.0,125.0,143.0,105.0,67.0,87.0,138.0,138.0,123.0,120.0,120.0,106.0,102.0,94.0,101.0,110.0,114.0,125.0,154.0,179.0,184.0,169.0,129.0,88.0,68.0,71.0,83.0,107.0,143.0,177.0,205.0,205.0,205.0,205.0,142.0,78.0,55.0,55.0,55.0,70.0,153.0,181.0,176.0,151.0,124.0,112.0,114.0,123.0,132.0,132.0,126.0,119.0,0.6362775045779318,0.7714602628574462
205.0,162.0,105.0,103.0,130.0,99.0,112.0,115.0,151.0,118.0,141.0,129.0,143.0,153.0,180.0,175.0,146.0,111.0,81.0,89.0,103.0,138.0,156.0,160.0,148.0,148.0,135.0,122.0,119.0,124.0,129.0,126.0,131.0,137.0,131.0,122.0,128.0,132.0,132.0,137.0,139.0,129.0,120.0,119.0,125.0,132.0,137.0,134.0,126.0,121.0,164.0,135.0,140.0,126.0,152.0,130.0,129.0,123.0,102.0,80.0,61.0,68.0,98.0,158.0,196.0,205.0,189.0,157.0,115.0,86.0,65.0,55.0,55.0,73.0,126.0,181.0,205.0,205.0,205.0,176.0,149.0,125.0,109.0,97.0,90.0,89.0,95.0,104.0,116.0,128.0,135.0,138.0,136.0,134.0,132.0,135.0,137.0,137.0,132.0,126.0,0.8252025415931431,0.5648369369545665
205.0,132.0,80.0,88.0,129.0,99.0,109.0,113.0,139.0,108.0,130.0,143.0,152.0,139.0,132.0,108.0,82.0,87.0,116.0,158.0,170.0,164.0,139.0,117.0,102.0,109.0,111.0,107.0,114.0,132.0,144.0,144.0,144.0,141.0,132.0,122.0,130.0,138.0,135.0,129.0,128.0,121.0,117.0,123.0,132.0,133.0,131.0,127.0,125.0,127.0,121.0,76.0,71.0,77.0,115.0,157.0,183.0,168.0,126.0,104.0,117.0,136.0,126.0,106.0,72.0,71.0,129.0,205.0,205.0,205.0,205.0,55.0,55.0,55.0,55.0,70.0,170.0,205.0,205.0,205.0,205.0,119.0,55.0,55.0,55.0,55.0,77.0,193.0,205.0,205.0,205.0,205.0,127.0,113.0,120.0,130.0,127.0,110.0,89.0,78.0,0.9500989336963779,0.3119487396817075
189.0,166.0,84.0,128.0,106.0,117.0,94.0,136.0,132.0,125.0,131.0,139.0,143.0,140.0,163.0,148.0,137.0,111.0,105.0,109.0,122.0,133.0,144.0,143.0,135.0,139.0,130.0,120.0,120.0,130.0,132.0,132.0,132.0,137.0,130.0,123.0,129.0,134.0,131.0,134.0,136.0,127.0,120.0,121.0,126.0,131.0,134.0,133.0,127.0,124.0,114.0,113.0,112.0,131.0,116.0,98.0,123.0,127.0,122.0,126.0,150.0,166.0,171.0,146.0,109.0,79.0,68.0,77.0,102.0,137.0,177.0,205.0,205.0,205.0,151.0,87.0,55.0,55.0,116.0,174.0,189.0,156.0,95.0,56.0,72.0,131.0,185.0,204.0,179.0,125.0,79.0,63.0,76.0,104.0,130.0,141.0,135.0,125.0,123.0,133.0,0.9994830283454493,0.03215083279496543
194.0,205.0,114.0,122.0,98.0,129.0,87.0,125.0,134.0,143.0,127.0,130.0,136.0,135.0,174.0,176.0,170.0,125.0,96.0,78.0,95.0,116.0,147.0,161.0,154.0,149.0,141.0,129.0,117.0,122.0,125.0,127.0,125.0,135.0,136.0,126.0,124.0,130.0,131.0,133.0,139.0,135.0,124.0,119.0,121.0,128.0,135.0,136.0,130.0,123.0,154.0,110.0,102.0,108.0,130.0,123.0,112.0,102.0,112.0,123.0,130.0,130.0,123.0,113.0,98.0,84.0,76.0,84.0,102.0,126.0,156.0,184.0,203.0,205.0,190.0,146.0,89.0,55.0,55.0,55.0,84.0,184.0,205.0,205.0,205.0,205.0,137.0,97.0,75.0,68.0,69.0,71.0,75.0,81.0,92.0,106.0,122.0,135.0,145.0,152.0,0.967656851605721,-0.2522701281176662
205.0,149.0,119.0,87.0,128.0,107.0,97.0,117.0,132.0,133.0,114.0,148.0,134.0,146.0,141.0,144.0,120.0,115.0,112.0,121.0,131.0,132.0,138.0,135.0,130.0,128.0,130.0,117.0,116.0,127.0,135.0,136.0,133.0,136.0,133.0,124.0,125.0,135.0,132.0,130.0,133.0,129.0,120.0,121.0,125.0,129.0,132.0,132.0,128.0,125.0,140.0,102.0,91.0,93.0,101.0,132.0,142.0,132.0,134.0,152.0,190.0,201.0,161.0,82.0,55.0,55.0,55.0,55.0,109.0,174.0,205.0,205.0,205.0,205.0,131.0,55.0,55.0,55.0,55.0,77.0,204.0,205.0,205.0,162.0,133.0,143.0,175.0,202.0,199.0,161.0,108.0,64.0,55.0,55.0,80.0,97.0,101.0,99.0,104.0,122.0,0.8537975996448702,-0.5206050891421038
205.0,177.0,101.0,115.0,105.0,123.0,85.0,129.0,131.0,137.0,118.0,145.0,136.0,140.0,155.0,151.0,141.0,118.0,109.0,103.0,118.0,123.0,142.0,143.0,138.0,138.0,134.0,120.0,117.0,127.0,131.0,132.0,129.0,136.0,132.0,123.0,125.0,133.0,131.0,131.0,135.0,130.0,121.0,120.0,124.0,128.0,133.0,133.0,128.0,124.0,115.0,131.0,121.0,155.0,130.0,111.0,97.0,103.0,131.0,142.0,155.0,139.0,140.0,139.0,156.0,155.0,151.0,127.0,98.0,93.0,132.0,185.0,205.0,189.0,133.0,72.0,55.0,55.0,121.0,181.0,205.0,205.0,153.0,89.0,55.0,55.0,55.0,72.0,114.0,129.0,137.0,145.0,156.0,165.0,171.0,170.0,161.0,148.0,136.0,132.0,0.6670683653713412,-0.7449965073212135
156.0,115.0,87.0,139.0,100.0,104.0,101.0,144.0,120.0,124.0,137.0,147.0,141.0,137.0,132.0,106.0,106.0,111.0,134.0,143.0,145.0,136.0,132.0,120.0,120.0,123.0,114.0,113.0,125.0,137.0,138.0,138.0,137.0,135.0,124.0,125.0,135.0,134.0,130.0,131.0,128.0,119.0,121.0,126.0,130.0,131.0,131.0,128.0,126.0,128.0,141.0,126.0,84.0,90.0,133.0,137.0,91.0,73.0,75.0,85.0,98.0,110.0,131.0,172.0,205.0,205.0,195.0,140.0,77.0,55.0,55.0,55.0,55.0,130.0,205.0,205.0,205.0,205.0,205.0,126.0,77.0,55.0,55.0,55.0,55.0,56.0,101.0,145.0,180.0,200.0,198.0,177.0,152.0,130.0,115.0,107.0,104.0,103.0,101.0,101.0,0.4225554455065747,-0.9063370760775156
205.0,189.0,118.0,110.0,107.0,126.0,90.0,130.0,128.0,141.0,112.0,144.0,134.0,144.0,157.0,160.0,147.0,123.0,110.0,101.0,114.0,120.0,142.0,147.0,144.0,140.0,138.0,124.0,118.0,126.0,131.0,133.0,129.0,136.0,135.0,126.0,124.0,133.0,132.0,132.0,136.0,133.0,123.0,121.0,124.0,129.0,134.0,135.0,130.0,125.0,154.0,131.0,141.0,112.0,89.0,71.0,84.0,102.0,126.0,148.0,144.0,149.0,153.0,171.0,172.0,148.0,89.0,55.0,55.0,69.0,182.0,205.0,205.0,205.0,119.0,77.0,83.0,120.0,158.0,168.0,146.0,111.0,81.0,69.0,77.0,95.0,109.0,116.0,118.0,124.0,136.0,151.0,160.0,157.0,143.0,128.0,122.0,124.0,132.0,136.0,0.1402834619441521,-0.9901113827771922
125.0,84.0,112.0,113.0,115.0,92.0,139.0,119.0,126.0,123.0,152.0,137.0,140.0,140.0,122.0,111.0,107.0,124.0,135.0,143.0,133.0,134.0,125.0,124.0,129.0,125.0,113.0,119.0,131.0,136.0,137.0,136.0,137.0,128.0,122.0,130.0,135.0,130.0,132.0,131.0,123.0,119.0,124.0,128.0,131.0,132.0,129.0,126.0,126.0,129.0,160.0,150.0,147.0,145.0,125.0,128.0,162.0,169.0,151.0,131.0,109.0,104.0,104.0,113.0,110.0,116.0,126.0,141.0,162.0,174.0,156.0,110.0,76.0,73.0,101.0,131.0,129.0,91.0,59.0,68.0,128.0,204.0,205.0,205.0,205.0,121.0,76.0,69.0,91.0,124.0,145.0,146.0,132.0,117.0,115.0,126.0,143.0,151.0,146.0,132.0,-0.1559979220119033,-0.987757383332551
174.0,205.0,124.0,110.0,104.0,119.0,98.0,97.0,133.0,129.0,126.0,121.0,154.0,137.0,144.0,134.0,123.0,106.0,110.0,122.0,138.0,146.0,140.0,138.0,125.0,120.0,123.0,122.0,112.0,119.0,133.0,139.0,139.0,137.0,138.0,130.0,123.0,130.0,137.0,131.0,131.0,131.0,124.0,119.0,124.0,129.0,131.0,132.0,130.0,127.0,183.0,112.0,80.0,122.0,126.0,125.0,124.0,147.0,126.0,128.0,102.0,98.0,100.0,113.0,116.0,122.0,141.0,174.0,204.0,205.0,178.0,135.0,84.0,55.0,55.0,55.0,81.0,139.0,198.0,205.0,205.0,205.0,205.0,93.0,55.0,55.0,55.0,55.0,69.0,149.0,163.0,161.0,151.0,145.0,148.0,156.0,160.0,154.0,143.0,131.0,-0.44047893348761064,-0.8977629470821443
171.0,111.0,103.0,111.0,119.0,90.0,127.0,128.0,137.0,113.0,146.0,132.0,143.0,151.0,151.0,136.0,118.0,110.0,107.0,120.0,123.0,140.0,141.0,137.0,135.0,134.0,120.0,116.0,126.0,131.0,133.0,130.0,135.0,133.0,124.0,124.0,133.0,130.0,129.0,132.0,128.0,125.0,126.0,128.0,125.0,127.0,129.0,129.0,127.0,127.0,120.0,119.0,92.0,76.0,110.0,131.0,135.0,127.0,123.0,138.0,165.0,172.0,150.0,105.0,58.0,55.0,55.0,100.0,152.0,185.0,185.0,168.0,159.0,158.0,153.0,143.0,125.0,97.0,75.0,69.0,75.0,92.0,124.0,160.0,187.0,199.0,196.0,176.0,150.0,125.0,104.0,87.0,80.0,83.0,90.0,101.0,110.0,117.0,122.0,130.0,-0.6873651130281815,-0.7263120551056241
139.0,164.0,154.0,147.0,151.0,172.0,120.0,139.0,128.0,137.0,98.0,119.0,116.0,131.0,144.0,159.0,150.0,127.0,111.0,103.0,118.0,123.0,141.0,143.0,139.0,136.0,145.0,137.0,122.0,116.0,116.0,119.0,119.0,129.0,135.0,127.0,120.0,127.0,128.0,128.0,134.0,138.0,131.0,127.0,126.0,127.0,129.0,131.0,130.0,127.0,125.0,135.0,151.0,159.0,140.0,119.0,94.0,92.0,118.0,141.0,140.0,122.0,113.0,130.0,162.0,174.0,140.0,72.0,55.0,55.0,55.0,163.0,205.0,205.0,205.0,148.0,91.0,56.0,55.0,55.0,103.0,151.0,186.0,202.0,198.0,182.0,160.0,136.0,114.0,98.0,94.0,101.0,112.0,120.0,119.0,109.0,103.0,110.0,126.0,140.0,-0.8732372215713822,-0.48729534664543306
56.0,71.0,193.0,111.0,178.0,129.0,178.0,108.0,135.0,128.0,124.0,116.0,115.0,128.0,100.0,121.0,113.0,145.0,143.0,153.0,137.0,131.0,114.0,118.0,122.0,119.0,129.0,136.0,136.0,124.0,126.0,125.0,128.0,121.0,130.0,135.0,128.0,125.0,128.0,124.0,122.0,131.0,136.0,135.0,131.0,127.0,124.0,126.0,131.0,134.0,160.0,106.0,81.0,119.0,131.0,128.0,112.0,110.0,106.0,129.0,151.0,159.0,153.0,148.0,146.0,135.0,118.0,98.0,74.0,55.0,55.0,116.0,175.0,204.0,200.0,151.0,87.0,58.0,81.0,127.0,165.0,169.0,127.0,66.0,55.0,55.0,98.0,185.0,205.0,205.0,205.0,163.0,129.0,114.0,113.0,114.0,107.0,96.0,89.0,92.0,-0.9794804223190932,-0.20153933187745482
200.0,189.0,180.0,85.0,129.0,104.0,120.0,91.0,132.0,133.0,128.0,137.0,143.0,143.0,135.0,162.0,151.0,146.0,117.0,106.0,102.0,115.0,129.0,146.0,149.0,140.0,142.0,131.0,121.0,119.0,129.0,131.0,131.0,131.0,137.0,132.0,123.0,129.0,134.0,131.0,134.0,137.0,130.0,121.0,119.0,124.0,131.0,137.0,134.0,128.0,160.0,124.0,65.0,81.0,123.0,144.0,123.0,124.0,117.0,106.0,101.0,94.0,99.0,106.0,111.0,117.0,150.0,180.0,190.0,171.0,133.0,89.0,66.0,67.0,79.0,106.0,141.0,172.0,198.0,205.0,205.0,205.0,154.0,89.0,55.0,55.0,55.0,59.0,147.0,179.0,178.0,154.0,127.0,113.0,113.0,121.0,131.0,132.0,126.0,119.0,-0.9944924199099883,0.10480852418374884
174.0,115.0,111.0,113.0,118.0,89.0,128.0,130.0,139.0,113.0,146.0,133.0,144.0,153.0,154.0,138.0,119.0,110.0,107.0,121.0,124.0,141.0,142.0,139.0,136.0,135.0,121.0,118.0,127.0,132.0,134.0,130.0,136.0,134.0,125.0,125.0,134.0,131.0,132.0,136.0,131.0,122.0,121.0,124.0,129.0,133.0,134.0,130.0,125.0,125.0,138.0,116.0,105.0,129.0,147.0,154.0,147.0,134.0,124.0,122.0,116.0,93.0,70.0,62.0,81.0,128.0,181.0,205.0,205.0,169.0,135.0,102.0,76.0,57.0,55.0,55.0,115.0,166.0,199.0,205.0,205.0,187.0,157.0,128.0,109.0,102.0,105.0,108.0,108.0,104.0,101.0,101.0,110.0,124.0,135.0,140.0,141.0,141.0,142.0,142.0,-0.9142445524363361,0.40516280473469385
119.0,205.0,184.0,160.0,87.0,117.0,109.0,105.0,110.0,136.0,137.0,115.0,137.0,135.0,146.0,144.0,163.0,143.0,132.0,110.0,105.0,111.0,119.0,136.0,144.0,144.0,136.0,139.0,127.0,119.0,122.0,130.0,132.0,130.0,133.0,136.0,128.0,123.0,131.0,133.0,131.0,135.0,135.0,125.0,121.0,122.0,127.0,131.0,135.0,132.0,147.0,155.0,156.0,146.0,155.0,149.0,153.0,127.0,112.0,126.0,154.0,168.0,142.0,101.0,80.0,104.0,139.0,167.0,175.0,153.0,125.0,136.0,174.0,193.0,174.0,116.0,55.0,55.0,55.0,55.0,112.0,195.0,205.0,205.0,205.0,189.0,116.0,58.0,55.0,55.0,55.0,55.0,113.0,154.0,178.0,186.0,180.0,170.0,163.0,162.0,-0.7425964604485729,0.6697391260253885
149.0,58.0,155.0,64.0,132.0,120.0,143.0,111.0,129.0,156.0,131.0,146.0,117.0,129.0,100.0,136.0,132.0,148.0,130.0,127.0,122.0,121.0,125.0,128.0,129.0,114.0,127.0,134.0,140.0,134.0,136.0,131.0,127.0,123.0,133.0,137.0,128.0,128.0,129.0,123.0,121.0,128.0,129.0,129.0,129.0,128.0,127.0,129.0,130.0,129.0,131.0,119.0,95.0,122.0,95.0,105.0,105.0,106.0,121.0,132.0,145.0,150.0,163.0,147.0,130.0,98.0,71.0,59.0,78.0,113.0,161.0,205.0,205.0,205.0,163.0,98.0,55.0,55.0,57.0,144.0,186.0,191.0,155.0,107.0,80.0,85.0,116.0,147.0,160.0,147.0,127.0,113.0,111.0,113.0,118.0,121.0,121.0,119.0,121.0,127.0,-0.49292157793032815,0.8700737428578542
102.0,55.0,55.0,151.0,133.0,157.0,136.0,173.0,126.0,130.0,119.0,130.0,116.0,120.0,114.0,86.0,87.0,96.0,139.0,162.0,175.0,156.0,137.0,108.0,102.0,106.0,108.0,116.0,130.0,137.0,132.0,130.0,130.0,131.0,121.0,125.0,133.0,132.0,126.0,127.0,123.0,118.0,124.0,134.0,138.0,134.0,128.0,122.0,123.0,130.0,92.0,102.0,87.0,110.0,134.0,124.0,105.0,90.0,105.0,107.0,132.0,126.0,135.0,142.0,159.0,161.0,149.0,112.0,64.0,55.0,55.0,56.0,134.0,181.0,195.0,189.0,176.0,171.0,173.0,172.0,147.0,90.0,55.0,55.0,55.0,55.0,148.0,205.0,205.0,205.0,205.0,135.0,102.0,90.0,87.0,86.0,81.0,77.0,78.0,90.0,-0.18785537818481715,0.9821966996926019
55.0,119.0,135.0,166.0,132.0,168.0,159.0,138.0,119.0,132.0,139.0,106.0,113.0,110.0,128.0,140.0,170.0,157.0,133.0,104.0,98.0,110.0,124.0,139.0,144.0,141.0,134.0,145.0,141.0,126.0,115.0,115.0,115.0,118.0,124.0,134.0,130.0,120.0,123.0,127.0,127.0,132.0,139.0,133.0,127.0,125.0,126.0,127.0,131.0,130.0,113.0,144.0,134.0,156.0,138.0,126.0,92.0,100.0,119.0,132.0,138.0,135.0,145.0,172.0,205.0,197.0,143.0,66.0,55.0,55.0,55.0,56.0,130.0,202.0,205.0,205.0,205.0,205.0,87.0,55.0,55.0,55.0,55.0,79.0,205.0,205.0,205.0,205.0,161.0,140.0,135.0,139.0,137.0,121.0,98.0,79.0,74.0,85.0,101.0,113.0,0.1420840238443192,0.9898546005187868
55.0,140.0,189.0,142.0,163.0,139.0,177.0,110.0,147.0,128.0,137.0,97.0,116.0,117.0,134.0,161.0,169.0,160.0,121.0,103.0,91.0,111.0,121.0,147.0,150.0,146.0,144.0,149.0,137.0,120.0,115.0,113.0,116.0,117.0,130.0,134.0,126.0,120.0,127.0,128.0,130.0,137.0,139.0,131.0,126.0,125.0,127.0,130.0,132.0,130.0,143.0,113.0,145.0,134.0,118.0,106.0,101.0,113.0,140.0,152.0,146.0,139.0,136.0,148.0,157.0,156.0,141.0,113.0,90.0,107.0,160.0,200.0,203.0,164.0,101.0,55.0,55.0,82.0,152.0,202.0,205.0,205.0,131.0,69.0,55.0,55.0,55.0,81.0,121.0,141.0,153.0,163.0,170.0,173.0,168.0,157.0,145.0,138.0,136.0,133.0,0.46109176440568334,0.8873524580442959
205.0,205.0,91.0,125.0,98.0,131.0,90.0,133.0,134.0,133.0,122.0,134.0,141.0,142.0,173.0,164.0,157.0,118.0,102.0,90.0,107.0,122.0,146.0,153.0,147.0,147.0,138.0,126.0,117.0,125.0,128.0,130.0,127.0,137.0,134.0,124.0,125.0,132.0,131.0,133.0,139.0,133.0,123.0,120.0,123.0,129.0,135.0,135.0,129.0,123.0,133.0,82.0,75.0,92.0,141.0,123.0,125.0,127.0,122.0,100.0,80.0,69.0,76.0,100.0,117.0,141.0,171.0,201.0,205.0,205.0,154.0,85.0,55.0,55.0,55.0,59.0,171.0,205.0,205.0,205.0,205.0,205.0,108.0,55.0,55.0,55.0,55.0,60.0,133.0,155.0,155.0,144.0,132.0,122.0,119.0,128.0,141.0,148.0,142.0,130.0,0.7318019920877746,0.6815173104011113
201.0,205.0,96.0,132.0,98.0,128.0,86.0,130.0,134.0,136.0,123.0,131.0,139.0,139.0,175.0,167.0,161.0,118.0,99.0,84.0,101.0,117.0,148.0,160.0,153.0,146.0,134.0,124.0,117.0,127.0,128.0,128.0,125.0,134.0,134.0,125.0,125.0,131.0,131.0,133.0,138.0,133.0,123.0,119.0,122.0,128.0,134.0,135.0,129.0,123.0,149.0,126.0,118.0,117.0,108.0,125.0,144.0,170.0,176.0,153.0,104.0,65.0,55.0,64.0,77.0,80.0,86.0,126.0,199.0,205.0,205.0,205.0,82.0,55.0,55.0,55.0,78.0,201.0,205.0,205.0,162.0,121.0,127.0,166.0,202.0,205.0,168.0,113.0,69.0,55.0,66.0,90.0,104.0,103.0,98.0,100.0,118.0,143.0,162.0,164.0,0.9215651856791286,0.38822365788832747
130.0,186.0,142.0,158.0,136.0,178.0,114.0,145.0,128.0,137.0,98.0,114.0,117.0,133.0,160.0,170.0,162.0,122.0,102.0,93.0,113.0,121.0,142.0,148.0,147.0,146.0,151.0,140.0,120.0,113.0,111.0,116.0,118.0,130.0,134.0,127.0,119.0,126.0,128.0,130.0,137.0,139.0,131.0,125.0,125.0,127.0,131.0,133.0,130.0,126.0,168.0,134.0,94.0,126.0,145.0,119.0,136.0,136.0,119.0,105.0,107.0,127.0,159.0,174.0,161.0,154.0,155.0,145.0,127.0,101.0,64.0,55.0,55.0,111.0,172.0,205.0,205.0,166.0,103.0,70.0,74.0,107.0,136.0,124.0,85.0,57.0,59.0,101.0,162.0,205.0,205.0,205.0,170.0,142.0,128.0,128.0,132.0,128.0,116.0,102.0,0.9992026650690221,0.039925356842033397
204.0,205.0,164.0,105.0,104.0,128.0,99.0,116.0,119.0,151.0,113.0,136.0,127.0,144.0,160.0,186.0,177.0,141.0,105.0,79.0,92.0,107.0,140.0,154.0,158.0,146.0,147.0,136.0,123.0,120.0,124.0,128.0,125.0,132.0,137.0,132.0,122.0,127.0,131.0,133.0,137.0,139.0,129.0,120.0,120.0,125.0,132.0,137.0,134.0,126.0,127.0,106.0,150.0,150.0,92.0,82.0,92.0,87.0,88.0,115.0,142.0,187.0,205.0,205.0,192.0,148.0,85.0,55.0,55.0,55.0,55.0,146.0,205.0,205.0,205.0,205.0,205.0,103.0,55.0,55.0,55.0,55.0,55.0,55.0,130.0,205.0,205.0,205.0,156.0,108.0,85.0,89.0,106.0,122.0,129.0,125.0,115.0,110.0,116.0,127.0,0.9477309595366993,-0.319070569522868
205.0,193.0,204.0,99.0,111.0,119.0,106.0,107.0,115.0,150.0,116.0,137.0,125.0,144.0,148.0,180.0,174.0,152.0,112.0,83.0,86.0,101.0,132.0,151.0,161.0,148.0,149.0,136.0,123.0,118.0,124.0,127.0,126.0,130.0,135.0,131.0,120.0,124.0,134.0,138.0,140.0,137.0,125.0,117.0,119.0,127.0,134.0,137.0,133.0,126.0,152.0,138.0,128.0,110.0,77.0,77.0,83.0,114.0,131.0,152.0,145.0,151.0,158.0,174.0,169.0,131.0,72.0,55.0,55.0,107.0,205.0,205.0,205.0,169.0,102.0,74.0,92.0,134.0,165.0,165.0,137.0,101.0,76.0,71.0,83.0,100.0,111.0,116.0,119.0,127.0,143.0,157.0,162.0,154.0,138.0,125.0,121.0,126.0,134.0,137.0,0.7689053365995595,-0.6393626383741218
160.0,193.0,195.0,126.0,97.0,119.0,108.0,107.0,98.0,145.0,120.0,127.0,125.0,152.0,138.0,142.0,138.0,117.0,110.0,110.0,128.0,137.0,144.0,137.0,137.0,125.0,121.0,126.0,120.0,113.0,122.0,135.0,138.0,138.0,137.0,137.0,127.0,123.0,133.0,136.0,131.0,132.0,131.0,122.0,120.0,125.0,130.0,132.0,133.0,130.0,154.0,152.0,146.0,146.0,128.0,125.0,160.0,169.0,154.0,133.0,112.0,99.0,105.0,114.0,112.0,114.0,123.0,139.0,161.0,175.0,158.0,114.0,78.0,71.0,97.0,129.0,131.0,95.0,60.0,65.0,121.0,199.0,205.0,205.0,205.0,126.0,79.0,67.0,88.0,120.0,143.0,146.0,134.0,119.0,114.0,125.0,141.0,151.0,147.0,133.0,0.4843453363860707,-0.8748769028389445
82.0,55.0,55.0,159.0,135.0,159.0,132.0,173.0,121.0,128.0,117.0,134.0,120.0,122.0,112.0,83.0,87.0,98.0,140.0,161.0,174.0,155.0,138.0,109.0,104.0,107.0,109.0,115.0,129.0,137.0,132.0,130.0,130.0,131.0,121.0,125.0,133.0,133.0,127.0,127.0,123.0,118.0,124.0,134.0,138.0,134.0,128.0,122.0,122.0,130.0,179.0,169.0,105.0,77.0,109.0,133.0,125.0,128.0,142.0,136.0,129.0,111.0,99.0,99.0,110.0,116.0,122.0,138.0,171.0,204.0,205.0,186.0,144.0,83.0,55.0,55.0,55.0,78.0,141.0,198.0,205.0,205.0,205.0,205.0,100.0,55.0,55.0,55.0,55.0,70.0,162.0,178.0,171.0,154.0,142.0,143.0,151.0,158.0,155.0,144.0,0.13272317199359215,-0.9911531463986579
55.0,110.0,159.0,141.0,158.0,157.0,138.0,113.0,122.0,137.0,124.0,124.0,104.0,81.0,70.0,97.0,137.0,175.0,181.0,164.0,136.0,107.0,96.0,102.0,107.0,112.0,129.0,138.0,137.0,132.0,134.0,131.0,122.0,123.0,134.0,135.0,128.0,125.0,121.0,116.0,122.0,135.0,139.0,136.0,128.0,122.0,122.0,130.0,137.0,139.0,143.0,100.0,104.0,114.0,92.0,96.0,111.0,126.0,130.0,128.0,128.0,147.0,167.0,166.0,139.0,91.0,55.0,55.0,55.0,115.0,164.0,188.0,179.0,163.0,159.0,157.0,150.0,138.0,116.0,88.0,69.0,72.0,83.0,103.0,131.0,163.0,189.0,202.0,194.0,170.0,142.0,117.0,96.0,83.0,81.0,86.0,94.0,103.0,111.0,118.0,-0.23653772641937268,-0.9716223052093617
104.0,112.0,166.0,137.0,153.0,172.0,127.0,135.0,110.0,156.0,101.0,132.0,105.0,114.0,103.0,130.0,139.0,145.0,144.0,133.0,138.0,122.0,124.0,119.0,123.0,117.0,135.0,137.0,132.0,125.0,125.0,127.0,122.0,125.0,133.0,134.0,124.0,127.0,126.0,122.0,126.0,135.0,136.0,133.0,129.0,126.0,124.0,128.0,133.0,134.0,122.0,103.0,115.0,121.0,112.0,138.0,162.0,157.0,135.0,111.0,96.0,102.0,126.0,139.0,132.0,116.0,113.0,133.0,163.0,174.0,141.0,73.0,55.0,55.0,55.0,160.0,205.0,205.0,205.0,150.0,92.0,56.0,55.0,55.0,99.0,147.0,183.0,204.0,204.0,187.0,159.0,131.0,111.0,100.0,99.0,105.0,111.0,115.0,112.0,107.0,-0.5717239204900695,-0.8204460730233674
89.0,196.0,109.0,187.0,127.0,184.0,96.0,144.0,127.0,136.0,112.0,115.0,123.0,105.0,136.0,129.0,150.0,133.0,138.0,123.0,130.0,119.0,129.0,130.0,125.0,132.0,139.0,135.0,123.0,124.0,121.0,125.0,120.0,131.0,135.0,128.0,123.0,129.0,126.0,125.0,133.0,136.0,133.0,130.0,127.0,125.0,127.0,131.0,133.0,131.0,126.0,135.0,146.0,131.0,117.0,112.0,107.0,111.0,116.0,117.0,129.0,159.0,196.0,205.0,194.0,161.0,122.0,80.0,56.0,62.0,82.0,105.0,151.0,204.0,205.0,205.0,205.0,122.0,56.0,55.0,55.0,55.0,110.0,124.0,116.0,103.0,104.0,119.0,144.0,169.0,184.0,180.0,166.0,151.0,139.0,133.0,130.0,125.0,121.0,116.0,-0.8275926395855289,-0.5613291573612198
55.0,130.0,139.0,161.0,135.0,158.0,166.0,127.0,130.0,125.0,142.0,99.0,122.0,111.0,130.0,132.0,157.0,147.0,134.0,115.0,105.0,117.0,119.0,135.0,141.0,144.0,137.0,144.0,132.0,120.0,115.0,119.0,121.0,120.0,125.0,132.0,128.0,120.0,127.0,128.0,126.0,131.0,137.0,132.0,128.0,126.0,126.0,127.0,130.0,130.0,137.0,134.0,109.0,105.0,111.0,130.0,136.0,124.0,129.0,113.0,114.0,105.0,107.0,102.0,112.0,112.0,122.0,148.0,176.0,184.0,171.0,146.0,111.0,90.0,86.0,95.0,107.0,130.0,157.0,183.0,200.0,201.0,179.0,144.0,108.0,83.0,74.0,80.0,95.0,108.0,116.0,117.0,117.0,118.0,125.0,134.0,143.0,146.0,145.0,141.0,-0.972549092665437,-0.23269779190107356
99.0,55.0,128.0,161.0,137.0,158.0,141.0,177.0,108.0,145.0,122.0,141.0,96.0,122.0,115.0,126.0,140.0,150.0,147.0,126.0,119.0,108.0,123.0,121.0,138.0,138.0,135.0,133.0,143.0,135.0,121.0,118.0,117.0,120.0,119.0,129.0,134.0,128.0,120.0,127.0,126.0,126.0,133.0,137.0,131.0,128.0,126.0,126.0,128.0,130.0,136.0,119.0,108.0,131.0,143.0,149.0,145.0,138.0,129.0,125.0,118.0,96.0,72.0,61.0,77.0,120.0,174.0,205.0,205.0,180.0,143.0,104.0,75.0,57.0,55.0,55.0,102.0,153.0,195.0,205.0,205.0,190.0,159.0,130.0,112.0,104.0,105.0,107.0,107.0,104.0,101.0,101.0,110.0,122.0,133.0,139.0,141.0,141.0,142.0,142.0,-0.9928310001711695,0.11952658741516531
82.0,107.0,97.0,111.0,122.0,135.0,104.0,124.0,145.0,156.0,141.0,125.0,96.0,75.0,86.0,120.0,163.0,174.0,164.0,137.0,115.0,100.0,106.0,108.0,104.0,111.0,131.0,144.0,145.0,145.0,141.0,130.0,121.0,130.0,138.0,134.0,129.0,126.0,119.0,116.0,124.0,132.0,133.0,131.0,126.0,124.0,127.0,132.0,135.0,134.0,179.0,139.0,130.0,118.0,135.0,139.0,107.0,118.0,151.0,170.0,142.0,99.0,70.0,92.0,131.0,158.0,168.0,155.0,131.0,137.0,172.0,186.0,161.0,102.0,55.0,55.0,55.0,55.0,113.0,202.0,205.0,205.0,205.0,205.0,79.0,55.0,55.0,55.0,55.0,78.0,183.0,204.0,198.0,180.0,160.0,147.0,145.0,149.0,150.0,141.0,-0.89309347172857,0.44987114905916104
191.0,122.0,111.0,107.0,124.0,89.0,131.0,129.0,142.0,112.0,143.0,134.0,145.0,157.0,161.0,147.0,123.0,109.0,100.0,114.0,120.0,142.0,147.0,144.0,140.0,139.0,124.0,118.0,126.0,131.0,133.0,129.0,136.0,135.0,126.0,125.0,133.0,132.0,132.0,137.0,133.0,123.0,121.0,123.0,129.0,134.0,135.0,130.0,125.0,124.0,105.0,118.0,122.0,112.0,93.0,123.0,130.0,116.0,135.0,145.0,168.0,165.0,149.0,108.0,84.0,67.0,74.0,99.0,135.0,177.0,205.0,205.0,205.0,155.0,86.0,55.0,55.0,112.0,178.0,198.0,168.0,107.0,62.0,67.0,116.0,166.0,191.0,178.0,137.0,98.0,81.0,87.0,106.0,125.0,134.0,129.0,121.0,122.0,130.0,143.0,-0.6936646623291123,0.7202980884577153
163.0,120.0,82.0,134.0,100.0,106.0,107.0,144.0,120.0,119.0,137.0,147.0,144.0,137.0,132.0,105.0,106.0,114.0,139.0,146.0,141.0,130.0,128.0,122.0,125.0,128.0,115.0,112.0,124.0,136.0,139.0,139.0,137.0,135.0,123.0,124.0,134.0,135.0,130.0,132.0,127.0,119.0,121.0,127.0,130.0,131.0,131.0,128.0,126.0,128.0,109.0,100.0,103.0,90.0,108.0,108.0,120.0,114.0,124.0,126.0,147.0,159.0,160.0,140.0,101.0,59.0,55.0,55.0,59.0,135.0,170.0,181.0,173.0,170.0,176.0,184.0,184.0,154.0,99.0,55.0,55.0,55.0,55.0,118.0,205.0,205.0,205.0,205.0,173.0,126.0,96.0,79.0,71.0,66.0,66.0,71.0,82.0,98.0,115.0,129.0,-0.4254456116421916,0.9049839951813521
198.0,115.0,102.0,95.0,132.0,92.0,106.0,116.0,139.0,112.0,126.0,152.0,152.0,146.0,125.0,110.0,88.0,104.0,124.0,153.0,157.0,150.0,135.0,121.0,113.0,117.0,118.0,109.0,116.0,132.0,142.0,142.0,141.0,138.0,130.0,122.0,131.0,138.0,133.0,130.0,129.0,122.0,118.0,124.0,131.0,132.0,132.0,129.0,126.0,128.0,132.0,170.0,140.0,126.0,109.0,102.0,101.0,110.0,135.0,127.0,139.0,138.0,169.0,196.0,205.0,150.0,76.0,55.0,55.0,55.0,55.0,116.0,183.0,205.0,205.0,205.0,205.0,135.0,55.0,55.0,55.0,55.0,76.0,200.0,205.0,205.0,205.0,164.0,155.0,163.0,171.0,160.0,132.0,96.0,68.0,61.0,73.0,92.0,105.0,109.0,-0.11983178955493724,0.9927942093969229
205.0,138.0,87.0,114.0,116.0,119.0,86.0,131.0,121.0,131.0,124.0,152.0,136.0,140.0,143.0,131.0,120.0,112.0,118.0,123.0,134.0,132.0,140.0,131.0,126.0,129.0,125.0,114.0,119.0,131.0,136.0,136.0,133.0,137.0,129.0,122.0,128.0,135.0,130.0,130.0,131.0,123.0,118.0,124.0,133.0,135.0,132.0,125.0,123.0,125.0,155.0,178.0,137.0,110.0,138.0,139.0,128.0,104.0,101.0,111.0,141.0,151.0,146.0,137.0,137.0,149.0,159.0,159.0,144.0,118.0,92.0,101.0,150.0,196.0,205.0,176.0,116.0,58.0,55.0,60.0,139.0,194.0,205.0,205.0,146.0,82.0,55.0,55.0,55.0,56.0,116.0,137.0,151.0,162.0,169.0,173.0,171.0,161.0,148.0,139.0,0.19021633452907408,0.9817421993977459
109.0,205.0,192.0,199.0,97.0,118.0,121.0,107.0,106.0,115.0,152.0,118.0,138.0,126.0,144.0,148.0,181.0,175.0,154.0,112.0,84.0,86.0,101.0,132.0,152.0,161.0,149.0,149.0,136.0,124.0,118.0,123.0,126.0,124.0,129.0,141.0,138.0,124.0,122.0,127.0,130.0,137.0,142.0,132.0,120.0,117.0,122.0,131.0,137.0,135.0,162.0,139.0,107.0,110.0,96.0,126.0,118.0,131.0,120.0,133.0,118.0,110.0,87.0,78.0,80.0,93.0,114.0,137.0,170.0,195.0,205.0,204.0,169.0,112.0,59.0,55.0,55.0,55.0,147.0,205.0,205.0,205.0,205.0,163.0,112.0,73.0,57.0,59.0,69.0,81.0,90.0,98.0,106.0,116.0,126.0,135.0,144.0,150.0,154.0,155.0,0.4751276330334739,0.8799168894435477
175.0,202.0,149.0,99.0,120.0,109.0,113.0,90.0,136.0,127.0,131.0,120.0,151.0,137.0,143.0,146.0,135.0,123.0,112.0,117.0,122.0,132.0,132.0,141.0,134.0,131.0,130.0,126.0,114.0,118.0,132.0,137.0,137.0,133.0,137.0,130.0,123.0,129.0,136.0,131.0,132.0,133.0,127.0,120.0,122.0,125.0,128.0,135.0,136.0,133.0,151.0,133.0,110.0,104.0,124.0,162.0,184.0,169.0,122.0,77.0,55.0,58.0,71.0,78.0,78.0,100.0,160.0,205.0,205.0,205.0,205.0,55.0,55.0,55.0,55.0,93.0,205.0,205.0,205.0,134.0,116.0,141.0,188.0,205.0,198.0,137.0,82.0,55.0,56.0,82.0,100.0,104.0,102.0,96.0,104.0,124.0,151.0,168.0,162.0,144.0,0.7112132997164539,0.7029762743552826
205.0,202.0,141.0,106.0,98.0,131.0,94.0,127.0,121.0,141.0,107.0,143.0,135.0,147.0,156.0,168.0,158.0,132.0,109.0,90.0,103.0,110.0,140.0,150.0,152.0,144.0,143.0,129.0,119.0,122.0,127.0,131.0,127.0,134.0,135.0,128.0,122.0,131.0,131.0,132.0,136.0,136.0,125.0,120.0,121.0,126.0,133.0,136.0,132.0,125.0,131.0,98.0,130.0,142.0,114.0,128.0,137.0,120.0,109.0,108.0,127.0,160.0,173.0,160.0,156.0,154.0,141.0,122.0,94.0,57.0,55.0,55.0,121.0,181.0,205.0,205.0,152.0,98.0,73.0,82.0,110.0,131.0,115.0,80.0,58.0,67.0,111.0,170.0,205.0,205.0,203.0,164.0,137.0,126.0,128.0,131.0,126.0,113.0,99.0,93.0,0.8819556897386926,0.47133232579311485
127.0,201.0,188.0,164.0,89.0,126.0,104.0,115.0,96.0,138.0,132.0,123.0,131.0,138.0,143.0,141.0,162.0,143.0,135.0,112.0,108.0,110.0,121.0,132.0,144.0,143.0,135.0,139.0,129.0,119.0,120.0,130.0,132.0,132.0,132.0,137.0,130.0,123.0,130.0,134.0,131.0,134.0,135.0,125.0,119.0,119.0,129.0,136.0,138.0,130.0,116.0,106.0,125.0,156.0,127.0,88.0,92.0,83.0,75.0,89.0,131.0,172.0,205.0,205.0,205.0,170.0,118.0,60.0,55.0,55.0,55.0,76.0,205.0,205.0,205.0,205.0,205.0,205.0,67.0,55.0,55.0,55.0,55.0,55.0,71.0,188.0,205.0,205.0,185.0,128.0,89.0,80.0,94.0,114.0,128.0,130.0,121.0,112.0,112.0,121.0,0.9782414813296204,0.20746952596955032
140.0,75.0,120.0,109.0,111.0,101.0,138.0,125.0,119.0,135.0,140.0,143.0,139.0,152.0,128.0,123.0,109.0,115.0,121.0,128.0,135.0,139.0,134.0,128.0,133.0,122.0,115.0,122.0,132.0,134.0,133.0,133.0,136.0,126.0,122.0,131.0,133.0,129.0,133.0,132.0,123.0,120.0,123.0,127.0,130.0,133.0,130.0,126.0,125.0,126.0,171.0,114.0,111.0,70.0,117.0,100.0,125.0,131.0,131.0,117.0,114.0,130.0,153.0,175.0,152.0,113.0,79.0,92.0,129.0,173.0,181.0,153.0,110.0,90.0,104.0,142.0,178.0,187.0,171.0,141.0,113.0,94.0,87.0,85.0,86.0,91.0,101.0,118.0,138.0,157.0,166.0,162.0,146.0,130.0,120.0,122.0,129.0,133.0,131.0,124.0,0.9977992202890117,-0.06630773703452993
84.0,102.0,108.0,100.0,118.0,135.0,118.0,115.0,138.0,153.0,145.0,135.0,106.0,79.0,78.0,113.0,154.0,173.0,164.0,143.0,122.0,106.0,107.0,110.0,105.0,106.0,125.0,141.0,146.0,145.0,143.0,134.0,122.0,126.0,137.0,136.0,128.0,128.0,122.0,116.0,121.0,129.0,133.0,130.0,127.0,126.0,127.0,131.0,134.0,134.0,125.0,115.0,114.0,142.0,165.0,154.0,149.0,126.0,138.0,142.0,149.0,120.0,89.0,64.0,78.0,130.0,188.0,205.0,182.0,136.0,103.0,101.0,109.0,99.0,64.0,55.0,55.0,121.0,197.0,205.0,205.0,195.0,128.0,84.0,70.0,87.0,122.0,152.0,162.0,152.0,133.0,121.0,125.0,137.0,146.0,141.0,128.0,118.0,119.0,126.0,0.9441371268596974,-0.3295528571945867
55.0,81.0,148.0,148.0,146.0,152.0,156.0,129.0,117.0,136.0,123.0,126.0,115.0,103.0,76.0,83.0,108.0,152.0,178.0,176.0,155.0,123.0,100.0,99.0,107.0,108.0,119.0,132.0,136.0,134.0,137.0,138.0,128.0,116.0,124.0,135.0,133.0,129.0,126.0,119.0,117.0,127.0,137.0,140.0,134.0,126.0,120.0,124.0,133.0,139.0,98.0,142.0,154.0,121.0,137.0,151.0,132.0,116.0,116.0,107.0,110.0,114.0,117.0,126.0,154.0,191.0,205.0,200.0,165.0,128.0,88.0,59.0,59.0,78.0,99.0,142.0,198.0,205.0,205.0,205.0,135.0,64.0,55.0,55.0,55.0,105.0,124.0,118.0,104.0,102.0,116.0,139.0,165.0,182.0,182.0,169.0,153.0,142.0,135.0,132.0,0.8252560003933356,-0.564758828009616
55.0,109.0,185.0,122.0,171.0,131.0,180.0,102.0,149.0,123.0,137.0,99.0,118.0,120.0,119.0,143.0,140.0,147.0,123.0,125.0,113.0,127.0,121.0,135.0,134.0,130.0,134.0,141.0,134.0,120.0,120.0,118.0,122.0,119.0,131.0,134.0,126.0,121.0,128.0,125.0,126.0,133.0,136.0,131.0,128.0,126.0,126.0,128.0,130.0,130.0,120.0,107.0,119.0,129.0,133.0,118.0,107.0,116.0,130.0,134.0,129.0,119.0,110.0,108.0,106.0,102.0,107.0,114.0,123.0,140.0,163.0,177.0,176.0,159.0,128.0,99.0,88.0,91.0,100.0,119.0,147.0,173.0,191.0,196.0,182.0,155.0,125.0,101.0,86.0,81.0,85.0,94.0,102.0,109.0,114.0,118.0,126.0,136.0,144.0,149.0,0.6523568187305026,-0.7579119876712719
205.0,113.0,98.0,92.0,128.0,101.0,101.0,126.0,129.0,120.0,121.0,153.0,139.0,144.0,130.0,121.0,99.0,107.0,121.0,143.0,149.0,142.0,136.0,123.0,117.0,120.0,121.0,110.0,118.0,132.0,140.0,139.0,138.0,137.0,129.0,122.0,129.0,137.0,131.0,130.0,130.0,123.0,118.0,124.0,129.0,131.0,132.0,129.0,126.0,127.0,173.0,160.0,118.0,93.0,77.0,96.0,124.0,150.0,153.0,155.0,154.0,160.0,164.0,148.0,100.0,55.0,55.0,55.0,58.0,164.0,205.0,205.0,205.0,205.0,90.0,55.0,55.0,55.0,55.0,72.0,142.0,179.0,199.0,198.0,183.0,159.0,134.0,115.0,108.0,113.0,120.0,120.0,113.0,104.0,99.0,105.0,119.0,132.0,140.0,142.0,0.43869354977376035,-0.898636728265041
204.0,101.0,106.0,116.0,104.0,108.0,116.0,150.0,116.0,135.0,125.0,143.0,148.0,181.0,175.0,153.0,111.0,82.0,84.0,99.0,130.0,150.0,159.0,152.0,153.0,137.0,119.0,112.0,121.0,128.0,128.0,130.0,134.0,131.0,120.0,125.0,131.0,132.0,135.0,138.0,129.0,119.0,118.0,122.0,130.0,136.0,133.0,126.0,120.0,120.0,185.0,153.0,108.0,114.0,115.0,122.0,142.0,168.0,165.0,163.0,155.0,147.0,131.0,118.0,95.0,61.0,55.0,85.0,159.0,205.0,205.0,205.0,133.0,64.0,55.0,95.0,141.0,153.0,119.0,63.0,55.0,55.0,143.0,205.0,205.0,205.0,171.0,110.0,85.0,93.0,117.0,139.0,141.0,124.0,106.0,102.0,115.0,134.0,148.0,148.0,0.19865361422889588,-0.9800697636157321
200.0,190.0,167.0,84.0,128.0,103.0,116.0,96.0,140.0,136.0,124.0,125.0,136.0,143.0,143.0,166.0,146.0,132.0,107.0,107.0,112.0,125.0,132.0,143.0,142.0,135.0,140.0,131.0,120.0,120.0,129.0,131.0,132.0,132.0,138.0,131.0,123.0,129.0,134.0,131.0,134.0,136.0,127.0,121.0,122.0,126.0,131.0,135.0,133.0,128.0,176.0,144.0,103.0,109.0,114.0,122.0,107.0,93.0,92.0,106.0,114.0,127.0,155.0,178.0,184.0,168.0,131.0,86.0,63.0,65.0,82.0,113.0,148.0,178.0,203.0,205.0,205.0,205.0,144.0,80.0,55.0,55.0,55.0,69.0,154.0,182.0,176.0,149.0,124.0,112.0,114.0,124.0,132.0,131.0,125.0,118.0,116.0,119.0,124.0,129.0,-0.052910092070477824,-0.9985992800703861
118.0,180.0,128.0,164.0,135.0,181.0,106.0,149.0,123.0,139.0,99.0,121.0,120.0,123.0,143.0,145.0,148.0,125.0,123.0,111.0,127.0,122.0,138.0,137.0,133.0,135.0,143.0,135.0,121.0,120.0,118.0,122.0,120.0,131.0,134.0,128.0,122.0,128.0,127.0,126.0,134.0,137.0,132.0,128.0,127.0,126.0,128.0,131.0,131.0,129.0,127.0,95.0,76.0,106.0,121.0,146.0,113.0,104.0,96.0,97.0,111.0,127.0,134.0,135.0,148.0,156.0,163.0,149.0,111.0,60.0,55.0,55.0,57.0,147.0,192.0,204.0,191.0,173.0,165.0,168.0,165.0,132.0,73.0,55.0,55.0,55.0,72.0,201.0,205.0,205.0,205.0,158.0,113.0,94.0,93.0,97.0,96.0,88.0,82.0,84.0,-0.301117639807402,-0.9535870002243213
55.0,55.0,70.0,190.0,117.0,171.0,130.0,171.0,111.0,131.0,134.0,120.0,119.0,108.0,122.0,95.0,120.0,112.0,143.0,145.0,154.0,141.0,131.0,114.0,113.0,119.0,114.0,128.0,135.0,136.0,125.0,126.0,125.0,127.0,121.0,129.0,134.0,127.0,124.0,127.0,123.0,121.0,130.0,135.0,135.0,131.0,126.0,123.0,125.0,131.0,102.0,89.0,95.0,112.0,154.0,177.0,180.0,150.0,103.0,82.0,87.0,94.0,90.0,95.0,114.0,159.0,205.0,205.0,205.0,205.0,55.0,55.0,55.0,55.0,55.0,136.0,205.0,205.0,205.0,205.0,205.0,205.0,55.0,55.0,55.0,55.0,77.0,205.0,205.0,205.0,205.0,134.0,119.0,111.0,124.0,135.0,129.0,106.0,83.0,75.0,-0.5313272085096419,-0.8471666881419214
71.0,55.0,65.0,176.0,125.0,162.0,130.0,172.0,119.0,128.0,126.0,126.0,119.0,115.0,116.0,85.0,97.0,104.0,145.0,158.0,167.0,148.0,132.0,108.0,106.0,112.0,111.0,120.0,132.0,136.0,129.0,129.0,128.0,129.0,121.0,126.0,134.0,130.0,125.0,127.0,123.0,119.0,126.0,134.0,136.0,133.0,127.0,121.0,121.0,128.0,108.0,155.0,148.0,127.0,134.0,145.0,116.0,121.0,132.0,135.0,131.0,111.0,99.0,100.0,127.0,147.0,151.0,138.0,128.0,139.0,158.0,167.0,154.0,116.0,74.0,73.0,119.0,179.0,205.0,190.0,132.0,78.0,71.0,115.0,171.0,200.0,187.0,136.0,80.0,55.0,55.0,88.0,124.0,146.0,146.0,134.0,126.0,132.0,145.0,157.0,-0.7293087162465607,-0.6841847677395293
155.0,55.0,55.0,82.0,155.0,157.0,143.0,157.0,142.0,123.0,117.0,138.0,127.0,123.0,113.0,91.0,74.0,86.0,119.0,161.0,181.0,172.0,149.0,116.0,98.0,100.0,106.0,109.0,123.0,135.0,137.0,133.0,133.0,133.0,125.0,120.0,130.0,136.0,129.0,126.0,124.0,118.0,119.0,130.0,138.0,138.0,131.0,123.0,121.0,126.0,153.0,117.0,103.0,108.0,132.0,125.0,115.0,100.0,110.0,120.0,130.0,129.0,124.0,115.0,101.0,89.0,81.0,87.0,96.0,114.0,142.0,176.0,201.0,205.0,198.0,162.0,105.0,57.0,55.0,55.0,58.0,162.0,205.0,205.0,205.0,205.0,155.0,107.0,80.0,69.0,68.0,71.0,74.0,79.0,88.0,102.0,117.0,132.0,143.0,150.0,-0.8814281744619717,-0.4723180848375763
187.0,131.0,162.0,150.0,160.0,113.0,142.0,141.0,130.0,104.0,111.0,120.0,136.0,164.0,160.0,146.0,114.0,105.0,104.0,121.0,131.0,145.0,145.0,137.0,143.0,145.0,133.0,117.0,117.0,116.0,119.0,121.0,133.0,134.0,124.0,122.0,128.0,128.0,130.0,137.0,136.0,129.0,126.0,126.0,127.0,131.0,131.0,129.0,126.0,127.0,103.0,108.0,115.0,126.0,153.0,155.0,129.0,120.0,133.0,162.0,166.0,123.0,60.0,55.0,55.0,55.0,123.0,147.0,141.0,142.0,166.0,201.0,205.0,162.0,59.0,55.0,55.0,55.0,83.0,205.0,205.0,205.0,205.0,134.0,135.0,166.0,197.0,195.0,157.0,100.0,56.0,55.0,55.0,84.0,105.0,107.0,103.0,104.0,119.0,145.0,-0.9735859946962488,-0.22832063185642165
55.0,84.0,76.0,183.0,125.0,162.0,153.0,148.0,123.0,116.0,147.0,109.0,130.0,107.0,117.0,91.0,118.0,123.0,148.0,150.0,147.0,139.0,122.0,115.0,114.0,121.0,115.0,131.0,134.0,133.0,125.0,126.0,127.0,124.0,121.0,131.0,134.0,126.0,126.0,126.0,122.0,122.0,132.0,136.0,134.0,130.0,125.0,123.0,127.0,132.0,161.0,150.0,127.0,94.0,122.0,142.0,146.0,146.0,144.0,150.0,158.0,162.0,151.0,141.0,114.0,97.0,116.0,165.0,200.0,205.0,173.0,113.0,65.0,60.0,99.0,155.0,201.0,205.0,156.0,85.0,55.0,55.0,55.0,119.0,155.0,149.0,122.0,100.0,100.0,124.0,155.0,176.0,178.0,169.0,157.0,149.0,145.0,143.0,138.0,129.0,-0.9995128812607358,0.031208976174529435
125.0,170.0,142.0,145.0,152.0,171.0,128.0,130.0,134.0,133.0,104.0,109.0,117.0,131.0,155.0,173.0,163.0,128.0,99.0,87.0,103.0,121.0,144.0,152.0,147.0,142.0,148.0,139.0,122.0,113.0,112.0,114.0,116.0,127.0,134.0,127.0,118.0,124.0,127.0,128.0,135.0,139.0,132.0,125.0,123.0,126.0,129.0,132.0,129.0,125.0,124.0,128.0,97.0,121.0,137.0,127.0,89.0,65.0,65.0,89.0,112.0,121.0,143.0,176.0,205.0,205.0,194.0,130.0,60.0,55.0,55.0,55.0,75.0,202.0,205.0,205.0,205.0,205.0,184.0,90.0,55.0,55.0,55.0,55.0,67.0,149.0,166.0,159.0,141.0,125.0,119.0,123.0,134.0,142.0,141.0,134.0,124.0,116.0,116.0,120.0,-0.9574450845599426,0.2886155055640711
58.0,77.0,193.0,108.0,181.0,126.0,180.0,101.0,143.0,127.0,127.0,112.0,112.0,125.0,104.0,136.0,125.0,146.0,130.0,141.0,129.0,131.0,116.0,123.0,128.0,125.0,135.0,138.0,133.0,120.0,122.0,120.0,126.0,120.0,131.0,134.0,126.0,123.0,128.0,125.0,124.0,133.0,135.0,132.0,129.0,127.0,124.0,127.0,130.0,132.0,136.0,105.0,103.0,135.0,176.0,187.0,156.0,97.0,60.0,55.0,65.0,77.0,79.0,82.0,121.0,194.0,205.0,205.0,205.0,95.0,55.0,55.0,55.0,71.0,198.0,205.0,205.0,164.0,121.0,125.0,163.0,200.0,205.0,169.0,113.0,69.0,55.0,65.0,88.0,103.0,103.0,97.0,99.0,116.0,142.0,161.0,163.0,151.0,134.0,125.0,-0.8502443851331405,0.526388151034546
55.0,97.0,99.0,171.0,137.0,150.0,166.0,129.0,134.0,110.0,153.0,102.0,132.0,106.0,114.0,96.0,120.0,130.0,146.0,150.0,140.0,139.0,118.0,118.0,116.0,122.0,116.0,134.0,135.0,131.0,124.0,125.0,127.0,122.0,123.0,132.0,134.0,124.0,126.0,126.0,122.0,124.0,134.0,135.0,133.0,129.0,124.0,123.0,127.0,133.0,101.0,125.0,145.0,122.0,124.0,139.0,119.0,115.0,103.0,120.0,149.0,175.0,165.0,160.0,155.0,142.0,125.0,98.0,61.0,55.0,55.0,114.0,175.0,205.0,205.0,165.0,102.0,68.0,73.0,105.0,131.0,118.0,80.0,57.0,67.0,112.0,170.0,205.0,205.0,192.0,160.0,135.0,127.0,131.0,135.0,130.0,115.0,100.0,94.0,104.0,-0.6852034129603878,0.7283517576469739
121.0,55.0,129.0,145.0,162.0,137.0,160.0,160.0,128.0,125.0,136.0,145.0,105.0,112.0,107.0,129.0,140.0,167.0,153.0,132.0,107.0,99.0,112.0,122.0,141.0,144.0,141.0,134.0,145.0,139.0,125.0,115.0,115.0,116.0,118.0,126.0,134.0,129.0,119.0,124.0,127.0,127.0,132.0,139.0,132.0,127.0,125.0,126.0,128.0,131.0,140.0,137.0,145.0,129.0,75.0,106.0,115.0,135.0,142.0,153.0,157.0,171.0,166.0,139.0,100.0,57.0,55.0,55.0,122.0,194.0,205.0,205.0,205.0,205.0,115.0,61.0,55.0,55.0,55.0,56.0,140.0,189.0,205.0,205.0,205.0,154.0,96.0,56.0,55.0,55.0,55.0,104.0,128.0,141.0,147.0,151.0,155.0,163.0,168.0,166.0,-0.47354954573643443,0.8807671813440919
120.0,55.0,55.0,111.0,154.0,149.0,143.0,163.0,134.0,120.0,116.0,142.0,127.0,120.0,105.0,79.0,76.0,94.0,134.0,168.0,180.0,165.0,141.0,111.0,97.0,102.0,106.0,110.0,126.0,137.0,137.0,132.0,132.0,132.0,122.0,121.0,132.0,135.0,128.0,126.0,123.0,117.0,121.0,133.0,139.0,136.0,129.0,122.0,121.0,128.0,128.0,107.0,105.0,138.0,110.0,153.0,116.0,104.0,85.0,104.0,117.0,139.0,138.0,134.0,149.0,164.0,172.0,152.0,109.0,57.0,55.0,55.0,102.0,168.0,205.0,205.0,183.0,164.0,152.0,144.0,131.0,103.0,66.0,55.0,55.0,91.0,143.0,187.0,202.0,189.0,161.0,134.0,118.0,117.0,120.0,118.0,109.0,100.0,97.0,102.0,-0.22968113483181685,0.9732659329815099
55.0,111.0,107.0,186.0,113.0,175.0,152.0,149.0,115.0,128.0,143.0,108.0,121.0,108.0,129.0,120.0,156.0,144.0,142.0,118.0,113.0,116.0,123.0,132.0,136.0,138.0,128.0,142.0,138.0,129.0,117.0,119.0,118.0,120.0,123.0,133.0,132.0,121.0,124.0,127.0,125.0,129.0,137.0,134.0,129.0,126.0,126.0,126.0,129.0,131.0,134.0,114.0,105.0,123.0,121.0,110.0,137.0,161.0,158.0,134.0,110.0,93.0,103.0,128.0,139.0,132.0,115.0,114.0,135.0,166.0,173.0,134.0,65.0,55.0,55.0,57.0,172.0,205.0,205.0,205.0,142.0,87.0,55.0,55.0,55.0,106.0,154.0,188.0,203.0,197.0,180.0,158.0,134.0,112.0,98.0,96.0,104.0,112.0,116.0,112.0,0.02981198317533032,0.9995555240501419
155.0,205.0,187.0,120.0,111.0,110.0,125.0,89.0,129.0,128.0,141.0,113.0,144.0,134.0,144.0,156.0,159.0,146.0,122.0,110.0,101.0,115.0,121.0,142.0,146.0,143.0,139.0,137.0,124.0,118.0,126.0,131.0,133.0,129.0,136.0,135.0,126.0,125.0,133.0,132.0,132.0,136.0,133.0,123.0,121.0,124.0,128.0,134.0,135.0,131.0,154.0,135.0,140.0,136.0,112.0,121.0,108.0,111.0,113.0,125.0,121.0,141.0,175.0,205.0,205.0,178.0,143.0,102.0,66.0,56.0,73.0,91.0,124.0,177.0,205.0,205.0,205.0,164.0,87.0,55.0,55.0,55.0,95.0,122.0,121.0,105.0,97.0,107.0,132.0,160.0,183.0,188.0,176.0,158.0,144.0,136.0,133.0,131.0,124.0,114.0,0.2872770569305935,0.957847530957457
205.0,205.0,149.0,108.0,100.0,132.0,94.0,122.0,121.0,149.0,111.0,141.0,130.0,146.0,156.0,177.0,168.0,139.0,109.0,85.0,96.0,107.0,140.0,154.0,156.0,146.0,147.0,133.0,121.0,121.0,126.0,129.0,126.0,133.0,137.0,130.0,123.0,130.0,132.0,132.0,137.0,138.0,128.0,121.0,120.0,126.0,133.0,137.0,133.0,125.0,129.0,120.0,118.0,117.0,124.0,115.0,118.0,122.0,129.0,126.0,123.0,113.0,109.0,106.0,103.0,106.0,109.0,114.0,130.0,159.0,179.0,179.0,163.0,135.0,105.0,90.0,90.0,98.0,111.0,136.0,164.0,186.0,196.0,188.0,164.0,133.0,107.0,88.0,80.0,81.0,90.0,102.0,112.0,114.0,112.0,118.0,131.0,145.0,150.0,150.0,0.5251992985107193,0.8509792575873094
147.0,83.0,114.0,107.0,120.0,89.0,137.0,121.0,128.0,122.0,149.0,137.0,140.0,148.0,134.0,124.0,110.0,115.0,120.0,131.0,131.0,140.0,134.0,128.0,131.0,126.0,116.0,119.0,131.0,134.0,134.0,133.0,136.0,129.0,122.0,129.0,134.0,130.0,131.0,133.0,125.0,120.0,122.0,126.0,130.0,132.0,131.0,127.0,125.0,127.0,171.0,148.0,102.0,82.0,79.0,111.0,140.0,154.0,155.0,153.0,157.0,163.0,161.0,126.0,66.0,55.0,55.0,55.0,123.0,205.0,205.0,205.0,205.0,100.0,70.0,55.0,55.0,55.0,55.0,116.0,164.0,192.0,201.0,191.0,171.0,146.0,123.0,110.0,110.0,116.0,120.0,118.0,109.0,101.0,101.0,111.0,126.0,136.0,142.0,142.0,0.7273933762793453,0.6862207196995256
205.0,158.0,113.0,93.0,128.0,96.0,117.0,119.0,148.0,112.0,135.0,129.0,143.0,156.0,179.0,173.0,143.0,107.0,79.0,88.0,103.0,138.0,154.0,159.0,147.0,147.0,133.0,120.0,117.0,121.0,125.0,128.0,135.0,139.0,127.0,117.0,125.0,131.0,135.0,138.0,137.0,126.0,117.0,118.0,125.0,133.0,137.0,133.0,127.0,119.0,134.0,135.0,195.0,165.0,140.0,143.0,171.0,146.0,126.0,112.0,100.0,105.0,117.0,126.0,122.0,138.0,156.0,169.0,157.0,137.0,107.0,79.0,82.0,127.0,175.0,185.0,154.0,97.0,55.0,55.0,55.0,151.0,205.0,205.0,205.0,205.0,117.0,80.0,55.0,55.0,55.0,78.0,108.0,129.0,146.0,159.0,165.0,166.0,160.0,152.0,0.8801044677286826,0.474780081599905
205.0,189.0,188.0,84.0,124.0,106.0,116.0,97.0,128.0,139.0,122.0,134.0,131.0,142.0,139.0,172.0,158.0,147.0,112.0,98.0,97.0,111.0,130.0,147.0,151.0,141.0,144.0,132.0,122.0,118.0,127.0,130.0,129.0,130.0,137.0,132.0,123.0,128.0,132.0,131.0,134.0,137.0,128.0,121.0,120.0,125.0,130.0,136.0,133.0,127.0,156.0,161.0,94.0,93.0,65.0,116.0,97.0,114.0,114.0,132.0,155.0,177.0,180.0,162.0,132.0,82.0,61.0,59.0,84.0,118.0,159.0,180.0,196.0,205.0,205.0,183.0,139.0,81.0,55.0,55.0,55.0,112.0,180.0,191.0,157.0,106.0,78.0,88.0,123.0,161.0,180.0,170.0,142.0,115.0,101.0,102.0,111.0,120.0,122.0,120.0,0.9729439700814613,0.23104118914627436
63.0,70.0,183.0,123.0,164.0,145.0,159.0,122.0,121.0,142.0,113.0,126.0,109.0,124.0,89.0,110.0,110.0,145.0,155.0,158.0,144.0,124.0,111.0,111.0,119.0,115.0,130.0,135.0,134.0,125.0,127.0,128.0,127.0,121.0,129.0,135.0,127.0,126.0,127.0,123.0,121.0,130.0,136.0,135.0,131.0,126.0,123.0,126.0,132.0,135.0,120.0,89.0,84.0,101.0,129.0,107.0,98.0,93.0,117.0,124.0,131.0,129.0,144.0,158.0,160.0,138.0,94.0,56.0,55.0,55.0,84.0,147.0,172.0,175.0,170.0,173.0,186.0,183.0,174.0,141.0,90.0,55.0,55.0,55.0,55.0,126.0,205.0,205.0,205.0,205.0,165.0,120.0,92.0,77.0,71.0,67.0,67.0,72.0,85.0,101.0,0.9995962142999438,-0.028414931941161185
55.0,100.0,95.0,181.0,133.0,159.0,161.0,135.0,130.0,113.0,155.0,103.0,133.0,106.0,118.0,99.0,127.0,131.0,147.0,146.0,138.0,138.0,121.0,121.0,119.0,126.0,118.0,136.0,136.0,132.0,123.0,125.0,127.0,123.0,124.0,132.0,135.0,124.0,127.0,126.0,123.0,125.0,135.0,135.0,134.0,130.0,125.0,124.0,128.0,133.0,112.0,108.0,113.0,137.0,154.0,155.0,140.0,107.0,95.0,105.0,121.0,129.0,138.0,143.0,158.0,188.0,205.0,178.0,113.0,55.0,55.0,55.0,55.0,69.0,174.0,205.0,205.0,205.0,205.0,205.0,55.0,55.0,55.0,55.0,55.0,124.0,205.0,205.0,205.0,205.0,147.0,128.0,127.0,132.0,128.0,112.0,91.0,79.0,80.0,93.0,0.9582481062880855,-0.2859380471278665
105.0,151.0,173.0,145.0,155.0,165.0,129.0,131.0,129.0,152.0,104.0,117.0,104.0,131.0,145.0,178.0,172.0,142.0,104.0,83.0,97.0,114.0,143.0,152.0,153.0,142.0,150.0,143.0,128.0,114.0,111.0,111.0,116.0,129.0,138.0,130.0,115.0,120.0,127.0,131.0,137.0,141.0,133.0,125.0,123.0,126.0,130.0,133.0,132.0,126.0,182.0,162.0,122.0,114.0,146.0,136.0,122.0,105.0,99.0,116.0,143.0,154.0,147.0,140.0,137.0,151.0,158.0,156.0,137.0,108.0,90.0,115.0,168.0,203.0,202.0,157.0,93.0,55.0,55.0,97.0,163.0,205.0,205.0,188.0,120.0,61.0,55.0,55.0,55.0,87.0,131.0,148.0,154.0,160.0,168.0,175.0,171.0,157.0,144.0,137.0,0.8517124677319191,-0.5240094200584611
205.0,113.0,63.0,142.0,86.0,121.0,103.0,148.0,108.0,125.0,141.0,147.0,145.0,130.0,119.0,85.0,95.0,109.0,150.0,159.0,160.0,139.0,125.0,110.0,112.0,115.0,107.0,111.0,127.0,140.0,142.0,143.0,140.0,134.0,123.0,127.0,137.0,134.0,130.0,130.0,123.0,117.0,122.0,129.0,131.0,130.0,127.0,130.0,131.0,133.0,136.0,83.0,68.0,107.0,129.0,128.0,136.0,124.0,100.0,80.0,69.0,72.0,91.0,109.0,129.0,159.0,191.0,205.0,205.0,174.0,105.0,55.0,55.0,55.0,55.0,127.0,205.0,205.0,205.0,205.0,205.0,116.0,65.0,55.0,55.0,55.0,55.0,104.0,161.0,171.0,152.0,127.0,114.0,117.0,129.0,141.0,144.0,138.0,128.0,119.0,0.6872366859697229,-0.7264335740157888
205.0,185.0,188.0,85.0,120.0,115.0,111.0,108.0,122.0,147.0,115.0,141.0,126.0,146.0,150.0,183.0,168.0,147.0,109.0,90.0,94.0,108.0,135.0,150.0,156.0,144.0,148.0,136.0,124.0,119.0,126.0,128.0,127.0,131.0,137.0,132.0,123.0,128.0,132.0,132.0,135.0,139.0,130.0,122.0,120.0,125.0,131.0,137.0,134.0,127.0,134.0,122.0,111.0,108.0,132.0,162.0,181.0,166.0,124.0,79.0,57.0,63.0,71.0,74.0,72.0,96.0,162.0,205.0,205.0,205.0,205.0,55.0,55.0,55.0,55.0,93.0,205.0,205.0,205.0,136.0,119.0,144.0,185.0,205.0,190.0,140.0,88.0,58.0,56.0,77.0,98.0,105.0,100.0,97.0,107.0,130.0,154.0,165.0,158.0,142.0,0.47600969002422916,-0.8794400349103043
55.0,87.0,174.0,115.0,175.0,123.0,188.0,105.0,145.0,115.0,142.0,104.0,123.0,117.0,104.0,118.0,121.0,145.0,139.0,148.0,129.0,134.0,115.0,123.0,123.0,122.0,125.0,136.0,136.0,125.0,124.0,123.0,127.0,120.0,128.0,134.0,130.0,123.0,128.0,125.0,122.0,129.0,135.0,134.0,131.0,128.0,124.0,125.0,130.0,133.0,105.0,106.0,150.0,130.0,120.0,132.0,127.0,112.0,109.0,117.0,146.0,171.0,166.0,154.0,153.0,149.0,136.0,115.0,75.0,55.0,55.0,90.0,157.0,205.0,205.0,184.0,116.0,74.0,69.0,97.0,132.0,131.0,95.0,60.0,55.0,88.0,146.0,198.0,205.0,205.0,178.0,148.0,130.0,127.0,132.0,130.0,119.0,105.0,95.0,96.0,0.23240079214307963,-0.972620106625022
55.0,117.0,99.0,185.0,128.0,170.0,156.0,133.0,122.0,121.0,153.0,101.0,129.0,103.0,127.0,112.0,147.0,139.0,142.0,127.0,120.0,125.0,121.0,129.0,128.0,133.0,128.0,145.0,138.0,126.0,115.0,119.0,123.0,123.0,125.0,132.0,131.0,120.0,125.0,128.0,126.0,128.0,137.0,134.0,130.0,127.0,126.0,125.0,128.0,130.0,149.0,115.0,108.0,113.0,146.0,89.0,91.0,77.0,79.0,87.0,106.0,130.0,164.0,201.0,205.0,204.0,161.0,102.0,55.0,55.0,55.0,55.0,111.0,205.0,205.0,205.0,205.0,205.0,131.0,86.0,55.0,55.0,55.0,55.0,55.0,90.0,150.0,179.0,191.0,184.0,162.0,141.0,127.0,119.0,113.0,111.0,108.0,103.0,101.0,105.0,-0.027017825201040745,-0.9996349519306565
151.0,128.0,131.0,176.0,136.0,131.0,118.0,150.0,106.0,108.0,114.0,138.0,134.0,136.0,121.0,93.0,91.0,112.0,151.0,165.0,163.0,140.0,124.0,108.0,117.0,126.0,120.0,112.0,119.0,126.0,129.0,134.0,136.0,134.0,122.0,124.0,133.0,133.0,128.0,132.0,130.0,125.0,128.0,132.0,131.0,129.0,128.0,127.0,129.0,134.0,149.0,84.0,71.0,110.0,144.0,136.0,138.0,118.0,98.0,89.0,97.0,116.0,137.0,140.0,135.0,144.0,161.0,171.0,158.0,114.0,59.0,55.0,55.0,92.0,168.0,205.0,205.0,185.0,161.0,148.0,140.0,125.0,95.0,58.0,55.0,55.0,99.0,158.0,197.0,204.0,180.0,144.0,116.0,106.0,112.0,123.0,126.0,118.0,108.0,102.0,-0.2845984787715146,-0.9586468097693435
122.0,98.0,92.0,124.0,105.0,97.0,127.0,127.0,126.0,120.0,153.0,135.0,143.0,135.0,127.0,106.0,109.0,119.0,135.0,143.0,138.0,138.0,126.0,121.0,123.0,123.0,111.0,117.0,129.0,136.0,139.0,141.0,142.0,129.0,117.0,125.0,136.0,133.0,133.0,131.0,123.0,117.0,122.0,128.0,131.0,132.0,130.0,126.0,125.0,129.0,147.0,137.0,109.0,109.0,139.0,164.0,162.0,147.0,128.0,127.0,143.0,149.0,125.0,89.0,63.0,74.0,128.0,187.0,205.0,184.0,136.0,103.0,100.0,109.0,105.0,74.0,55.0,55.0,105.0,181.0,205.0,205.0,205.0,126.0,81.0,72.0,94.0,130.0,156.0,159.0,143.0,121.0,111.0,120.0,137.0,148.0,145.0,133.0,122.0,122.0,-0.5228185180020896,-0.8524440141347106
189.0,205.0,105.0,105.0,95.0,127.0,93.0,105.0,129.0,129.0,119.0,124.0,156.0,142.0,144.0,126.0,112.0,93.0,107.0,127.0,150.0,154.0,145.0,135.0,120.0,115.0,118.0,118.0,109.0,119.0,134.0,141.0,141.0,140.0,138.0,128.0,123.0,132.0,138.0,132.0,130.0,129.0,121.0,118.0,125.0,131.0,132.0,131.0,129.0,126.0,102.0,126.0,150.0,128.0,121.0,156.0,147.0,122.0,109.0,105.0,110.0,119.0,119.0,118.0,135.0,170.0,203.0,205.0,185.0,148.0,108.0,69.0,56.0,69.0,88.0,118.0,170.0,205.0,205.0,205.0,176.0,97.0,55.0,55.0,55.0,77.0,118.0,124.0,111.0,101.0,107.0,127.0,153.0,176.0,185.0,176.0,160.0,146.0,138.0,134.0,-0.7254723527311843,-0.6882513097863892
104.0,87.0,108.0,119.0,106.0,102.0,138.0,118.0,122.0,124.0,158.0,139.0,143.0,127.0,109.0,98.0,109.0,131.0,146.0,150.0,139.0,134.0,119.0,118.0,120.0,117.0,109.0,122.0,135.0,140.0,139.0,138.0,137.0,126.0,123.0,133.0,137.0,130.0,131.0,128.0,120.0,117.0,123.0,128.0,134.0,137.0,133.0,124.0,122.0,128.0,125.0,119.0,118.0,121.0,129.0,118.0,113.0,118.0,130.0,128.0,126.0,114.0,111.0,112.0,111.0,105.0,103.0,106.0,121.0,150.0,176.0,183.0,170.0,148.0,116.0,95.0,91.0,95.0,104.0,124.0,153.0,178.0,195.0,195.0,177.0,147.0,117.0,96.0,84.0,82.0,88.0,96.0,104.0,110.0,115.0,121.0,129.0,139.0,146.0,148.0,-0.8787738841868604,-0.47723836860748986
169.0,142.0,81.0,126.0,104.0,105.0,113.0,145.0,130.0,112.0,135.0,139.0,148.0,144.0,152.0,124.0,120.0,110.0,119.0,126.0,131.0,136.0,138.0,133.0,129.0,133.0,121.0,116.0,124.0,133.0,135.0,134.0,135.0,136.0,126.0,123.0,133.0,134.0,130.0,134.0,132.0,122.0,121.0,124.0,129.0,132.0,133.0,130.0,126.0,126.0,158.0,144.0,116.0,89.0,86.0,97.0,126.0,148.0,157.0,156.0,156.0,160.0,162.0,143.0,92.0,55.0,55.0,55.0,76.0,205.0,205.0,205.0,205.0,200.0,84.0,55.0,55.0,55.0,55.0,89.0,152.0,189.0,201.0,192.0,175.0,154.0,133.0,116.0,109.0,113.0,118.0,119.0,112.0,104.0,100.0,107.0,120.0,133.0,141.0,143.0,-0.9722943432448352,-0.2337599411663484
96.0,77.0,90.0,122.0,112.0,102.0,132.0,114.0,118.0,125.0,160.0,147.0,143.0,120.0,93.0,78.0,95.0,133.0,164.0,172.0,156.0,136.0,112.0,104.0,109.0,109.0,105.0,118.0,136.0,144.0,145.0,144.0,140.0,128.0,123.0,133.0,138.0,132.0,130.0,126.0,118.0,117.0,126.0,132.0,133.0,131.0,127.0,125.0,128.0,134.0,134.0,189.0,165.0,148.0,144.0,174.0,146.0,128.0,111.0,102.0,105.0,119.0,128.0,124.0,137.0,155.0,169.0,158.0,139.0,109.0,81.0,82.0,125.0,174.0,185.0,158.0,103.0,55.0,55.0,55.0,144.0,205.0,205.0,205.0,205.0,135.0,82.0,55.0,55.0,55.0,77.0,107.0,128.0,146.0,159.0,166.0,167.0,162.0,152.0,147.0,-0.9996717368666094,0.02562066568409964
129.0,194.0,133.0,165.0,140.0,177.0,112.0,145.0,132.0,134.0,101.0,110.0,121.0,132.0,167.0,170.0,162.0,118.0,98.0,87.0,108.0,124.0,148.0,153.0,146.0,146.0,148.0,137.0,119.0,115.0,112.0,115.0,117.0,131.0,134.0,125.0,120.0,126.0,127.0,130.0,138.0,139.0,131.0,125.0,124.0,127.0,131.0,132.0,130.0,125.0,161.0,120.0,111.0,88.0,127.0,100.0,103.0,100.0,119.0,124.0,137.0,142.0,152.0,161.0,149.0,126.0,92.0,68.0,62.0,87.0,123.0,168.0,205.0,205.0,205.0,153.0,93.0,55.0,55.0,96.0,164.0,203.0,198.0,148.0,89.0,60.0,73.0,114.0,157.0,179.0,172.0,147.0,121.0,106.0,103.0,110.0,118.0,120.0,117.0,117.0,-0.9590436406224021,0.28325835447825526
117.0,95.0,78.0,136.0,103.0,111.0,114.0,128.0,113.0,125.0,153.0,145.0,143.0,128.0,118.0,94.0,105.0,120.0,146.0,151.0,146.0,135.0,123.0,114.0,118.0,119.0,109.0,115.0,131.0,141.0,140.0,140.0,137.0,130.0,122.0,129.0,137.0,132.0,129.0,129.0,123.0,118.0,124.0,129.0,131.0,131.0,129.0,126.0,127.0,130.0,121.0,105.0,84.0,84.0,118.0,132.0,124.0,112.0,117.0,143.0,165.0,166.0,142.0,101.0,58.0,55.0,55.0,60.0,133.0,169.0,181.0,176.0,172.0,174.0,180.0,179.0,156.0,105.0,55.0,55.0,55.0,55.0,114.0,205.0,205.0,205.0,205.0,174.0,127.0,97.0,80.0,72.0,67.0,66.0,71.0,82.0,98.0,115.0,129.0,140.0,-0.8531738953666785,0.5216265946679174
134.0,170.0,155.0,144.0,150.0,166.0,124.0,137.0,135.0,132.0,101.0,114.0,119.0,133.0,151.0,164.0,152.0,128.0,109.0,100.0,110.0,120.0,142.0,149.0,145.0,141.0,146.0,136.0,120.0,115.0,115.0,118.0,119.0,129.0,134.0,127.0,120.0,126.0,128.0,129.0,135.0,138.0,131.0,126.0,126.0,127.0,130.0,132.0,130.0,126.0,117.0,89.0,94.0,91.0,120.0,135.0,140.0,128.0,137.0,168.0,203.0,192.0,125.0,55.0,55.0,55.0,55.0,66.0,145.0,187.0,205.0,205.0,205.0,205.0,92.0,55.0,55.0,55.0,55.0,122.0,205.0,205.0,205.0,146.0,134.0,155.0,189.0,205.0,187.0,140.0,89.0,55.0,55.0,63.0,88.0,99.0,100.0,100.0,110.0,132.0,-0.6892645891675417,0.7245097143031969
88.0,91.0,169.0,137.0,150.0,163.0,136.0,131.0,111.0,151.0,107.0,131.0,107.0,111.0,91.0,112.0,125.0,149.0,157.0,149.0,142.0,119.0,113.0,111.0,119.0,115.0,132.0,135.0,133.0,126.0,127.0,129.0,124.0,122.0,131.0,134.0,125.0,127.0,126.0,121.0,123.0,133.0,136.0,134.0,130.0,125.0,123.0,127.0,133.0,135.0,130.0,151.0,163.0,141.0,95.0,92.0,123.0,154.0,142.0,147.0,136.0,148.0,156.0,160.0,150.0,136.0,109.0,92.0,117.0,168.0,205.0,205.0,164.0,94.0,55.0,55.0,108.0,167.0,204.0,204.0,145.0,77.0,55.0,55.0,55.0,120.0,145.0,138.0,116.0,103.0,111.0,136.0,162.0,176.0,175.0,164.0,152.0,145.0,142.0,140.0,-0.4784661149495755,0.8781060168596156
184.0,142.0,152.0,158.0,148.0,122.0,133.0,144.0,118.0,106.0,110.0,124.0,141.0,172.0,172.0,150.0,110.0,91.0,94.0,114.0,134.0,150.0,152.0,142.0,146.0,146.0,132.0,116.0,114.0,113.0,116.0,121.0,133.0,133.0,122.0,121.0,127.0,128.0,132.0,139.0,137.0,128.0,124.0,125.0,128.0,132.0,132.0,128.0,124.0,125.0,136.0,124.0,100.0,88.0,146.0,126.0,103.0,71.0,75.0,74.0,100.0,112.0,137.0,173.0,201.0,205.0,196.0,152.0,83.0,55.0,55.0,55.0,55.0,139.0,205.0,205.0,205.0,205.0,205.0,111.0,70.0,55.0,55.0,55.0,55.0,59.0,130.0,161.0,177.0,178.0,166.0,149.0,136.0,129.0,123.0,118.0,113.0,108.0,104.0,106.0,-0.23511863356110768,0.9719666805772498
55.0,97.0,144.0,153.0,143.0,163.0,141.0,122.0,117.0,137.0,127.0,122.0,113.0,89.0,74.0,87.0,122.0,163.0,182.0,172.0,147.0,115.0,97.0,100.0,107.0,111.0,125.0,136.0,138.0,133.0,133.0,133.0,125.0,121.0,130.0,136.0,130.0,127.0,124.0,118.0,120.0,131.0,139.0,138.0,131.0,124.0,121.0,127.0,135.0,139.0,151.0,113.0,95.0,113.0,146.0,165.0,148.0,103.0,70.0,68.0,95.0,117.0,116.0,102.0,107.0,144.0,200.0,205.0,205.0,119.0,55.0,55.0,55.0,77.0,205.0,205.0,205.0,136.0,102.0,112.0,152.0,185.0,184.0,153.0,109.0,76.0,63.0,75.0,98.0,114.0,115.0,109.0,107.0,119.0,139.0,155.0,158.0,147.0,133.0,126.0,0.024223456119538914,0.999706569035947
189.0,155.0,79.0,116.0,117.0,109.0,109.0,128.0,135.0,114.0,139.0,134.0,146.0,143.0,163.0,145.0,134.0,111.0,102.0,108.0,117.0,135.0,145.0,145.0,137.0,140.0,127.0,118.0,121.0,129.0,131.0,129.0,131.0,133.0,126.0,125.0,136.0,137.0,129.0,129.0,131.0,125.0,123.0,124.0,126.0,129.0,133.0,130.0,127.0,124.0,129.0,168.0,144.0,155.0,118.0,134.0,117.0,114.0,109.0,156.0,178.0,177.0,165.0,157.0,148.0,134.0,112.0,68.0,55.0,55.0,106.0,178.0,205.0,205.0,205.0,113.0,66.0,64.0,93.0,116.0,99.0,62.0,55.0,61.0,148.0,205.0,205.0,205.0,165.0,112.0,90.0,101.0,129.0,151.0,154.0,138.0,116.0,104.0,110.0,128.0,0.28191767686590924,0.9594385980720854
189.0,121.0,74.0,131.0,101.0,109.0,106.0,143.0,122.0,120.0,140.0,142.0,143.0,138.0,138.0,110.0,110.0,110.0,130.0,138.0,140.0,136.0,132.0,123.0,123.0,126.0,116.0,114.0,125.0,136.0,137.0,136.0,135.0,132.0,123.0,129.0,139.0,135.0,125.0,128.0,127.0,122.0,124.0,127.0,129.0,130.0,130.0,128.0,127.0,128.0,190.0,143.0,98.0,102.0,91.0,80.0,90.0,115.0,145.0,173.0,185.0,189.0,193.0,173.0,119.0,55.0,55.0,55.0,55.0,142.0,205.0,205.0,205.0,205.0,205.0,74.0,55.0,55.0,55.0,55.0,55.0,130.0,194.0,205.0,205.0,169.0,116.0,87.0,75.0,81.0,100.0,127.0,142.0,136.0,120.0,113.0,119.0,135.0,151.0,157.0,0.5204336523842672,0.853902110002061
100.0,78.0,132.0,98.0,111.0,106.0,143.0,114.0,124.0,142.0,145.0,142.0,141.0,125.0,96.0,97.0,110.0,143.0,153.0,150.0,136.0,125.0,114.0,118.0,121.0,113.0,114.0,128.0,138.0,139.0,139.0,138.0,133.0,122.0,126.0,135.0,134.0,129.0,131.0,125.0,118.0,122.0,128.0,131.0,131.0,130.0,127.0,126.0,129.0,132.0,163.0,134.0,82.0,86.0,122.0,137.0,135.0,132.0,112.0,93.0,90.0,101.0,124.0,138.0,137.0,136.0,150.0,166.0,169.0,146.0,94.0,55.0,55.0,55.0,122.0,187.0,205.0,205.0,176.0,155.0,145.0,135.0,116.0,82.0,55.0,55.0,55.0,121.0,174.0,203.0,197.0,166.0,131.0,109.0,106.0,116.0,125.0,124.0,114.0,104.0,0.7235456606122483,0.6902765221338367
195.0,182.0,205.0,91.0,129.0,104.0,123.0,95.0,127.0,141.0,130.0,131.0,131.0,143.0,142.0,178.0,168.0,160.0,116.0,96.0,87.0,103.0,125.0,148.0,158.0,148.0,149.0,139.0,127.0,118.0,125.0,128.0,128.0,128.0,137.0,134.0,124.0,126.0,132.0,131.0,134.0,139.0,132.0,122.0,118.0,121.0,131.0,140.0,140.0,128.0,150.0,125.0,101.0,125.0,152.0,168.0,158.0,131.0,118.0,136.0,153.0,140.0,104.0,69.0,63.0,103.0,168.0,205.0,204.0,154.0,112.0,98.0,108.0,110.0,84.0,55.0,55.0,78.0,158.0,205.0,205.0,205.0,148.0,94.0,72.0,84.0,117.0,148.0,160.0,150.0,129.0,114.0,116.0,130.0,145.0,148.0,138.0,125.0,121.0,126.0,0.8774364342331866,0.4796929266521977
205.0,138.0,117.0,88.0,135.0,86.0,131.0,121.0,145.0,110.0,137.0,132.0,142.0,161.0,171.0,164.0,131.0,106.0,83.0,97.0,108.0,142.0,153.0,153.0,145.0,143.0,129.0,118.0,121.0,125.0,128.0,124.0,133.0,135.0,127.0,122.0,129.0,130.0,132.0,137.0,135.0,125.0,118.0,120.0,126.0,133.0,136.0,131.0,124.0,121.0,177.0,105.0,108.0,108.0,156.0,101.0,146.0,142.0,133.0,120.0,111.0,106.0,103.0,115.0,109.0,124.0,138.0,178.0,202.0,205.0,176.0,140.0,94.0,55.0,55.0,55.0,86.0,128.0,188.0,205.0,205.0,205.0,176.0,95.0,55.0,55.0,55.0,55.0,93.0,128.0,134.0,135.0,138.0,144.0,155.0,168.0,171.0,163.0,151.0,141.0,0.9716371192623232,0.2364768666732835
79.0,121.0,111.0,102.0,118.0,130.0,129.0,114.0,149.0,136.0,144.0,139.0,142.0,120.0,115.0,112.0,121.0,132.0,132.0,138.0,135.0,129.0,127.0,129.0,116.0,115.0,126.0,134.0,135.0,134.0,136.0,133.0,124.0,125.0,134.0,131.0,129.0,132.0,129.0,120.0,122.0,125.0,129.0,131.0,132.0,129.0,125.0,126.0,128.0,128.0,129.0,100.0,107.0,112.0,88.0,101.0,115.0,127.0,130.0,127.0,130.0,152.0,170.0,162.0,130.0,80.0,55.0,55.0,55.0,127.0,172.0,188.0,175.0,162.0,159.0,156.0,148.0,135.0,112.0,85.0,70.0,70.0,81.0,105.0,143.0,175.0,195.0,200.0,187.0,163.0,137.0,114.0,94.0,82.0,80.0,86.0,95.0,105.0,112.0,117.0,0.9997394483706276,-0.02282619923669384
169.0,205.0,163.0,115.0,97.0,116.0,111.0,89.0,123.0,133.0,143.0,116.0,145.0,126.0,142.0,148.0,151.0,131.0,116.0,109.0,112.0,125.0,128.0,141.0,138.0,134.0,131.0,132.0,118.0,117.0,127.0,133.0,134.0,131.0,136.0,133.0,124.0,125.0,134.0,131.0,131.0,134.0,130.0,121.0,120.0,124.0,128.0,133.0,132.0,129.0,125.0,114.0,119.0,117.0,105.0,140.0,166.0,158.0,133.0,108.0,94.0,103.0,129.0,139.0,132.0,116.0,114.0,135.0,166.0,173.0,134.0,65.0,55.0,55.0,57.0,173.0,205.0,205.0,205.0,143.0,87.0,55.0,55.0,55.0,105.0,153.0,188.0,203.0,205.0,183.0,154.0,127.0,110.0,102.0,101.0,105.0,111.0,114.0,112.0,108.0,0.9598316813468809,-0.28057644855336616
205.0,188.0,160.0,82.0,125.0,104.0,117.0,102.0,142.0,131.0,117.0,128.0,139.0,147.0,143.0,162.0,141.0,133.0,111.0,109.0,112.0,123.0,132.0,143.0,142.0,135.0,139.0,129.0,119.0,120.0,130.0,133.0,133.0,132.0,137.0,130.0,123.0,130.0,134.0,131.0,134.0,135.0,126.0,121.0,122.0,126.0,131.0,135.0,132.0,127.0,191.0,127.0,88.0,74.0,106.0,110.0,115.0,112.0,112.0,133.0,167.0,200.0,198.0,176.0,134.0,93.0,56.0,55.0,74.0,97.0,120.0,159.0,198.0,205.0,202.0,157.0,93.0,55.0,55.0,68.0,129.0,155.0,137.0,86.0,55.0,55.0,57.0,157.0,205.0,205.0,205.0,205.0,151.0,121.0,109.0,108.0,108.0,100.0,92.0,90.0,0.8546286566183638,-0.5192396934814312
161.0,90.0,112.0,118.0,104.0,112.0,126.0,142.0,113.0,141.0,131.0,146.0,144.0,166.0,150.0,139.0,117.0,101.0,101.0,107.0,132.0,147.0,152.0,142.0,145.0,127.0,117.0,115.0,124.0,133.0,132.0,135.0,135.0,127.0,120.0,130.0,132.0,132.0,135.0,135.0,125.0,120.0,121.0,126.0,132.0,134.0,132.0,125.0,123.0,123.0,158.0,142.0,81.0,85.0,102.0,150.0,129.0,122.0,126.0,112.0,110.0,98.0,101.0,102.0,115.0,112.0,130.0,158.0,183.0,185.0,165.0,126.0,85.0,70.0,73.0,91.0,119.0,151.0,177.0,203.0,205.0,205.0,184.0,130.0,73.0,55.0,55.0,55.0,108.0,156.0,171.0,154.0,128.0,114.0,116.0,126.0,135.0,138.0,133.0,127.0,0.6912871067085569,-0.7225801935415281
90.0,75.0,127.0,100.0,113.0,116.0,134.0,110.0,126.0,149.0,145.0,142.0,126.0,114.0,90.0,103.0,121.0,151.0,156.0,149.0,135.0,120.0,111.0,115.0,117.0,108.0,116.0,132.0,141.0,141.0,141.0,138.0,130.0,122.0,130.0,137.0,132.0,129.0,129.0,122.0,118.0,124.0,130.0,131.0,131.0,128.0,126.0,127.0,131.0,132.0,118.0,135.0,133.0,153.0,137.0,152.0,133.0,130.0,121.0,110.0,86.0,70.0,70.0,93.0,141.0,185.0,205.0,204.0,172.0,129.0,93.0,66.0,55.0,55.0,70.0,122.0,172.0,205.0,205.0,205.0,182.0,153.0,127.0,110.0,101.0,99.0,100.0,102.0,104.0,107.0,114.0,123.0,132.0,137.0,139.0,138.0,138.0,140.0,140.0,136.0,0.4809188013188929,-0.8767651376155414
170.0,205.0,153.0,122.0,83.0,135.0,100.0,104.0,110.0,142.0,123.0,112.0,137.0,146.0,153.0,141.0,134.0,106.0,109.0,113.0,134.0,140.0,139.0,135.0,131.0,124.0,125.0,129.0,116.0,114.0,125.0,137.0,138.0,137.0,137.0,134.0,123.0,124.0,135.0,134.0,130.0,132.0,128.0,120.0,121.0,126.0,131.0,132.0,131.0,128.0,157.0,138.0,141.0,121.0,155.0,132.0,121.0,112.0,157.0,159.0,151.0,103.0,80.0,93.0,130.0,158.0,170.0,162.0,132.0,137.0,166.0,187.0,168.0,118.0,55.0,55.0,55.0,55.0,105.0,196.0,205.0,205.0,205.0,205.0,99.0,55.0,55.0,55.0,55.0,68.0,150.0,175.0,182.0,178.0,167.0,158.0,155.0,157.0,156.0,149.0,0.23783463784969208,-0.9713056599438231
124.0,78.0,84.0,115.0,110.0,103.0,123.0,127.0,116.0,123.0,154.0,146.0,145.0,124.0,102.0,78.0,89.0,121.0,159.0,173.0,162.0,141.0,115.0,103.0,107.0,110.0,105.0,114.0,132.0,144.0,145.0,145.0,142.0,130.0,122.0,130.0,138.0,133.0,130.0,127.0,120.0,117.0,124.0,132.0,134.0,131.0,127.0,124.0,127.0,133.0,115.0,115.0,120.0,112.0,87.0,114.0,129.0,116.0,140.0,145.0,163.0,158.0,150.0,115.0,92.0,69.0,69.0,91.0,126.0,170.0,205.0,205.0,205.0,155.0,90.0,55.0,55.0,104.0,169.0,200.0,184.0,129.0,74.0,62.0,93.0,141.0,176.0,181.0,156.0,120.0,99.0,94.0,104.0,118.0,128.0,126.0,120.0,118.0,124.0,136.0,-0.02142889776497757,-0.9997703748064243
55.0,82.0,70.0,189.0,119.0,167.0,151.0,149.0,121.0,117.0,147.0,108.0,130.0,107.0,121.0,94.0,125.0,124.0,147.0,144.0,142.0,136.0,123.0,118.0,118.0,125.0,117.0,133.0,135.0,133.0,123.0,125.0,125.0,124.0,122.0,131.0,134.0,125.0,125.0,127.0,123.0,123.0,133.0,135.0,133.0,129.0,125.0,123.0,127.0,132.0,148.0,115.0,99.0,103.0,82.0,113.0,115.0,122.0,117.0,122.0,134.0,154.0,164.0,153.0,125.0,78.0,55.0,55.0,55.0,106.0,155.0,179.0,179.0,173.0,173.0,177.0,181.0,171.0,132.0,75.0,55.0,55.0,55.0,62.0,179.0,205.0,205.0,205.0,205.0,148.0,110.0,87.0,74.0,66.0,64.0,71.0,82.0,93.0,103.0,117.0,-0.2792346721605812,-0.9602228896789394
143.0,130.0,158.0,147.0,169.0,126.0,117.0,126.0,131.0,125.0,119.0,109.0,79.0,82.0,99.0,144.0,171.0,178.0,158.0,134.0,106.0,99.0,105.0,108.0,116.0,131.0,138.0,134.0,132.0,132.0,131.0,122.0,125.0,134.0,133.0,127.0,126.0,122.0,118.0,125.0,136.0,139.0,135.0,127.0,122.0,123.0,130.0,136.0,136.0,138.0,109.0,135.0,144.0,153.0,143.0,121.0,102.0,103.0,115.0,122.0,130.0,136.0,149.0,175.0,205.0,205.0,149.0,76.0,55.0,55.0,55.0,55.0,118.0,195.0,205.0,205.0,205.0,205.0,153.0,55.0,55.0,55.0,55.0,78.0,200.0,205.0,205.0,205.0,205.0,138.0,125.0,128.0,131.0,123.0,104.0,85.0,77.0,84.0,99.0,112.0,-0.518044720291713,-0.8553535337963366
176.0,174.0,95.0,104.0,119.0,104.0,98.0,106.0,144.0,117.0,130.0,139.0,157.0,136.0,135.0,114.0,94.0,92.0,114.0,146.0,160.0,159.0,141.0,128.0,111.0,113.0,115.0,110.0,110.0,128.0,141.0,144.0,142.0,141.0,135.0,124.0,127.0,137.0,137.0,130.0,130.0,125.0,118.0,121.0,129.0,132.0,132.0,130.0,127.0,127.0,176.0,127.0,111.0,144.0,134.0,125.0,106.0,99.0,111.0,140.0,153.0,155.0,142.0,133.0,141.0,153.0,159.0,145.0,114.0,88.0,106.0,160.0,201.0,205.0,165.0,101.0,55.0,55.0,76.0,157.0,205.0,205.0,199.0,123.0,66.0,55.0,55.0,55.0,80.0,120.0,139.0,154.0,165.0,172.0,173.0,168.0,156.0,144.0,139.0,136.0,-0.721613314976984,-0.6922963409176218
190.0,205.0,116.0,99.0,97.0,124.0,101.0,98.0,127.0,129.0,123.0,121.0,153.0,138.0,144.0,133.0,123.0,103.0,108.0,121.0,139.0,146.0,140.0,137.0,125.0,119.0,122.0,122.0,111.0,118.0,131.0,139.0,137.0,135.0,135.0,132.0,126.0,133.0,135.0,127.0,127.0,131.0,126.0,121.0,124.0,127.0,130.0,131.0,130.0,128.0,111.0,75.0,85.0,118.0,126.0,132.0,134.0,114.0,93.0,74.0,69.0,78.0,98.0,114.0,139.0,171.0,200.0,205.0,205.0,151.0,81.0,55.0,55.0,55.0,61.0,176.0,205.0,205.0,205.0,205.0,205.0,104.0,55.0,55.0,55.0,55.0,57.0,133.0,160.0,158.0,139.0,123.0,116.0,121.0,133.0,144.0,145.0,137.0,127.0,119.0,-0.8760921283179962,-0.48214373655502735
163.0,203.0,202.0,133.0,93.0,125.0,105.0,107.0,91.0,145.0,125.0,127.0,124.0,148.0,139.0,140.0,144.0,122.0,115.0,106.0,123.0,133.0,143.0,133.0,134.0,125.0,125.0,130.0,124.0,114.0,120.0,132.0,135.0,137.0,136.0,137.0,127.0,122.0,130.0,135.0,130.0,132.0,132.0,122.0,119.0,124.0,128.0,131.0,132.0,130.0,138.0,120.0,105.0,99.0,131.0,161.0,184.0,169.0,132.0,84.0,59.0,56.0,70.0,78.0,78.0,93.0,146.0,205.0,205.0,205.0,205.0,55.0,55.0,55.0,55.0,87.0,205.0,205.0,205.0,147.0,121.0,138.0,178.0,205.0,194.0,150.0,97.0,62.0,55.0,73.0,95.0,105.0,102.0,97.0,104.0,126.0,150.0,165.0,161.0,145.0,-0.9709723032692247,-0.23919194443805336
201.0,186.0,88.0,128.0,102.0,124.0,91.0,134.0,133.0,130.0,126.0,139.0,141.0,141.0,165.0,154.0,145.0,115.0,105.0,100.0,114.0,125.0,145.0,153.0,146.0,143.0,129.0,117.0,117.0,130.0,134.0,133.0,129.0,135.0,131.0,124.0,128.0,134.0,131.0,133.0,136.0,130.0,122.0,121.0,125.0,129.0,134.0,133.0,129.0,124.0,129.0,91.0,134.0,138.0,121.0,125.0,139.0,114.0,111.0,106.0,129.0,158.0,173.0,160.0,155.0,154.0,140.0,122.0,92.0,57.0,55.0,55.0,122.0,183.0,205.0,205.0,154.0,94.0,66.0,75.0,111.0,137.0,121.0,77.0,55.0,58.0,117.0,178.0,205.0,205.0,190.0,157.0,133.0,127.0,132.0,135.0,127.0,113.0,99.0,94.0,-0.9997993482829256,0.020031554433872924
111.0,83.0,79.0,133.0,96.0,118.0,121.0,130.0,104.0,131.0,151.0,154.0,142.0,118.0,90.0,71.0,94.0,132.0,172.0,174.0,161.0,132.0,110.0,100.0,107.0,107.0,104.0,117.0,136.0,146.0,146.0,146.0,140.0,128.0,122.0,133.0,138.0,133.0,129.0,125.0,118.0,117.0,126.0,133.0,134.0,130.0,126.0,125.0,129.0,134.0,139.0,150.0,134.0,76.0,101.0,116.0,138.0,143.0,155.0,153.0,166.0,162.0,144.0,106.0,62.0,55.0,55.0,117.0,190.0,205.0,205.0,205.0,205.0,109.0,58.0,55.0,55.0,55.0,58.0,136.0,185.0,205.0,205.0,205.0,160.0,100.0,57.0,55.0,55.0,55.0,104.0,128.0,141.0,147.0,151.0,156.0,164.0,168.0,166.0,160.0,-0.9606122223040703,0.277892350308596
188.0,141.0,97.0,107.0,125.0,94.0,123.0,126.0,142.0,111.0,143.0,133.0,145.0,149.0,161.0,146.0,132.0,116.0,102.0,106.0,110.0,136.0,148.0,149.0,141.0,140.0,124.0,116.0,122.0,130.0,132.0,129.0,134.0,135.0,126.0,123.0,132.0,132.0,131.0,135.0,134.0,124.0,120.0,123.0,127.0,132.0,134.0,131.0,125.0,123.0,105.0,112.0,118.0,116.0,135.0,139.0,114.0,87.0,91.0,103.0,134.0,141.0,138.0,138.0,156.0,169.0,165.0,131.0,75.0,55.0,55.0,55.0,145.0,199.0,205.0,195.0,169.0,153.0,144.0,133.0,110.0,73.0,55.0,55.0,59.0,133.0,182.0,204.0,194.0,163.0,130.0,111.0,110.0,118.0,124.0,119.0,110.0,102.0,102.0,111.0,-0.8560767401200075,0.5168487351493677
205.0,185.0,167.0,86.0,125.0,108.0,113.0,99.0,133.0,136.0,121.0,134.0,136.0,145.0,141.0,166.0,148.0,139.0,112.0,103.0,105.0,116.0,133.0,145.0,147.0,138.0,142.0,129.0,120.0,120.0,129.0,131.0,131.0,131.0,137.0,130.0,122.0,130.0,133.0,131.0,134.0,136.0,127.0,121.0,121.0,126.0,130.0,134.0,132.0,127.0,121.0,114.0,128.0,149.0,148.0,124.0,130.0,150.0,147.0,121.0,82.0,57.0,67.0,119.0,174.0,201.0,185.0,145.0,113.0,103.0,101.0,85.0,55.0,55.0,55.0,75.0,185.0,205.0,205.0,205.0,170.0,110.0,65.0,55.0,55.0,99.0,147.0,180.0,191.0,182.0,165.0,149.0,134.0,121.0,110.0,105.0,108.0,114.0,117.0,115.0,-0.693304222789574,0.720645026807335
140.0,107.0,83.0,132.0,103.0,101.0,115.0,134.0,126.0,118.0,150.0,137.0,145.0,136.0,135.0,109.0,110.0,114.0,131.0,139.0,138.0,137.0,130.0,123.0,124.0,124.0,111.0,116.0,133.0,142.0,137.0,132.0,133.0,132.0,125.0,129.0,136.0,131.0,128.0,131.0,127.0,120.0,123.0,127.0,130.0,131.0,131.0,128.0,126.0,128.0,114.0,155.0,147.0,121.0,140.0,152.0,130.0,114.0,108.0,108.0,117.0,120.0,118.0,133.0,160.0,194.0,205.0,191.0,162.0,125.0,82.0,56.0,61.0,82.0,107.0,153.0,205.0,205.0,205.0,205.0,122.0,56.0,55.0,55.0,55.0,111.0,124.0,114.0,104.0,108.0,125.0,144.0,164.0,180.0,181.0,170.0,153.0,140.0,133.0,131.0,-0.48336772996780863,0.8754174076552097
205.0,182.0,205.0,87.0,123.0,107.0,115.0,100.0,123.0,145.0,120.0,136.0,127.0,144.0,142.0,178.0,166.0,155.0,113.0,92.0,89.0,104.0,128.0,148.0,156.0,145.0,148.0,136.0,124.0,117.0,125.0,127.0,127.0,128.0,136.0,132.0,123.0,126.0,131.0,131.0,134.0,138.0,130.0,120.0,117.0,121.0,128.0,140.0,140.0,132.0,170.0,119.0,111.0,120.0,122.0,132.0,117.0,111.0,117.0,130.0,131.0,128.0,117.0,110.0,108.0,106.0,105.0,108.0,111.0,120.0,147.0,173.0,182.0,172.0,149.0,118.0,94.0,89.0,94.0,104.0,124.0,152.0,177.0,194.0,195.0,177.0,147.0,118.0,96.0,83.0,81.0,87.0,96.0,103.0,109.0,114.0,120.0,128.0,138.0,145.0,-0.24054878378698732,0.970637049889711
205.0,205.0,149.0,115.0,89.0,134.0,93.0,124.0,122.0,147.0,113.0,134.0,130.0,143.0,159.0,178.0,172.0,138.0,106.0,78.0,91.0,105.0,140.0,155.0,158.0,148.0,146.0,132.0,119.0,119.0,123.0,128.0,124.0,132.0,136.0,129.0,121.0,128.0,131.0,132.0,137.0,137.0,127.0,119.0,119.0,125.0,133.0,137.0,133.0,124.0,151.0,105.0,76.0,75.0,112.0,147.0,160.0,154.0,152.0,155.0,165.0,159.0,119.0,58.0,55.0,55.0,55.0,137.0,205.0,205.0,205.0,205.0,91.0,61.0,55.0,55.0,55.0,55.0,126.0,168.0,195.0,201.0,190.0,168.0,142.0,120.0,109.0,110.0,118.0,121.0,117.0,107.0,99.0,102.0,114.0,128.0,137.0,142.0,142.0,142.0,0.01863417197297894,0.9998263687435341
167.0,146.0,150.0,162.0,123.0,138.0,131.0,142.0,95.0,122.0,111.0,137.0,146.0,169.0,157.0,130.0,107.0,94.0,111.0,120.0,144.0,147.0,146.0,139.0,149.0,138.0,124.0,115.0,115.0,116.0,117.0,128.0,135.0,128.0,120.0,127.0,128.0,129.0,135.0,139.0,132.0,126.0,124.0,125.0,127.0,134.0,135.0,131.0,125.0,122.0,150.0,169.0,165.0,127.0,116.0,160.0,155.0,146.0,117.0,126.0,135.0,160.0,153.0,125.0,92.0,88.0,110.0,141.0,169.0,176.0,155.0,128.0,138.0,164.0,173.0,145.0,94.0,55.0,55.0,55.0,70.0,181.0,205.0,205.0,205.0,205.0,108.0,57.0,55.0,55.0,70.0,102.0,122.0,139.0,154.0,163.0,168.0,165.0,157.0,150.0,0.276549485619514,0.9609996784617476
55.0,105.0,113.0,191.0,112.0,173.0,147.0,151.0,115.0,133.0,142.0,109.0,117.0,108.0,128.0,122.0,157.0,145.0,142.0,116.0,112.0,115.0,123.0,131.0,137.0,138.0,129.0,142.0,139.0,129.0,116.0,118.0,118.0,120.0,123.0,133.0,132.0,121.0,123.0,128.0,126.0,129.0,137.0,134.0,129.0,126.0,126.0,127.0,130.0,130.0,157.0,107.0,84.0,96.0,113.0,100.0,100.0,105.0,121.0,131.0,139.0,144.0,155.0,153.0,133.0,102.0,70.0,58.0,74.0,110.0,152.0,192.0,205.0,205.0,165.0,111.0,61.0,55.0,64.0,146.0,201.0,205.0,175.0,104.0,55.0,55.0,69.0,139.0,183.0,195.0,175.0,141.0,112.0,98.0,99.0,108.0,114.0,114.0,112.0,114.0,0.5156517403906432,0.8567982741766587
161.0,165.0,140.0,155.0,164.0,131.0,130.0,135.0,137.0,104.0,116.0,115.0,130.0,145.0,169.0,158.0,132.0,106.0,96.0,111.0,123.0,143.0,148.0,144.0,138.0,146.0,139.0,124.0,116.0,115.0,117.0,118.0,127.0,135.0,129.0,120.0,125.0,128.0,128.0,135.0,139.0,132.0,127.0,125.0,127.0,129.0,132.0,131.0,127.0,125.0,148.0,141.0,98.0,109.0,124.0,131.0,118.0,104.0,106.0,114.0,128.0,127.0,129.0,121.0,114.0,98.0,83.0,77.0,85.0,104.0,127.0,156.0,183.0,205.0,205.0,194.0,143.0,82.0,55.0,55.0,55.0,96.0,187.0,205.0,205.0,205.0,205.0,137.0,97.0,75.0,67.0,68.0,71.0,76.0,82.0,93.0,107.0,123.0,136.0,146.0,0.7196753309240321,0.6943107503556205
130.0,175.0,125.0,164.0,164.0,137.0,128.0,123.0,144.0,100.0,124.0,107.0,128.0,127.0,160.0,149.0,136.0,115.0,108.0,120.0,125.0,137.0,137.0,137.0,128.0,143.0,138.0,128.0,118.0,119.0,119.0,120.0,125.0,135.0,131.0,121.0,125.0,128.0,126.0,130.0,138.0,134.0,129.0,127.0,126.0,127.0,130.0,131.0,129.0,128.0,122.0,125.0,129.0,146.0,152.0,132.0,127.0,137.0,164.0,160.0,115.0,55.0,55.0,55.0,59.0,138.0,149.0,136.0,140.0,173.0,205.0,205.0,146.0,55.0,55.0,55.0,55.0,91.0,205.0,205.0,205.0,165.0,131.0,140.0,175.0,200.0,191.0,146.0,90.0,55.0,55.0,55.0,90.0,107.0,108.0,103.0,108.0,126.0,150.0,164.0,0.8747409769451922,0.484590779166268
118.0,150.0,147.0,142.0,177.0,124.0,138.0,108.0,151.0,103.0,132.0,110.0,107.0,97.0,114.0,134.0,148.0,157.0,143.0,141.0,116.0,116.0,115.0,120.0,117.0,134.0,136.0,131.0,126.0,126.0,129.0,123.0,124.0,132.0,134.0,125.0,127.0,126.0,121.0,125.0,134.0,136.0,134.0,129.0,125.0,123.0,128.0,133.0,135.0,134.0,143.0,152.0,90.0,112.0,106.0,150.0,149.0,153.0,142.0,144.0,154.0,156.0,156.0,135.0,110.0,91.0,123.0,171.0,205.0,205.0,158.0,93.0,55.0,55.0,106.0,169.0,205.0,205.0,158.0,93.0,55.0,55.0,55.0,98.0,125.0,130.0,124.0,124.0,136.0,155.0,171.0,176.0,168.0,156.0,147.0,141.0,139.0,135.0,128.0,119.0,0.9702999004601658,0.24190515324604453
58.0,123.0,140.0,158.0,138.0,175.0,123.0,129.0,111.0,141.0,116.0,125.0,112.0,89.0,85.0,96.0,134.0,160.0,174.0,158.0,142.0,111.0,104.0,106.0,110.0,114.0,129.0,136.0,133.0,131.0,131.0,132.0,122.0,123.0,132.0,133.0,126.0,126.0,122.0,118.0,128.0,138.0,138.0,131.0,126.0,122.0,124.0,131.0,136.0,137.0,88.0,100.0,120.0,108.0,141.0,136.0,114.0,82.0,70.0,68.0,87.0,106.0,121.0,149.0,182.0,205.0,205.0,189.0,127.0,60.0,55.0,55.0,55.0,75.0,203.0,205.0,205.0,205.0,205.0,164.0,85.0,55.0,55.0,55.0,55.0,68.0,150.0,166.0,157.0,138.0,122.0,117.0,123.0,134.0,142.0,142.0,133.0,123.0,116.0,116.0,0.999851436135468,-0.017236753111946636
150.0,172.0,120.0,160.0,157.0,146.0,125.0,135.0,138.0,105.0,115.0,113.0,132.0,137.0,166.0,155.0,137.0,110.0,102.0,111.0,122.0,138.0,145.0,144.0,135.0,146.0,141.0,127.0,115.0,116.0,117.0,119.0,125.0,134.0,131.0,121.0,124.0,128.0,128.0,132.0,138.0,134.0,128.0,126.0,126.0,128.0,131.0,131.0,128.0,126.0,156.0,113.0,96.0,116.0,146.0,166.0,145.0,99.0,66.0,71.0,98.0,119.0,114.0,101.0,110.0,152.0,205.0,205.0,205.0,103.0,55.0,55.0,55.0,107.0,205.0,205.0,198.0,130.0,101.0,113.0,153.0,186.0,185.0,151.0,104.0,69.0,61.0,77.0,102.0,117.0,116.0,108.0,107.0,120.0,142.0,157.0,158.0,145.0,131.0,125.0,0.9613852573951134,-0.2752060807164907
55.0,114.0,184.0,130.0,166.0,148.0,166.0,109.0,141.0,133.0,130.0,103.0,117.0,122.0,129.0,156.0,154.0,148.0,117.0,110.0,105.0,123.0,128.0,143.0,143.0,136.0,140.0,143.0,133.0,118.0,118.0,116.0,120.0,120.0,132.0,134.0,125.0,121.0,128.0,127.0,129.0,137.0,137.0,130.0,127.0,126.0,127.0,130.0,131.0,130.0,151.0,160.0,150.0,150.0,129.0,124.0,113.0,108.0,137.0,176.0,183.0,171.0,161.0,151.0,139.0,124.0,89.0,55.0,55.0,70.0,152.0,205.0,205.0,205.0,141.0,78.0,58.0,79.0,110.0,107.0,69.0,55.0,55.0,118.0,204.0,205.0,205.0,205.0,119.0,80.0,81.0,111.0,145.0,160.0,151.0,128.0,111.0,110.0,126.0,145.0,0.8575181345568318,-0.514453738353772
205.0,205.0,133.0,122.0,86.0,137.0,88.0,128.0,125.0,142.0,115.0,131.0,136.0,140.0,166.0,174.0,169.0,130.0,102.0,78.0,94.0,109.0,142.0,157.0,155.0,147.0,143.0,130.0,117.0,120.0,124.0,127.0,124.0,133.0,135.0,127.0,122.0,128.0,131.0,132.0,137.0,136.0,125.0,118.0,119.0,126.0,133.0,136.0,131.0,123.0,133.0,178.0,137.0,84.0,77.0,122.0,142.0,151.0,151.0,152.0,168.0,172.0,151.0,107.0,65.0,55.0,55.0,111.0,185.0,205.0,205.0,205.0,205.0,102.0,68.0,55.0,55.0,55.0,55.0,126.0,174.0,205.0,205.0,205.0,177.0,118.0,66.0,55.0,55.0,55.0,65.0,120.0,141.0,152.0,156.0,159.0,165.0,170.0,170.0,164.0,0.6953159216496072,-0.7187042292212822
205.0,126.0,99.0,96.0,125.0,105.0,98.0,126.0,129.0,125.0,119.0,153.0,137.0,145.0,135.0,129.0,107.0,109.0,118.0,134.0,143.0,138.0,138.0,127.0,122.0,123.0,124.0,112.0,118.0,130.0,138.0,138.0,136.0,137.0,130.0,123.0,128.0,136.0,131.0,130.0,132.0,125.0,119.0,123.0,128.0,130.0,132.0,130.0,127.0,126.0,92.0,130.0,113.0,109.0,134.0,138.0,103.0,81.0,108.0,112.0,142.0,133.0,136.0,139.0,167.0,170.0,157.0,115.0,64.0,55.0,55.0,92.0,154.0,198.0,200.0,183.0,166.0,157.0,148.0,138.0,117.0,83.0,57.0,55.0,76.0,116.0,162.0,192.0,197.0,183.0,160.0,137.0,125.0,119.0,113.0,103.0,96.0,93.0,98.0,108.0,0.48581288176130155,-0.8740628375092833
169.0,128.0,77.0,126.0,108.0,103.0,113.0,134.0,130.0,114.0,144.0,135.0,145.0,141.0,147.0,122.0,117.0,110.0,119.0,128.0,131.0,137.0,136.0,131.0,128.0,131.0,118.0,115.0,125.0,134.0,135.0,133.0,135.0,134.0,124.0,124.0,133.0,132.0,130.0,133.0,130.0,121.0,121.0,124.0,128.0,131.0,132.0,129.0,125.0,126.0,127.0,120.0,141.0,149.0,132.0,122.0,143.0,152.0,131.0,95.0,62.0,57.0,97.0,157.0,196.0,194.0,158.0,121.0,104.0,102.0,92.0,61.0,55.0,55.0,55.0,159.0,205.0,205.0,205.0,205.0,132.0,80.0,55.0,55.0,62.0,126.0,169.0,193.0,193.0,177.0,159.0,141.0,124.0,109.0,101.0,102.0,112.0,120.0,120.0,110.0,0.24326105016568852,-0.969960855639178
205.0,159.0,115.0,75.0,134.0,101.0,107.0,108.0,139.0,123.0,119.0,143.0,140.0,144.0,137.0,136.0,110.0,110.0,112.0,130.0,139.0,139.0,136.0,131.0,123.0,123.0,125.0,114.0,114.0,127.0,137.0,137.0,136.0,136.0,133.0,122.0,124.0,133.0,133.0,134.0,137.0,128.0,115.0,118.0,125.0,132.0,134.0,132.0,127.0,125.0,148.0,146.0,142.0,137.0,102.0,119.0,104.0,116.0,116.0,121.0,118.0,143.0,178.0,205.0,205.0,176.0,139.0,95.0,63.0,56.0,76.0,93.0,127.0,179.0,205.0,205.0,205.0,160.0,83.0,55.0,55.0,55.0,104.0,125.0,118.0,95.0,90.0,108.0,139.0,167.0,186.0,191.0,179.0,161.0,144.0,133.0,129.0,127.0,121.0,112.0,-0.015839300580500038,-0.9998745504097605
95.0,96.0,94.0,126.0,89.0,115.0,131.0,127.0,114.0,130.0,156.0,146.0,144.0,114.0,93.0,77.0,104.0,139.0,169.0,168.0,152.0,130.0,109.0,106.0,110.0,110.0,106.0,122.0,138.0,146.0,144.0,144.0,138.0,126.0,124.0,135.0,138.0,132.0,129.0,125.0,118.0,119.0,128.0,133.0,133.0,130.0,126.0,126.0,130.0,134.0,143.0,96.0,65.0,98.0,141.0,131.0,126.0,119.0,114.0,102.0,100.0,94.0,104.0,110.0,114.0,132.0,162.0,183.0,182.0,161.0,117.0,78.0,62.0,68.0,88.0,123.0,158.0,186.0,205.0,205.0,205.0,184.0,125.0,61.0,55.0,55.0,55.0,98.0,170.0,188.0,167.0,135.0,115.0,112.0,119.0,128.0,132.0,128.0,121.0,117.0,-0.2738621382237497,-0.9617689583509731
102.0,86.0,118.0,111.0,99.0,124.0,129.0,129.0,114.0,150.0,133.0,144.0,141.0,139.0,119.0,112.0,113.0,122.0,134.0,132.0,138.0,132.0,127.0,127.0,128.0,115.0,116.0,128.0,135.0,136.0,134.0,136.0,132.0,123.0,126.0,135.0,131.0,130.0,133.0,127.0,120.0,121.0,126.0,129.0,132.0,131.0,128.0,125.0,127.0,128.0,128.0,120.0,128.0,140.0,145.0,147.0,141.0,128.0,123.0,114.0,94.0,71.0,62.0,78.0,124.0,178.0,205.0,205.0,178.0,140.0,101.0,73.0,56.0,55.0,56.0,106.0,157.0,198.0,205.0,205.0,188.0,156.0,129.0,111.0,104.0,105.0,108.0,107.0,104.0,101.0,102.0,111.0,124.0,134.0,140.0,141.0,141.0,141.0,142.0,139.0,-0.5132547313789165,-0.8582363198543604
93.0,127.0,107.0,95.0,120.0,131.0,132.0,116.0,151.0,132.0,144.0,140.0,140.0,118.0,113.0,113.0,123.0,134.0,133.0,139.0,133.0,127.0,127.0,128.0,115.0,116.0,128.0,135.0,136.0,134.0,137.0,132.0,123.0,126.0,135.0,131.0,130.0,133.0,128.0,120.0,122.0,126.0,129.0,131.0,129.0,125.0,128.0,132.0,132.0,127.0,153.0,174.0,160.0,135.0,127.0,157.0,150.0,145.0,114.0,129.0,140.0,166.0,149.0,115.0,85.0,94.0,125.0,152.0,174.0,167.0,141.0,129.0,155.0,178.0,174.0,131.0,71.0,55.0,55.0,55.0,99.0,193.0,205.0,205.0,205.0,204.0,104.0,55.0,55.0,55.0,55.0,94.0,122.0,146.0,163.0,173.0,174.0,167.0,159.0,155.0,-0.7177317235960629,-0.6963197347080038
113.0,116.0,98.0,128.0,86.0,133.0,126.0,138.0,113.0,141.0,135.0,141.0,161.0,158.0,150.0,119.0,106.0,95.0,111.0,118.0,142.0,148.0,144.0,141.0,137.0,123.0,116.0,125.0,128.0,131.0,127.0,135.0,133.0,124.0,124.0,132.0,130.0,132.0,136.0,132.0,122.0,119.0,123.0,127.0,133.0,134.0,129.0,123.0,123.0,123.0,168.0,127.0,109.0,113.0,108.0,113.0,98.0,93.0,102.0,112.0,122.0,147.0,175.0,183.0,175.0,143.0,98.0,67.0,62.0,75.0,103.0,140.0,171.0,197.0,205.0,205.0,205.0,160.0,95.0,55.0,55.0,55.0,58.0,146.0,177.0,175.0,153.0,130.0,117.0,114.0,121.0,129.0,130.0,126.0,120.0,118.0,118.0,122.0,127.0,130.0,-0.8733829906721737,-0.48703403536563
85.0,142.0,87.0,134.0,72.0,136.0,130.0,127.0,116.0,138.0,162.0,125.0,138.0,114.0,132.0,124.0,161.0,150.0,138.0,107.0,99.0,108.0,122.0,140.0,143.0,137.0,121.0,136.0,139.0,137.0,129.0,128.0,124.0,122.0,125.0,135.0,134.0,123.0,125.0,126.0,128.0,130.0,135.0,125.0,122.0,124.0,129.0,131.0,131.0,128.0,132.0,94.0,88.0,101.0,118.0,105.0,100.0,103.0,116.0,125.0,129.0,136.0,151.0,160.0,152.0,123.0,75.0,55.0,55.0,55.0,114.0,162.0,178.0,173.0,168.0,173.0,181.0,183.0,169.0,127.0,70.0,55.0,55.0,55.0,70.0,185.0,205.0,205.0,205.0,205.0,145.0,108.0,86.0,74.0,68.0,66.0,68.0,77.0,91.0,107.0,-0.969619916089046,-0.2446164718972772
55.0,55.0,149.0,139.0,153.0,139.0,167.0,127.0,123.0,121.0,131.0,122.0,121.0,110.0,81.0,81.0,96.0,141.0,168.0,178.0,159.0,135.0,107.0,100.0,105.0,107.0,113.0,128.0,136.0,138.0,136.0,134.0,127.0,117.0,123.0,135.0,135.0,128.0,126.0,121.0,116.0,124.0,135.0,139.0,135.0,128.0,121.0,122.0,130.0,137.0,114.0,111.0,134.0,148.0,155.0,148.0,116.0,97.0,100.0,117.0,126.0,136.0,141.0,152.0,178.0,204.0,193.0,137.0,64.0,55.0,55.0,55.0,57.0,133.0,205.0,205.0,205.0,205.0,205.0,78.0,55.0,55.0,55.0,55.0,81.0,205.0,205.0,205.0,205.0,182.0,127.0,123.0,133.0,134.0,121.0,98.0,80.0,77.0,88.0,104.0,-0.9998957115212597,0.014441817108444938
55.0,55.0,109.0,152.0,151.0,139.0,167.0,129.0,128.0,113.0,141.0,119.0,124.0,110.0,86.0,76.0,95.0,135.0,165.0,175.0,159.0,141.0,113.0,103.0,105.0,108.0,110.0,125.0,136.0,136.0,132.0,132.0,133.0,123.0,121.0,132.0,135.0,128.0,126.0,123.0,118.0,121.0,132.0,138.0,136.0,130.0,123.0,121.0,128.0,135.0,131.0,132.0,180.0,158.0,117.0,111.0,149.0,137.0,118.0,103.0,97.0,120.0,148.0,159.0,144.0,134.0,134.0,152.0,161.0,157.0,136.0,105.0,89.0,115.0,171.0,205.0,202.0,154.0,89.0,55.0,55.0,101.0,166.0,205.0,205.0,183.0,115.0,59.0,55.0,55.0,55.0,93.0,127.0,143.0,156.0,166.0,172.0,173.0,167.0,154.0,-0.9621507805798007,0.2725176607665642
94.0,199.0,110.0,180.0,129.0,169.0,104.0,146.0,136.0,125.0,109.0,110.0,124.0,113.0,153.0,145.0,153.0,120.0,119.0,113.0,127.0,128.0,137.0,136.0,128.0,136.0,140.0,134.0,120.0,121.0,119.0,122.0,120.0,133.0,134.0,125.0,123.0,128.0,126.0,127.0,136.0,136.0,131.0,128.0,126.0,126.0,129.0,131.0,131.0,128.0,125.0,115.0,105.0,106.0,119.0,122.0,128.0,119.0,133.0,120.0,115.0,92.0,81.0,75.0,90.0,108.0,133.0,163.0,191.0,205.0,205.0,179.0,126.0,70.0,55.0,55.0,55.0,105.0,205.0,205.0,205.0,205.0,198.0,123.0,82.0,61.0,59.0,67.0,77.0,86.0,93.0,102.0,112.0,124.0,134.0,143.0,149.0,154.0,156.0,155.0,-0.858952828666316,0.51205472180826
112.0,196.0,122.0,169.0,152.0,156.0,117.0,133.0,145.0,119.0,110.0,103.0,126.0,134.0,177.0,171.0,155.0,108.0,88.0,91.0,114.0,136.0,148.0,149.0,140.0,149.0,148.0,135.0,116.0,112.0,111.0,114.0,120.0,134.0,134.0,122.0,120.0,125.0,127.0,132.0,140.0,137.0,128.0,123.0,124.0,128.0,132.0,132.0,128.0,124.0,145.0,122.0,102.0,127.0,158.0,188.0,167.0,115.0,66.0,55.0,55.0,79.0,83.0,76.0,101.0,169.0,205.0,205.0,205.0,205.0,55.0,55.0,55.0,55.0,173.0,205.0,205.0,187.0,127.0,120.0,151.0,193.0,205.0,181.0,128.0,79.0,56.0,59.0,82.0,100.0,104.0,98.0,97.0,110.0,135.0,157.0,164.0,155.0,138.0,126.0,-0.6973221875699789,0.7167578159480503
205.0,157.0,99.0,98.0,116.0,115.0,94.0,126.0,126.0,131.0,115.0,150.0,133.0,143.0,145.0,141.0,124.0,112.0,113.0,118.0,131.0,130.0,140.0,135.0,129.0,130.0,129.0,116.0,117.0,128.0,134.0,135.0,132.0,136.0,132.0,123.0,126.0,134.0,130.0,131.0,133.0,127.0,119.0,119.0,123.0,130.0,138.0,137.0,128.0,120.0,129.0,170.0,145.0,157.0,113.0,127.0,115.0,114.0,120.0,162.0,179.0,172.0,164.0,155.0,148.0,132.0,108.0,62.0,55.0,55.0,118.0,191.0,205.0,205.0,200.0,102.0,62.0,68.0,98.0,113.0,90.0,58.0,55.0,89.0,159.0,205.0,205.0,205.0,157.0,106.0,88.0,102.0,132.0,153.0,154.0,135.0,114.0,104.0,114.0,133.0,-0.4882542375938608,0.8727014377618716
205.0,181.0,150.0,79.0,123.0,110.0,108.0,104.0,135.0,131.0,117.0,137.0,136.0,144.0,141.0,157.0,135.0,128.0,110.0,110.0,115.0,124.0,135.0,141.0,138.0,132.0,136.0,124.0,117.0,122.0,131.0,133.0,131.0,133.0,136.0,127.0,122.0,131.0,133.0,129.0,134.0,133.0,124.0,120.0,122.0,127.0,131.0,133.0,130.0,126.0,201.0,138.0,87.0,101.0,77.0,85.0,100.0,122.0,149.0,175.0,186.0,190.0,190.0,157.0,101.0,55.0,55.0,55.0,56.0,161.0,205.0,205.0,205.0,205.0,205.0,62.0,55.0,55.0,55.0,55.0,58.0,153.0,205.0,205.0,205.0,159.0,102.0,69.0,68.0,89.0,115.0,133.0,135.0,125.0,117.0,118.0,128.0,142.0,153.0,156.0,-0.24597141579312964,0.969277082475761
162.0,197.0,190.0,124.0,95.0,119.0,106.0,106.0,102.0,147.0,120.0,123.0,127.0,152.0,141.0,142.0,135.0,112.0,107.0,110.0,130.0,140.0,144.0,137.0,135.0,123.0,121.0,125.0,118.0,112.0,123.0,136.0,139.0,138.0,137.0,137.0,126.0,124.0,134.0,136.0,130.0,132.0,130.0,121.0,120.0,126.0,130.0,132.0,132.0,129.0,102.0,118.0,127.0,121.0,134.0,133.0,107.0,89.0,91.0,110.0,136.0,143.0,136.0,141.0,159.0,171.0,162.0,121.0,65.0,55.0,55.0,73.0,161.0,205.0,205.0,188.0,162.0,150.0,145.0,134.0,101.0,59.0,55.0,55.0,86.0,154.0,195.0,204.0,182.0,147.0,119.0,108.0,112.0,122.0,126.0,119.0,109.0,103.0,106.0,117.0,0.013044305425631307,0.9999149194286296
84.0,98.0,109.0,106.0,106.0,143.0,119.0,125.0,126.0,152.0,135.0,141.0,127.0,106.0,97.0,108.0,133.0,148.0,152.0,140.0,132.0,116.0,116.0,119.0,115.0,110.0,123.0,136.0,140.0,139.0,138.0,136.0,125.0,124.0,133.0,136.0,129.0,130.0,127.0,119.0,120.0,126.0,131.0,131.0,130.0,127.0,126.0,128.0,131.0,131.0,124.0,119.0,124.0,154.0,143.0,124.0,134.0,152.0,140.0,111.0,75.0,56.0,76.0,129.0,182.0,201.0,178.0,137.0,110.0,102.0,98.0,77.0,55.0,55.0,55.0,101.0,201.0,205.0,205.0,205.0,158.0,100.0,59.0,55.0,55.0,107.0,155.0,185.0,192.0,180.0,162.0,146.0,131.0,117.0,107.0,104.0,108.0,115.0,117.0,114.0,0.2711726509712364,0.9625307233357447
205.0,183.0,145.0,94.0,114.0,117.0,96.0,122.0,132.0,141.0,112.0,143.0,133.0,146.0,149.0,161.0,142.0,128.0,111.0,105.0,115.0,120.0,139.0,144.0,143.0,137.0,139.0,125.0,118.0,124.0,131.0,133.0,130.0,135.0,136.0,127.0,123.0,133.0,132.0,131.0,135.0,134.0,124.0,121.0,123.0,128.0,133.0,135.0,131.0,125.0,174.0,145.0,121.0,146.0,138.0,124.0,116.0,106.0,108.0,117.0,119.0,119.0,137.0,172.0,205.0,205.0,179.0,142.0,108.0,73.0,59.0,70.0,87.0,117.0,170.0,205.0,205.0,205.0,176.0,97.0,55.0,55.0,55.0,80.0,119.0,124.0,111.0,101.0,108.0,128.0,154.0,176.0,185.0,177.0,161.0,147.0,138.0,134.0,131.0,126.0,0.5108537119858734,0.8596676595930862
198.0,172.0,130.0,92.0,129.0,101.0,107.0,104.0,147.0,122.0,122.0,133.0,148.0,143.0,141.0,139.0,113.0,111.0,111.0,130.0,137.0,141.0,137.0,135.0,125.0,123.0,127.0,118.0,114.0,125.0,136.0,138.0,137.0,137.0,137.0,125.0,124.0,134.0,135.0,131.0,133.0,130.0,121.0,121.0,126.0,130.0,132.0,132.0,129.0,127.0,145.0,116.0,111.0,124.0,127.0,129.0,112.0,111.0,122.0,132.0,131.0,124.0,114.0,108.0,108.0,105.0,106.0,109.0,113.0,127.0,155.0,178.0,181.0,167.0,141.0,110.0,91.0,90.0,96.0,109.0,133.0,161.0,184.0,196.0,192.0,169.0,138.0,111.0,92.0,82.0,83.0,90.0,98.0,106.0,111.0,116.0,122.0,131.0,141.0,147.0,0.7157825081797118,0.6983232782773039
170.0,142.0,91.0,120.0,117.0,97.0,115.0,128.0,136.0,111.0,146.0,139.0,148.0,142.0,154.0,136.0,127.0,113.0,108.0,115.0,120.0,137.0,143.0,142.0,135.0,137.0,123.0,116.0,123.0,131.0,133.0,130.0,134.0,135.0,126.0,123.0,132.0,132.0,130.0,134.0,133.0,123.0,121.0,123.0,127.0,132.0,134.0,130.0,125.0,124.0,138.0,94.0,72.0,84.0,125.0,153.0,153.0,146.0,152.0,162.0,171.0,153.0,104.0,55.0,55.0,55.0,55.0,159.0,205.0,205.0,205.0,205.0,96.0,55.0,55.0,55.0,55.0,63.0,138.0,177.0,198.0,199.0,185.0,162.0,136.0,116.0,109.0,112.0,119.0,121.0,115.0,105.0,100.0,104.0,117.0,130.0,139.0,143.0,143.0,142.0,0.8720181801097348,0.4894734860624283
197.0,135.0,79.0,95.0,127.0,100.0,106.0,112.0,142.0,108.0,129.0,143.0,156.0,142.0,130.0,104.0,80.0,89.0,119.0,160.0,170.0,163.0,138.0,119.0,104.0,110.0,111.0,107.0,112.0,131.0,143.0,145.0,145.0,141.0,132.0,122.0,130.0,138.0,135.0,130.0,128.0,121.0,117.0,123.0,131.0,134.0,132.0,128.0,125.0,128.0,151.0,171.0,161.0,126.0,120.0,156.0,155.0,147.0,117.0,133.0,135.0,157.0,147.0,121.0,92.0,92.0,115.0,142.0,168.0,173.0,151.0,128.0,143.0,168.0,172.0,140.0,87.0,55.0,55.0,55.0,69.0,184.0,205.0,205.0,205.0,205.0,106.0,56.0,55.0,55.0,55.0,97.0,121.0,145.0,162.0,166.0,165.0,160.0,157.0,154.0,0.9689323554690169,0.24732587920648869
55.0,83.0,70.0,196.0,107.0,176.0,140.0,163.0,111.0,129.0,140.0,114.0,123.0,107.0,126.0,100.0,136.0,127.0,148.0,134.0,136.0,128.0,125.0,121.0,124.0,129.0,120.0,134.0,136.0,133.0,121.0,123.0,123.0,124.0,121.0,131.0,134.0,125.0,124.0,127.0,124.0,124.0,134.0,135.0,133.0,129.0,126.0,124.0,127.0,131.0,134.0,111.0,112.0,112.0,119.0,102.0,89.0,93.0,110.0,119.0,140.0,166.0,181.0,179.0,156.0,113.0,75.0,62.0,68.0,91.0,126.0,161.0,188.0,205.0,205.0,205.0,179.0,118.0,57.0,55.0,55.0,55.0,103.0,169.0,183.0,167.0,138.0,117.0,111.0,117.0,128.0,132.0,129.0,122.0,117.0,116.0,121.0,126.0,129.0,130.0,0.9999321740943493,-0.011646768261968667
139.0,160.0,125.0,176.0,148.0,132.0,120.0,143.0,122.0,104.0,117.0,122.0,135.0,136.0,149.0,123.0,115.0,108.0,124.0,135.0,141.0,141.0,136.0,127.0,126.0,138.0,130.0,118.0,117.0,121.0,122.0,125.0,131.0,135.0,126.0,121.0,129.0,130.0,128.0,133.0,136.0,129.0,127.0,128.0,128.0,128.0,130.0,129.0,128.0,130.0,98.0,105.0,85.0,109.0,132.0,126.0,109.0,93.0,102.0,103.0,129.0,127.0,137.0,142.0,158.0,160.0,151.0,115.0,67.0,55.0,55.0,55.0,130.0,181.0,197.0,192.0,177.0,169.0,170.0,172.0,148.0,93.0,55.0,55.0,55.0,55.0,145.0,205.0,205.0,205.0,205.0,127.0,97.0,90.0,93.0,91.0,84.0,77.0,77.0,89.0,0.9629087858766175,-0.2698271114651348
150.0,128.0,89.0,136.0,109.0,95.0,109.0,132.0,134.0,118.0,147.0,134.0,143.0,139.0,147.0,122.0,118.0,111.0,120.0,128.0,131.0,138.0,137.0,131.0,127.0,130.0,118.0,116.0,125.0,134.0,135.0,133.0,135.0,134.0,125.0,124.0,134.0,132.0,130.0,133.0,130.0,121.0,121.0,124.0,129.0,132.0,133.0,129.0,125.0,126.0,88.0,95.0,114.0,161.0,176.0,182.0,151.0,105.0,82.0,87.0,95.0,91.0,96.0,114.0,160.0,205.0,205.0,205.0,205.0,55.0,55.0,55.0,55.0,55.0,136.0,205.0,205.0,205.0,205.0,205.0,205.0,55.0,55.0,55.0,55.0,78.0,205.0,205.0,205.0,205.0,123.0,120.0,117.0,129.0,136.0,126.0,103.0,83.0,77.0,86.0,0.8603808112382988,-0.509651704257846
152.0,205.0,157.0,130.0,88.0,127.0,103.0,101.0,116.0,140.0,130.0,115.0,143.0,137.0,146.0,142.0,145.0,119.0,116.0,112.0,123.0,132.0,133.0,138.0,135.0,130.0,127.0,130.0,118.0,116.0,126.0,135.0,136.0,135.0,136.0,135.0,124.0,125.0,135.0,133.0,131.0,133.0,130.0,120.0,121.0,125.0,130.0,132.0,133.0,129.0,144.0,142.0,159.0,96.0,130.0,133.0,143.0,120.0,112.0,95.0,109.0,134.0,148.0,152.0,138.0,135.0,142.0,158.0,159.0,148.0,113.0,83.0,92.0,144.0,191.0,203.0,172.0,109.0,57.0,55.0,108.0,171.0,205.0,205.0,161.0,94.0,55.0,55.0,55.0,93.0,124.0,133.0,136.0,144.0,153.0,160.0,164.0,164.0,154.0,139.0,0.6993230048744699,-0.7148058021961925
200.0,136.0,73.0,121.0,111.0,107.0,109.0,135.0,127.0,115.0,140.0,138.0,144.0,140.0,151.0,127.0,121.0,110.0,115.0,123.0,127.0,136.0,139.0,134.0,129.0,133.0,120.0,115.0,123.0,132.0,135.0,132.0,134.0,135.0,125.0,123.0,132.0,132.0,130.0,133.0,131.0,122.0,121.0,123.0,127.0,131.0,133.0,129.0,126.0,125.0,135.0,107.0,102.0,106.0,130.0,118.0,110.0,103.0,119.0,128.0,134.0,121.0,105.0,87.0,76.0,79.0,91.0,111.0,135.0,167.0,193.0,205.0,203.0,174.0,121.0,66.0,55.0,55.0,55.0,134.0,205.0,205.0,205.0,205.0,169.0,117.0,81.0,70.0,67.0,69.0,72.0,76.0,85.0,101.0,113.0,122.0,134.0,148.0,158.0,161.0,0.4906917783896469,-0.871333219050442
78.0,91.0,106.0,107.0,103.0,117.0,138.0,110.0,123.0,141.0,156.0,142.0,132.0,101.0,78.0,81.0,115.0,158.0,175.0,167.0,141.0,118.0,101.0,106.0,109.0,105.0,110.0,129.0,143.0,146.0,145.0,142.0,132.0,122.0,129.0,138.0,135.0,129.0,127.0,120.0,116.0,122.0,131.0,134.0,132.0,127.0,124.0,126.0,132.0,136.0,147.0,130.0,115.0,115.0,106.0,134.0,156.0,179.0,170.0,133.0,85.0,58.0,55.0,69.0,79.0,79.0,97.0,151.0,205.0,205.0,205.0,205.0,55.0,55.0,55.0,55.0,88.0,205.0,205.0,205.0,142.0,118.0,139.0,182.0,205.0,194.0,146.0,91.0,60.0,60.0,81.0,97.0,100.0,96.0,97.0,109.0,131.0,153.0,164.0,158.0,0.2486798594915291,-0.9685857357422075
194.0,134.0,168.0,138.0,168.0,107.0,148.0,131.0,129.0,101.0,113.0,122.0,132.0,168.0,164.0,156.0,113.0,101.0,94.0,115.0,127.0,147.0,149.0,142.0,146.0,146.0,134.0,117.0,116.0,113.0,117.0,118.0,132.0,133.0,124.0,121.0,127.0,127.0,130.0,138.0,137.0,129.0,125.0,125.0,127.0,131.0,132.0,129.0,125.0,125.0,107.0,123.0,149.0,121.0,120.0,134.0,126.0,113.0,109.0,121.0,152.0,172.0,164.0,156.0,164.0,149.0,124.0,95.0,62.0,55.0,55.0,110.0,166.0,205.0,205.0,171.0,107.0,70.0,72.0,106.0,140.0,129.0,85.0,55.0,55.0,101.0,162.0,205.0,205.0,205.0,171.0,143.0,129.0,129.0,132.0,128.0,116.0,102.0,94.0,98.0,-0.01024920834741227,-0.9999474754847133
73.0,93.0,107.0,118.0,96.0,115.0,136.0,118.0,118.0,136.0,158.0,144.0,139.0,103.0,80.0,75.0,114.0,156.0,176.0,167.0,145.0,123.0,105.0,108.0,109.0,105.0,105.0,125.0,142.0,148.0,146.0,145.0,135.0,123.0,127.0,138.0,138.0,131.0,128.0,122.0,116.0,120.0,131.0,134.0,133.0,128.0,125.0,126.0,132.0,136.0,112.0,172.0,167.0,113.0,107.0,102.0,78.0,75.0,107.0,132.0,165.0,180.0,186.0,191.0,188.0,148.0,79.0,55.0,55.0,55.0,74.0,205.0,205.0,205.0,205.0,205.0,123.0,55.0,55.0,55.0,55.0,55.0,88.0,166.0,205.0,205.0,204.0,139.0,87.0,66.0,76.0,102.0,128.0,139.0,133.0,120.0,114.0,119.0,132.0,146.0,-0.2684810448766252,-0.9632849674639149
198.0,184.0,136.0,92.0,125.0,103.0,108.0,100.0,147.0,122.0,123.0,130.0,149.0,143.0,140.0,143.0,118.0,115.0,111.0,126.0,133.0,139.0,136.0,137.0,128.0,124.0,129.0,120.0,115.0,123.0,135.0,137.0,137.0,136.0,137.0,126.0,123.0,133.0,135.0,131.0,132.0,131.0,122.0,120.0,125.0,129.0,132.0,133.0,130.0,127.0,157.0,106.0,63.0,71.0,112.0,117.0,130.0,133.0,126.0,110.0,122.0,143.0,166.0,160.0,119.0,80.0,80.0,121.0,169.0,190.0,161.0,107.0,74.0,80.0,121.0,170.0,194.0,183.0,157.0,135.0,122.0,112.0,98.0,72.0,55.0,55.0,78.0,137.0,189.0,205.0,205.0,175.0,134.0,108.0,102.0,112.0,122.0,123.0,114.0,105.0,-0.5084487009721896,-0.8610922822088773
205.0,184.0,156.0,83.0,121.0,113.0,109.0,104.0,132.0,134.0,117.0,138.0,136.0,145.0,141.0,162.0,141.0,133.0,111.0,106.0,110.0,120.0,135.0,144.0,143.0,135.0,139.0,126.0,118.0,121.0,130.0,132.0,130.0,132.0,136.0,128.0,123.0,131.0,133.0,130.0,134.0,135.0,125.0,121.0,122.0,127.0,131.0,134.0,131.0,126.0,158.0,140.0,142.0,131.0,122.0,155.0,170.0,160.0,138.0,118.0,101.0,103.0,113.0,114.0,113.0,118.0,132.0,153.0,173.0,168.0,131.0,88.0,69.0,85.0,120.0,136.0,111.0,70.0,56.0,96.0,172.0,205.0,205.0,205.0,146.0,92.0,67.0,78.0,108.0,137.0,147.0,139.0,124.0,114.0,119.0,136.0,149.0,150.0,138.0,125.0,-0.7138276999054143,-0.7003213654085857
151.0,92.0,98.0,112.0,117.0,95.0,128.0,123.0,128.0,117.0,153.0,134.0,142.0,142.0,135.0,120.0,117.0,116.0,120.0,129.0,129.0,142.0,135.0,129.0,127.0,124.0,114.0,117.0,130.0,136.0,136.0,132.0,136.0,130.0,123.0,127.0,135.0,130.0,130.0,132.0,126.0,120.0,122.0,126.0,129.0,132.0,131.0,127.0,125.0,127.0,162.0,175.0,138.0,96.0,91.0,134.0,120.0,128.0,135.0,145.0,133.0,123.0,104.0,98.0,106.0,114.0,121.0,129.0,158.0,194.0,205.0,198.0,162.0,112.0,61.0,55.0,55.0,55.0,110.0,170.0,205.0,205.0,205.0,205.0,139.0,58.0,55.0,55.0,55.0,55.0,119.0,167.0,171.0,161.0,149.0,144.0,150.0,158.0,158.0,152.0,-0.8706465559220017,-0.49190911219569494
185.0,201.0,85.0,122.0,108.0,114.0,101.0,124.0,143.0,119.0,137.0,129.0,145.0,142.0,175.0,162.0,150.0,113.0,94.0,93.0,107.0,130.0,148.0,155.0,144.0,147.0,134.0,123.0,118.0,126.0,128.0,127.0,129.0,136.0,132.0,123.0,127.0,132.0,131.0,134.0,138.0,129.0,121.0,119.0,124.0,130.0,136.0,134.0,128.0,122.0,126.0,125.0,97.0,143.0,112.0,104.0,91.0,105.0,123.0,137.0,137.0,135.0,155.0,165.0,167.0,138.0,91.0,55.0,55.0,55.0,124.0,179.0,204.0,194.0,173.0,160.0,150.0,142.0,128.0,99.0,64.0,55.0,55.0,95.0,142.0,183.0,198.0,190.0,168.0,143.0,126.0,120.0,116.0,109.0,100.0,94.0,94.0,102.0,114.0,125.0,-0.9682372239724155,-0.25003335400340176
149.0,122.0,88.0,131.0,102.0,99.0,115.0,137.0,130.0,115.0,146.0,136.0,146.0,140.0,143.0,117.0,114.0,112.0,125.0,134.0,134.0,138.0,134.0,128.0,126.0,129.0,116.0,116.0,127.0,136.0,136.0,135.0,136.0,134.0,124.0,125.0,135.0,132.0,131.0,133.0,129.0,120.0,122.0,126.0,130.0,132.0,132.0,129.0,126.0,127.0,127.0,97.0,144.0,165.0,169.0,142.0,124.0,130.0,141.0,155.0,127.0,97.0,63.0,71.0,113.0,182.0,205.0,196.0,139.0,102.0,100.0,111.0,107.0,71.0,55.0,55.0,94.0,176.0,205.0,205.0,205.0,141.0,88.0,67.0,79.0,114.0,147.0,162.0,156.0,138.0,123.0,125.0,135.0,144.0,142.0,130.0,119.0,117.0,124.0,130.0,-0.9999608235698317,0.008851628411982518
103.0,79.0,191.0,116.0,164.0,151.0,152.0,124.0,119.0,147.0,107.0,129.0,107.0,121.0,95.0,125.0,124.0,147.0,145.0,143.0,136.0,123.0,118.0,118.0,125.0,117.0,133.0,135.0,133.0,123.0,125.0,125.0,124.0,122.0,131.0,134.0,125.0,125.0,127.0,123.0,123.0,133.0,135.0,133.0,129.0,126.0,123.0,127.0,131.0,133.0,139.0,155.0,121.0,132.0,158.0,138.0,119.0,108.0,101.0,106.0,117.0,122.0,129.0,155.0,189.0,205.0,198.0,168.0,130.0,89.0,59.0,60.0,78.0,100.0,144.0,199.0,205.0,205.0,205.0,136.0,65.0,55.0,55.0,55.0,105.0,125.0,119.0,105.0,103.0,116.0,140.0,166.0,183.0,183.0,170.0,154.0,142.0,135.0,133.0,129.0,-0.9636592673627958,0.2671344538351418
129.0,164.0,144.0,153.0,140.0,182.0,114.0,148.0,118.0,146.0,95.0,126.0,115.0,126.0,135.0,147.0,147.0,130.0,125.0,112.0,127.0,121.0,137.0,136.0,135.0,131.0,143.0,137.0,124.0,120.0,119.0,122.0,120.0,130.0,135.0,130.0,121.0,128.0,127.0,127.0,132.0,138.0,133.0,130.0,127.0,126.0,128.0,131.0,132.0,130.0,120.0,143.0,125.0,105.0,121.0,137.0,129.0,120.0,110.0,111.0,125.0,133.0,130.0,124.0,116.0,111.0,109.0,105.0,104.0,108.0,112.0,122.0,146.0,173.0,182.0,173.0,150.0,118.0,94.0,89.0,94.0,104.0,125.0,153.0,178.0,194.0,195.0,177.0,148.0,118.0,97.0,84.0,81.0,87.0,96.0,104.0,110.0,115.0,120.0,128.0,-0.8618020711150405,0.507244704478841
152.0,138.0,157.0,134.0,184.0,111.0,149.0,113.0,153.0,94.0,129.0,109.0,117.0,117.0,133.0,143.0,136.0,139.0,122.0,133.0,117.0,129.0,126.0,128.0,124.0,139.0,136.0,126.0,122.0,121.0,125.0,120.0,127.0,133.0,131.0,122.0,128.0,126.0,123.0,129.0,136.0,134.0,131.0,128.0,125.0,125.0,129.0,132.0,131.0,131.0,145.0,110.0,119.0,154.0,166.0,147.0,116.0,90.0,97.0,125.0,144.0,136.0,119.0,112.0,132.0,164.0,175.0,141.0,72.0,55.0,55.0,55.0,163.0,205.0,205.0,205.0,151.0,93.0,57.0,55.0,55.0,101.0,150.0,186.0,203.0,199.0,183.0,160.0,135.0,114.0,103.0,102.0,105.0,109.0,111.0,112.0,111.0,111.0,117.0,126.0,-0.7013183579294511,0.7128482032180051
97.0,142.0,148.0,146.0,166.0,140.0,122.0,113.0,137.0,124.0,126.0,119.0,95.0,74.0,83.0,118.0,162.0,184.0,174.0,149.0,114.0,96.0,99.0,107.0,111.0,126.0,136.0,137.0,133.0,133.0,134.0,125.0,121.0,130.0,135.0,129.0,127.0,124.0,118.0,117.0,131.0,140.0,138.0,132.0,123.0,120.0,124.0,135.0,141.0,140.0,105.0,140.0,162.0,144.0,111.0,129.0,114.0,118.0,141.0,168.0,170.0,164.0,154.0,140.0,128.0,114.0,90.0,57.0,55.0,96.0,170.0,205.0,205.0,205.0,118.0,58.0,55.0,104.0,147.0,151.0,110.0,56.0,55.0,55.0,159.0,205.0,205.0,205.0,157.0,103.0,85.0,99.0,125.0,142.0,139.0,120.0,103.0,103.0,117.0,137.0,-0.4931254851026181,0.8699581920657495
89.0,112.0,166.0,120.0,142.0,155.0,156.0,124.0,116.0,146.0,120.0,110.0,101.0,137.0,128.0,139.0,129.0,112.0,94.0,105.0,132.0,154.0,160.0,146.0,133.0,115.0,115.0,126.0,128.0,115.0,116.0,122.0,126.0,130.0,134.0,136.0,127.0,121.0,128.0,134.0,128.0,130.0,133.0,128.0,126.0,130.0,131.0,129.0,128.0,127.0,154.0,111.0,94.0,85.0,104.0,100.0,110.0,110.0,115.0,146.0,174.0,185.0,171.0,141.0,93.0,65.0,60.0,75.0,104.0,143.0,172.0,195.0,205.0,205.0,205.0,157.0,95.0,55.0,55.0,55.0,62.0,148.0,179.0,173.0,144.0,116.0,108.0,115.0,131.0,141.0,138.0,126.0,116.0,114.0,118.0,120.0,121.0,122.0,126.0,131.0,-0.25138636009812687,0.9678868208404404
102.0,100.0,86.0,134.0,95.0,105.0,124.0,128.0,118.0,126.0,155.0,141.0,142.0,125.0,113.0,91.0,105.0,124.0,150.0,153.0,145.0,133.0,123.0,119.0,121.0,115.0,103.0,115.0,133.0,144.0,143.0,140.0,136.0,128.0,121.0,132.0,138.0,132.0,130.0,128.0,121.0,118.0,125.0,130.0,132.0,131.0,128.0,126.0,128.0,131.0,119.0,105.0,90.0,108.0,97.0,110.0,107.0,115.0,119.0,124.0,134.0,149.0,161.0,155.0,133.0,88.0,55.0,55.0,55.0,93.0,147.0,176.0,180.0,174.0,172.0,176.0,180.0,175.0,142.0,88.0,55.0,55.0,55.0,55.0,138.0,205.0,205.0,205.0,205.0,163.0,115.0,86.0,72.0,69.0,68.0,69.0,73.0,85.0,101.0,119.0,0.007454031185707447,0.9999722183236305
205.0,117.0,76.0,120.0,107.0,112.0,101.0,144.0,116.0,123.0,131.0,151.0,141.0,139.0,132.0,106.0,103.0,111.0,137.0,146.0,144.0,131.0,129.0,120.0,123.0,126.0,117.0,111.0,123.0,135.0,139.0,139.0,137.0,136.0,124.0,123.0,133.0,135.0,129.0,131.0,128.0,119.0,120.0,126.0,130.0,131.0,131.0,128.0,126.0,127.0,176.0,151.0,108.0,90.0,101.0,100.0,117.0,129.0,137.0,132.0,141.0,165.0,198.0,197.0,143.0,65.0,55.0,55.0,55.0,56.0,124.0,185.0,205.0,205.0,205.0,205.0,101.0,55.0,55.0,55.0,55.0,87.0,205.0,205.0,205.0,157.0,137.0,152.0,184.0,202.0,187.0,143.0,92.0,60.0,55.0,69.0,84.0,94.0,98.0,103.0,0.2657873409711303,0.964031684842099
142.0,111.0,86.0,134.0,97.0,103.0,110.0,142.0,121.0,121.0,145.0,142.0,144.0,136.0,132.0,104.0,107.0,113.0,136.0,144.0,143.0,137.0,129.0,120.0,121.0,124.0,113.0,115.0,128.0,138.0,138.0,137.0,137.0,133.0,123.0,126.0,136.0,133.0,130.0,132.0,127.0,119.0,122.0,127.0,130.0,132.0,130.0,127.0,126.0,129.0,142.0,109.0,143.0,138.0,123.0,107.0,101.0,108.0,136.0,151.0,150.0,140.0,135.0,144.0,155.0,161.0,149.0,118.0,87.0,98.0,152.0,200.0,205.0,172.0,108.0,55.0,55.0,66.0,147.0,200.0,205.0,205.0,136.0,74.0,55.0,55.0,55.0,64.0,119.0,139.0,152.0,163.0,171.0,173.0,169.0,158.0,146.0,138.0,144.0,136.0,0.5060397171296876,0.8625101765702858
194.0,185.0,205.0,104.0,118.0,112.0,116.0,100.0,120.0,146.0,128.0,130.0,126.0,142.0,144.0,181.0,177.0,162.0,117.0,89.0,82.0,98.0,125.0,150.0,162.0,151.0,150.0,140.0,127.0,116.0,121.0,124.0,128.0,132.0,141.0,134.0,120.0,121.0,130.0,134.0,137.0,140.0,132.0,121.0,117.0,123.0,130.0,137.0,136.0,128.0,127.0,90.0,68.0,88.0,137.0,130.0,123.0,125.0,124.0,100.0,81.0,67.0,75.0,96.0,117.0,139.0,169.0,199.0,205.0,205.0,159.0,88.0,55.0,55.0,55.0,57.0,148.0,205.0,205.0,205.0,205.0,205.0,110.0,55.0,55.0,55.0,55.0,57.0,128.0,164.0,164.0,147.0,128.0,118.0,120.0,131.0,141.0,144.0,139.0,128.0,0.7118673140473258,0.7023139804895286
189.0,181.0,91.0,132.0,102.0,120.0,89.0,135.0,133.0,130.0,127.0,140.0,140.0,140.0,164.0,151.0,142.0,114.0,107.0,104.0,119.0,129.0,145.0,146.0,138.0,140.0,132.0,121.0,119.0,129.0,131.0,132.0,130.0,137.0,132.0,123.0,127.0,134.0,131.0,133.0,137.0,129.0,122.0,121.0,125.0,130.0,135.0,133.0,128.0,124.0,133.0,103.0,117.0,144.0,182.0,178.0,140.0,83.0,56.0,55.0,69.0,78.0,78.0,91.0,144.0,205.0,205.0,205.0,205.0,55.0,55.0,55.0,55.0,84.0,205.0,205.0,205.0,146.0,117.0,135.0,177.0,205.0,196.0,151.0,96.0,60.0,55.0,72.0,94.0,104.0,101.0,96.0,103.0,124.0,149.0,164.0,160.0,145.0,129.0,124.0,0.8692681288263328,0.49434089473435855
205.0,93.0,88.0,99.0,112.0,97.0,119.0,136.0,118.0,115.0,137.0,154.0,144.0,136.0,105.0,82.0,81.0,113.0,151.0,170.0,165.0,146.0,125.0,106.0,106.0,108.0,104.0,105.0,126.0,142.0,147.0,145.0,143.0,134.0,123.0,126.0,137.0,136.0,130.0,127.0,122.0,116.0,120.0,130.0,134.0,132.0,128.0,125.0,125.0,131.0,160.0,165.0,129.0,122.0,112.0,107.0,131.0,172.0,183.0,172.0,163.0,153.0,142.0,128.0,96.0,56.0,55.0,55.0,140.0,205.0,205.0,205.0,144.0,86.0,58.0,74.0,107.0,110.0,76.0,55.0,55.0,99.0,192.0,205.0,205.0,205.0,129.0,84.0,78.0,105.0,141.0,159.0,153.0,132.0,112.0,109.0,123.0,142.0,153.0,147.0,0.9675345270307488,0.2527388751327844
140.0,155.0,158.0,137.0,156.0,168.0,129.0,132.0,129.0,138.0,100.0,120.0,115.0,132.0,140.0,161.0,150.0,131.0,111.0,102.0,116.0,122.0,141.0,144.0,141.0,135.0,145.0,138.0,124.0,116.0,116.0,118.0,119.0,127.0,135.0,129.0,120.0,126.0,128.0,127.0,133.0,138.0,132.0,128.0,126.0,126.0,128.0,131.0,130.0,127.0,92.0,121.0,155.0,135.0,125.0,151.0,142.0,126.0,113.0,103.0,105.0,115.0,121.0,122.0,137.0,169.0,202.0,205.0,185.0,148.0,107.0,68.0,55.0,68.0,87.0,119.0,171.0,205.0,205.0,205.0,176.0,97.0,55.0,55.0,55.0,76.0,118.0,124.0,111.0,101.0,107.0,127.0,153.0,176.0,185.0,177.0,160.0,147.0,137.0,133.0,0.9999816597238508,-0.006056419398674556
77.0,192.0,106.0,182.0,127.0,183.0,101.0,142.0,126.0,128.0,111.0,113.0,124.0,104.0,135.0,126.0,149.0,131.0,137.0,123.0,129.0,119.0,127.0,129.0,123.0,132.0,137.0,134.0,121.0,123.0,121.0,125.0,119.0,130.0,133.0,127.0,123.0,128.0,125.0,123.0,132.0,136.0,133.0,129.0,127.0,124.0,127.0,130.0,132.0,130.0,153.0,111.0,107.0,117.0,139.0,129.0,119.0,104.0,116.0,129.0,135.0,127.0,117.0,109.0,112.0,114.0,108.0,104.0,104.0,113.0,136.0,167.0,182.0,178.0,159.0,130.0,103.0,90.0,93.0,99.0,114.0,140.0,168.0,189.0,197.0,187.0,160.0,129.0,105.0,88.0,81.0,85.0,92.0,100.0,107.0,113.0,117.0,125.0,134.0,143.0,0.9644022191743484,-0.26443970891602503
62.0,55.0,67.0,179.0,122.0,166.0,135.0,170.0,118.0,127.0,132.0,122.0,122.0,112.0,117.0,86.0,105.0,109.0,147.0,156.0,162.0,145.0,129.0,110.0,109.0,116.0,113.0,124.0,133.0,136.0,128.0,128.0,128.0,128.0,120.0,128.0,135.0,129.0,125.0,127.0,123.0,120.0,129.0,136.0,136.0,132.0,127.0,123.0,123.0,129.0,155.0,132.0,97.0,130.0,161.0,170.0,139.0,108.0,88.0,102.0,132.0,144.0,134.0,115.0,114.0,137.0,169.0,173.0,131.0,62.0,55.0,55.0,62.0,180.0,205.0,205.0,205.0,139.0,85.0,55.0,55.0,55.0,110.0,156.0,190.0,204.0,198.0,180.0,157.0,133.0,111.0,98.0,97.0,105.0,114.0,116.0,112.0,108.0,109.0,118.0,0.8632165971913701,-0.5048337412786034
193.0,204.0,104.0,105.0,100.0,124.0,95.0,104.0,134.0,124.0,121.0,124.0,158.0,140.0,144.0,126.0,110.0,94.0,107.0,127.0,150.0,158.0,148.0,135.0,115.0,112.0,118.0,120.0,112.0,122.0,134.0,140.0,140.0,140.0,139.0,128.0,123.0,132.0,137.0,131.0,131.0,129.0,121.0,119.0,125.0,130.0,132.0,132.0,129.0,127.0,123.0,173.0,137.0,114.0,128.0,132.0,113.0,128.0,159.0,166.0,171.0,160.0,148.0,127.0,118.0,94.0,64.0,55.0,86.0,156.0,205.0,205.0,205.0,137.0,67.0,55.0,95.0,141.0,153.0,120.0,63.0,55.0,55.0,132.0,205.0,205.0,205.0,196.0,114.0,83.0,87.0,111.0,135.0,140.0,125.0,109.0,105.0,116.0,135.0,149.0,0.7033082311439653,-0.710885034309449
149.0,205.0,179.0,125.0,117.0,114.0,115.0,83.0,124.0,132.0,145.0,114.0,144.0,131.0,143.0,153.0,158.0,143.0,122.0,109.0,103.0,116.0,122.0,141.0,144.0,141.0,137.0,136.0,123.0,118.0,126.0,131.0,133.0,129.0,136.0,134.0,125.0,124.0,133.0,131.0,132.0,136.0,133.0,122.0,121.0,124.0,128.0,133.0,134.0,130.0,126.0,132.0,110.0,115.0,133.0,119.0,103.0,89.0,93.0,106.0,116.0,117.0,138.0,167.0,184.0,180.0,152.0,107.0,71.0,62.0,71.0,96.0,131.0,164.0,191.0,205.0,205.0,205.0,173.0,110.0,55.0,55.0,55.0,55.0,110.0,172.0,183.0,163.0,135.0,116.0,111.0,118.0,128.0,132.0,128.0,121.0,117.0,117.0,122.0,127.0,0.49555533871670654,-0.8685763675517371
138.0,95.0,90.0,133.0,95.0,107.0,109.0,145.0,113.0,126.0,140.0,146.0,139.0,134.0,123.0,97.0,98.0,111.0,144.0,156.0,156.0,140.0,124.0,110.0,114.0,117.0,110.0,114.0,130.0,141.0,141.0,141.0,139.0,133.0,122.0,128.0,137.0,134.0,129.0,130.0,124.0,118.0,122.0,129.0,132.0,132.0,129.0,126.0,127.0,130.0,85.0,104.0,109.0,138.0,106.0,106.0,94.0,103.0,118.0,129.0,133.0,138.0,154.0,158.0,158.0,127.0,84.0,55.0,55.0,55.0,106.0,165.0,193.0,193.0,180.0,171.0,170.0,174.0,161.0,115.0,56.0,55.0,55.0,55.0,84.0,205.0,205.0,205.0,205.0,153.0,111.0,92.0,88.0,87.0,84.0,78.0,77.0,84.0,99.0,117.0,0.254090896465351,-0.9671803432315166
55.0,120.0,164.0,140.0,162.0,144.0,174.0,107.0,144.0,125.0,138.0,97.0,120.0,118.0,127.0,145.0,151.0,148.0,123.0,115.0,106.0,122.0,123.0,139.0,139.0,135.0,135.0,143.0,134.0,120.0,118.0,116.0,120.0,119.0,130.0,134.0,126.0,120.0,127.0,126.0,127.0,134.0,137.0,131.0,126.0,124.0,123.0,126.0,134.0,135.0,114.0,147.0,137.0,154.0,136.0,122.0,95.0,101.0,118.0,126.0,138.0,140.0,153.0,178.0,205.0,190.0,134.0,59.0,55.0,55.0,55.0,60.0,137.0,205.0,205.0,205.0,205.0,205.0,68.0,55.0,55.0,55.0,55.0,85.0,205.0,205.0,205.0,205.0,160.0,138.0,134.0,139.0,136.0,119.0,95.0,77.0,75.0,86.0,102.0,114.0,-0.004658795780973108,-0.99998914775205
55.0,117.0,159.0,135.0,161.0,135.0,184.0,106.0,147.0,114.0,146.0,94.0,126.0,114.0,120.0,129.0,139.0,145.0,130.0,130.0,115.0,129.0,118.0,134.0,132.0,132.0,129.0,141.0,135.0,123.0,120.0,119.0,123.0,119.0,128.0,133.0,129.0,121.0,127.0,126.0,124.0,131.0,136.0,133.0,129.0,127.0,125.0,126.0,130.0,131.0,158.0,174.0,136.0,109.0,137.0,142.0,131.0,107.0,101.0,106.0,136.0,152.0,152.0,141.0,137.0,145.0,156.0,159.0,146.0,121.0,93.0,100.0,147.0,195.0,205.0,177.0,115.0,57.0,55.0,85.0,144.0,187.0,205.0,205.0,154.0,90.0,55.0,55.0,55.0,55.0,116.0,140.0,153.0,163.0,168.0,172.0,170.0,162.0,149.0,140.0,-0.26309156030232816,-0.9647708696357319
123.0,55.0,131.0,145.0,159.0,137.0,161.0,164.0,131.0,126.0,131.0,137.0,102.0,116.0,112.0,131.0,140.0,163.0,153.0,133.0,109.0,99.0,112.0,121.0,140.0,144.0,142.0,135.0,145.0,138.0,123.0,115.0,115.0,117.0,118.0,126.0,133.0,128.0,119.0,125.0,127.0,127.0,133.0,138.0,132.0,127.0,125.0,126.0,128.0,131.0,143.0,106.0,112.0,96.0,126.0,116.0,132.0,123.0,130.0,117.0,105.0,86.0,76.0,81.0,94.0,117.0,141.0,175.0,198.0,205.0,199.0,162.0,104.0,56.0,55.0,55.0,56.0,159.0,205.0,205.0,205.0,205.0,157.0,105.0,71.0,57.0,58.0,68.0,83.0,95.0,102.0,105.0,111.0,123.0,138.0,148.0,153.0,154.0,154.0,151.0,-0.5036267792813275,-0.8639213315983795
197.0,167.0,128.0,90.0,129.0,97.0,107.0,107.0,149.0,121.0,120.0,135.0,148.0,144.0,140.0,136.0,109.0,109.0,112.0,132.0,141.0,143.0,137.0,133.0,123.0,122.0,126.0,116.0,114.0,126.0,137.0,139.0,138.0,137.0,136.0,125.0,125.0,135.0,135.0,130.0,132.0,129.0,120.0,121.0,127.0,130.0,132.0,132.0,129.0,127.0,143.0,136.0,113.0,104.0,114.0,149.0,175.0,179.0,148.0,99.0,64.0,55.0,65.0,75.0,79.0,85.0,127.0,199.0,205.0,205.0,205.0,76.0,55.0,55.0,55.0,72.0,198.0,205.0,205.0,163.0,119.0,124.0,164.0,202.0,205.0,167.0,110.0,65.0,55.0,68.0,96.0,108.0,100.0,91.0,97.0,120.0,147.0,164.0,163.0,148.0,-0.7099013659231597,-0.7043011079505925
205.0,103.0,98.0,94.0,127.0,98.0,103.0,130.0,125.0,119.0,123.0,156.0,140.0,143.0,126.0,112.0,94.0,107.0,126.0,148.0,153.0,144.0,135.0,119.0,115.0,118.0,117.0,106.0,117.0,134.0,147.0,146.0,141.0,133.0,123.0,121.0,133.0,141.0,132.0,129.0,127.0,120.0,119.0,126.0,131.0,132.0,131.0,127.0,126.0,128.0,140.0,161.0,151.0,156.0,128.0,122.0,119.0,109.0,120.0,165.0,182.0,174.0,164.0,155.0,143.0,131.0,103.0,60.0,55.0,55.0,127.0,200.0,205.0,205.0,202.0,96.0,59.0,69.0,101.0,113.0,83.0,55.0,55.0,82.0,178.0,205.0,205.0,205.0,140.0,89.0,76.0,98.0,134.0,157.0,155.0,136.0,115.0,108.0,119.0,139.0,-0.8678829095932491,-0.49676881467736694
179.0,147.0,151.0,161.0,140.0,125.0,135.0,147.0,116.0,105.0,109.0,123.0,145.0,176.0,175.0,148.0,107.0,86.0,94.0,113.0,136.0,152.0,152.0,143.0,148.0,147.0,131.0,115.0,113.0,112.0,115.0,122.0,133.0,133.0,121.0,121.0,127.0,129.0,133.0,140.0,136.0,127.0,124.0,125.0,129.0,133.0,132.0,127.0,124.0,125.0,151.0,168.0,143.0,93.0,128.0,123.0,135.0,128.0,140.0,132.0,136.0,122.0,111.0,104.0,106.0,116.0,124.0,138.0,162.0,197.0,204.0,191.0,162.0,118.0,68.0,55.0,55.0,64.0,113.0,170.0,205.0,205.0,205.0,205.0,137.0,77.0,55.0,55.0,55.0,55.0,90.0,129.0,146.0,155.0,157.0,159.0,164.0,167.0,164.0,157.0,-0.9668242701346206,-0.25544242145473445
97.0,55.0,118.0,170.0,125.0,161.0,132.0,186.0,107.0,148.0,115.0,140.0,93.0,121.0,114.0,124.0,142.0,144.0,144.0,121.0,124.0,113.0,130.0,122.0,135.0,132.0,130.0,130.0,142.0,135.0,122.0,119.0,117.0,122.0,119.0,129.0,133.0,128.0,120.0,127.0,126.0,125.0,132.0,137.0,132.0,128.0,126.0,125.0,127.0,130.0,134.0,123.0,134.0,111.0,143.0,113.0,103.0,94.0,101.0,121.0,136.0,140.0,135.0,154.0,164.0,171.0,145.0,98.0,55.0,55.0,55.0,116.0,179.0,205.0,204.0,178.0,161.0,149.0,141.0,126.0,96.0,60.0,55.0,55.0,100.0,153.0,192.0,202.0,184.0,155.0,128.0,116.0,117.0,120.0,116.0,108.0,99.0,97.0,104.0,116.0,-0.9999946823935965,0.003261163064016618
194.0,93.0,88.0,91.0,128.0,91.0,120.0,129.0,127.0,110.0,131.0,155.0,149.0,144.0,112.0,86.0,69.0,99.0,138.0,172.0,176.0,161.0,134.0,105.0,98.0,104.0,108.0,107.0,124.0,139.0,145.0,144.0,145.0,139.0,127.0,125.0,135.0,138.0,132.0,129.0,124.0,117.0,118.0,128.0,133.0,133.0,130.0,126.0,125.0,130.0,122.0,107.0,121.0,119.0,108.0,133.0,162.0,159.0,135.0,109.0,95.0,112.0,131.0,136.0,121.0,109.0,116.0,140.0,168.0,173.0,137.0,70.0,55.0,55.0,55.0,162.0,205.0,205.0,205.0,150.0,93.0,56.0,55.0,55.0,99.0,149.0,186.0,203.0,199.0,182.0,160.0,137.0,114.0,99.0,96.0,102.0,112.0,116.0,114.0,108.0,-0.9651376355057949,0.26174289776474047
205.0,82.0,93.0,75.0,126.0,101.0,110.0,134.0,120.0,118.0,117.0,162.0,138.0,150.0,120.0,106.0,81.0,100.0,126.0,155.0,163.0,151.0,138.0,115.0,110.0,112.0,113.0,105.0,118.0,133.0,142.0,142.0,142.0,140.0,128.0,122.0,131.0,137.0,131.0,130.0,127.0,120.0,117.0,125.0,131.0,132.0,130.0,127.0,125.0,128.0,171.0,108.0,64.0,91.0,103.0,111.0,113.0,120.0,121.0,148.0,183.0,205.0,190.0,152.0,107.0,66.0,55.0,65.0,88.0,106.0,138.0,181.0,205.0,205.0,181.0,123.0,61.0,55.0,55.0,108.0,148.0,151.0,111.0,58.0,55.0,55.0,117.0,196.0,205.0,205.0,205.0,170.0,131.0,111.0,107.0,108.0,104.0,95.0,90.0,93.0,-0.8646243784140355,0.5024188334966581
86.0,78.0,196.0,115.0,168.0,153.0,151.0,123.0,119.0,149.0,109.0,131.0,107.0,124.0,99.0,131.0,127.0,149.0,142.0,140.0,135.0,124.0,121.0,121.0,127.0,119.0,135.0,136.0,133.0,123.0,125.0,125.0,124.0,122.0,132.0,135.0,125.0,126.0,127.0,123.0,125.0,134.0,136.0,134.0,130.0,126.0,124.0,128.0,132.0,133.0,143.0,84.0,73.0,106.0,144.0,129.0,124.0,121.0,109.0,104.0,98.0,98.0,104.0,113.0,113.0,134.0,164.0,183.0,181.0,157.0,114.0,77.0,65.0,72.0,94.0,126.0,157.0,183.0,205.0,205.0,205.0,175.0,117.0,59.0,55.0,55.0,55.0,118.0,162.0,172.0,157.0,132.0,116.0,113.0,121.0,131.0,135.0,131.0,124.0,120.0,-0.7052926089689984,0.7089163108108768
74.0,68.0,200.0,109.0,180.0,139.0,163.0,109.0,129.0,138.0,116.0,122.0,107.0,124.0,99.0,135.0,125.0,148.0,134.0,137.0,128.0,124.0,118.0,121.0,132.0,125.0,138.0,134.0,128.0,117.0,124.0,125.0,126.0,121.0,130.0,133.0,124.0,125.0,128.0,124.0,124.0,132.0,134.0,132.0,129.0,126.0,124.0,126.0,130.0,132.0,148.0,123.0,100.0,112.0,135.0,156.0,150.0,142.0,132.0,127.0,125.0,114.0,91.0,67.0,63.0,85.0,134.0,185.0,205.0,205.0,172.0,133.0,95.0,70.0,55.0,55.0,68.0,114.0,165.0,203.0,205.0,205.0,182.0,150.0,123.0,106.0,104.0,110.0,114.0,107.0,98.0,95.0,103.0,116.0,128.0,136.0,139.0,140.0,140.0,143.0,-0.4979813202448235,0.8671877563061084
55.0,59.0,168.0,128.0,158.0,134.0,171.0,125.0,124.0,125.0,125.0,122.0,118.0,113.0,81.0,88.0,100.0,144.0,165.0,174.0,154.0,133.0,106.0,102.0,108.0,109.0,117.0,131.0,137.0,131.0,130.0,131.0,130.0,121.0,126.0,134.0,131.0,126.0,127.0,122.0,118.0,125.0,135.0,137.0,134.0,127.0,122.0,123.0,131.0,136.0,130.0,153.0,155.0,162.0,116.0,157.0,159.0,147.0,137.0,117.0,103.0,93.0,109.0,116.0,129.0,129.0,148.0,160.0,161.0,147.0,122.0,84.0,64.0,94.0,145.0,174.0,167.0,123.0,65.0,55.0,55.0,158.0,205.0,205.0,205.0,205.0,107.0,66.0,57.0,74.0,103.0,121.0,121.0,121.0,126.0,137.0,150.0,157.0,155.0,144.0,-0.2567934474596461,0.9664663084359382
55.0,111.0,107.0,189.0,117.0,167.0,150.0,140.0,123.0,128.0,147.0,102.0,123.0,106.0,129.0,119.0,154.0,142.0,141.0,120.0,115.0,121.0,122.0,132.0,134.0,137.0,127.0,142.0,138.0,129.0,117.0,118.0,119.0,120.0,124.0,133.0,132.0,121.0,124.0,127.0,126.0,129.0,137.0,134.0,130.0,126.0,125.0,126.0,129.0,131.0,142.0,119.0,112.0,117.0,132.0,110.0,98.0,86.0,100.0,112.0,116.0,125.0,154.0,183.0,190.0,171.0,121.0,77.0,60.0,69.0,88.0,119.0,152.0,180.0,204.0,205.0,205.0,201.0,137.0,71.0,55.0,55.0,55.0,75.0,160.0,183.0,173.0,145.0,121.0,112.0,115.0,125.0,132.0,130.0,124.0,118.0,117.0,120.0,125.0,129.0,0.001863523975450107,0.999998263637689
160.0,121.0,166.0,151.0,161.0,110.0,140.0,120.0,117.0,104.0,129.0,125.0,134.0,149.0,141.0,127.0,109.0,114.0,121.0,136.0,135.0,141.0,133.0,128.0,137.0,138.0,124.0,115.0,118.0,120.0,123.0,125.0,134.0,130.0,121.0,124.0,131.0,127.0,130.0,136.0,133.0,127.0,127.0,127.0,128.0,130.0,130.0,128.0,127.0,129.0,144.0,91.0,83.0,100.0,139.0,126.0,135.0,107.0,105.0,90.0,103.0,114.0,133.0,137.0,140.0,152.0,162.0,166.0,139.0,91.0,55.0,55.0,55.0,99.0,181.0,205.0,205.0,179.0,160.0,155.0,152.0,131.0,88.0,55.0,55.0,55.0,73.0,178.0,205.0,205.0,205.0,148.0,112.0,98.0,104.0,113.0,115.0,106.0,95.0,92.0,0.26039372393530624,0.9655025160687586
205.0,205.0,114.0,121.0,95.0,132.0,84.0,134.0,128.0,142.0,115.0,136.0,136.0,141.0,168.0,166.0,160.0,122.0,104.0,88.0,105.0,116.0,144.0,153.0,148.0,145.0,139.0,127.0,117.0,124.0,127.0,130.0,126.0,135.0,134.0,125.0,124.0,131.0,131.0,132.0,138.0,133.0,123.0,119.0,122.0,128.0,134.0,135.0,130.0,123.0,187.0,130.0,72.0,76.0,72.0,107.0,146.0,180.0,175.0,139.0,108.0,111.0,133.0,131.0,108.0,78.0,69.0,114.0,204.0,205.0,205.0,205.0,55.0,55.0,55.0,55.0,59.0,152.0,205.0,205.0,205.0,205.0,205.0,55.0,55.0,55.0,55.0,55.0,173.0,205.0,205.0,205.0,205.0,133.0,114.0,118.0,130.0,130.0,115.0,93.0,0.5012099062819984,0.8653257362662863
185.0,85.0,124.0,100.0,120.0,92.0,131.0,135.0,124.0,129.0,133.0,142.0,138.0,169.0,155.0,146.0,113.0,101.0,97.0,112.0,127.0,145.0,149.0,140.0,143.0,132.0,122.0,117.0,127.0,129.0,129.0,129.0,136.0,131.0,122.0,127.0,132.0,130.0,133.0,136.0,129.0,120.0,119.0,123.0,129.0,134.0,133.0,127.0,122.0,123.0,130.0,101.0,135.0,130.0,92.0,102.0,132.0,131.0,130.0,143.0,152.0,166.0,159.0,128.0,92.0,72.0,70.0,89.0,122.0,163.0,205.0,205.0,205.0,172.0,109.0,55.0,55.0,89.0,158.0,190.0,173.0,117.0,65.0,59.0,108.0,168.0,202.0,193.0,147.0,94.0,66.0,70.0,93.0,122.0,139.0,139.0,128.0,123.0,129.0,143.0,0.7079298708950369,0.7062827322641666
107.0,205.0,190.0,205.0,95.0,118.0,119.0,109.0,105.0,116.0,151.0,119.0,137.0,125.0,143.0,147.0,181.0,174.0,154.0,111.0,83.0,86.0,106.0,136.0,152.0,156.0,144.0,149.0,140.0,127.0,118.0,122.0,126.0,125.0,129.0,138.0,134.0,123.0,125.0,130.0,132.0,136.0,140.0,131.0,121.0,118.0,123.0,131.0,137.0,135.0,146.0,112.0,96.0,105.0,85.0,112.0,111.0,121.0,116.0,123.0,132.0,151.0,163.0,155.0,130.0,85.0,55.0,55.0,55.0,96.0,149.0,177.0,181.0,174.0,172.0,176.0,180.0,174.0,140.0,84.0,55.0,55.0,55.0,56.0,145.0,205.0,205.0,205.0,205.0,155.0,114.0,90.0,77.0,69.0,66.0,67.0,74.0,88.0,104.0,121.0,0.8664909090469846,0.49919285305273586
177.0,205.0,149.0,98.0,117.0,110.0,112.0,89.0,134.0,128.0,131.0,117.0,151.0,135.0,144.0,146.0,138.0,122.0,112.0,116.0,121.0,134.0,132.0,141.0,134.0,128.0,128.0,126.0,115.0,123.0,135.0,138.0,132.0,129.0,136.0,132.0,126.0,129.0,135.0,130.0,131.0,133.0,128.0,121.0,123.0,127.0,130.0,133.0,132.0,128.0,172.0,159.0,113.0,95.0,100.0,101.0,105.0,127.0,143.0,136.0,139.0,155.0,190.0,201.0,164.0,86.0,55.0,55.0,55.0,55.0,114.0,177.0,205.0,205.0,205.0,205.0,139.0,55.0,55.0,55.0,55.0,79.0,205.0,205.0,205.0,163.0,135.0,145.0,178.0,204.0,201.0,162.0,109.0,65.0,55.0,55.0,82.0,98.0,102.0,100.0,0.9661064588340597,0.2581439718434529
174.0,205.0,198.0,101.0,125.0,99.0,125.0,83.0,131.0,129.0,141.0,124.0,142.0,134.0,135.0,162.0,159.0,154.0,120.0,106.0,94.0,110.0,120.0,144.0,150.0,144.0,142.0,135.0,123.0,117.0,127.0,129.0,131.0,128.0,136.0,133.0,125.0,125.0,133.0,130.0,132.0,137.0,131.0,122.0,120.0,123.0,128.0,134.0,134.0,129.0,146.0,112.0,138.0,142.0,125.0,105.0,101.0,106.0,134.0,150.0,150.0,141.0,136.0,144.0,155.0,157.0,146.0,120.0,92.0,98.0,146.0,193.0,205.0,177.0,116.0,58.0,55.0,55.0,138.0,194.0,205.0,205.0,146.0,81.0,55.0,55.0,55.0,55.0,115.0,136.0,150.0,161.0,169.0,173.0,170.0,159.0,147.0,139.0,136.0,134.0,0.9999998914773262,-0.0004658812466391635
205.0,205.0,115.0,117.0,93.0,134.0,86.0,135.0,126.0,142.0,114.0,138.0,136.0,141.0,165.0,165.0,158.0,123.0,105.0,89.0,105.0,115.0,143.0,152.0,148.0,144.0,140.0,127.0,117.0,124.0,128.0,130.0,126.0,135.0,134.0,126.0,123.0,131.0,131.0,132.0,137.0,133.0,123.0,119.0,122.0,127.0,134.0,135.0,130.0,123.0,157.0,97.0,93.0,76.0,138.0,120.0,132.0,120.0,127.0,110.0,97.0,78.0,72.0,85.0,100.0,124.0,149.0,184.0,204.0,205.0,188.0,138.0,74.0,55.0,55.0,55.0,74.0,191.0,205.0,205.0,205.0,205.0,135.0,85.0,55.0,55.0,55.0,55.0,99.0,118.0,124.0,123.0,122.0,124.0,130.0,138.0,147.0,151.0,149.0,143.0,0.9658655106115253,-0.25904404145074955
187.0,165.0,105.0,103.0,130.0,95.0,99.0,104.0,152.0,120.0,126.0,135.0,150.0,141.0,138.0,124.0,98.0,98.0,112.0,142.0,153.0,153.0,139.0,128.0,114.0,116.0,118.0,110.0,113.0,133.0,144.0,140.0,136.0,136.0,134.0,126.0,129.0,137.0,134.0,129.0,130.0,127.0,120.0,122.0,129.0,131.0,132.0,130.0,128.0,126.0,139.0,131.0,112.0,103.0,121.0,153.0,179.0,175.0,142.0,91.0,61.0,55.0,68.0,76.0,78.0,90.0,139.0,205.0,205.0,205.0,205.0,56.0,55.0,55.0,55.0,80.0,205.0,205.0,205.0,151.0,117.0,130.0,174.0,205.0,205.0,158.0,98.0,59.0,55.0,73.0,96.0,105.0,101.0,95.0,101.0,123.0,149.0,165.0,162.0,146.0,0.8660254037844423,-0.49999999999999367
