Feat_1,Feat_2,Feat_3,Feat_4,Feat_5,Feat_6,Feat_7,Feat_8,Feat_9,Feat_10,Feat_11,Feat_12,Feat_13,Feat_14,Feat_15,Feat_16,Feat_17,Feat_18,Feat_19,Feat_20,Feat_21,Feat_22,Feat_23,Feat_24,Feat_25,Feat_26,Feat_27,Feat_28,Feat_29,Feat_30,Feat_31,Feat_32,Feat_33,Feat_34,Feat_35,Feat_36,Feat_37,Feat_38,Feat_39,Feat_40,Feat_41,Feat_42,Feat_43,Feat_44,Feat_45,Feat_46,Feat_47,Feat_48,Feat_49,Feat_50,Feat_51,Feat_52,Feat_53,Feat_54,Feat_55,Feat_56,Feat_57,Feat_58,Feat_59,Feat_60,Feat_61,Feat_62,Feat_63,Feat_64,Feat_65,Feat_66,Feat_67,Feat_68,Feat_69,Feat_70,Feat_71,Feat_72,Feat_73,Feat_74,Feat_75,Feat_76,Feat_77,Feat_78,Feat_79,Feat_80,Feat_81,Feat_82,Feat_83,Feat_84,Feat_85,Feat_86,Feat_87,Feat_88,Feat_89,Feat_90,Feat_91,Feat_92,Feat_93,Feat_94,Feat_95,Feat_96,Feat_97,Feat_98,Feat_99,Feat_100,Label_Sin,Label_Cos
205.0,139.0,87.0,123.0,112.0,117.0,85.0,137.0,125.0,134.0,127.0,146.0,135.0,138.0,148.0,131.0,122.0,110.0,118.0,123.0,135.0,134.0,141.0,132.0,127.0,129.0,124.0,115.0,120.0,132.0,135.0,135.0,134.0,138.0,129.0,123.0,130.0,136.0,130.0,132.0,133.0,125.0,120.0,123.0,128.0,130.0,133.0,131.0,127.0,126.0,167.0,143.0,115.0,104.0,107.0,136.0,144.0,141.0,137.0,136.0,132.0,130.0,123.0,106.0,86.0,73.0,75.0,101.0,145.0,184.0,200.0,192.0,164.0,128.0,97.0,74.0,59.0,58.0,81.0,120.0,163.0,196.0,205.0,197.0,174.0,148.0,127.0,114.0,110.0,110.0,110.0,107.0,103.0,101.0,104.0,113.0,123.0,131.0,136.0,139.0,0.5633200580636225,0.8262387743159946
205.0,144.0,103.0,105.0,119.0,110.0,93.0,126.0,131.0,132.0,116.0,152.0,135.0,145.0,142.0,138.0,119.0,113.0,115.0,123.0,135.0,133.0,140.0,133.0,128.0,128.0,128.0,115.0,117.0,129.0,136.0,136.0,134.0,137.0,132.0,123.0,127.0,135.0,131.0,131.0,133.0,127.0,120.0,122.0,126.0,130.0,132.0,132.0,128.0,126.0,154.0,133.0,136.0,148.0,140.0,134.0,150.0,150.0,153.0,134.0,121.0,106.0,101.0,104.0,118.0,120.0,120.0,137.0,158.0,165.0,158.0,136.0,94.0,66.0,79.0,121.0,157.0,166.0,138.0,89.0,63.0,86.0,146.0,204.0,205.0,205.0,170.0,118.0,90.0,87.0,102.0,122.0,128.0,122.0,112.0,110.0,117.0,131.0,142.0,143.0,0.7819153083067529,0.6233846730836069
55.0,95.0,186.0,112.0,178.0,126.0,186.0,100.0,148.0,121.0,133.0,101.0,115.0,123.0,117.0,145.0,133.0,143.0,122.0,130.0,119.0,132.0,121.0,131.0,131.0,127.0,133.0,140.0,135.0,121.0,121.0,118.0,123.0,120.0,130.0,134.0,127.0,121.0,128.0,126.0,125.0,133.0,136.0,132.0,129.0,126.0,125.0,127.0,130.0,131.0,144.0,107.0,107.0,114.0,127.0,116.0,100.0,90.0,105.0,113.0,113.0,128.0,154.0,173.0,179.0,164.0,125.0,89.0,72.0,72.0,87.0,114.0,142.0,168.0,195.0,205.0,205.0,192.0,144.0,86.0,55.0,55.0,55.0,90.0,145.0,169.0,165.0,145.0,125.0,116.0,118.0,126.0,132.0,132.0,128.0,123.0,121.0,122.0,126.0,129.0,0.9309719606971234,0.3650906851670605
69.0,71.0,192.0,115.0,169.0,142.0,162.0,117.0,125.0,140.0,115.0,124.0,108.0,121.0,92.0,122.0,119.0,149.0,146.0,149.0,137.0,125.0,116.0,116.0,122.0,116.0,130.0,135.0,135.0,124.0,126.0,125.0,126.0,121.0,130.0,135.0,126.0,125.0,127.0,123.0,122.0,132.0,135.0,134.0,130.0,126.0,123.0,126.0,131.0,134.0,178.0,147.0,104.0,119.0,93.0,137.0,120.0,134.0,123.0,142.0,119.0,112.0,98.0,103.0,120.0,135.0,137.0,134.0,146.0,157.0,170.0,161.0,128.0,82.0,57.0,57.0,98.0,151.0,190.0,199.0,186.0,165.0,145.0,131.0,119.0,103.0,85.0,77.0,84.0,106.0,134.0,156.0,163.0,155.0,139.0,126.0,122.0,126.0,133.0,134.0,0.9972338601272213,0.07432784280309518
124.0,122.0,168.0,128.0,153.0,172.0,130.0,139.0,111.0,153.0,94.0,134.0,107.0,125.0,112.0,139.0,138.0,140.0,134.0,123.0,130.0,119.0,129.0,127.0,132.0,123.0,140.0,136.0,128.0,120.0,121.0,123.0,121.0,125.0,133.0,133.0,122.0,127.0,127.0,124.0,127.0,136.0,134.0,131.0,128.0,125.0,125.0,129.0,131.0,131.0,155.0,130.0,101.0,137.0,128.0,131.0,98.0,130.0,151.0,169.0,136.0,96.0,76.0,99.0,130.0,147.0,159.0,147.0,132.0,140.0,168.0,175.0,154.0,104.0,55.0,55.0,55.0,55.0,100.0,188.0,205.0,205.0,205.0,205.0,112.0,55.0,55.0,55.0,55.0,73.0,154.0,205.0,205.0,202.0,169.0,141.0,133.0,139.0,147.0,141.0,0.9748080927117723,-0.22304524739083062
188.0,202.0,90.0,117.0,111.0,111.0,102.0,119.0,151.0,122.0,144.0,125.0,138.0,129.0,163.0,154.0,150.0,124.0,106.0,106.0,110.0,128.0,140.0,148.0,137.0,142.0,132.0,123.0,121.0,129.0,132.0,131.0,131.0,137.0,134.0,124.0,129.0,132.0,130.0,132.0,137.0,130.0,123.0,121.0,124.0,129.0,135.0,135.0,129.0,125.0,148.0,110.0,129.0,100.0,133.0,95.0,116.0,103.0,119.0,113.0,127.0,134.0,152.0,161.0,147.0,131.0,105.0,86.0,76.0,90.0,103.0,135.0,176.0,205.0,205.0,181.0,128.0,72.0,55.0,78.0,132.0,176.0,187.0,155.0,104.0,71.0,78.0,111.0,150.0,171.0,165.0,141.0,116.0,104.0,104.0,114.0,122.0,124.0,120.0,118.0,0.8656890642454644,-0.5005821051993491
118.0,189.0,113.0,173.0,147.0,158.0,113.0,136.0,138.0,116.0,112.0,113.0,128.0,127.0,160.0,151.0,145.0,115.0,109.0,110.0,123.0,132.0,141.0,142.0,133.0,143.0,142.0,130.0,117.0,118.0,117.0,120.0,123.0,133.0,133.0,123.0,123.0,128.0,127.0,130.0,138.0,135.0,129.0,127.0,127.0,127.0,130.0,131.0,129.0,127.0,149.0,138.0,103.0,108.0,113.0,140.0,121.0,111.0,99.0,109.0,119.0,122.0,124.0,124.0,124.0,117.0,107.0,90.0,84.0,89.0,104.0,123.0,146.0,171.0,190.0,200.0,193.0,162.0,112.0,64.0,55.0,55.0,57.0,150.0,205.0,205.0,205.0,205.0,162.0,120.0,94.0,80.0,75.0,75.0,76.0,80.0,87.0,99.0,112.0,125.0,0.6795811303765257,-0.7336003593484423
57.0,88.0,144.0,144.0,147.0,155.0,154.0,127.0,116.0,136.0,126.0,125.0,115.0,100.0,75.0,82.0,110.0,154.0,181.0,177.0,155.0,122.0,99.0,98.0,106.0,109.0,120.0,134.0,138.0,134.0,133.0,134.0,128.0,120.0,128.0,136.0,131.0,127.0,125.0,120.0,118.0,128.0,138.0,139.0,133.0,125.0,121.0,124.0,133.0,139.0,149.0,128.0,107.0,102.0,94.0,113.0,126.0,128.0,125.0,125.0,141.0,176.0,193.0,166.0,110.0,55.0,55.0,55.0,55.0,65.0,143.0,184.0,205.0,205.0,205.0,205.0,89.0,55.0,55.0,55.0,55.0,153.0,205.0,205.0,174.0,145.0,143.0,164.0,190.0,198.0,177.0,137.0,95.0,69.0,63.0,73.0,86.0,92.0,93.0,97.0,0.43303555264573024,-0.901376841362594
145.0,55.0,55.0,70.0,178.0,130.0,150.0,141.0,161.0,128.0,119.0,135.0,117.0,126.0,112.0,111.0,78.0,91.0,106.0,148.0,168.0,170.0,152.0,126.0,105.0,101.0,110.0,108.0,121.0,132.0,137.0,130.0,130.0,131.0,128.0,120.0,127.0,134.0,130.0,127.0,126.0,121.0,118.0,127.0,135.0,137.0,133.0,126.0,121.0,124.0,126.0,159.0,161.0,134.0,97.0,102.0,130.0,142.0,137.0,145.0,141.0,149.0,156.0,156.0,152.0,148.0,123.0,99.0,107.0,143.0,178.0,194.0,177.0,126.0,81.0,67.0,91.0,139.0,183.0,195.0,163.0,104.0,55.0,55.0,55.0,110.0,146.0,149.0,127.0,103.0,95.0,110.0,140.0,164.0,173.0,170.0,160.0,154.0,153.0,153.0,0.14797853405749944,-0.9889905729875252
65.0,85.0,204.0,107.0,177.0,128.0,177.0,107.0,142.0,132.0,123.0,116.0,111.0,127.0,104.0,138.0,127.0,149.0,132.0,137.0,126.0,129.0,121.0,127.0,131.0,123.0,134.0,138.0,135.0,122.0,123.0,122.0,125.0,121.0,132.0,135.0,127.0,124.0,129.0,126.0,125.0,133.0,136.0,133.0,130.0,127.0,125.0,128.0,131.0,133.0,101.0,81.0,99.0,108.0,118.0,132.0,135.0,113.0,97.0,78.0,76.0,86.0,101.0,110.0,131.0,160.0,187.0,204.0,199.0,161.0,101.0,55.0,55.0,55.0,55.0,132.0,205.0,205.0,205.0,205.0,205.0,136.0,72.0,55.0,55.0,55.0,55.0,119.0,145.0,147.0,139.0,130.0,123.0,122.0,129.0,137.0,142.0,141.0,136.0,128.0,-0.1502387586184063,-0.9886497435435869
99.0,85.0,196.0,117.0,169.0,154.0,144.0,123.0,118.0,150.0,104.0,130.0,104.0,124.0,102.0,138.0,131.0,145.0,135.0,131.0,130.0,122.0,125.0,124.0,130.0,120.0,137.0,135.0,131.0,120.0,122.0,123.0,122.0,122.0,132.0,134.0,123.0,125.0,127.0,124.0,125.0,134.0,134.0,132.0,128.0,125.0,125.0,128.0,131.0,131.0,139.0,107.0,103.0,123.0,164.0,179.0,155.0,108.0,74.0,64.0,73.0,82.0,80.0,79.0,104.0,165.0,205.0,205.0,205.0,180.0,55.0,55.0,55.0,55.0,134.0,205.0,205.0,180.0,136.0,126.0,152.0,186.0,200.0,180.0,137.0,94.0,70.0,69.0,83.0,96.0,99.0,95.0,94.0,104.0,124.0,145.0,160.0,160.0,148.0,130.0,-0.4350947671418293,-0.9003846642440093
62.0,55.0,71.0,183.0,116.0,172.0,133.0,175.0,112.0,131.0,129.0,124.0,120.0,114.0,120.0,89.0,111.0,112.0,147.0,151.0,156.0,138.0,127.0,111.0,118.0,125.0,118.0,122.0,128.0,133.0,127.0,131.0,129.0,127.0,118.0,127.0,134.0,130.0,126.0,127.0,123.0,119.0,129.0,136.0,136.0,131.0,126.0,122.0,124.0,131.0,55.0,142.0,162.0,140.0,142.0,138.0,135.0,127.0,104.0,106.0,147.0,175.0,171.0,159.0,151.0,147.0,145.0,130.0,88.0,55.0,55.0,81.0,147.0,205.0,205.0,205.0,147.0,92.0,73.0,87.0,107.0,102.0,71.0,55.0,55.0,114.0,187.0,205.0,205.0,190.0,128.0,94.0,91.0,112.0,137.0,153.0,150.0,134.0,113.0,105.0,-0.6812562013057394,-0.7320450725074747
155.0,151.0,149.0,172.0,128.0,132.0,132.0,138.0,105.0,112.0,115.0,130.0,152.0,174.0,168.0,133.0,102.0,85.0,102.0,119.0,145.0,152.0,148.0,140.0,151.0,146.0,127.0,112.0,108.0,112.0,116.0,129.0,136.0,129.0,118.0,122.0,127.0,130.0,136.0,140.0,133.0,125.0,123.0,126.0,130.0,133.0,131.0,126.0,124.0,125.0,194.0,142.0,91.0,92.0,117.0,126.0,120.0,131.0,130.0,139.0,124.0,112.0,104.0,109.0,108.0,114.0,118.0,131.0,163.0,193.0,196.0,178.0,147.0,98.0,57.0,55.0,55.0,73.0,118.0,173.0,205.0,205.0,205.0,205.0,128.0,57.0,55.0,55.0,55.0,59.0,136.0,160.0,162.0,153.0,144.0,144.0,150.0,154.0,153.0,148.0,-0.8668310214028566,-0.4986020260023823
83.0,116.0,109.0,102.0,122.0,128.0,128.0,114.0,151.0,135.0,144.0,139.0,140.0,119.0,114.0,113.0,122.0,132.0,131.0,138.0,133.0,128.0,127.0,129.0,115.0,116.0,127.0,135.0,135.0,133.0,135.0,133.0,123.0,125.0,134.0,131.0,129.0,132.0,128.0,120.0,122.0,126.0,129.0,131.0,131.0,128.0,125.0,127.0,128.0,128.0,138.0,98.0,97.0,122.0,132.0,100.0,95.0,100.0,121.0,131.0,127.0,120.0,137.0,157.0,163.0,153.0,117.0,72.0,55.0,55.0,89.0,138.0,176.0,181.0,166.0,159.0,159.0,158.0,151.0,133.0,106.0,83.0,73.0,75.0,87.0,112.0,143.0,170.0,187.0,191.0,180.0,160.0,138.0,117.0,100.0,91.0,89.0,92.0,99.0,106.0,-0.9753153776565646,-0.2208164715473751
205.0,96.0,78.0,105.0,116.0,107.0,99.0,137.0,118.0,119.0,125.0,158.0,148.0,143.0,121.0,91.0,79.0,95.0,134.0,164.0,172.0,155.0,136.0,111.0,105.0,109.0,109.0,105.0,119.0,136.0,144.0,145.0,144.0,140.0,127.0,123.0,133.0,139.0,133.0,130.0,126.0,118.0,118.0,126.0,133.0,134.0,134.0,126.0,124.0,126.0,132.0,134.0,128.0,104.0,105.0,143.0,164.0,154.0,131.0,108.0,101.0,107.0,128.0,138.0,134.0,117.0,109.0,126.0,155.0,169.0,147.0,93.0,55.0,55.0,55.0,144.0,204.0,205.0,205.0,160.0,109.0,72.0,56.0,62.0,92.0,133.0,168.0,190.0,193.0,183.0,165.0,145.0,124.0,108.0,102.0,104.0,111.0,115.0,113.0,109.0,-0.9970613581476307,0.07660710207808392
100.0,203.0,109.0,177.0,137.0,171.0,109.0,143.0,135.0,121.0,113.0,113.0,128.0,116.0,151.0,139.0,148.0,122.0,124.0,118.0,127.0,127.0,135.0,137.0,129.0,139.0,140.0,133.0,119.0,122.0,120.0,123.0,120.0,131.0,134.0,130.0,129.0,131.0,123.0,123.0,134.0,137.0,135.0,129.0,126.0,125.0,129.0,131.0,132.0,130.0,156.0,154.0,120.0,137.0,95.0,128.0,107.0,115.0,107.0,124.0,122.0,135.0,157.0,185.0,198.0,178.0,151.0,110.0,77.0,62.0,76.0,86.0,112.0,146.0,184.0,202.0,205.0,186.0,128.0,72.0,55.0,73.0,108.0,135.0,131.0,99.0,67.0,62.0,91.0,143.0,194.0,205.0,205.0,188.0,160.0,138.0,129.0,127.0,122.0,111.0,-0.9301350130272881,0.3672177249816881
136.0,164.0,124.0,178.0,148.0,146.0,110.0,145.0,127.0,113.0,110.0,121.0,128.0,132.0,154.0,141.0,133.0,112.0,113.0,116.0,131.0,138.0,144.0,137.0,130.0,139.0,135.0,122.0,116.0,120.0,120.0,123.0,126.0,134.0,129.0,121.0,126.0,130.0,127.0,131.0,137.0,132.0,128.0,127.0,128.0,128.0,131.0,130.0,128.0,128.0,161.0,106.0,73.0,95.0,123.0,128.0,122.0,125.0,116.0,111.0,104.0,97.0,100.0,111.0,109.0,113.0,136.0,160.0,175.0,175.0,153.0,113.0,83.0,72.0,75.0,94.0,122.0,149.0,175.0,200.0,205.0,205.0,176.0,123.0,68.0,55.0,55.0,55.0,114.0,152.0,166.0,155.0,134.0,119.0,115.0,121.0,128.0,132.0,131.0,127.0,-0.7804883477743905,0.6251703279814247
85.0,93.0,100.0,116.0,96.0,114.0,138.0,117.0,119.0,132.0,157.0,142.0,142.0,110.0,88.0,79.0,108.0,146.0,169.0,166.0,146.0,126.0,106.0,108.0,111.0,109.0,106.0,125.0,139.0,145.0,144.0,143.0,136.0,124.0,125.0,136.0,138.0,131.0,129.0,124.0,117.0,120.0,129.0,133.0,133.0,129.0,125.0,126.0,130.0,134.0,140.0,114.0,105.0,127.0,140.0,149.0,144.0,133.0,125.0,126.0,121.0,102.0,83.0,71.0,78.0,112.0,158.0,190.0,199.0,185.0,154.0,119.0,90.0,68.0,57.0,62.0,90.0,132.0,174.0,201.0,205.0,191.0,166.0,142.0,123.0,113.0,110.0,110.0,109.0,106.0,101.0,99.0,103.0,117.0,130.0,137.0,134.0,133.0,137.0,144.0,-0.5614299895055603,0.8275242394539186
189.0,181.0,102.0,99.0,118.0,105.0,99.0,108.0,147.0,118.0,123.0,131.0,156.0,141.0,142.0,120.0,97.0,92.0,111.0,143.0,157.0,157.0,140.0,129.0,113.0,115.0,118.0,113.0,110.0,126.0,139.0,142.0,142.0,140.0,136.0,124.0,124.0,134.0,134.0,133.0,135.0,130.0,116.0,116.0,125.0,132.0,135.0,133.0,127.0,125.0,138.0,131.0,107.0,141.0,133.0,118.0,107.0,131.0,160.0,158.0,130.0,86.0,81.0,103.0,137.0,153.0,161.0,141.0,126.0,143.0,171.0,174.0,148.0,98.0,55.0,55.0,55.0,55.0,108.0,196.0,205.0,205.0,205.0,205.0,79.0,55.0,55.0,55.0,55.0,74.0,179.0,201.0,196.0,178.0,157.0,144.0,143.0,146.0,146.0,137.0,-0.2924416019254381,0.956283383450368
109.0,75.0,114.0,111.0,103.0,104.0,134.0,119.0,120.0,136.0,154.0,147.0,137.0,115.0,84.0,80.0,102.0,146.0,170.0,171.0,151.0,128.0,107.0,104.0,110.0,107.0,107.0,124.0,140.0,146.0,145.0,144.0,138.0,125.0,125.0,136.0,138.0,131.0,129.0,124.0,116.0,117.0,126.0,134.0,139.0,136.0,126.0,120.0,126.0,133.0,162.0,133.0,120.0,140.0,129.0,115.0,121.0,129.0,143.0,144.0,116.0,93.0,99.0,121.0,148.0,153.0,137.0,125.0,136.0,154.0,164.0,157.0,123.0,82.0,74.0,109.0,158.0,191.0,190.0,148.0,97.0,78.0,105.0,155.0,190.0,185.0,143.0,93.0,64.0,64.0,87.0,118.0,137.0,139.0,131.0,126.0,130.0,142.0,153.0,155.0,0.0025546905206816615,0.9999967367728474
55.0,115.0,162.0,154.0,142.0,156.0,167.0,133.0,125.0,133.0,139.0,108.0,110.0,113.0,129.0,150.0,173.0,165.0,134.0,101.0,89.0,100.0,117.0,140.0,151.0,148.0,139.0,149.0,145.0,128.0,112.0,108.0,111.0,116.0,127.0,136.0,128.0,118.0,121.0,126.0,128.0,135.0,140.0,133.0,125.0,123.0,126.0,129.0,132.0,130.0,146.0,116.0,98.0,114.0,126.0,126.0,109.0,101.0,108.0,119.0,126.0,127.0,124.0,117.0,109.0,96.0,85.0,85.0,97.0,114.0,138.0,164.0,185.0,197.0,196.0,173.0,127.0,77.0,55.0,55.0,55.0,126.0,192.0,205.0,205.0,205.0,176.0,131.0,100.0,83.0,76.0,75.0,75.0,77.0,84.0,94.0,107.0,121.0,133.0,142.0,0.29732378496355477,0.9547767104904402
55.0,67.0,72.0,189.0,120.0,163.0,144.0,161.0,121.0,122.0,140.0,113.0,126.0,109.0,119.0,89.0,116.0,117.0,148.0,151.0,151.0,137.0,125.0,118.0,118.0,120.0,110.0,125.0,134.0,136.0,127.0,128.0,126.0,124.0,120.0,130.0,135.0,127.0,126.0,126.0,122.0,121.0,131.0,136.0,135.0,130.0,125.0,123.0,126.0,132.0,157.0,133.0,106.0,101.0,89.0,119.0,130.0,130.0,124.0,125.0,145.0,181.0,194.0,159.0,100.0,55.0,55.0,55.0,55.0,81.0,149.0,190.0,205.0,205.0,205.0,205.0,72.0,55.0,55.0,55.0,55.0,159.0,205.0,205.0,172.0,143.0,143.0,167.0,193.0,198.0,174.0,131.0,90.0,65.0,64.0,75.0,88.0,93.0,94.0,98.0,0.5656507840861377,0.8246448874896015
127.0,189.0,129.0,166.0,150.0,158.0,114.0,140.0,138.0,122.0,106.0,114.0,124.0,132.0,163.0,158.0,147.0,113.0,104.0,105.0,122.0,132.0,144.0,145.0,136.0,143.0,144.0,132.0,118.0,117.0,116.0,119.0,122.0,133.0,133.0,123.0,122.0,128.0,128.0,130.0,138.0,136.0,129.0,126.0,126.0,128.0,131.0,131.0,129.0,126.0,168.0,151.0,131.0,102.0,125.0,137.0,137.0,134.0,145.0,148.0,158.0,160.0,154.0,152.0,141.0,115.0,101.0,123.0,158.0,187.0,192.0,163.0,110.0,74.0,74.0,107.0,158.0,194.0,190.0,143.0,84.0,55.0,55.0,69.0,129.0,152.0,144.0,118.0,99.0,99.0,122.0,152.0,170.0,182.0,170.0,157.0,145.0,145.0,149.0,147.0,0.7836723831458401,0.6211743683495959
55.0,55.0,136.0,149.0,153.0,127.0,169.0,122.0,134.0,114.0,141.0,114.0,124.0,112.0,90.0,85.0,97.0,133.0,158.0,173.0,157.0,142.0,111.0,103.0,105.0,109.0,113.0,129.0,136.0,133.0,130.0,130.0,132.0,122.0,123.0,132.0,133.0,126.0,127.0,124.0,118.0,122.0,133.0,137.0,135.0,129.0,123.0,122.0,128.0,135.0,106.0,82.0,94.0,110.0,115.0,131.0,136.0,116.0,100.0,80.0,75.0,85.0,100.0,108.0,129.0,157.0,184.0,202.0,201.0,167.0,108.0,56.0,55.0,55.0,55.0,115.0,204.0,205.0,205.0,205.0,205.0,143.0,74.0,55.0,55.0,55.0,55.0,107.0,142.0,149.0,143.0,134.0,127.0,123.0,124.0,131.0,141.0,145.0,140.0,129.0,0.931999121239204,0.3624605330368417
58.0,82.0,197.0,105.0,181.0,128.0,183.0,103.0,144.0,127.0,128.0,113.0,115.0,126.0,105.0,138.0,127.0,149.0,131.0,138.0,124.0,129.0,120.0,129.0,131.0,124.0,133.0,138.0,135.0,122.0,124.0,121.0,125.0,120.0,131.0,135.0,127.0,124.0,128.0,125.0,124.0,133.0,136.0,133.0,129.0,127.0,125.0,128.0,131.0,132.0,141.0,128.0,102.0,104.0,124.0,158.0,175.0,160.0,120.0,84.0,68.0,69.0,80.0,81.0,79.0,94.0,147.0,205.0,205.0,205.0,205.0,55.0,55.0,55.0,55.0,81.0,205.0,205.0,203.0,146.0,126.0,143.0,177.0,199.0,189.0,152.0,106.0,75.0,67.0,79.0,93.0,99.0,97.0,94.0,101.0,120.0,143.0,157.0,157.0,147.0,0.9974397572158026,0.07151175235778247
116.0,137.0,166.0,140.0,154.0,172.0,122.0,137.0,118.0,149.0,96.0,129.0,108.0,127.0,124.0,150.0,144.0,135.0,124.0,112.0,125.0,120.0,136.0,134.0,136.0,128.0,143.0,136.0,126.0,118.0,119.0,121.0,119.0,126.0,134.0,131.0,121.0,126.0,127.0,125.0,130.0,137.0,133.0,129.0,126.0,126.0,127.0,130.0,131.0,129.0,131.0,100.0,123.0,149.0,122.0,125.0,138.0,129.0,119.0,109.0,109.0,137.0,164.0,158.0,148.0,149.0,152.0,146.0,132.0,93.0,56.0,55.0,71.0,122.0,176.0,205.0,204.0,154.0,107.0,84.0,90.0,116.0,130.0,113.0,82.0,63.0,71.0,108.0,160.0,198.0,205.0,190.0,165.0,144.0,135.0,134.0,134.0,128.0,116.0,103.0,0.9741744151631658,-0.22579683089340258
130.0,167.0,146.0,147.0,154.0,164.0,124.0,130.0,137.0,130.0,103.0,109.0,118.0,133.0,155.0,171.0,158.0,125.0,99.0,90.0,107.0,123.0,144.0,150.0,145.0,141.0,147.0,138.0,121.0,114.0,113.0,115.0,117.0,128.0,134.0,126.0,118.0,124.0,127.0,129.0,136.0,139.0,131.0,125.0,124.0,126.0,129.0,132.0,129.0,125.0,125.0,156.0,164.0,127.0,112.0,123.0,101.0,80.0,87.0,107.0,143.0,163.0,168.0,175.0,190.0,182.0,148.0,88.0,55.0,55.0,55.0,74.0,202.0,205.0,205.0,205.0,205.0,106.0,80.0,55.0,55.0,55.0,55.0,87.0,158.0,199.0,205.0,187.0,142.0,100.0,80.0,86.0,105.0,127.0,136.0,132.0,124.0,119.0,121.0,130.0,0.8642721673295519,-0.5030244733404917
135.0,175.0,148.0,147.0,152.0,163.0,119.0,137.0,137.0,131.0,100.0,111.0,118.0,133.0,157.0,167.0,153.0,120.0,101.0,95.0,113.0,126.0,145.0,147.0,141.0,140.0,146.0,136.0,119.0,114.0,113.0,116.0,119.0,130.0,134.0,125.0,119.0,126.0,127.0,129.0,136.0,138.0,130.0,125.0,125.0,126.0,130.0,132.0,129.0,125.0,117.0,112.0,109.0,115.0,123.0,145.0,131.0,103.0,97.0,93.0,116.0,131.0,136.0,128.0,140.0,152.0,166.0,162.0,131.0,83.0,55.0,55.0,78.0,137.0,183.0,200.0,189.0,173.0,158.0,149.0,139.0,118.0,85.0,58.0,55.0,75.0,119.0,163.0,189.0,187.0,167.0,141.0,122.0,118.0,121.0,124.0,121.0,114.0,106.0,105.0,0.6775070239357924,-0.7355163033663262
55.0,107.0,108.0,162.0,132.0,153.0,174.0,127.0,136.0,108.0,152.0,96.0,133.0,107.0,119.0,104.0,129.0,135.0,143.0,142.0,130.0,134.0,118.0,124.0,122.0,127.0,120.0,137.0,135.0,128.0,122.0,123.0,125.0,121.0,124.0,132.0,132.0,122.0,127.0,126.0,123.0,126.0,135.0,134.0,132.0,128.0,125.0,124.0,128.0,132.0,108.0,104.0,115.0,158.0,150.0,138.0,120.0,140.0,142.0,137.0,110.0,89.0,73.0,83.0,116.0,158.0,186.0,178.0,150.0,121.0,109.0,102.0,91.0,63.0,55.0,55.0,99.0,165.0,205.0,205.0,205.0,169.0,116.0,76.0,61.0,73.0,105.0,141.0,166.0,177.0,171.0,155.0,138.0,129.0,124.0,119.0,114.0,112.0,114.0,117.0,0.4304886945775415,-0.9025959693245501
140.0,144.0,166.0,134.0,167.0,147.0,126.0,126.0,144.0,128.0,101.0,116.0,118.0,136.0,139.0,155.0,131.0,119.0,107.0,116.0,130.0,135.0,141.0,138.0,131.0,129.0,141.0,132.0,120.0,117.0,119.0,120.0,123.0,130.0,134.0,126.0,120.0,128.0,129.0,128.0,133.0,136.0,129.0,127.0,127.0,128.0,129.0,130.0,129.0,128.0,141.0,131.0,147.0,147.0,122.0,113.0,111.0,121.0,123.0,117.0,114.0,126.0,149.0,184.0,202.0,190.0,164.0,132.0,94.0,67.0,67.0,77.0,92.0,131.0,181.0,205.0,205.0,205.0,150.0,86.0,55.0,55.0,71.0,100.0,117.0,115.0,105.0,102.0,112.0,132.0,157.0,174.0,177.0,169.0,158.0,148.0,141.0,138.0,133.0,124.0,0.14518542579636265,-0.9894044633699248
154.0,105.0,89.0,120.0,111.0,97.0,122.0,127.0,130.0,115.0,152.0,133.0,144.0,141.0,140.0,120.0,113.0,113.0,121.0,132.0,131.0,139.0,134.0,128.0,128.0,128.0,116.0,116.0,128.0,134.0,136.0,133.0,136.0,132.0,123.0,125.0,135.0,131.0,130.0,133.0,128.0,120.0,121.0,125.0,129.0,132.0,131.0,128.0,125.0,126.0,153.0,110.0,104.0,115.0,138.0,134.0,119.0,102.0,113.0,126.0,131.0,129.0,122.0,115.0,113.0,114.0,108.0,107.0,111.0,114.0,123.0,146.0,166.0,174.0,169.0,151.0,124.0,102.0,93.0,94.0,102.0,120.0,144.0,167.0,184.0,189.0,177.0,154.0,127.0,106.0,92.0,88.0,90.0,95.0,102.0,108.0,112.0,117.0,125.0,134.0,-0.153029715704636,-0.9882215875558266
205.0,179.0,142.0,90.0,115.0,119.0,97.0,119.0,128.0,138.0,111.0,143.0,133.0,145.0,147.0,159.0,141.0,126.0,110.0,104.0,114.0,120.0,138.0,144.0,142.0,136.0,138.0,123.0,117.0,123.0,130.0,132.0,129.0,134.0,135.0,126.0,123.0,132.0,132.0,130.0,134.0,133.0,122.0,118.0,120.0,129.0,136.0,138.0,129.0,121.0,114.0,125.0,151.0,158.0,142.0,120.0,101.0,99.0,119.0,133.0,134.0,121.0,113.0,121.0,148.0,166.0,154.0,107.0,55.0,55.0,55.0,120.0,190.0,205.0,205.0,174.0,122.0,80.0,57.0,56.0,82.0,121.0,160.0,186.0,194.0,186.0,170.0,150.0,129.0,111.0,102.0,102.0,108.0,113.0,114.0,110.0,107.0,111.0,118.0,127.0,-0.4376353629971778,-0.8991525393693377
92.0,146.0,150.0,147.0,165.0,137.0,125.0,113.0,143.0,121.0,124.0,113.0,99.0,81.0,90.0,116.0,156.0,178.0,172.0,151.0,117.0,100.0,100.0,107.0,110.0,126.0,136.0,137.0,132.0,132.0,133.0,126.0,122.0,131.0,136.0,129.0,127.0,124.0,119.0,120.0,132.0,139.0,138.0,131.0,124.0,122.0,126.0,135.0,139.0,138.0,114.0,149.0,162.0,142.0,118.0,131.0,117.0,111.0,134.0,158.0,173.0,162.0,149.0,139.0,139.0,129.0,112.0,76.0,55.0,70.0,132.0,191.0,205.0,205.0,160.0,92.0,66.0,88.0,125.0,147.0,131.0,86.0,55.0,55.0,112.0,183.0,205.0,205.0,193.0,135.0,104.0,101.0,116.0,135.0,140.0,128.0,112.0,104.0,109.0,123.0,-0.6833204914172729,-0.7301185561326713
139.0,55.0,119.0,123.0,176.0,124.0,167.0,158.0,138.0,124.0,127.0,144.0,101.0,122.0,108.0,130.0,124.0,156.0,145.0,138.0,117.0,110.0,118.0,122.0,134.0,137.0,138.0,129.0,143.0,138.0,127.0,116.0,118.0,118.0,120.0,125.0,134.0,131.0,120.0,125.0,127.0,126.0,130.0,138.0,133.0,129.0,126.0,126.0,126.0,130.0,120.0,132.0,108.0,109.0,125.0,138.0,117.0,102.0,89.0,98.0,115.0,114.0,113.0,131.0,159.0,176.0,179.0,157.0,117.0,85.0,72.0,74.0,91.0,120.0,148.0,175.0,200.0,205.0,205.0,183.0,132.0,74.0,55.0,55.0,55.0,106.0,153.0,170.0,162.0,140.0,122.0,115.0,120.0,127.0,132.0,131.0,127.0,123.0,121.0,123.0,-0.8682354208753965,-0.49615245029861843
101.0,83.0,99.0,114.0,105.0,98.0,139.0,121.0,121.0,121.0,156.0,145.0,145.0,122.0,96.0,79.0,94.0,131.0,163.0,172.0,156.0,137.0,111.0,106.0,109.0,110.0,105.0,118.0,135.0,144.0,145.0,145.0,141.0,128.0,123.0,132.0,139.0,133.0,131.0,127.0,118.0,117.0,126.0,132.0,134.0,131.0,127.0,125.0,128.0,134.0,205.0,113.0,84.0,81.0,109.0,126.0,140.0,117.0,108.0,106.0,100.0,106.0,117.0,127.0,129.0,138.0,144.0,156.0,158.0,141.0,98.0,59.0,55.0,55.0,101.0,157.0,190.0,194.0,183.0,170.0,168.0,171.0,160.0,120.0,65.0,55.0,55.0,55.0,84.0,199.0,205.0,205.0,205.0,154.0,119.0,105.0,101.0,102.0,97.0,90.0,-0.9759349880911312,-0.2180616862714849
55.0,55.0,150.0,139.0,151.0,132.0,169.0,128.0,128.0,118.0,132.0,118.0,121.0,112.0,83.0,84.0,96.0,138.0,164.0,176.0,158.0,137.0,108.0,101.0,105.0,108.0,115.0,130.0,137.0,133.0,130.0,131.0,131.0,121.0,123.0,133.0,133.0,127.0,126.0,123.0,118.0,124.0,134.0,138.0,134.0,127.0,120.0,120.0,133.0,141.0,119.0,106.0,101.0,96.0,124.0,156.0,177.0,171.0,132.0,97.0,90.0,100.0,98.0,92.0,93.0,114.0,160.0,205.0,205.0,205.0,134.0,55.0,55.0,55.0,55.0,55.0,128.0,205.0,205.0,205.0,205.0,205.0,109.0,55.0,55.0,55.0,55.0,74.0,190.0,205.0,205.0,205.0,155.0,127.0,123.0,131.0,135.0,126.0,108.0,90.0,-0.9968410753144276,0.07942210376196196
68.0,140.0,137.0,147.0,140.0,170.0,145.0,120.0,134.0,134.0,121.0,93.0,126.0,125.0,144.0,141.0,139.0,115.0,108.0,113.0,128.0,141.0,138.0,140.0,130.0,126.0,130.0,139.0,125.0,116.0,117.0,120.0,123.0,125.0,133.0,132.0,122.0,122.0,131.0,129.0,129.0,134.0,134.0,127.0,127.0,128.0,128.0,128.0,129.0,129.0,128.0,170.0,166.0,138.0,104.0,133.0,142.0,139.0,119.0,105.0,109.0,129.0,142.0,146.0,147.0,138.0,142.0,151.0,157.0,153.0,140.0,111.0,95.0,116.0,158.0,187.0,188.0,155.0,99.0,59.0,61.0,102.0,156.0,199.0,205.0,182.0,127.0,77.0,55.0,55.0,55.0,93.0,118.0,137.0,150.0,160.0,167.0,171.0,168.0,158.0,-0.9290944274870298,0.3698425946433813
205.0,111.0,114.0,70.0,150.0,84.0,115.0,109.0,144.0,110.0,121.0,150.0,144.0,151.0,125.0,117.0,82.0,99.0,115.0,154.0,160.0,157.0,138.0,121.0,110.0,113.0,117.0,107.0,114.0,128.0,140.0,139.0,144.0,145.0,137.0,122.0,125.0,134.0,133.0,132.0,132.0,123.0,116.0,122.0,129.0,133.0,133.0,129.0,126.0,126.0,176.0,120.0,71.0,78.0,101.0,132.0,114.0,123.0,133.0,126.0,106.0,84.0,73.0,83.0,101.0,110.0,126.0,150.0,179.0,201.0,205.0,178.0,120.0,61.0,55.0,55.0,55.0,104.0,194.0,205.0,205.0,205.0,205.0,157.0,92.0,55.0,55.0,55.0,55.0,90.0,142.0,155.0,147.0,133.0,122.0,120.0,127.0,137.0,144.0,144.0,-0.7787200026179385,0.6273716263290187
156.0,55.0,70.0,85.0,195.0,111.0,182.0,136.0,166.0,103.0,138.0,136.0,120.0,113.0,110.0,127.0,113.0,150.0,137.0,147.0,122.0,123.0,117.0,126.0,126.0,133.0,135.0,127.0,138.0,139.0,133.0,118.0,120.0,118.0,122.0,120.0,132.0,133.0,124.0,122.0,127.0,125.0,127.0,136.0,135.0,131.0,127.0,126.0,125.0,128.0,152.0,138.0,114.0,102.0,107.0,140.0,170.0,175.0,141.0,102.0,72.0,67.0,74.0,83.0,79.0,82.0,115.0,178.0,205.0,205.0,205.0,110.0,55.0,55.0,55.0,55.0,159.0,205.0,205.0,170.0,134.0,130.0,153.0,185.0,199.0,177.0,131.0,86.0,67.0,73.0,91.0,98.0,95.0,91.0,96.0,111.0,133.0,152.0,158.0,152.0,-0.5590911501571791,0.829106196947003
57.0,57.0,79.0,192.0,107.0,180.0,124.0,182.0,100.0,144.0,125.0,129.0,111.0,113.0,125.0,104.0,136.0,126.0,148.0,131.0,137.0,123.0,129.0,119.0,127.0,129.0,124.0,132.0,137.0,134.0,121.0,123.0,121.0,125.0,119.0,130.0,134.0,127.0,123.0,128.0,125.0,124.0,132.0,135.0,133.0,129.0,127.0,124.0,126.0,130.0,146.0,107.0,111.0,146.0,125.0,119.0,133.0,139.0,128.0,117.0,104.0,120.0,155.0,163.0,156.0,153.0,151.0,142.0,131.0,109.0,73.0,55.0,55.0,95.0,158.0,205.0,205.0,172.0,119.0,86.0,83.0,107.0,131.0,124.0,93.0,65.0,63.0,94.0,146.0,190.0,205.0,197.0,173.0,150.0,137.0,135.0,135.0,131.0,120.0,107.0,-0.2897402699514887,0.957105310803591
55.0,55.0,104.0,158.0,149.0,134.0,162.0,137.0,130.0,114.0,140.0,118.0,125.0,112.0,95.0,76.0,90.0,120.0,158.0,178.0,168.0,149.0,116.0,100.0,100.0,108.0,109.0,124.0,135.0,136.0,131.0,131.0,133.0,125.0,121.0,129.0,135.0,129.0,127.0,124.0,118.0,119.0,130.0,137.0,137.0,131.0,123.0,121.0,126.0,134.0,101.0,111.0,115.0,142.0,141.0,108.0,101.0,97.0,88.0,82.0,101.0,129.0,173.0,196.0,200.0,195.0,173.0,124.0,71.0,55.0,55.0,55.0,74.0,194.0,205.0,205.0,205.0,205.0,205.0,102.0,57.0,55.0,55.0,55.0,55.0,68.0,167.0,205.0,205.0,188.0,138.0,99.0,84.0,96.0,119.0,135.0,134.0,123.0,115.0,115.0,0.005378275754367604,0.9999855369703654
89.0,55.0,55.0,152.0,137.0,151.0,137.0,169.0,127.0,121.0,117.0,135.0,127.0,126.0,109.0,75.0,77.0,95.0,142.0,169.0,178.0,157.0,135.0,106.0,100.0,106.0,108.0,114.0,129.0,136.0,134.0,131.0,132.0,131.0,121.0,123.0,133.0,133.0,127.0,127.0,122.0,117.0,123.0,133.0,138.0,135.0,128.0,121.0,122.0,129.0,181.0,140.0,101.0,88.0,92.0,114.0,105.0,111.0,130.0,136.0,122.0,115.0,122.0,147.0,168.0,153.0,112.0,85.0,90.0,126.0,166.0,176.0,147.0,107.0,84.0,92.0,129.0,169.0,185.0,176.0,156.0,138.0,126.0,116.0,99.0,73.0,57.0,56.0,87.0,134.0,180.0,204.0,198.0,171.0,139.0,118.0,113.0,119.0,125.0,124.0,0.3000185116601043,0.9539333795717895
75.0,186.0,105.0,184.0,128.0,185.0,100.0,142.0,124.0,130.0,112.0,115.0,124.0,102.0,132.0,124.0,149.0,133.0,139.0,125.0,129.0,118.0,126.0,129.0,123.0,131.0,136.0,134.0,122.0,123.0,121.0,125.0,120.0,130.0,134.0,127.0,123.0,127.0,125.0,123.0,132.0,135.0,133.0,129.0,126.0,123.0,126.0,130.0,132.0,131.0,154.0,154.0,150.0,121.0,94.0,118.0,152.0,162.0,151.0,136.0,129.0,140.0,148.0,138.0,116.0,91.0,74.0,85.0,128.0,172.0,192.0,176.0,140.0,114.0,110.0,114.0,104.0,77.0,55.0,55.0,103.0,168.0,205.0,205.0,187.0,135.0,97.0,85.0,100.0,126.0,147.0,152.0,147.0,126.0,112.0,111.0,127.0,144.0,145.0,134.0,0.5679770003112828,0.8230444259682445
55.0,88.0,184.0,111.0,179.0,122.0,187.0,99.0,148.0,120.0,136.0,105.0,118.0,122.0,107.0,132.0,127.0,148.0,131.0,137.0,121.0,130.0,118.0,128.0,129.0,124.0,128.0,135.0,136.0,126.0,127.0,119.0,120.0,116.0,129.0,136.0,130.0,123.0,126.0,123.0,123.0,132.0,137.0,134.0,129.0,126.0,123.0,126.0,130.0,132.0,134.0,121.0,95.0,149.0,108.0,141.0,131.0,144.0,119.0,122.0,114.0,119.0,118.0,109.0,112.0,120.0,141.0,170.0,198.0,192.0,173.0,142.0,103.0,65.0,57.0,64.0,79.0,117.0,170.0,205.0,205.0,205.0,182.0,113.0,60.0,55.0,55.0,55.0,101.0,123.0,127.0,122.0,124.0,136.0,154.0,167.0,169.0,163.0,154.0,144.0,0.7854232099538881,0.618959111142029
55.0,70.0,81.0,189.0,128.0,156.0,153.0,144.0,128.0,116.0,149.0,107.0,129.0,106.0,115.0,92.0,117.0,122.0,148.0,151.0,148.0,140.0,121.0,115.0,113.0,121.0,115.0,131.0,135.0,132.0,125.0,126.0,127.0,124.0,122.0,131.0,134.0,125.0,126.0,126.0,122.0,122.0,132.0,135.0,134.0,129.0,125.0,123.0,127.0,132.0,122.0,98.0,113.0,122.0,102.0,94.0,103.0,120.0,132.0,124.0,114.0,129.0,154.0,166.0,157.0,126.0,80.0,55.0,55.0,82.0,126.0,165.0,178.0,170.0,165.0,162.0,156.0,149.0,135.0,111.0,87.0,75.0,74.0,82.0,104.0,136.0,165.0,185.0,191.0,183.0,164.0,142.0,120.0,103.0,92.0,88.0,90.0,96.0,104.0,111.0,0.9330188511769073,0.359827491096114
55.0,92.0,79.0,186.0,122.0,160.0,151.0,150.0,125.0,118.0,147.0,108.0,129.0,107.0,118.0,92.0,119.0,121.0,148.0,150.0,148.0,140.0,123.0,115.0,114.0,121.0,115.0,131.0,135.0,134.0,124.0,126.0,127.0,125.0,121.0,131.0,135.0,126.0,126.0,126.0,122.0,122.0,132.0,136.0,134.0,130.0,125.0,123.0,127.0,132.0,125.0,123.0,129.0,114.0,104.0,130.0,159.0,156.0,138.0,115.0,103.0,104.0,121.0,140.0,134.0,117.0,106.0,119.0,150.0,170.0,157.0,109.0,56.0,55.0,55.0,118.0,189.0,205.0,205.0,175.0,123.0,82.0,58.0,56.0,80.0,120.0,159.0,186.0,194.0,187.0,170.0,150.0,129.0,112.0,103.0,102.0,108.0,114.0,114.0,110.0,0.9976377019575777,0.06869509176646724
55.0,100.0,114.0,179.0,121.0,171.0,149.0,154.0,111.0,136.0,138.0,115.0,109.0,112.0,126.0,130.0,162.0,152.0,143.0,111.0,105.0,107.0,122.0,133.0,141.0,141.0,131.0,143.0,143.0,131.0,116.0,115.0,115.0,119.0,121.0,133.0,132.0,121.0,121.0,127.0,126.0,130.0,138.0,134.0,128.0,125.0,125.0,127.0,130.0,130.0,127.0,138.0,143.0,143.0,119.0,136.0,127.0,115.0,114.0,145.0,165.0,169.0,154.0,143.0,139.0,131.0,120.0,91.0,60.0,55.0,102.0,165.0,205.0,205.0,200.0,120.0,71.0,73.0,106.0,139.0,141.0,105.0,60.0,55.0,87.0,153.0,205.0,205.0,205.0,161.0,117.0,99.0,105.0,124.0,138.0,134.0,120.0,106.0,104.0,114.0,0.9735329707567075,-0.22854661417229438
157.0,97.0,99.0,115.0,116.0,94.0,127.0,125.0,131.0,115.0,151.0,133.0,143.0,145.0,141.0,124.0,113.0,113.0,118.0,130.0,130.0,139.0,135.0,129.0,130.0,129.0,116.0,117.0,128.0,134.0,135.0,132.0,136.0,132.0,122.0,126.0,134.0,131.0,131.0,133.0,128.0,120.0,121.0,125.0,129.0,132.0,131.0,128.0,125.0,126.0,155.0,105.0,70.0,95.0,126.0,128.0,123.0,122.0,117.0,107.0,106.0,100.0,107.0,110.0,105.0,108.0,136.0,164.0,178.0,176.0,151.0,111.0,80.0,71.0,75.0,95.0,123.0,150.0,176.0,202.0,205.0,205.0,178.0,124.0,67.0,55.0,55.0,55.0,113.0,155.0,170.0,159.0,137.0,120.0,115.0,120.0,127.0,132.0,130.0,126.0,0.8628483797799088,-0.5054628309887744
70.0,57.0,77.0,155.0,147.0,146.0,147.0,157.0,137.0,119.0,136.0,116.0,120.0,122.0,128.0,105.0,106.0,107.0,129.0,145.0,149.0,147.0,137.0,122.0,115.0,119.0,115.0,123.0,133.0,133.0,127.0,123.0,127.0,127.0,120.0,125.0,133.0,128.0,126.0,129.0,125.0,120.0,126.0,134.0,135.0,133.0,128.0,123.0,123.0,128.0,163.0,141.0,113.0,103.0,111.0,137.0,144.0,139.0,137.0,136.0,133.0,129.0,123.0,104.0,85.0,73.0,76.0,103.0,148.0,185.0,200.0,190.0,162.0,126.0,95.0,72.0,59.0,59.0,83.0,123.0,166.0,197.0,205.0,196.0,173.0,147.0,126.0,114.0,109.0,108.0,108.0,110.0,108.0,105.0,102.0,108.0,121.0,133.0,139.0,141.0,0.6754275158947924,-0.7374263832900135
205.0,176.0,108.0,71.0,134.0,102.0,113.0,106.0,142.0,117.0,122.0,141.0,145.0,144.0,137.0,132.0,105.0,107.0,112.0,135.0,142.0,143.0,136.0,131.0,120.0,122.0,124.0,114.0,113.0,126.0,137.0,138.0,137.0,136.0,134.0,123.0,125.0,135.0,134.0,129.0,131.0,128.0,119.0,121.0,126.0,130.0,131.0,131.0,127.0,126.0,55.0,128.0,152.0,200.0,147.0,148.0,145.0,170.0,152.0,121.0,108.0,108.0,117.0,121.0,125.0,118.0,134.0,156.0,171.0,160.0,144.0,116.0,88.0,89.0,127.0,167.0,180.0,158.0,109.0,62.0,55.0,55.0,112.0,173.0,205.0,205.0,205.0,205.0,133.0,78.0,55.0,55.0,55.0,55.0,101.0,130.0,152.0,166.0,170.0,165.0,0.42793840432668184,-0.9038079011063874
55.0,127.0,134.0,168.0,130.0,166.0,159.0,136.0,123.0,130.0,141.0,103.0,118.0,110.0,130.0,133.0,162.0,150.0,136.0,112.0,103.0,113.0,122.0,137.0,142.0,140.0,136.0,144.0,137.0,123.0,116.0,118.0,118.0,119.0,124.0,134.0,129.0,120.0,124.0,128.0,127.0,131.0,138.0,133.0,128.0,125.0,126.0,127.0,130.0,130.0,134.0,110.0,126.0,119.0,139.0,114.0,109.0,101.0,102.0,105.0,120.0,130.0,140.0,155.0,159.0,151.0,134.0,115.0,90.0,76.0,75.0,96.0,137.0,187.0,205.0,205.0,190.0,131.0,74.0,55.0,55.0,105.0,149.0,173.0,168.0,143.0,120.0,110.0,112.0,119.0,126.0,127.0,124.0,121.0,120.0,121.0,124.0,128.0,128.0,128.0,0.14239116000674476,-0.9898104654689874
205.0,182.0,159.0,86.0,120.0,115.0,107.0,109.0,130.0,139.0,116.0,141.0,134.0,147.0,144.0,167.0,149.0,137.0,113.0,102.0,107.0,116.0,136.0,146.0,148.0,138.0,142.0,128.0,120.0,121.0,130.0,132.0,130.0,133.0,137.0,130.0,123.0,131.0,133.0,131.0,135.0,136.0,126.0,121.0,122.0,127.0,132.0,135.0,132.0,127.0,154.0,108.0,67.0,97.0,113.0,140.0,106.0,94.0,91.0,111.0,123.0,123.0,120.0,129.0,147.0,155.0,152.0,124.0,84.0,56.0,55.0,55.0,106.0,149.0,173.0,177.0,174.0,173.0,176.0,179.0,169.0,134.0,83.0,55.0,55.0,55.0,58.0,162.0,205.0,205.0,205.0,205.0,159.0,124.0,101.0,87.0,78.0,73.0,72.0,75.0,-0.15581945272189734,-0.9877855527154912
99.0,79.0,123.0,102.0,112.0,105.0,145.0,112.0,124.0,137.0,150.0,140.0,136.0,123.0,97.0,97.0,110.0,141.0,156.0,155.0,138.0,123.0,111.0,115.0,119.0,113.0,113.0,127.0,138.0,139.0,139.0,139.0,134.0,123.0,126.0,135.0,134.0,129.0,130.0,125.0,118.0,121.0,128.0,131.0,131.0,130.0,127.0,126.0,129.0,131.0,155.0,145.0,124.0,133.0,119.0,117.0,99.0,107.0,125.0,132.0,133.0,130.0,143.0,175.0,197.0,172.0,117.0,57.0,55.0,55.0,55.0,67.0,143.0,184.0,205.0,205.0,205.0,205.0,99.0,55.0,55.0,55.0,55.0,129.0,205.0,205.0,188.0,156.0,147.0,164.0,188.0,196.0,179.0,140.0,99.0,72.0,65.0,76.0,89.0,96.0,-0.44017246969131474,-0.8979132457681246
205.0,196.0,94.0,123.0,100.0,126.0,87.0,131.0,128.0,132.0,124.0,144.0,142.0,137.0,161.0,154.0,150.0,119.0,107.0,96.0,111.0,121.0,143.0,150.0,144.0,144.0,136.0,122.0,116.0,127.0,130.0,131.0,128.0,135.0,133.0,124.0,126.0,133.0,131.0,132.0,136.0,131.0,122.0,120.0,123.0,128.0,134.0,134.0,128.0,123.0,160.0,171.0,141.0,107.0,130.0,142.0,144.0,119.0,106.0,105.0,125.0,141.0,148.0,147.0,139.0,138.0,149.0,158.0,155.0,145.0,117.0,95.0,108.0,150.0,183.0,191.0,165.0,111.0,65.0,55.0,91.0,144.0,191.0,205.0,191.0,140.0,85.0,55.0,55.0,55.0,92.0,112.0,127.0,143.0,159.0,170.0,173.0,169.0,159.0,149.0,-0.6853793335792668,-0.728186218698514
129.0,174.0,143.0,152.0,154.0,162.0,116.0,136.0,134.0,127.0,104.0,119.0,124.0,132.0,155.0,162.0,151.0,120.0,103.0,97.0,114.0,126.0,145.0,148.0,141.0,142.0,146.0,134.0,118.0,115.0,115.0,117.0,119.0,130.0,134.0,125.0,120.0,127.0,128.0,130.0,137.0,138.0,129.0,125.0,125.0,127.0,130.0,131.0,129.0,126.0,155.0,106.0,103.0,83.0,119.0,113.0,122.0,111.0,137.0,124.0,119.0,93.0,83.0,80.0,93.0,105.0,120.0,144.0,170.0,195.0,203.0,191.0,146.0,94.0,55.0,55.0,55.0,67.0,162.0,205.0,205.0,205.0,205.0,165.0,109.0,66.0,55.0,55.0,68.0,92.0,110.0,118.0,119.0,119.0,121.0,126.0,135.0,144.0,150.0,152.0,-0.8696328981162097,-0.4936989188908581
120.0,205.0,128.0,161.0,147.0,161.0,120.0,139.0,142.0,120.0,107.0,105.0,126.0,135.0,176.0,170.0,158.0,111.0,92.0,89.0,110.0,131.0,150.0,154.0,144.0,149.0,146.0,135.0,116.0,114.0,112.0,115.0,119.0,132.0,134.0,123.0,121.0,126.0,128.0,131.0,139.0,137.0,129.0,124.0,124.0,128.0,132.0,132.0,129.0,124.0,136.0,122.0,103.0,105.0,130.0,162.0,175.0,153.0,114.0,79.0,67.0,71.0,81.0,81.0,80.0,101.0,158.0,205.0,205.0,205.0,205.0,55.0,55.0,55.0,55.0,89.0,205.0,205.0,186.0,138.0,126.0,148.0,183.0,200.0,185.0,143.0,99.0,71.0,68.0,81.0,95.0,99.0,96.0,94.0,103.0,124.0,146.0,158.0,156.0,145.0,-0.9765468176312538,-0.21530516244221992
205.0,73.0,132.0,73.0,141.0,86.0,118.0,136.0,119.0,126.0,122.0,170.0,127.0,150.0,115.0,120.0,99.0,127.0,136.0,148.0,141.0,130.0,129.0,118.0,125.0,124.0,124.0,111.0,127.0,136.0,140.0,137.0,138.0,134.0,126.0,125.0,134.0,137.0,128.0,130.0,128.0,122.0,121.0,128.0,130.0,130.0,130.0,129.0,127.0,128.0,172.0,146.0,145.0,133.0,134.0,131.0,110.0,109.0,149.0,176.0,172.0,161.0,153.0,148.0,146.0,131.0,90.0,55.0,55.0,84.0,150.0,205.0,205.0,205.0,147.0,93.0,74.0,90.0,109.0,104.0,72.0,55.0,55.0,117.0,189.0,205.0,205.0,189.0,128.0,94.0,93.0,116.0,142.0,154.0,147.0,129.0,114.0,111.0,123.0,138.0,-0.9966128449075535,0.08223647223265752
71.0,80.0,200.0,104.0,181.0,133.0,169.0,103.0,136.0,139.0,124.0,117.0,105.0,122.0,105.0,145.0,132.0,149.0,126.0,129.0,121.0,126.0,123.0,129.0,132.0,123.0,135.0,137.0,133.0,120.0,122.0,120.0,123.0,120.0,132.0,134.0,125.0,123.0,127.0,125.0,125.0,134.0,135.0,131.0,128.0,126.0,125.0,128.0,130.0,131.0,138.0,155.0,164.0,114.0,94.0,99.0,126.0,139.0,143.0,143.0,159.0,171.0,165.0,148.0,113.0,75.0,58.0,73.0,111.0,175.0,205.0,205.0,205.0,205.0,138.0,79.0,55.0,55.0,55.0,71.0,120.0,161.0,192.0,205.0,205.0,177.0,130.0,85.0,55.0,55.0,55.0,83.0,110.0,132.0,145.0,151.0,157.0,164.0,168.0,169.0,-0.9280464345008078,0.3724645156391918
55.0,96.0,78.0,195.0,115.0,164.0,150.0,155.0,130.0,123.0,143.0,102.0,126.0,108.0,126.0,99.0,129.0,124.0,146.0,141.0,141.0,135.0,124.0,120.0,119.0,126.0,119.0,134.0,135.0,132.0,122.0,124.0,125.0,125.0,122.0,132.0,134.0,125.0,125.0,127.0,123.0,124.0,134.0,135.0,133.0,129.0,126.0,124.0,127.0,131.0,139.0,124.0,93.0,106.0,131.0,121.0,96.0,94.0,112.0,127.0,134.0,120.0,124.0,145.0,164.0,163.0,144.0,103.0,63.0,55.0,67.0,104.0,149.0,176.0,177.0,169.0,165.0,161.0,154.0,145.0,125.0,99.0,80.0,75.0,78.0,93.0,121.0,153.0,178.0,191.0,190.0,175.0,154.0,131.0,112.0,97.0,91.0,90.0,94.0,102.0,-0.7769454489145731,0.6295679227938258
59.0,55.0,62.0,183.0,122.0,168.0,131.0,174.0,115.0,129.0,126.0,126.0,120.0,115.0,116.0,85.0,103.0,108.0,147.0,155.0,162.0,144.0,130.0,110.0,110.0,115.0,113.0,122.0,133.0,136.0,128.0,128.0,127.0,128.0,119.0,127.0,134.0,130.0,125.0,127.0,123.0,119.0,128.0,135.0,136.0,132.0,127.0,122.0,124.0,130.0,142.0,141.0,123.0,97.0,111.0,156.0,163.0,150.0,126.0,108.0,101.0,112.0,129.0,135.0,129.0,117.0,119.0,139.0,161.0,162.0,127.0,71.0,55.0,55.0,91.0,172.0,205.0,205.0,196.0,140.0,92.0,62.0,55.0,73.0,109.0,149.0,180.0,194.0,190.0,176.0,158.0,136.0,116.0,104.0,102.0,107.0,113.0,116.0,112.0,109.0,-0.556747853309793,0.8306815441761886
181.0,151.0,154.0,150.0,163.0,120.0,136.0,140.0,129.0,105.0,108.0,121.0,134.0,165.0,174.0,160.0,120.0,96.0,89.0,108.0,127.0,149.0,153.0,145.0,144.0,148.0,137.0,119.0,114.0,112.0,115.0,118.0,130.0,135.0,126.0,120.0,125.0,128.0,130.0,138.0,139.0,130.0,125.0,124.0,127.0,131.0,133.0,129.0,125.0,124.0,138.0,114.0,143.0,156.0,142.0,125.0,127.0,110.0,105.0,136.0,161.0,173.0,160.0,146.0,138.0,137.0,128.0,110.0,76.0,55.0,70.0,132.0,191.0,205.0,205.0,158.0,91.0,64.0,86.0,123.0,148.0,135.0,89.0,55.0,55.0,108.0,185.0,205.0,205.0,193.0,133.0,102.0,99.0,116.0,135.0,140.0,127.0,110.0,103.0,108.0,-0.2870366279481906,0.9579196073868266
120.0,123.0,182.0,119.0,170.0,159.0,142.0,123.0,127.0,145.0,106.0,117.0,104.0,130.0,137.0,176.0,164.0,145.0,105.0,90.0,97.0,114.0,138.0,148.0,150.0,139.0,149.0,142.0,129.0,114.0,113.0,113.0,115.0,122.0,133.0,131.0,120.0,122.0,126.0,127.0,132.0,140.0,134.0,127.0,123.0,125.0,128.0,131.0,131.0,127.0,99.0,112.0,117.0,107.0,127.0,137.0,121.0,105.0,95.0,93.0,108.0,115.0,110.0,118.0,145.0,169.0,179.0,171.0,138.0,100.0,76.0,71.0,79.0,102.0,131.0,161.0,191.0,205.0,205.0,202.0,156.0,104.0,57.0,55.0,55.0,56.0,130.0,163.0,169.0,154.0,131.0,117.0,115.0,122.0,130.0,132.0,130.0,125.0,121.0,121.0,0.00820181810835708,0.9999663645241861
76.0,200.0,106.0,175.0,143.0,162.0,115.0,127.0,142.0,112.0,126.0,108.0,126.0,99.0,135.0,126.0,148.0,137.0,138.0,131.0,126.0,122.0,123.0,129.0,120.0,135.0,136.0,133.0,122.0,124.0,124.0,124.0,122.0,132.0,135.0,126.0,125.0,128.0,124.0,124.0,134.0,136.0,134.0,130.0,126.0,124.0,128.0,132.0,133.0,132.0,149.0,115.0,125.0,104.0,130.0,119.0,134.0,131.0,134.0,119.0,109.0,103.0,105.0,120.0,131.0,137.0,136.0,146.0,156.0,167.0,159.0,132.0,91.0,64.0,64.0,97.0,145.0,182.0,196.0,185.0,161.0,136.0,119.0,110.0,106.0,101.0,100.0,103.0,110.0,120.0,131.0,138.0,138.0,134.0,130.0,129.0,132.0,137.0,139.0,136.0,0.30271084638137064,0.9530824431721918
205.0,178.0,149.0,89.0,122.0,119.0,104.0,109.0,129.0,138.0,115.0,141.0,135.0,147.0,144.0,164.0,146.0,134.0,111.0,102.0,108.0,117.0,136.0,146.0,147.0,137.0,141.0,127.0,119.0,122.0,129.0,132.0,130.0,133.0,136.0,129.0,123.0,131.0,133.0,131.0,134.0,135.0,125.0,121.0,122.0,127.0,131.0,135.0,132.0,126.0,205.0,174.0,110.0,138.0,123.0,171.0,134.0,119.0,111.0,147.0,158.0,160.0,126.0,93.0,93.0,114.0,138.0,154.0,168.0,150.0,136.0,146.0,168.0,170.0,152.0,103.0,55.0,55.0,55.0,55.0,137.0,200.0,205.0,205.0,205.0,172.0,98.0,55.0,55.0,55.0,55.0,100.0,147.0,166.0,172.0,169.0,162.0,157.0,155.0,156.0,0.5702986881926791,0.8214374025120291
205.0,191.0,116.0,122.0,103.0,120.0,85.0,136.0,133.0,141.0,116.0,142.0,135.0,143.0,162.0,158.0,148.0,118.0,107.0,98.0,114.0,124.0,150.0,153.0,144.0,136.0,132.0,123.0,121.0,130.0,131.0,131.0,128.0,136.0,135.0,127.0,127.0,134.0,131.0,132.0,137.0,133.0,123.0,121.0,124.0,128.0,134.0,135.0,130.0,125.0,129.0,139.0,108.0,124.0,114.0,132.0,108.0,100.0,110.0,106.0,121.0,125.0,136.0,142.0,159.0,152.0,144.0,124.0,99.0,77.0,75.0,90.0,122.0,168.0,205.0,205.0,199.0,152.0,93.0,58.0,61.0,103.0,152.0,183.0,177.0,140.0,102.0,87.0,96.0,121.0,145.0,158.0,154.0,137.0,117.0,108.0,112.0,122.0,127.0,125.0,0.7871677747719652,0.6167389191226322
205.0,205.0,131.0,118.0,91.0,137.0,88.0,127.0,123.0,144.0,115.0,135.0,136.0,142.0,165.0,175.0,169.0,132.0,104.0,80.0,95.0,109.0,142.0,156.0,156.0,148.0,144.0,131.0,118.0,121.0,124.0,128.0,125.0,133.0,134.0,128.0,122.0,130.0,132.0,132.0,137.0,134.0,125.0,120.0,122.0,126.0,133.0,136.0,131.0,124.0,112.0,73.0,90.0,106.0,140.0,111.0,99.0,87.0,107.0,118.0,128.0,125.0,133.0,142.0,149.0,150.0,132.0,96.0,60.0,55.0,55.0,96.0,141.0,171.0,179.0,175.0,173.0,174.0,178.0,173.0,144.0,94.0,55.0,55.0,55.0,55.0,132.0,205.0,205.0,205.0,205.0,166.0,128.0,104.0,89.0,80.0,74.0,72.0,75.0,86.0,0.9340311423801578,0.35719158033752313
205.0,111.0,75.0,115.0,103.0,104.0,104.0,142.0,115.0,121.0,130.0,154.0,146.0,139.0,118.0,85.0,81.0,100.0,144.0,167.0,170.0,150.0,129.0,108.0,106.0,111.0,107.0,107.0,123.0,139.0,144.0,145.0,144.0,138.0,125.0,125.0,135.0,137.0,131.0,130.0,125.0,117.0,119.0,128.0,133.0,133.0,130.0,126.0,125.0,130.0,166.0,146.0,121.0,105.0,104.0,105.0,112.0,123.0,131.0,126.0,128.0,136.0,168.0,193.0,180.0,127.0,64.0,55.0,55.0,55.0,59.0,133.0,173.0,205.0,205.0,205.0,205.0,120.0,55.0,55.0,55.0,55.0,84.0,205.0,205.0,190.0,154.0,144.0,162.0,185.0,195.0,183.0,151.0,110.0,77.0,63.0,69.0,83.0,92.0,95.0,0.9978276927743783,0.06587788348574036
204.0,205.0,99.0,98.0,90.0,131.0,94.0,107.0,128.0,127.0,117.0,126.0,156.0,142.0,143.0,122.0,107.0,88.0,105.0,130.0,155.0,158.0,147.0,133.0,116.0,112.0,115.0,116.0,108.0,120.0,134.0,142.0,141.0,141.0,138.0,128.0,123.0,132.0,138.0,131.0,130.0,128.0,120.0,118.0,125.0,131.0,132.0,131.0,128.0,126.0,146.0,169.0,148.0,118.0,94.0,126.0,140.0,139.0,138.0,141.0,145.0,155.0,159.0,153.0,152.0,137.0,109.0,99.0,126.0,162.0,189.0,190.0,155.0,102.0,70.0,76.0,112.0,163.0,195.0,184.0,133.0,75.0,55.0,55.0,82.0,138.0,153.0,135.0,109.0,96.0,104.0,130.0,156.0,170.0,179.0,167.0,155.0,145.0,145.0,148.0,0.9728837646064864,-0.23129457530411485
193.0,204.0,113.0,101.0,109.0,115.0,101.0,102.0,142.0,121.0,124.0,123.0,157.0,140.0,144.0,131.0,113.0,102.0,110.0,130.0,143.0,149.0,139.0,135.0,122.0,119.0,122.0,119.0,111.0,122.0,135.0,140.0,139.0,138.0,137.0,127.0,123.0,133.0,137.0,131.0,131.0,130.0,121.0,119.0,125.0,130.0,132.0,132.0,129.0,127.0,100.0,110.0,98.0,98.0,120.0,149.0,129.0,95.0,94.0,74.0,90.0,93.0,107.0,119.0,157.0,180.0,199.0,201.0,176.0,124.0,69.0,55.0,55.0,55.0,73.0,184.0,205.0,205.0,205.0,205.0,167.0,109.0,59.0,55.0,55.0,55.0,55.0,111.0,143.0,158.0,162.0,155.0,145.0,138.0,136.0,135.0,133.0,128.0,122.0,116.0,0.861417712948073,-0.5078971587037194
205.0,150.0,121.0,83.0,130.0,105.0,99.0,115.0,134.0,131.0,116.0,147.0,135.0,145.0,140.0,144.0,119.0,115.0,112.0,124.0,131.0,131.0,136.0,135.0,130.0,128.0,129.0,116.0,116.0,126.0,135.0,136.0,134.0,136.0,133.0,124.0,125.0,134.0,131.0,130.0,133.0,129.0,120.0,121.0,125.0,129.0,132.0,132.0,129.0,125.0,143.0,114.0,95.0,114.0,143.0,163.0,139.0,104.0,76.0,80.0,102.0,119.0,114.0,102.0,107.0,139.0,189.0,205.0,205.0,134.0,57.0,55.0,55.0,72.0,184.0,205.0,193.0,146.0,113.0,114.0,142.0,173.0,181.0,161.0,123.0,88.0,72.0,77.0,95.0,109.0,112.0,108.0,106.0,114.0,132.0,149.0,155.0,150.0,139.0,131.0,0.6733426228329802,-0.739330583890862
205.0,205.0,113.0,62.0,135.0,88.0,120.0,105.0,145.0,107.0,125.0,140.0,149.0,145.0,130.0,118.0,84.0,93.0,108.0,149.0,160.0,161.0,141.0,125.0,109.0,111.0,114.0,107.0,111.0,126.0,140.0,140.0,141.0,138.0,133.0,127.0,133.0,139.0,131.0,124.0,127.0,125.0,120.0,124.0,128.0,131.0,130.0,129.0,126.0,127.0,133.0,151.0,141.0,153.0,145.0,116.0,132.0,157.0,166.0,149.0,133.0,115.0,108.0,112.0,114.0,110.0,111.0,117.0,127.0,152.0,172.0,168.0,134.0,94.0,77.0,91.0,119.0,130.0,110.0,77.0,66.0,96.0,160.0,205.0,205.0,205.0,158.0,106.0,82.0,88.0,110.0,132.0,140.0,134.0,121.0,114.0,118.0,130.0,142.0,144.0,0.4253847022260557,-0.9050126270456396
55.0,83.0,142.0,133.0,159.0,134.0,181.0,115.0,139.0,110.0,147.0,105.0,129.0,112.0,102.0,100.0,113.0,138.0,147.0,158.0,140.0,139.0,114.0,116.0,115.0,119.0,119.0,134.0,136.0,129.0,126.0,125.0,129.0,121.0,125.0,133.0,133.0,124.0,127.0,125.0,121.0,126.0,134.0,136.0,133.0,128.0,124.0,124.0,129.0,133.0,127.0,155.0,156.0,131.0,110.0,127.0,131.0,125.0,143.0,132.0,138.0,132.0,127.0,119.0,120.0,112.0,116.0,123.0,131.0,150.0,181.0,197.0,191.0,175.0,141.0,95.0,64.0,56.0,63.0,90.0,137.0,183.0,205.0,205.0,205.0,173.0,121.0,76.0,55.0,55.0,55.0,64.0,105.0,128.0,143.0,151.0,156.0,162.0,166.0,166.0,0.13959575896672466,-0.9902085760477457
55.0,112.0,119.0,166.0,132.0,156.0,169.0,126.0,134.0,114.0,151.0,95.0,131.0,105.0,125.0,117.0,145.0,141.0,138.0,128.0,117.0,126.0,119.0,132.0,130.0,133.0,125.0,141.0,136.0,126.0,119.0,119.0,121.0,120.0,125.0,133.0,131.0,121.0,126.0,126.0,124.0,129.0,137.0,134.0,129.0,126.0,123.0,123.0,127.0,135.0,136.0,100.0,89.0,114.0,143.0,113.0,94.0,92.0,116.0,130.0,132.0,121.0,131.0,151.0,164.0,160.0,133.0,90.0,57.0,55.0,76.0,117.0,159.0,180.0,175.0,168.0,164.0,158.0,152.0,140.0,118.0,93.0,78.0,74.0,80.0,100.0,132.0,162.0,184.0,193.0,186.0,168.0,147.0,125.0,107.0,94.0,89.0,90.0,96.0,104.0,-0.1586079474282135,-0.9873416424989929
55.0,118.0,109.0,181.0,123.0,169.0,159.0,138.0,124.0,122.0,147.0,100.0,127.0,106.0,129.0,119.0,152.0,142.0,140.0,122.0,115.0,121.0,122.0,131.0,134.0,136.0,127.0,142.0,138.0,127.0,116.0,118.0,121.0,122.0,125.0,133.0,131.0,121.0,125.0,128.0,126.0,129.0,137.0,133.0,130.0,127.0,126.0,126.0,129.0,131.0,123.0,121.0,124.0,127.0,103.0,114.0,143.0,161.0,149.0,128.0,108.0,101.0,111.0,127.0,134.0,127.0,116.0,114.0,132.0,156.0,164.0,135.0,83.0,55.0,55.0,65.0,150.0,203.0,205.0,205.0,156.0,104.0,66.0,55.0,61.0,97.0,139.0,174.0,191.0,192.0,179.0,162.0,141.0,121.0,106.0,101.0,104.0,111.0,115.0,113.0,-0.4427060669964351,-0.8966667933209905
84.0,204.0,104.0,178.0,140.0,167.0,112.0,135.0,138.0,115.0,120.0,109.0,129.0,107.0,146.0,133.0,149.0,129.0,130.0,124.0,126.0,125.0,130.0,134.0,125.0,138.0,138.0,134.0,121.0,123.0,122.0,124.0,122.0,133.0,135.0,126.0,125.0,129.0,126.0,126.0,135.0,136.0,133.0,129.0,127.0,126.0,128.0,130.0,130.0,131.0,141.0,124.0,142.0,143.0,125.0,119.0,113.0,118.0,119.0,115.0,116.0,129.0,154.0,186.0,201.0,187.0,162.0,130.0,92.0,66.0,68.0,78.0,95.0,135.0,186.0,205.0,205.0,205.0,143.0,81.0,55.0,55.0,74.0,102.0,118.0,114.0,104.0,103.0,113.0,135.0,159.0,175.0,176.0,168.0,157.0,147.0,141.0,138.0,133.0,123.0,-0.6874327113770075,-0.7262480756111206
106.0,82.0,195.0,112.0,168.0,147.0,144.0,123.0,123.0,150.0,104.0,127.0,103.0,124.0,101.0,136.0,130.0,145.0,135.0,132.0,131.0,123.0,123.0,122.0,129.0,119.0,136.0,136.0,132.0,121.0,123.0,123.0,123.0,122.0,131.0,134.0,123.0,125.0,126.0,123.0,125.0,135.0,135.0,132.0,128.0,126.0,124.0,128.0,131.0,132.0,153.0,115.0,102.0,120.0,132.0,134.0,114.0,105.0,115.0,127.0,130.0,127.0,120.0,112.0,114.0,111.0,107.0,108.0,112.0,115.0,130.0,154.0,169.0,172.0,167.0,147.0,116.0,93.0,87.0,94.0,110.0,132.0,154.0,174.0,186.0,185.0,169.0,144.0,119.0,99.0,89.0,88.0,92.0,97.0,104.0,109.0,114.0,119.0,128.0,137.0,-0.8710234419835003,-0.49124145134059677
180.0,145.0,149.0,163.0,147.0,124.0,131.0,146.0,118.0,106.0,109.0,123.0,142.0,173.0,175.0,150.0,110.0,88.0,92.0,112.0,134.0,151.0,153.0,144.0,148.0,147.0,132.0,116.0,113.0,113.0,115.0,124.0,132.0,132.0,119.0,120.0,128.0,129.0,130.0,136.0,139.0,133.0,128.0,123.0,124.0,129.0,132.0,130.0,126.0,124.0,154.0,128.0,101.0,106.0,128.0,149.0,144.0,139.0,135.0,130.0,130.0,125.0,108.0,87.0,74.0,74.0,99.0,144.0,183.0,200.0,192.0,165.0,129.0,98.0,74.0,60.0,58.0,79.0,118.0,161.0,194.0,205.0,198.0,176.0,150.0,128.0,115.0,110.0,110.0,110.0,108.0,104.0,102.0,104.0,112.0,122.0,131.0,136.0,138.0,140.0,-0.9771508613989389,-0.21254692203678607
125.0,55.0,55.0,121.0,153.0,145.0,139.0,160.0,136.0,126.0,119.0,136.0,122.0,122.0,111.0,84.0,77.0,92.0,132.0,167.0,180.0,166.0,141.0,110.0,97.0,102.0,107.0,112.0,127.0,137.0,136.0,132.0,133.0,132.0,123.0,122.0,132.0,135.0,128.0,126.0,123.0,118.0,121.0,132.0,137.0,134.0,131.0,127.0,126.0,126.0,132.0,161.0,166.0,155.0,123.0,156.0,161.0,150.0,126.0,116.0,112.0,112.0,115.0,116.0,121.0,128.0,147.0,162.0,162.0,149.0,131.0,99.0,81.0,103.0,144.0,167.0,161.0,126.0,75.0,55.0,55.0,119.0,186.0,205.0,205.0,205.0,168.0,109.0,68.0,55.0,63.0,83.0,101.0,116.0,129.0,141.0,151.0,157.0,157.0,150.0,-0.9963766687466434,0.08505018505177747
135.0,74.0,55.0,55.0,151.0,145.0,143.0,147.0,161.0,133.0,116.0,128.0,126.0,124.0,120.0,103.0,76.0,76.0,103.0,148.0,178.0,179.0,157.0,127.0,100.0,97.0,104.0,108.0,116.0,132.0,138.0,135.0,132.0,133.0,129.0,120.0,125.0,135.0,133.0,127.0,125.0,120.0,117.0,125.0,136.0,139.0,134.0,126.0,121.0,123.0,107.0,123.0,112.0,108.0,129.0,137.0,118.0,102.0,92.0,96.0,113.0,115.0,111.0,127.0,155.0,174.0,178.0,162.0,123.0,88.0,72.0,73.0,88.0,115.0,144.0,170.0,196.0,205.0,205.0,190.0,141.0,83.0,55.0,55.0,55.0,89.0,147.0,169.0,164.0,144.0,124.0,115.0,118.0,126.0,131.0,132.0,127.0,123.0,121.0,122.0,-0.9269910424240136,0.3750834670651861
55.0,81.0,155.0,132.0,163.0,129.0,182.0,113.0,142.0,112.0,146.0,105.0,126.0,113.0,101.0,103.0,112.0,139.0,151.0,162.0,141.0,133.0,109.0,115.0,118.0,122.0,122.0,134.0,135.0,127.0,126.0,126.0,130.0,122.0,126.0,133.0,132.0,124.0,128.0,125.0,121.0,126.0,135.0,136.0,133.0,128.0,124.0,124.0,129.0,134.0,147.0,106.0,91.0,95.0,131.0,130.0,128.0,129.0,129.0,112.0,102.0,95.0,109.0,131.0,138.0,133.0,136.0,151.0,165.0,167.0,140.0,91.0,56.0,55.0,68.0,133.0,183.0,203.0,193.0,174.0,158.0,148.0,138.0,117.0,84.0,57.0,55.0,78.0,123.0,167.0,191.0,185.0,162.0,134.0,117.0,115.0,122.0,128.0,126.0,118.0,-0.7751647008123803,0.6317591998653069
56.0,152.0,124.0,163.0,142.0,171.0,123.0,121.0,124.0,129.0,122.0,118.0,110.0,79.0,90.0,103.0,147.0,163.0,171.0,153.0,135.0,110.0,104.0,107.0,107.0,116.0,130.0,138.0,133.0,132.0,131.0,131.0,121.0,125.0,134.0,132.0,127.0,126.0,122.0,118.0,126.0,136.0,139.0,134.0,128.0,122.0,123.0,130.0,136.0,138.0,136.0,126.0,109.0,137.0,127.0,112.0,112.0,136.0,167.0,153.0,121.0,77.0,86.0,110.0,140.0,153.0,158.0,139.0,131.0,152.0,173.0,168.0,133.0,78.0,55.0,55.0,55.0,57.0,149.0,205.0,205.0,205.0,205.0,205.0,57.0,55.0,55.0,55.0,55.0,103.0,198.0,205.0,205.0,178.0,154.0,140.0,140.0,152.0,145.0,128.0,-0.5544001176459483,0.832250268581608
117.0,205.0,199.0,166.0,95.0,110.0,123.0,102.0,114.0,121.0,146.0,110.0,140.0,133.0,154.0,154.0,174.0,161.0,142.0,113.0,90.0,96.0,106.0,136.0,150.0,156.0,147.0,149.0,134.0,122.0,120.0,126.0,129.0,127.0,132.0,137.0,130.0,122.0,129.0,132.0,132.0,136.0,138.0,129.0,121.0,120.0,125.0,132.0,136.0,133.0,124.0,130.0,128.0,99.0,115.0,128.0,124.0,113.0,130.0,148.0,170.0,164.0,141.0,115.0,97.0,84.0,84.0,99.0,124.0,164.0,204.0,205.0,205.0,161.0,101.0,58.0,63.0,110.0,158.0,178.0,157.0,106.0,69.0,77.0,123.0,172.0,193.0,176.0,132.0,94.0,80.0,88.0,106.0,122.0,131.0,132.0,129.0,128.0,134.0,145.0,-0.2843306974710324,0.9587262667078837
205.0,90.0,88.0,83.0,121.0,105.0,101.0,135.0,115.0,123.0,120.0,162.0,139.0,146.0,119.0,102.0,81.0,98.0,128.0,157.0,166.0,152.0,138.0,113.0,109.0,110.0,110.0,103.0,116.0,133.0,147.0,148.0,143.0,135.0,124.0,122.0,134.0,140.0,132.0,129.0,125.0,118.0,117.0,127.0,132.0,133.0,130.0,126.0,124.0,128.0,172.0,128.0,97.0,107.0,116.0,132.0,115.0,105.0,103.0,116.0,122.0,127.0,126.0,120.0,112.0,99.0,87.0,83.0,93.0,109.0,129.0,156.0,179.0,195.0,198.0,183.0,145.0,93.0,56.0,55.0,55.0,95.0,179.0,205.0,205.0,205.0,188.0,144.0,108.0,87.0,78.0,75.0,74.0,75.0,81.0,91.0,104.0,117.0,129.0,140.0,0.011025295071227357,0.9999392195871669
55.0,130.0,170.0,143.0,155.0,142.0,179.0,112.0,148.0,123.0,141.0,97.0,123.0,117.0,127.0,142.0,151.0,148.0,126.0,119.0,109.0,124.0,123.0,139.0,139.0,136.0,131.0,144.0,136.0,122.0,119.0,118.0,121.0,118.0,128.0,135.0,129.0,122.0,127.0,127.0,127.0,134.0,138.0,132.0,128.0,126.0,126.0,128.0,131.0,131.0,132.0,122.0,105.0,130.0,143.0,150.0,128.0,117.0,126.0,156.0,163.0,128.0,78.0,55.0,55.0,55.0,122.0,144.0,138.0,137.0,158.0,192.0,205.0,180.0,93.0,55.0,55.0,55.0,67.0,176.0,205.0,205.0,197.0,148.0,140.0,162.0,189.0,194.0,167.0,121.0,78.0,56.0,58.0,77.0,94.0,100.0,99.0,100.0,113.0,133.0,0.3054007676619992,0.9522239080759638
55.0,55.0,87.0,161.0,144.0,140.0,152.0,152.0,130.0,116.0,137.0,119.0,126.0,114.0,102.0,75.0,86.0,110.0,153.0,177.0,173.0,152.0,120.0,100.0,100.0,108.0,109.0,122.0,133.0,136.0,132.0,131.0,133.0,127.0,120.0,127.0,135.0,130.0,127.0,125.0,119.0,118.0,128.0,137.0,138.0,133.0,125.0,121.0,125.0,133.0,153.0,143.0,151.0,111.0,141.0,146.0,147.0,119.0,141.0,129.0,132.0,121.0,120.0,130.0,159.0,168.0,160.0,161.0,157.0,148.0,132.0,111.0,78.0,64.0,75.0,114.0,164.0,204.0,205.0,175.0,120.0,78.0,65.0,85.0,119.0,136.0,128.0,108.0,93.0,92.0,119.0,150.0,172.0,177.0,171.0,162.0,153.0,146.0,138.0,134.0,0.5726158292200677,0.819823829933367
55.0,113.0,126.0,169.0,124.0,171.0,162.0,138.0,117.0,125.0,142.0,106.0,123.0,109.0,129.0,125.0,158.0,147.0,139.0,115.0,107.0,115.0,122.0,135.0,138.0,139.0,130.0,143.0,138.0,126.0,116.0,117.0,118.0,119.0,124.0,134.0,130.0,120.0,124.0,127.0,126.0,130.0,138.0,133.0,128.0,125.0,126.0,126.0,130.0,130.0,107.0,135.0,144.0,136.0,94.0,104.0,95.0,85.0,88.0,105.0,138.0,176.0,198.0,198.0,196.0,165.0,115.0,61.0,55.0,55.0,55.0,111.0,205.0,205.0,205.0,205.0,205.0,145.0,96.0,55.0,55.0,55.0,55.0,55.0,100.0,171.0,198.0,198.0,174.0,135.0,106.0,98.0,106.0,120.0,130.0,130.0,123.0,116.0,116.0,122.0,0.7889060636910686,0.6145138099924717
55.0,95.0,143.0,172.0,141.0,152.0,166.0,145.0,125.0,130.0,143.0,114.0,105.0,108.0,127.0,150.0,178.0,172.0,142.0,104.0,87.0,95.0,115.0,136.0,150.0,151.0,143.0,148.0,147.0,131.0,115.0,112.0,112.0,115.0,122.0,133.0,132.0,121.0,120.0,127.0,128.0,133.0,139.0,136.0,127.0,124.0,125.0,128.0,132.0,131.0,166.0,146.0,104.0,82.0,93.0,110.0,108.0,118.0,137.0,125.0,117.0,112.0,129.0,155.0,169.0,142.0,104.0,83.0,95.0,134.0,168.0,170.0,137.0,101.0,85.0,101.0,141.0,175.0,183.0,169.0,148.0,130.0,117.0,106.0,89.0,68.0,58.0,71.0,107.0,152.0,182.0,190.0,177.0,156.0,134.0,119.0,117.0,122.0,126.0,123.0,0.9350359867782049,0.35455282177654257
55.0,59.0,73.0,176.0,133.0,158.0,150.0,151.0,124.0,118.0,144.0,113.0,128.0,109.0,113.0,85.0,107.0,116.0,149.0,159.0,157.0,144.0,122.0,110.0,109.0,117.0,112.0,127.0,134.0,135.0,127.0,128.0,129.0,126.0,121.0,129.0,134.0,127.0,126.0,126.0,122.0,121.0,130.0,136.0,136.0,131.0,126.0,122.0,126.0,132.0,135.0,154.0,138.0,148.0,152.0,132.0,120.0,145.0,165.0,161.0,145.0,126.0,112.0,109.0,116.0,113.0,110.0,114.0,125.0,144.0,166.0,171.0,149.0,114.0,89.0,89.0,106.0,123.0,119.0,94.0,71.0,79.0,127.0,192.0,205.0,205.0,205.0,133.0,93.0,82.0,97.0,121.0,139.0,140.0,130.0,118.0,114.0,124.0,138.0,146.0,0.9980097281514528,0.06306014997653561
205.0,205.0,130.0,115.0,92.0,134.0,87.0,132.0,124.0,144.0,110.0,139.0,133.0,143.0,161.0,168.0,161.0,127.0,106.0,82.0,97.0,110.0,144.0,158.0,156.0,144.0,136.0,123.0,117.0,126.0,130.0,130.0,124.0,132.0,134.0,127.0,124.0,131.0,131.0,131.0,136.0,135.0,125.0,119.0,121.0,126.0,132.0,135.0,131.0,124.0,125.0,157.0,143.0,144.0,100.0,133.0,124.0,128.0,128.0,131.0,138.0,139.0,127.0,114.0,116.0,109.0,116.0,121.0,129.0,148.0,177.0,190.0,185.0,176.0,151.0,106.0,66.0,55.0,55.0,82.0,129.0,179.0,205.0,205.0,205.0,179.0,125.0,77.0,55.0,55.0,55.0,56.0,105.0,128.0,143.0,149.0,152.0,158.0,163.0,165.0,0.9722268018884703,-0.23404069238001565
149.0,120.0,83.0,130.0,106.0,100.0,116.0,134.0,131.0,114.0,147.0,135.0,145.0,140.0,144.0,120.0,116.0,112.0,122.0,131.0,132.0,137.0,135.0,129.0,127.0,130.0,117.0,116.0,126.0,135.0,136.0,134.0,136.0,134.0,124.0,125.0,134.0,132.0,130.0,133.0,129.0,120.0,121.0,125.0,129.0,132.0,132.0,128.0,125.0,127.0,150.0,114.0,119.0,94.0,141.0,130.0,117.0,90.0,100.0,107.0,130.0,130.0,127.0,140.0,156.0,164.0,155.0,132.0,89.0,59.0,55.0,75.0,120.0,169.0,189.0,186.0,175.0,164.0,153.0,145.0,131.0,104.0,74.0,60.0,65.0,90.0,130.0,166.0,185.0,184.0,170.0,151.0,135.0,127.0,120.0,113.0,105.0,99.0,97.0,102.0,0.8596949714045087,-0.5108077487096304
205.0,110.0,94.0,108.0,117.0,103.0,99.0,138.0,120.0,124.0,123.0,156.0,138.0,143.0,130.0,113.0,102.0,109.0,128.0,142.0,146.0,137.0,133.0,120.0,123.0,127.0,122.0,107.0,116.0,131.0,140.0,142.0,140.0,137.0,126.0,121.0,131.0,138.0,132.0,131.0,129.0,121.0,119.0,125.0,130.0,131.0,131.0,128.0,126.0,128.0,130.0,115.0,111.0,128.0,123.0,108.0,121.0,150.0,164.0,147.0,118.0,99.0,100.0,119.0,134.0,134.0,122.0,111.0,117.0,140.0,163.0,162.0,125.0,67.0,55.0,55.0,92.0,171.0,205.0,205.0,193.0,139.0,92.0,62.0,55.0,72.0,108.0,149.0,180.0,193.0,189.0,175.0,156.0,135.0,116.0,104.0,101.0,106.0,112.0,115.0,0.6701573395872668,-0.7422190648301327
205.0,179.0,151.0,96.0,118.0,118.0,98.0,114.0,129.0,142.0,113.0,142.0,133.0,145.0,146.0,165.0,148.0,132.0,111.0,100.0,109.0,116.0,137.0,146.0,147.0,138.0,141.0,127.0,118.0,122.0,129.0,132.0,129.0,133.0,136.0,128.0,122.0,131.0,132.0,131.0,135.0,135.0,125.0,120.0,122.0,127.0,132.0,135.0,131.0,126.0,151.0,118.0,136.0,145.0,135.0,123.0,113.0,114.0,121.0,118.0,115.0,123.0,142.0,175.0,199.0,196.0,172.0,144.0,108.0,74.0,66.0,74.0,86.0,116.0,167.0,205.0,205.0,205.0,171.0,105.0,58.0,55.0,55.0,92.0,114.0,118.0,109.0,103.0,108.0,126.0,150.0,170.0,178.0,172.0,162.0,152.0,144.0,139.0,135.0,127.0,0.4204996204856271,-0.9072927141619972
77.0,108.0,108.0,105.0,134.0,120.0,118.0,120.0,157.0,143.0,146.0,121.0,101.0,79.0,94.0,126.0,159.0,170.0,156.0,139.0,113.0,106.0,109.0,111.0,104.0,116.0,133.0,143.0,144.0,144.0,141.0,129.0,122.0,131.0,138.0,132.0,130.0,127.0,119.0,117.0,125.0,132.0,133.0,131.0,126.0,124.0,127.0,133.0,135.0,134.0,138.0,119.0,109.0,100.0,122.0,130.0,128.0,120.0,120.0,115.0,115.0,113.0,106.0,104.0,109.0,112.0,119.0,141.0,163.0,173.0,169.0,154.0,126.0,103.0,93.0,93.0,99.0,115.0,139.0,163.0,182.0,189.0,178.0,156.0,130.0,108.0,93.0,87.0,89.0,94.0,100.0,106.0,111.0,115.0,123.0,132.0,140.0,146.0,147.0,146.0,0.13317290231958026,-0.9910928201171572
136.0,151.0,161.0,138.0,156.0,169.0,127.0,134.0,127.0,140.0,99.0,121.0,113.0,131.0,137.0,160.0,149.0,132.0,113.0,104.0,117.0,123.0,140.0,141.0,139.0,133.0,145.0,137.0,124.0,116.0,116.0,118.0,119.0,127.0,135.0,129.0,120.0,125.0,126.0,124.0,134.0,143.0,137.0,126.0,121.0,123.0,128.0,133.0,133.0,128.0,160.0,150.0,125.0,114.0,103.0,122.0,137.0,141.0,137.0,139.0,137.0,131.0,128.0,118.0,100.0,82.0,72.0,79.0,111.0,157.0,191.0,200.0,185.0,154.0,118.0,89.0,68.0,57.0,63.0,90.0,133.0,174.0,201.0,205.0,192.0,167.0,142.0,123.0,112.0,110.0,110.0,109.0,107.0,102.0,101.0,106.0,115.0,126.0,133.0,137.0,-0.1659286506669072,-0.9861377606033852
55.0,55.0,169.0,133.0,154.0,140.0,171.0,128.0,116.0,125.0,119.0,127.0,120.0,111.0,77.0,83.0,100.0,147.0,172.0,176.0,155.0,128.0,103.0,100.0,107.0,108.0,118.0,131.0,137.0,132.0,131.0,132.0,130.0,120.0,126.0,134.0,131.0,127.0,126.0,121.0,117.0,126.0,135.0,138.0,134.0,127.0,121.0,124.0,131.0,137.0,129.0,136.0,183.0,163.0,140.0,134.0,168.0,158.0,136.0,114.0,113.0,115.0,117.0,118.0,116.0,122.0,135.0,158.0,164.0,156.0,142.0,121.0,91.0,87.0,119.0,158.0,172.0,153.0,105.0,56.0,55.0,66.0,143.0,204.0,205.0,205.0,205.0,154.0,98.0,60.0,55.0,55.0,78.0,99.0,119.0,137.0,150.0,159.0,161.0,156.0,-0.44991278584141453,-0.8930724971335852
55.0,118.0,160.0,134.0,164.0,141.0,182.0,106.0,145.0,118.0,144.0,96.0,125.0,115.0,122.0,136.0,144.0,147.0,127.0,124.0,111.0,126.0,120.0,136.0,135.0,133.0,131.0,141.0,135.0,122.0,119.0,117.0,122.0,119.0,129.0,134.0,128.0,120.0,127.0,126.0,126.0,132.0,137.0,132.0,128.0,126.0,125.0,127.0,130.0,131.0,150.0,118.0,106.0,118.0,119.0,118.0,100.0,91.0,104.0,112.0,115.0,129.0,155.0,172.0,178.0,164.0,126.0,89.0,71.0,71.0,87.0,115.0,143.0,169.0,195.0,205.0,205.0,191.0,143.0,85.0,55.0,55.0,55.0,89.0,144.0,169.0,165.0,145.0,125.0,116.0,118.0,126.0,131.0,132.0,128.0,123.0,121.0,122.0,126.0,129.0,-0.6934048192763823,-0.7205482333642125
55.0,67.0,69.0,194.0,111.0,173.0,137.0,166.0,112.0,129.0,138.0,116.0,123.0,108.0,123.0,95.0,127.0,120.0,148.0,141.0,145.0,134.0,126.0,117.0,119.0,125.0,118.0,131.0,135.0,134.0,123.0,125.0,124.0,125.0,120.0,130.0,134.0,126.0,124.0,127.0,123.0,123.0,132.0,135.0,134.0,130.0,126.0,123.0,126.0,131.0,145.0,102.0,74.0,99.0,123.0,134.0,134.0,119.0,120.0,100.0,99.0,101.0,125.0,132.0,136.0,134.0,145.0,158.0,164.0,144.0,98.0,57.0,55.0,55.0,113.0,170.0,200.0,199.0,179.0,166.0,162.0,161.0,143.0,102.0,56.0,55.0,55.0,56.0,155.0,205.0,205.0,205.0,165.0,129.0,111.0,109.0,113.0,113.0,107.0,98.0,-0.8748813210865723,-0.4843373555837025
87.0,55.0,127.0,157.0,150.0,155.0,155.0,167.0,115.0,136.0,131.0,136.0,100.0,116.0,116.0,130.0,148.0,161.0,150.0,123.0,107.0,100.0,116.0,124.0,143.0,144.0,139.0,137.0,145.0,136.0,120.0,115.0,115.0,117.0,118.0,129.0,134.0,126.0,119.0,125.0,127.0,128.0,135.0,138.0,131.0,126.0,125.0,126.0,129.0,131.0,111.0,103.0,116.0,142.0,172.0,178.0,152.0,107.0,89.0,96.0,102.0,95.0,93.0,106.0,143.0,203.0,205.0,205.0,164.0,66.0,55.0,55.0,55.0,55.0,79.0,199.0,205.0,205.0,205.0,205.0,205.0,55.0,55.0,55.0,55.0,58.0,167.0,205.0,205.0,205.0,169.0,135.0,124.0,129.0,136.0,131.0,115.0,96.0,85.0,87.0,-0.9785962148808351,-0.2057898156394101
105.0,55.0,95.0,163.0,126.0,169.0,127.0,187.0,104.0,148.0,113.0,148.0,98.0,121.0,110.0,113.0,126.0,131.0,144.0,133.0,139.0,122.0,133.0,118.0,129.0,126.0,125.0,125.0,138.0,136.0,125.0,123.0,121.0,125.0,120.0,128.0,134.0,130.0,121.0,127.0,125.0,124.0,130.0,136.0,134.0,130.0,127.0,125.0,126.0,130.0,166.0,135.0,132.0,149.0,133.0,110.0,120.0,140.0,129.0,136.0,110.0,105.0,107.0,128.0,139.0,150.0,141.0,130.0,137.0,151.0,159.0,155.0,131.0,92.0,86.0,119.0,164.0,185.0,178.0,136.0,88.0,68.0,91.0,140.0,185.0,203.0,179.0,126.0,78.0,55.0,55.0,81.0,111.0,130.0,135.0,137.0,141.0,150.0,159.0,163.0,-0.9959236917747836,0.09019977916650332
55.0,101.0,77.0,179.0,120.0,161.0,157.0,147.0,126.0,114.0,147.0,105.0,131.0,107.0,118.0,93.0,119.0,123.0,148.0,150.0,145.0,139.0,121.0,116.0,115.0,122.0,116.0,132.0,135.0,132.0,124.0,125.0,127.0,124.0,122.0,131.0,134.0,125.0,126.0,126.0,122.0,122.0,132.0,135.0,134.0,130.0,126.0,123.0,127.0,132.0,138.0,110.0,101.0,106.0,124.0,119.0,111.0,103.0,113.0,118.0,129.0,126.0,119.0,106.0,93.0,83.0,87.0,101.0,116.0,132.0,155.0,180.0,198.0,200.0,178.0,132.0,81.0,55.0,55.0,55.0,118.0,186.0,205.0,205.0,205.0,181.0,136.0,102.0,83.0,75.0,74.0,75.0,77.0,83.0,93.0,105.0,119.0,131.0,141.0,149.0,-0.926008267940351,0.37750322873600856
111.0,162.0,151.0,148.0,155.0,166.0,129.0,124.0,135.0,136.0,108.0,106.0,114.0,128.0,153.0,175.0,167.0,133.0,99.0,83.0,97.0,116.0,144.0,157.0,153.0,142.0,143.0,138.0,123.0,115.0,114.0,113.0,114.0,124.0,133.0,128.0,119.0,122.0,127.0,128.0,134.0,140.0,133.0,125.0,123.0,125.0,128.0,132.0,130.0,125.0,146.0,114.0,109.0,106.0,129.0,154.0,146.0,126.0,114.0,129.0,158.0,164.0,124.0,72.0,55.0,55.0,55.0,120.0,138.0,138.0,141.0,162.0,190.0,205.0,178.0,96.0,55.0,55.0,55.0,63.0,173.0,205.0,205.0,202.0,150.0,140.0,160.0,185.0,194.0,169.0,122.0,78.0,56.0,58.0,78.0,93.0,94.0,93.0,101.0,116.0,-0.7756857809715911,0.6311192987054767
55.0,62.0,168.0,125.0,162.0,131.0,174.0,120.0,127.0,122.0,126.0,119.0,118.0,115.0,84.0,94.0,102.0,143.0,160.0,169.0,149.0,132.0,108.0,105.0,111.0,110.0,119.0,132.0,136.0,129.0,129.0,129.0,130.0,120.0,125.0,133.0,130.0,125.0,127.0,123.0,118.0,125.0,134.0,137.0,133.0,127.0,122.0,123.0,130.0,135.0,173.0,151.0,135.0,95.0,110.0,133.0,136.0,145.0,143.0,145.0,144.0,157.0,148.0,158.0,148.0,123.0,97.0,108.0,146.0,184.0,196.0,170.0,118.0,75.0,66.0,92.0,141.0,184.0,199.0,172.0,118.0,69.0,55.0,57.0,95.0,122.0,130.0,123.0,114.0,117.0,134.0,157.0,171.0,172.0,163.0,156.0,153.0,151.0,144.0,133.0,-0.5587116109385223,0.8293620052802523
110.0,190.0,115.0,166.0,141.0,175.0,110.0,145.0,128.0,128.0,104.0,118.0,125.0,125.0,153.0,146.0,147.0,119.0,117.0,110.0,125.0,126.0,140.0,140.0,134.0,139.0,142.0,133.0,119.0,119.0,118.0,121.0,120.0,132.0,134.0,125.0,122.0,129.0,127.0,127.0,136.0,137.0,131.0,127.0,127.0,126.0,129.0,131.0,130.0,128.0,146.0,111.0,81.0,106.0,134.0,122.0,96.0,82.0,79.0,87.0,97.0,105.0,130.0,164.0,188.0,198.0,190.0,151.0,97.0,55.0,55.0,55.0,55.0,111.0,197.0,205.0,205.0,205.0,205.0,150.0,97.0,59.0,55.0,55.0,55.0,55.0,92.0,130.0,161.0,181.0,184.0,172.0,154.0,138.0,126.0,119.0,115.0,110.0,107.0,106.0,-0.29439632634156043,0.9556834219743447
62.0,150.0,123.0,163.0,143.0,174.0,123.0,122.0,123.0,132.0,124.0,120.0,114.0,80.0,84.0,97.0,143.0,168.0,178.0,157.0,135.0,107.0,102.0,107.0,109.0,117.0,131.0,137.0,133.0,132.0,132.0,131.0,122.0,126.0,134.0,133.0,127.0,126.0,121.0,116.0,123.0,138.0,145.0,140.0,128.0,117.0,119.0,130.0,140.0,142.0,134.0,107.0,95.0,125.0,152.0,159.0,126.0,89.0,72.0,86.0,111.0,120.0,110.0,101.0,118.0,159.0,205.0,205.0,182.0,96.0,55.0,55.0,55.0,119.0,204.0,205.0,173.0,128.0,109.0,124.0,157.0,180.0,175.0,145.0,106.0,77.0,72.0,85.0,103.0,112.0,110.0,106.0,108.0,122.0,141.0,153.0,154.0,145.0,135.0,131.0,-0.005798410804312203,0.9999831890747686
77.0,55.0,139.0,160.0,148.0,153.0,152.0,161.0,110.0,141.0,130.0,133.0,95.0,121.0,115.0,135.0,150.0,158.0,142.0,116.0,106.0,104.0,123.0,127.0,144.0,141.0,137.0,137.0,144.0,132.0,118.0,116.0,115.0,119.0,119.0,131.0,133.0,125.0,120.0,128.0,127.0,128.0,135.0,136.0,129.0,126.0,125.0,126.0,129.0,130.0,162.0,155.0,136.0,126.0,128.0,121.0,107.0,135.0,166.0,175.0,165.0,157.0,151.0,149.0,143.0,112.0,68.0,55.0,55.0,115.0,186.0,205.0,205.0,183.0,116.0,78.0,80.0,101.0,111.0,89.0,58.0,55.0,84.0,155.0,205.0,205.0,205.0,157.0,108.0,91.0,102.0,130.0,150.0,153.0,139.0,120.0,111.0,116.0,131.0,144.0,0.28234495675826804,0.959312944452003
205.0,196.0,200.0,95.0,111.0,119.0,108.0,111.0,120.0,148.0,114.0,137.0,124.0,147.0,153.0,184.0,169.0,145.0,109.0,86.0,91.0,105.0,134.0,150.0,157.0,146.0,149.0,136.0,123.0,118.0,124.0,127.0,125.0,130.0,137.0,133.0,122.0,127.0,131.0,132.0,136.0,139.0,130.0,121.0,119.0,124.0,131.0,136.0,134.0,126.0,152.0,165.0,142.0,96.0,113.0,124.0,133.0,121.0,135.0,130.0,141.0,127.0,117.0,110.0,111.0,111.0,118.0,125.0,136.0,168.0,192.0,195.0,178.0,153.0,106.0,66.0,55.0,57.0,77.0,117.0,164.0,205.0,205.0,205.0,205.0,131.0,76.0,55.0,55.0,55.0,55.0,110.0,137.0,149.0,148.0,146.0,151.0,159.0,163.0,162.0,0.5457562497958561,0.8379439813070818
205.0,116.0,101.0,91.0,131.0,98.0,97.0,116.0,134.0,123.0,125.0,151.0,138.0,143.0,130.0,123.0,99.0,108.0,119.0,142.0,148.0,144.0,137.0,124.0,117.0,120.0,121.0,110.0,117.0,131.0,140.0,139.0,138.0,137.0,130.0,122.0,129.0,137.0,132.0,130.0,130.0,124.0,119.0,123.0,129.0,131.0,131.0,129.0,127.0,127.0,149.0,129.0,90.0,108.0,127.0,122.0,94.0,95.0,108.0,127.0,132.0,122.0,125.0,144.0,162.0,161.0,143.0,99.0,61.0,55.0,67.0,106.0,151.0,177.0,176.0,168.0,164.0,160.0,153.0,143.0,122.0,97.0,79.0,74.0,78.0,94.0,123.0,155.0,179.0,191.0,188.0,173.0,152.0,130.0,110.0,96.0,90.0,89.0,94.0,102.0,0.7626390216264634,0.6468243368122684
205.0,112.0,125.0,95.0,131.0,84.0,134.0,129.0,142.0,118.0,136.0,136.0,140.0,169.0,166.0,160.0,122.0,103.0,87.0,104.0,117.0,145.0,154.0,149.0,146.0,140.0,127.0,117.0,124.0,127.0,130.0,126.0,135.0,135.0,125.0,124.0,131.0,131.0,133.0,138.0,133.0,123.0,119.0,122.0,128.0,134.0,135.0,130.0,123.0,122.0,120.0,105.0,106.0,126.0,135.0,116.0,116.0,136.0,154.0,148.0,133.0,111.0,101.0,108.0,126.0,133.0,127.0,116.0,115.0,132.0,156.0,164.0,138.0,84.0,55.0,55.0,56.0,153.0,205.0,205.0,205.0,153.0,103.0,67.0,55.0,64.0,97.0,138.0,172.0,191.0,192.0,180.0,162.0,141.0,120.0,106.0,101.0,105.0,111.0,115.0,0.9154191101679943,0.40250199097549527
113.0,69.0,149.0,84.0,116.0,104.0,147.0,112.0,126.0,145.0,146.0,147.0,129.0,118.0,83.0,95.0,110.0,152.0,161.0,160.0,140.0,124.0,109.0,112.0,115.0,107.0,112.0,127.0,141.0,142.0,143.0,140.0,134.0,123.0,128.0,137.0,134.0,130.0,130.0,123.0,116.0,121.0,127.0,135.0,137.0,133.0,124.0,122.0,128.0,134.0,164.0,118.0,90.0,94.0,110.0,115.0,107.0,114.0,115.0,128.0,145.0,171.0,190.0,184.0,156.0,118.0,79.0,59.0,70.0,84.0,92.0,121.0,168.0,200.0,205.0,189.0,140.0,83.0,56.0,67.0,103.0,138.0,145.0,114.0,70.0,55.0,55.0,106.0,173.0,205.0,205.0,205.0,183.0,148.0,127.0,118.0,115.0,108.0,99.0,92.0,0.9920771536776566,0.1256300965168748
57.0,84.0,193.0,106.0,181.0,125.0,183.0,100.0,144.0,124.0,130.0,109.0,115.0,124.0,104.0,134.0,126.0,148.0,131.0,138.0,123.0,129.0,118.0,127.0,129.0,124.0,131.0,137.0,135.0,121.0,123.0,120.0,125.0,119.0,130.0,134.0,127.0,123.0,128.0,125.0,124.0,132.0,135.0,133.0,129.0,127.0,124.0,127.0,130.0,132.0,151.0,106.0,71.0,88.0,129.0,134.0,120.0,120.0,124.0,114.0,110.0,97.0,99.0,109.0,114.0,112.0,130.0,156.0,174.0,179.0,162.0,123.0,87.0,72.0,73.0,90.0,117.0,146.0,171.0,197.0,205.0,205.0,189.0,140.0,81.0,55.0,55.0,55.0,89.0,148.0,170.0,164.0,143.0,124.0,116.0,119.0,127.0,132.0,132.0,128.0,0.9869863541639949,-0.16080403195835938
124.0,187.0,140.0,164.0,142.0,165.0,112.0,144.0,133.0,128.0,101.0,116.0,122.0,130.0,157.0,154.0,148.0,117.0,110.0,104.0,122.0,128.0,143.0,143.0,136.0,140.0,144.0,133.0,118.0,117.0,116.0,119.0,120.0,132.0,134.0,125.0,122.0,128.0,127.0,129.0,137.0,136.0,130.0,126.0,126.0,127.0,130.0,131.0,130.0,127.0,134.0,129.0,119.0,130.0,115.0,126.0,123.0,130.0,131.0,134.0,123.0,113.0,105.0,105.0,116.0,130.0,137.0,138.0,144.0,155.0,164.0,160.0,140.0,102.0,71.0,65.0,90.0,134.0,175.0,194.0,188.0,164.0,136.0,118.0,109.0,108.0,109.0,109.0,108.0,109.0,112.0,120.0,128.0,134.0,134.0,133.0,132.0,134.0,138.0,141.0,0.9012148006550291,-0.43337268381880756
205.0,80.0,92.0,102.0,113.0,99.0,114.0,138.0,114.0,119.0,132.0,160.0,145.0,142.0,104.0,81.0,77.0,111.0,152.0,173.0,166.0,143.0,123.0,104.0,108.0,111.0,108.0,107.0,126.0,140.0,146.0,144.0,142.0,134.0,123.0,126.0,137.0,137.0,130.0,129.0,122.0,116.0,121.0,130.0,133.0,132.0,128.0,125.0,126.0,131.0,116.0,102.0,84.0,78.0,107.0,148.0,171.0,171.0,133.0,107.0,116.0,136.0,133.0,112.0,85.0,72.0,105.0,179.0,205.0,205.0,192.0,81.0,55.0,55.0,55.0,55.0,122.0,204.0,205.0,205.0,205.0,205.0,75.0,55.0,55.0,55.0,55.0,87.0,205.0,205.0,205.0,205.0,163.0,131.0,119.0,123.0,129.0,124.0,108.0,91.0,0.741953973347408,-0.6704508195490506
162.0,94.0,108.0,115.0,101.0,115.0,125.0,142.0,110.0,139.0,128.0,144.0,146.0,174.0,159.0,138.0,105.0,89.0,100.0,113.0,139.0,151.0,148.0,136.0,139.0,129.0,122.0,122.0,127.0,129.0,126.0,131.0,136.0,129.0,122.0,129.0,130.0,130.0,135.0,135.0,125.0,119.0,120.0,125.0,131.0,135.0,132.0,125.0,121.0,122.0,123.0,111.0,139.0,96.0,115.0,112.0,123.0,110.0,129.0,138.0,161.0,164.0,146.0,126.0,104.0,87.0,77.0,89.0,108.0,145.0,188.0,205.0,205.0,178.0,122.0,68.0,55.0,87.0,140.0,176.0,177.0,137.0,90.0,70.0,93.0,135.0,170.0,178.0,157.0,123.0,98.0,91.0,100.0,117.0,128.0,129.0,124.0,121.0,125.0,135.0,0.5223604691853483,-0.8527247740229333
205.0,93.0,92.0,76.0,138.0,99.0,107.0,121.0,126.0,119.0,122.0,159.0,139.0,148.0,120.0,110.0,81.0,97.0,120.0,155.0,165.0,156.0,140.0,117.0,109.0,111.0,113.0,104.0,116.0,131.0,142.0,143.0,143.0,141.0,130.0,123.0,131.0,138.0,132.0,130.0,128.0,120.0,117.0,124.0,131.0,133.0,131.0,128.0,125.0,127.0,141.0,117.0,115.0,109.0,115.0,135.0,127.0,114.0,105.0,106.0,113.0,120.0,120.0,121.0,125.0,124.0,117.0,103.0,89.0,83.0,91.0,106.0,125.0,148.0,172.0,191.0,199.0,191.0,158.0,108.0,61.0,55.0,55.0,61.0,155.0,205.0,205.0,205.0,205.0,162.0,123.0,92.0,74.0,70.0,74.0,79.0,82.0,89.0,99.0,112.0,0.2604875633898052,-0.9654772028998106
160.0,55.0,82.0,84.0,183.0,128.0,155.0,156.0,143.0,129.0,115.0,149.0,106.0,130.0,106.0,115.0,91.0,117.0,124.0,148.0,151.0,147.0,140.0,121.0,115.0,114.0,120.0,115.0,131.0,135.0,133.0,125.0,126.0,127.0,124.0,121.0,131.0,134.0,125.0,126.0,126.0,121.0,122.0,132.0,136.0,134.0,129.0,125.0,123.0,127.0,160.0,128.0,130.0,112.0,114.0,99.0,110.0,123.0,136.0,131.0,126.0,134.0,168.0,198.0,177.0,121.0,57.0,55.0,55.0,55.0,68.0,141.0,181.0,205.0,205.0,205.0,205.0,104.0,55.0,55.0,55.0,55.0,98.0,205.0,205.0,190.0,157.0,147.0,162.0,185.0,194.0,178.0,139.0,97.0,70.0,68.0,81.0,91.0,92.0,90.0,-0.022260528055598736,-0.9997522037438507
55.0,72.0,168.0,140.0,155.0,148.0,153.0,125.0,117.0,142.0,116.0,128.0,110.0,109.0,79.0,95.0,111.0,151.0,168.0,166.0,150.0,123.0,105.0,103.0,111.0,109.0,124.0,133.0,136.0,130.0,130.0,131.0,126.0,121.0,128.0,135.0,128.0,126.0,125.0,120.0,119.0,129.0,137.0,136.0,132.0,125.0,121.0,125.0,133.0,137.0,171.0,162.0,130.0,109.0,139.0,145.0,135.0,114.0,102.0,111.0,131.0,145.0,148.0,146.0,136.0,142.0,153.0,158.0,153.0,138.0,108.0,95.0,120.0,161.0,189.0,186.0,151.0,95.0,58.0,63.0,106.0,160.0,201.0,205.0,177.0,121.0,72.0,55.0,55.0,55.0,96.0,120.0,137.0,151.0,160.0,168.0,171.0,167.0,157.0,148.0,-0.30291686733992795,-0.953016983836576
120.0,55.0,55.0,119.0,144.0,152.0,144.0,169.0,128.0,122.0,113.0,134.0,120.0,129.0,117.0,85.0,74.0,88.0,133.0,167.0,181.0,163.0,139.0,108.0,98.0,104.0,109.0,114.0,128.0,136.0,134.0,131.0,132.0,132.0,122.0,122.0,132.0,134.0,128.0,127.0,123.0,117.0,122.0,133.0,138.0,135.0,129.0,122.0,121.0,128.0,159.0,123.0,97.0,101.0,107.0,125.0,119.0,115.0,107.0,114.0,124.0,126.0,118.0,102.0,86.0,80.0,88.0,102.0,123.0,148.0,173.0,191.0,198.0,188.0,155.0,106.0,60.0,55.0,55.0,60.0,155.0,205.0,205.0,205.0,205.0,156.0,116.0,90.0,78.0,74.0,74.0,75.0,79.0,87.0,98.0,111.0,125.0,136.0,145.0,152.0,-0.558824443344121,-0.8292859829522824
55.0,106.0,190.0,116.0,172.0,127.0,182.0,103.0,150.0,123.0,137.0,100.0,119.0,121.0,118.0,142.0,137.0,146.0,127.0,132.0,118.0,126.0,117.0,132.0,135.0,133.0,136.0,141.0,133.0,119.0,120.0,119.0,124.0,120.0,131.0,133.0,127.0,122.0,128.0,126.0,126.0,133.0,136.0,132.0,128.0,127.0,126.0,128.0,130.0,131.0,116.0,114.0,111.0,136.0,155.0,140.0,123.0,114.0,138.0,164.0,159.0,109.0,59.0,55.0,55.0,82.0,132.0,141.0,133.0,140.0,168.0,202.0,205.0,159.0,65.0,55.0,55.0,55.0,78.0,205.0,205.0,205.0,176.0,143.0,144.0,170.0,193.0,189.0,156.0,107.0,69.0,55.0,63.0,82.0,96.0,100.0,98.0,102.0,118.0,139.0,-0.7694388941447873,-0.6387204303740777
55.0,86.0,105.0,195.0,108.0,178.0,142.0,162.0,108.0,136.0,137.0,116.0,115.0,111.0,128.0,119.0,155.0,143.0,145.0,118.0,116.0,115.0,125.0,129.0,137.0,138.0,129.0,141.0,140.0,131.0,118.0,119.0,118.0,121.0,122.0,133.0,133.0,123.0,123.0,128.0,126.0,128.0,136.0,135.0,130.0,127.0,126.0,126.0,129.0,131.0,136.0,164.0,163.0,140.0,119.0,147.0,149.0,136.0,134.0,133.0,130.0,129.0,124.0,124.0,149.0,167.0,167.0,162.0,162.0,153.0,139.0,122.0,95.0,72.0,72.0,100.0,146.0,189.0,205.0,192.0,141.0,87.0,57.0,64.0,102.0,140.0,152.0,135.0,108.0,88.0,91.0,116.0,147.0,167.0,174.0,171.0,162.0,154.0,149.0,146.0,-0.9179234967353953,-0.39675742480899434
149.0,113.0,80.0,132.0,98.0,108.0,110.0,143.0,120.0,120.0,141.0,143.0,144.0,137.0,132.0,103.0,106.0,113.0,136.0,144.0,143.0,136.0,129.0,118.0,119.0,125.0,118.0,118.0,126.0,133.0,135.0,137.0,139.0,136.0,124.0,124.0,134.0,133.0,130.0,132.0,127.0,119.0,120.0,126.0,130.0,132.0,131.0,127.0,126.0,128.0,110.0,140.0,149.0,125.0,91.0,102.0,96.0,83.0,94.0,108.0,147.0,182.0,200.0,197.0,193.0,157.0,105.0,56.0,55.0,55.0,55.0,122.0,205.0,205.0,205.0,205.0,205.0,113.0,93.0,55.0,55.0,55.0,55.0,55.0,110.0,182.0,204.0,196.0,164.0,126.0,104.0,101.0,111.0,123.0,130.0,128.0,120.0,116.0,117.0,124.0,-0.9924246546676425,-0.12285481190336185
86.0,76.0,123.0,102.0,115.0,108.0,141.0,108.0,127.0,142.0,151.0,141.0,132.0,116.0,91.0,97.0,115.0,148.0,156.0,153.0,136.0,123.0,110.0,115.0,117.0,110.0,112.0,129.0,140.0,141.0,141.0,139.0,132.0,122.0,128.0,136.0,134.0,129.0,129.0,123.0,117.0,122.0,129.0,132.0,131.0,129.0,126.0,126.0,130.0,132.0,166.0,142.0,99.0,88.0,93.0,115.0,105.0,114.0,136.0,130.0,121.0,112.0,126.0,152.0,170.0,147.0,108.0,84.0,94.0,131.0,168.0,173.0,141.0,104.0,85.0,98.0,138.0,174.0,184.0,172.0,152.0,133.0,121.0,110.0,93.0,71.0,58.0,66.0,97.0,142.0,181.0,199.0,189.0,162.0,133.0,117.0,115.0,122.0,127.0,125.0,-0.9870718701890213,0.1602782676520674
197.0,200.0,108.0,84.0,103.0,116.0,101.0,99.0,133.0,126.0,117.0,126.0,153.0,149.0,143.0,123.0,93.0,76.0,92.0,131.0,166.0,175.0,160.0,136.0,111.0,103.0,108.0,109.0,105.0,117.0,135.0,145.0,146.0,146.0,141.0,128.0,122.0,132.0,139.0,134.0,130.0,126.0,118.0,117.0,125.0,133.0,134.0,131.0,127.0,124.0,157.0,155.0,134.0,101.0,106.0,141.0,163.0,160.0,143.0,126.0,128.0,143.0,149.0,131.0,102.0,75.0,74.0,110.0,159.0,192.0,186.0,154.0,120.0,108.0,113.0,111.0,89.0,61.0,55.0,83.0,144.0,200.0,205.0,205.0,160.0,108.0,81.0,86.0,115.0,144.0,155.0,147.0,129.0,115.0,115.0,127.0,139.0,143.0,135.0,125.0,-0.9028838717151161,0.42988453588925685
193.0,118.0,170.0,147.0,156.0,112.0,134.0,140.0,119.0,117.0,111.0,123.0,125.0,161.0,153.0,147.0,115.0,108.0,108.0,123.0,133.0,143.0,143.0,133.0,143.0,140.0,130.0,117.0,118.0,117.0,120.0,122.0,134.0,133.0,123.0,123.0,128.0,127.0,130.0,138.0,135.0,129.0,126.0,126.0,127.0,130.0,131.0,129.0,127.0,128.0,112.0,119.0,142.0,136.0,119.0,141.0,141.0,126.0,119.0,115.0,120.0,122.0,115.0,112.0,122.0,144.0,177.0,200.0,194.0,169.0,141.0,105.0,73.0,66.0,74.0,86.0,118.0,169.0,205.0,205.0,205.0,166.0,101.0,56.0,55.0,55.0,93.0,114.0,117.0,107.0,102.0,108.0,126.0,150.0,170.0,177.0,171.0,161.0,151.0,143.0,-0.7472019058269395,0.6645971049655495
55.0,91.0,159.0,122.0,165.0,127.0,186.0,111.0,143.0,111.0,144.0,102.0,126.0,114.0,105.0,109.0,118.0,142.0,143.0,152.0,134.0,137.0,115.0,120.0,119.0,121.0,121.0,136.0,136.0,127.0,125.0,124.0,128.0,121.0,126.0,133.0,131.0,123.0,126.0,123.0,119.0,127.0,141.0,141.0,134.0,124.0,119.0,123.0,131.0,136.0,155.0,124.0,99.0,110.0,135.0,137.0,125.0,104.0,108.0,121.0,132.0,129.0,126.0,116.0,113.0,114.0,110.0,106.0,109.0,113.0,117.0,136.0,159.0,173.0,172.0,160.0,134.0,108.0,95.0,93.0,98.0,111.0,134.0,158.0,179.0,189.0,184.0,163.0,137.0,113.0,96.0,88.0,89.0,93.0,99.0,105.0,110.0,115.0,121.0,130.0,-0.5329633758201605,0.84613831022734
77.0,79.0,183.0,120.0,155.0,152.0,151.0,128.0,117.0,146.0,108.0,128.0,107.0,118.0,91.0,116.0,120.0,147.0,152.0,149.0,141.0,122.0,114.0,113.0,120.0,115.0,131.0,135.0,133.0,125.0,126.0,127.0,124.0,121.0,130.0,134.0,126.0,126.0,126.0,122.0,122.0,132.0,136.0,134.0,129.0,125.0,123.0,126.0,132.0,134.0,152.0,132.0,92.0,113.0,154.0,170.0,150.0,119.0,100.0,100.0,121.0,134.0,135.0,123.0,114.0,120.0,144.0,164.0,160.0,120.0,64.0,55.0,55.0,96.0,179.0,205.0,205.0,186.0,133.0,88.0,60.0,55.0,76.0,114.0,154.0,183.0,194.0,189.0,174.0,155.0,134.0,115.0,104.0,102.0,108.0,114.0,115.0,111.0,108.0,110.0,-0.2775415484013374,0.9607136352269536
114.0,141.0,158.0,141.0,147.0,177.0,123.0,143.0,113.0,153.0,93.0,133.0,108.0,124.0,118.0,140.0,142.0,138.0,134.0,120.0,130.0,119.0,132.0,130.0,133.0,126.0,141.0,136.0,127.0,121.0,121.0,124.0,121.0,127.0,134.0,132.0,122.0,128.0,127.0,125.0,129.0,137.0,134.0,131.0,128.0,126.0,126.0,130.0,132.0,131.0,135.0,112.0,135.0,149.0,137.0,126.0,134.0,116.0,106.0,129.0,156.0,171.0,163.0,149.0,138.0,135.0,126.0,111.0,77.0,55.0,67.0,129.0,188.0,205.0,205.0,162.0,93.0,64.0,85.0,122.0,145.0,131.0,88.0,55.0,55.0,107.0,179.0,205.0,205.0,198.0,136.0,104.0,99.0,114.0,133.0,139.0,128.0,112.0,103.0,107.0,-0.0012663502153612664,0.9999991981782446
110.0,121.0,161.0,136.0,151.0,174.0,125.0,139.0,109.0,153.0,94.0,134.0,106.0,121.0,111.0,135.0,138.0,140.0,138.0,124.0,131.0,118.0,128.0,125.0,130.0,122.0,139.0,136.0,127.0,121.0,121.0,124.0,121.0,125.0,133.0,132.0,122.0,127.0,126.0,124.0,127.0,135.0,134.0,131.0,128.0,125.0,125.0,129.0,132.0,132.0,145.0,95.0,73.0,109.0,124.0,125.0,127.0,125.0,110.0,105.0,97.0,96.0,107.0,112.0,109.0,123.0,151.0,170.0,177.0,165.0,129.0,92.0,73.0,70.0,83.0,110.0,139.0,165.0,191.0,205.0,205.0,198.0,150.0,92.0,55.0,55.0,55.0,75.0,140.0,167.0,166.0,146.0,125.0,115.0,116.0,124.0,130.0,131.0,128.0,123.0,0.2742389654867486,0.9616615775878529
170.0,55.0,66.0,82.0,177.0,134.0,152.0,156.0,140.0,128.0,113.0,148.0,108.0,130.0,107.0,112.0,88.0,110.0,121.0,149.0,157.0,152.0,142.0,120.0,112.0,113.0,118.0,112.0,127.0,134.0,135.0,127.0,127.0,127.0,124.0,121.0,130.0,135.0,126.0,126.0,125.0,121.0,122.0,132.0,136.0,135.0,130.0,125.0,122.0,126.0,163.0,129.0,78.0,92.0,111.0,141.0,123.0,133.0,125.0,116.0,101.0,95.0,103.0,127.0,139.0,133.0,135.0,146.0,163.0,166.0,147.0,99.0,57.0,55.0,55.0,119.0,175.0,202.0,197.0,177.0,162.0,153.0,145.0,127.0,91.0,57.0,55.0,55.0,107.0,162.0,196.0,200.0,176.0,143.0,119.0,112.0,117.0,124.0,124.0,117.0,0.5277639502665842,0.8493910835410332
55.0,96.0,80.0,199.0,111.0,179.0,144.0,155.0,113.0,127.0,144.0,108.0,124.0,107.0,128.0,108.0,147.0,134.0,145.0,126.0,125.0,123.0,124.0,127.0,130.0,134.0,124.0,138.0,137.0,131.0,119.0,121.0,121.0,122.0,122.0,132.0,133.0,123.0,124.0,127.0,125.0,127.0,136.0,135.0,131.0,128.0,126.0,125.0,128.0,131.0,147.0,128.0,104.0,118.0,108.0,90.0,104.0,140.0,177.0,167.0,145.0,111.0,123.0,140.0,142.0,116.0,95.0,79.0,101.0,168.0,205.0,205.0,205.0,110.0,55.0,55.0,55.0,55.0,105.0,192.0,205.0,205.0,205.0,170.0,80.0,55.0,55.0,55.0,55.0,121.0,199.0,205.0,205.0,187.0,154.0,133.0,132.0,143.0,147.0,138.0,0.7401244456675017,0.6724699286402132
202.0,185.0,179.0,85.0,130.0,107.0,118.0,94.0,131.0,136.0,125.0,131.0,134.0,143.0,140.0,169.0,154.0,145.0,113.0,101.0,100.0,113.0,130.0,146.0,149.0,140.0,143.0,132.0,121.0,118.0,127.0,130.0,130.0,130.0,136.0,131.0,122.0,128.0,132.0,131.0,133.0,137.0,128.0,121.0,120.0,125.0,130.0,135.0,133.0,127.0,128.0,123.0,126.0,122.0,102.0,116.0,125.0,120.0,114.0,132.0,151.0,169.0,157.0,135.0,112.0,94.0,82.0,84.0,100.0,129.0,168.0,201.0,205.0,201.0,159.0,97.0,56.0,64.0,113.0,161.0,177.0,151.0,100.0,67.0,79.0,127.0,174.0,193.0,173.0,129.0,90.0,74.0,84.0,105.0,126.0,134.0,134.0,130.0,129.0,131.0,0.8955644533088293,0.44493180372913077
142.0,59.0,151.0,70.0,129.0,121.0,132.0,112.0,128.0,162.0,132.0,146.0,114.0,125.0,97.0,131.0,131.0,148.0,135.0,129.0,124.0,120.0,124.0,125.0,127.0,111.0,125.0,134.0,140.0,135.0,137.0,132.0,127.0,122.0,132.0,137.0,128.0,128.0,128.0,122.0,120.0,127.0,129.0,129.0,129.0,128.0,126.0,128.0,129.0,129.0,146.0,116.0,95.0,110.0,124.0,125.0,110.0,102.0,109.0,117.0,127.0,127.0,124.0,115.0,106.0,91.0,83.0,87.0,101.0,120.0,144.0,170.0,188.0,198.0,192.0,164.0,115.0,67.0,55.0,55.0,55.0,144.0,205.0,205.0,205.0,205.0,164.0,122.0,94.0,80.0,75.0,75.0,75.0,79.0,86.0,97.0,110.0,124.0,135.0,144.0,0.9828518949319731,0.18439672618739658
169.0,55.0,102.0,84.0,180.0,124.0,158.0,157.0,143.0,129.0,115.0,150.0,105.0,131.0,107.0,117.0,93.0,120.0,124.0,148.0,150.0,146.0,139.0,121.0,116.0,115.0,122.0,115.0,132.0,134.0,133.0,124.0,126.0,127.0,124.0,122.0,131.0,134.0,125.0,126.0,126.0,122.0,123.0,133.0,135.0,134.0,130.0,125.0,123.0,127.0,123.0,112.0,106.0,112.0,142.0,155.0,136.0,119.0,117.0,140.0,166.0,154.0,104.0,56.0,55.0,55.0,86.0,133.0,140.0,133.0,142.0,171.0,203.0,205.0,151.0,58.0,55.0,55.0,55.0,82.0,205.0,205.0,205.0,175.0,146.0,144.0,167.0,189.0,188.0,154.0,105.0,66.0,55.0,63.0,83.0,98.0,101.0,99.0,103.0,118.0,0.996003279546963,-0.0893166677149023
55.0,141.0,151.0,150.0,155.0,160.0,125.0,113.0,128.0,131.0,126.0,121.0,101.0,75.0,75.0,104.0,150.0,180.0,179.0,157.0,126.0,100.0,98.0,105.0,108.0,116.0,132.0,138.0,135.0,133.0,134.0,129.0,120.0,126.0,135.0,133.0,127.0,125.0,120.0,117.0,126.0,136.0,139.0,134.0,126.0,121.0,123.0,132.0,138.0,139.0,133.0,120.0,145.0,145.0,119.0,106.0,102.0,126.0,128.0,147.0,142.0,145.0,135.0,147.0,151.0,156.0,149.0,125.0,97.0,99.0,136.0,175.0,192.0,175.0,128.0,75.0,55.0,78.0,130.0,179.0,204.0,191.0,144.0,90.0,56.0,55.0,55.0,90.0,111.0,124.0,133.0,142.0,153.0,165.0,169.0,165.0,156.0,149.0,142.0,138.0,0.9346038615273838,-0.35569034569144925
205.0,148.0,107.0,84.0,134.0,95.0,106.0,109.0,145.0,118.0,123.0,141.0,145.0,143.0,135.0,128.0,99.0,104.0,113.0,141.0,148.0,147.0,136.0,128.0,117.0,119.0,122.0,112.0,114.0,128.0,139.0,139.0,139.0,138.0,133.0,123.0,126.0,136.0,134.0,130.0,131.0,125.0,118.0,122.0,128.0,131.0,132.0,130.0,127.0,126.0,102.0,103.0,95.0,108.0,112.0,144.0,135.0,108.0,95.0,75.0,82.0,90.0,106.0,114.0,144.0,169.0,194.0,204.0,191.0,144.0,86.0,55.0,55.0,55.0,61.0,165.0,205.0,205.0,205.0,205.0,201.0,123.0,65.0,55.0,55.0,55.0,55.0,113.0,147.0,156.0,150.0,139.0,131.0,129.0,133.0,138.0,139.0,136.0,128.0,121.0,0.8037207770189065,-0.5950066491965658
55.0,129.0,155.0,156.0,142.0,155.0,165.0,124.0,131.0,131.0,138.0,101.0,117.0,113.0,131.0,142.0,164.0,152.0,129.0,108.0,99.0,114.0,122.0,141.0,143.0,140.0,135.0,145.0,138.0,123.0,115.0,115.0,117.0,118.0,127.0,134.0,128.0,119.0,125.0,127.0,127.0,134.0,138.0,132.0,126.0,125.0,126.0,128.0,131.0,130.0,169.0,155.0,103.0,112.0,68.0,100.0,80.0,109.0,117.0,149.0,142.0,145.0,147.0,161.0,173.0,151.0,100.0,56.0,55.0,76.0,165.0,205.0,205.0,188.0,127.0,86.0,86.0,118.0,152.0,164.0,151.0,125.0,101.0,89.0,87.0,89.0,88.0,90.0,99.0,120.0,146.0,169.0,178.0,171.0,152.0,132.0,121.0,121.0,129.0,133.0,0.6142782485701563,-0.7890894964030261
205.0,158.0,136.0,88.0,133.0,105.0,103.0,106.0,141.0,128.0,119.0,139.0,141.0,144.0,140.0,148.0,122.0,119.0,111.0,121.0,128.0,133.0,137.0,138.0,132.0,127.0,131.0,120.0,116.0,124.0,134.0,136.0,135.0,135.0,136.0,126.0,124.0,133.0,134.0,130.0,133.0,131.0,122.0,121.0,124.0,129.0,132.0,133.0,130.0,126.0,148.0,152.0,150.0,127.0,121.0,151.0,167.0,156.0,137.0,118.0,108.0,111.0,116.0,110.0,109.0,115.0,130.0,153.0,171.0,167.0,137.0,99.0,79.0,88.0,114.0,129.0,114.0,81.0,65.0,90.0,151.0,205.0,205.0,205.0,168.0,113.0,84.0,85.0,106.0,129.0,140.0,136.0,124.0,115.0,116.0,128.0,141.0,145.0,137.0,127.0,0.3806517381561333,-0.9247184729628335
205.0,102.0,95.0,79.0,133.0,95.0,110.0,124.0,127.0,115.0,126.0,155.0,143.0,143.0,123.0,109.0,87.0,105.0,126.0,155.0,157.0,148.0,133.0,117.0,111.0,115.0,116.0,108.0,119.0,133.0,142.0,141.0,141.0,137.0,129.0,122.0,131.0,137.0,132.0,129.0,128.0,121.0,118.0,125.0,130.0,132.0,130.0,128.0,126.0,128.0,149.0,113.0,109.0,140.0,120.0,123.0,141.0,149.0,126.0,120.0,108.0,115.0,119.0,116.0,114.0,123.0,142.0,174.0,198.0,192.0,170.0,141.0,103.0,68.0,62.0,71.0,85.0,118.0,171.0,205.0,205.0,205.0,169.0,104.0,57.0,55.0,55.0,85.0,107.0,115.0,111.0,109.0,116.0,131.0,152.0,169.0,173.0,168.0,158.0,149.0,0.11984898293476218,-0.9927921339784593
205.0,125.0,103.0,90.0,133.0,97.0,103.0,115.0,138.0,120.0,123.0,149.0,140.0,144.0,132.0,125.0,99.0,106.0,117.0,141.0,148.0,145.0,137.0,125.0,117.0,120.0,122.0,111.0,116.0,130.0,139.0,139.0,138.0,138.0,131.0,121.0,125.0,134.0,134.0,136.0,136.0,124.0,113.0,118.0,127.0,133.0,135.0,130.0,126.0,125.0,110.0,125.0,128.0,107.0,122.0,131.0,130.0,121.0,112.0,107.0,120.0,128.0,127.0,125.0,121.0,115.0,113.0,112.0,106.0,108.0,112.0,114.0,124.0,148.0,168.0,173.0,167.0,147.0,120.0,100.0,93.0,94.0,103.0,122.0,147.0,170.0,186.0,188.0,174.0,150.0,124.0,104.0,91.0,88.0,90.0,96.0,100.0,108.0,113.0,118.0,-0.1495168503158866,-0.9887591776927367
88.0,194.0,106.0,181.0,126.0,181.0,99.0,142.0,124.0,132.0,114.0,116.0,122.0,104.0,139.0,131.0,151.0,129.0,132.0,118.0,127.0,120.0,131.0,133.0,126.0,134.0,137.0,133.0,120.0,122.0,119.0,124.0,119.0,131.0,134.0,126.0,123.0,128.0,125.0,124.0,133.0,135.0,132.0,128.0,126.0,124.0,127.0,130.0,131.0,130.0,152.0,126.0,91.0,117.0,160.0,169.0,146.0,114.0,98.0,102.0,124.0,135.0,134.0,121.0,114.0,122.0,148.0,165.0,156.0,112.0,58.0,55.0,55.0,118.0,187.0,205.0,205.0,179.0,126.0,83.0,59.0,56.0,80.0,119.0,158.0,186.0,195.0,188.0,172.0,152.0,131.0,113.0,103.0,103.0,109.0,115.0,115.0,111.0,108.0,111.0,-0.40830669014805093,-0.9128448098008465
57.0,55.0,69.0,176.0,127.0,158.0,139.0,164.0,125.0,122.0,135.0,118.0,124.0,112.0,114.0,83.0,98.0,107.0,147.0,163.0,166.0,149.0,126.0,108.0,105.0,112.0,110.0,123.0,133.0,136.0,129.0,129.0,130.0,128.0,120.0,128.0,134.0,129.0,126.0,126.0,121.0,119.0,128.0,136.0,136.0,132.0,126.0,121.0,124.0,131.0,147.0,145.0,112.0,121.0,101.0,118.0,113.0,126.0,111.0,124.0,137.0,177.0,197.0,193.0,163.0,138.0,96.0,64.0,62.0,73.0,92.0,123.0,171.0,203.0,205.0,205.0,160.0,95.0,56.0,55.0,79.0,108.0,123.0,113.0,89.0,78.0,91.0,125.0,164.0,193.0,198.0,185.0,164.0,146.0,135.0,131.0,129.0,120.0,110.0,103.0,-0.637964227535997,-0.7700660000184391
192.0,126.0,161.0,159.0,142.0,128.0,129.0,148.0,105.0,116.0,105.0,131.0,140.0,177.0,168.0,147.0,106.0,88.0,96.0,114.0,139.0,150.0,152.0,141.0,150.0,143.0,130.0,115.0,113.0,113.0,115.0,123.0,134.0,131.0,120.0,123.0,127.0,128.0,133.0,140.0,135.0,127.0,124.0,125.0,128.0,132.0,131.0,127.0,124.0,125.0,140.0,87.0,80.0,95.0,140.0,127.0,118.0,120.0,125.0,116.0,109.0,97.0,99.0,112.0,113.0,114.0,133.0,160.0,176.0,178.0,158.0,119.0,86.0,73.0,76.0,92.0,119.0,146.0,174.0,203.0,205.0,205.0,179.0,127.0,75.0,55.0,55.0,55.0,108.0,150.0,168.0,161.0,141.0,123.0,116.0,120.0,128.0,133.0,132.0,128.0,-0.8216270428009167,-0.5700254402552754
197.0,155.0,81.0,127.0,106.0,114.0,94.0,137.0,128.0,122.0,131.0,140.0,142.0,139.0,157.0,137.0,130.0,110.0,110.0,114.0,124.0,132.0,142.0,139.0,132.0,136.0,126.0,117.0,120.0,129.0,131.0,130.0,131.0,141.0,134.0,126.0,126.0,128.0,127.0,135.0,137.0,127.0,119.0,120.0,125.0,130.0,135.0,132.0,127.0,124.0,152.0,124.0,105.0,102.0,128.0,145.0,144.0,137.0,137.0,132.0,130.0,126.0,112.0,92.0,76.0,73.0,92.0,133.0,174.0,198.0,195.0,173.0,138.0,105.0,79.0,62.0,57.0,73.0,109.0,152.0,189.0,205.0,202.0,181.0,156.0,133.0,118.0,111.0,110.0,110.0,108.0,105.0,101.0,102.0,110.0,120.0,129.0,134.0,138.0,140.0,-0.9452068250438523,-0.3264721395318753
82.0,79.0,122.0,98.0,113.0,114.0,138.0,106.0,129.0,146.0,152.0,140.0,126.0,106.0,83.0,95.0,121.0,157.0,164.0,157.0,135.0,118.0,106.0,112.0,113.0,107.0,113.0,131.0,142.0,143.0,143.0,139.0,131.0,122.0,130.0,137.0,134.0,129.0,128.0,121.0,117.0,123.0,131.0,132.0,131.0,127.0,124.0,127.0,132.0,134.0,156.0,173.0,156.0,134.0,135.0,152.0,163.0,144.0,115.0,122.0,139.0,163.0,159.0,129.0,95.0,97.0,119.0,143.0,165.0,169.0,148.0,131.0,148.0,172.0,178.0,156.0,105.0,55.0,55.0,55.0,55.0,141.0,195.0,205.0,205.0,205.0,172.0,114.0,66.0,55.0,55.0,55.0,68.0,118.0,149.0,168.0,176.0,172.0,165.0,162.0,-0.9983557597336918,-0.05732169751990052
116.0,83.0,112.0,113.0,110.0,98.0,141.0,117.0,124.0,125.0,154.0,138.0,141.0,133.0,113.0,106.0,110.0,129.0,139.0,144.0,136.0,135.0,122.0,120.0,124.0,119.0,111.0,122.0,134.0,139.0,137.0,136.0,136.0,126.0,123.0,132.0,136.0,129.0,131.0,129.0,121.0,119.0,125.0,129.0,131.0,131.0,127.0,126.0,127.0,130.0,150.0,113.0,91.0,108.0,110.0,106.0,102.0,108.0,111.0,124.0,128.0,137.0,150.0,152.0,140.0,121.0,96.0,75.0,73.0,88.0,116.0,155.0,192.0,204.0,189.0,150.0,97.0,62.0,66.0,107.0,155.0,187.0,186.0,146.0,93.0,62.0,68.0,104.0,148.0,175.0,176.0,156.0,130.0,111.0,105.0,109.0,115.0,116.0,114.0,114.0,-0.9760540540007845,0.2175281215581878
102.0,98.0,96.0,126.0,97.0,104.0,132.0,125.0,120.0,123.0,156.0,139.0,144.0,126.0,111.0,93.0,107.0,128.0,149.0,154.0,144.0,134.0,118.0,114.0,117.0,117.0,109.0,120.0,134.0,141.0,140.0,140.0,137.0,128.0,123.0,132.0,137.0,131.0,130.0,131.0,121.0,117.0,123.0,131.0,133.0,132.0,128.0,125.0,127.0,131.0,148.0,107.0,97.0,107.0,104.0,113.0,100.0,106.0,108.0,121.0,119.0,127.0,138.0,151.0,153.0,142.0,108.0,67.0,55.0,55.0,75.0,126.0,163.0,176.0,176.0,173.0,173.0,176.0,176.0,156.0,112.0,61.0,55.0,55.0,55.0,94.0,192.0,205.0,205.0,205.0,182.0,141.0,112.0,93.0,82.0,75.0,72.0,73.0,81.0,93.0,-0.8787883679636594,0.4772116976057565
125.0,95.0,83.0,124.0,107.0,104.0,120.0,128.0,122.0,121.0,153.0,137.0,143.0,133.0,128.0,106.0,109.0,117.0,134.0,143.0,138.0,137.0,127.0,121.0,122.0,123.0,112.0,117.0,130.0,138.0,137.0,136.0,136.0,130.0,122.0,128.0,136.0,131.0,130.0,131.0,125.0,119.0,123.0,127.0,130.0,131.0,129.0,127.0,126.0,128.0,111.0,143.0,120.0,154.0,133.0,141.0,98.0,101.0,119.0,126.0,131.0,129.0,137.0,152.0,190.0,190.0,162.0,103.0,55.0,55.0,55.0,55.0,89.0,159.0,204.0,205.0,205.0,205.0,205.0,68.0,55.0,55.0,55.0,55.0,139.0,205.0,205.0,205.0,183.0,163.0,159.0,161.0,157.0,141.0,120.0,97.0,81.0,75.0,83.0,97.0,-0.7127685276711786,0.7013993341609759
112.0,121.0,170.0,127.0,160.0,164.0,131.0,130.0,119.0,147.0,97.0,128.0,106.0,128.0,120.0,151.0,142.0,138.0,123.0,113.0,122.0,121.0,134.0,134.0,136.0,127.0,142.0,136.0,127.0,118.0,119.0,120.0,120.0,125.0,134.0,131.0,121.0,125.0,127.0,125.0,129.0,137.0,133.0,129.0,126.0,125.0,126.0,129.0,131.0,129.0,169.0,162.0,134.0,105.0,137.0,145.0,139.0,116.0,103.0,108.0,129.0,144.0,148.0,147.0,137.0,141.0,151.0,158.0,154.0,141.0,112.0,94.0,113.0,155.0,189.0,193.0,161.0,99.0,56.0,55.0,103.0,158.0,199.0,205.0,181.0,127.0,77.0,55.0,55.0,55.0,92.0,117.0,135.0,150.0,160.0,168.0,171.0,167.0,158.0,149.0,-0.48973315564581016,0.8718723738375914
55.0,106.0,88.0,185.0,119.0,165.0,159.0,142.0,126.0,114.0,151.0,101.0,132.0,105.0,123.0,102.0,133.0,131.0,145.0,138.0,131.0,132.0,120.0,123.0,122.0,128.0,119.0,136.0,135.0,131.0,121.0,123.0,124.0,122.0,122.0,132.0,133.0,123.0,126.0,126.0,123.0,125.0,134.0,135.0,132.0,128.0,125.0,124.0,127.0,131.0,154.0,137.0,108.0,114.0,99.0,120.0,114.0,124.0,115.0,131.0,125.0,122.0,105.0,92.0,83.0,88.0,101.0,116.0,139.0,163.0,187.0,202.0,201.0,170.0,115.0,63.0,55.0,55.0,55.0,140.0,201.0,205.0,205.0,205.0,174.0,126.0,90.0,72.0,69.0,74.0,81.0,86.0,93.0,100.0,109.0,120.0,131.0,141.0,148.0,153.0,-0.22631222195683195,0.9740548127251164
76.0,159.0,127.0,165.0,127.0,189.0,112.0,138.0,107.0,139.0,109.0,127.0,116.0,97.0,103.0,111.0,141.0,148.0,158.0,139.0,136.0,112.0,115.0,117.0,118.0,120.0,134.0,136.0,128.0,126.0,125.0,129.0,120.0,125.0,133.0,131.0,124.0,127.0,124.0,120.0,125.0,133.0,133.0,136.0,132.0,126.0,121.0,125.0,131.0,135.0,129.0,122.0,122.0,110.0,113.0,123.0,148.0,168.0,166.0,130.0,93.0,67.0,67.0,78.0,85.0,81.0,90.0,134.0,201.0,205.0,205.0,205.0,61.0,55.0,55.0,55.0,74.0,186.0,205.0,205.0,155.0,127.0,137.0,170.0,197.0,194.0,160.0,114.0,79.0,67.0,76.0,92.0,100.0,97.0,94.0,99.0,117.0,140.0,156.0,159.0,0.05705200402595107,0.9983712079365185
55.0,55.0,120.0,152.0,148.0,144.0,164.0,132.0,122.0,117.0,136.0,124.0,123.0,111.0,82.0,76.0,92.0,134.0,168.0,181.0,164.0,140.0,109.0,98.0,102.0,106.0,112.0,128.0,137.0,136.0,132.0,132.0,132.0,122.0,122.0,132.0,134.0,128.0,126.0,123.0,117.0,122.0,133.0,139.0,136.0,129.0,122.0,121.0,128.0,136.0,162.0,149.0,103.0,109.0,139.0,127.0,127.0,139.0,136.0,120.0,111.0,107.0,128.0,160.0,166.0,154.0,150.0,150.0,143.0,134.0,109.0,71.0,55.0,62.0,103.0,160.0,205.0,205.0,170.0,119.0,87.0,84.0,108.0,130.0,122.0,92.0,66.0,65.0,95.0,147.0,191.0,205.0,197.0,173.0,150.0,136.0,134.0,135.0,131.0,121.0,0.33758348814898054,0.9412955904120486
120.0,165.0,133.0,162.0,135.0,182.0,106.0,147.0,117.0,144.0,95.0,125.0,114.0,122.0,135.0,142.0,146.0,127.0,125.0,111.0,127.0,119.0,135.0,134.0,132.0,130.0,142.0,135.0,122.0,119.0,117.0,122.0,119.0,129.0,133.0,128.0,120.0,127.0,125.0,125.0,131.0,136.0,132.0,128.0,126.0,125.0,127.0,130.0,131.0,128.0,130.0,124.0,150.0,147.0,99.0,99.0,100.0,93.0,83.0,102.0,127.0,172.0,196.0,201.0,196.0,176.0,128.0,75.0,55.0,55.0,55.0,73.0,192.0,205.0,205.0,205.0,205.0,205.0,113.0,61.0,55.0,55.0,55.0,55.0,68.0,165.0,204.0,205.0,184.0,141.0,106.0,93.0,100.0,115.0,129.0,133.0,126.0,119.0,117.0,122.0,0.5919638553295518,0.8059645116153524
161.0,168.0,145.0,145.0,169.0,129.0,134.0,125.0,146.0,101.0,116.0,108.0,131.0,148.0,176.0,171.0,138.0,104.0,82.0,98.0,113.0,142.0,150.0,150.0,145.0,155.0,147.0,124.0,109.0,108.0,113.0,117.0,128.0,134.0,129.0,118.0,122.0,128.0,130.0,135.0,140.0,133.0,125.0,123.0,126.0,129.0,133.0,130.0,126.0,124.0,116.0,99.0,132.0,106.0,150.0,127.0,117.0,90.0,101.0,106.0,131.0,134.0,128.0,135.0,148.0,163.0,164.0,147.0,100.0,61.0,55.0,56.0,112.0,167.0,194.0,192.0,178.0,164.0,153.0,145.0,132.0,103.0,71.0,56.0,61.0,92.0,136.0,173.0,189.0,181.0,161.0,140.0,126.0,123.0,122.0,119.0,112.0,104.0,100.0,104.0,0.7983064944658774,0.6022513934343382
172.0,126.0,160.0,164.0,144.0,129.0,112.0,150.0,108.0,133.0,108.0,115.0,92.0,117.0,124.0,149.0,152.0,148.0,146.0,126.0,117.0,110.0,118.0,115.0,134.0,138.0,134.0,125.0,126.0,128.0,125.0,124.0,132.0,135.0,126.0,127.0,126.0,123.0,123.0,133.0,136.0,134.0,130.0,126.0,124.0,128.0,133.0,135.0,134.0,134.0,126.0,107.0,108.0,138.0,152.0,141.0,120.0,130.0,148.0,145.0,122.0,89.0,67.0,73.0,109.0,153.0,183.0,180.0,153.0,125.0,111.0,104.0,91.0,65.0,55.0,55.0,63.0,154.0,205.0,205.0,205.0,194.0,134.0,89.0,60.0,57.0,83.0,123.0,160.0,181.0,182.0,169.0,153.0,140.0,129.0,118.0,106.0,102.0,106.0,114.0,0.9381461832577861,0.34623942415451264
205.0,137.0,117.0,92.0,135.0,92.0,123.0,125.0,146.0,117.0,132.0,132.0,141.0,165.0,179.0,173.0,136.0,104.0,79.0,91.0,103.0,137.0,158.0,161.0,152.0,146.0,132.0,118.0,119.0,124.0,129.0,126.0,133.0,136.0,129.0,122.0,128.0,131.0,133.0,138.0,138.0,127.0,119.0,120.0,126.0,132.0,135.0,130.0,125.0,125.0,142.0,117.0,142.0,147.0,133.0,120.0,111.0,114.0,121.0,119.0,116.0,124.0,142.0,176.0,200.0,196.0,170.0,141.0,104.0,71.0,66.0,75.0,88.0,120.0,171.0,205.0,205.0,205.0,165.0,100.0,56.0,55.0,55.0,94.0,115.0,117.0,107.0,102.0,109.0,127.0,152.0,172.0,177.0,171.0,160.0,148.0,142.0,142.0,140.0,129.0,0.9982529834202784,0.05908452498339624
142.0,92.0,119.0,108.0,114.0,91.0,138.0,124.0,128.0,120.0,150.0,137.0,143.0,146.0,132.0,120.0,111.0,118.0,123.0,135.0,133.0,141.0,132.0,128.0,130.0,126.0,115.0,119.0,131.0,136.0,136.0,134.0,137.0,130.0,123.0,129.0,136.0,131.0,132.0,133.0,125.0,120.0,123.0,127.0,131.0,133.0,131.0,127.0,126.0,128.0,139.0,118.0,108.0,122.0,127.0,126.0,110.0,112.0,121.0,126.0,130.0,123.0,115.0,111.0,112.0,106.0,107.0,110.0,112.0,122.0,146.0,167.0,174.0,168.0,150.0,122.0,100.0,93.0,94.0,102.0,120.0,145.0,168.0,185.0,188.0,176.0,152.0,126.0,105.0,91.0,88.0,90.0,95.0,101.0,107.0,111.0,117.0,125.0,134.0,142.0,0.9720736645628429,-0.23467592689358976
108.0,96.0,80.0,133.0,97.0,106.0,121.0,129.0,118.0,125.0,154.0,141.0,143.0,126.0,115.0,93.0,106.0,122.0,148.0,152.0,146.0,135.0,121.0,114.0,118.0,118.0,109.0,118.0,132.0,141.0,139.0,139.0,137.0,129.0,122.0,130.0,137.0,131.0,129.0,129.0,122.0,118.0,124.0,129.0,131.0,131.0,128.0,126.0,127.0,131.0,162.0,159.0,126.0,104.0,84.0,97.0,115.0,136.0,144.0,149.0,150.0,153.0,159.0,155.0,127.0,78.0,55.0,55.0,55.0,109.0,205.0,205.0,205.0,205.0,140.0,86.0,55.0,55.0,55.0,55.0,108.0,148.0,177.0,190.0,186.0,170.0,150.0,130.0,117.0,115.0,119.0,123.0,120.0,112.0,104.0,103.0,109.0,120.0,130.0,137.0,0.8603366250148085,-0.5097262909230098
205.0,190.0,163.0,93.0,107.0,113.0,101.0,111.0,126.0,142.0,112.0,140.0,130.0,145.0,145.0,169.0,153.0,137.0,110.0,95.0,102.0,112.0,136.0,147.0,149.0,139.0,142.0,128.0,119.0,120.0,127.0,129.0,127.0,131.0,136.0,128.0,122.0,129.0,131.0,130.0,134.0,135.0,125.0,119.0,120.0,125.0,131.0,135.0,131.0,125.0,81.0,154.0,136.0,154.0,160.0,137.0,123.0,147.0,168.0,149.0,139.0,115.0,110.0,104.0,111.0,115.0,124.0,124.0,138.0,156.0,161.0,154.0,138.0,105.0,76.0,90.0,129.0,159.0,163.0,136.0,85.0,55.0,55.0,120.0,188.0,205.0,205.0,205.0,154.0,101.0,70.0,65.0,80.0,99.0,111.0,117.0,123.0,132.0,143.0,152.0,0.6715817417982249,-0.7409304718279998
85.0,78.0,125.0,95.0,117.0,121.0,129.0,105.0,130.0,151.0,151.0,140.0,118.0,93.0,74.0,95.0,129.0,167.0,170.0,159.0,132.0,111.0,102.0,108.0,108.0,104.0,117.0,134.0,145.0,144.0,145.0,139.0,128.0,122.0,133.0,138.0,132.0,128.0,125.0,118.0,117.0,126.0,132.0,133.0,130.0,126.0,124.0,128.0,133.0,135.0,134.0,118.0,111.0,108.0,115.0,107.0,96.0,99.0,109.0,109.0,126.0,150.0,170.0,177.0,168.0,133.0,94.0,72.0,69.0,83.0,109.0,139.0,164.0,190.0,205.0,205.0,203.0,154.0,96.0,55.0,55.0,55.0,64.0,138.0,166.0,167.0,149.0,127.0,116.0,116.0,124.0,131.0,132.0,128.0,123.0,120.0,121.0,125.0,128.0,130.0,0.4218907837032037,-0.906646660296224
205.0,133.0,107.0,89.0,132.0,102.0,100.0,117.0,135.0,125.0,118.0,150.0,137.0,145.0,136.0,134.0,109.0,111.0,115.0,132.0,140.0,138.0,137.0,130.0,123.0,123.0,126.0,113.0,116.0,129.0,137.0,138.0,136.0,137.0,132.0,123.0,126.0,136.0,132.0,130.0,132.0,126.0,119.0,122.0,127.0,130.0,132.0,131.0,128.0,126.0,130.0,101.0,72.0,111.0,111.0,147.0,115.0,111.0,98.0,99.0,105.0,120.0,126.0,127.0,137.0,143.0,156.0,156.0,138.0,94.0,58.0,55.0,55.0,101.0,156.0,187.0,193.0,182.0,170.0,168.0,171.0,160.0,121.0,66.0,55.0,55.0,55.0,75.0,197.0,205.0,205.0,205.0,160.0,122.0,105.0,100.0,98.0,94.0,88.0,83.0,0.13349049266686205,-0.9910500937730435
55.0,118.0,171.0,134.0,164.0,137.0,176.0,106.0,147.0,123.0,137.0,98.0,124.0,122.0,123.0,140.0,144.0,147.0,125.0,121.0,109.0,124.0,121.0,137.0,138.0,134.0,135.0,142.0,134.0,120.0,119.0,117.0,121.0,119.0,130.0,133.0,126.0,120.0,127.0,126.0,127.0,134.0,137.0,131.0,127.0,126.0,125.0,128.0,130.0,130.0,123.0,107.0,112.0,129.0,151.0,159.0,136.0,106.0,98.0,112.0,122.0,127.0,130.0,136.0,150.0,178.0,193.0,176.0,125.0,65.0,55.0,55.0,55.0,69.0,150.0,193.0,205.0,205.0,205.0,205.0,88.0,55.0,55.0,55.0,55.0,76.0,196.0,205.0,205.0,205.0,170.0,143.0,134.0,135.0,134.0,122.0,105.0,89.0,84.0,90.0,-0.1673774912389444,-0.9858928823287838
55.0,110.0,137.0,166.0,134.0,156.0,165.0,127.0,131.0,123.0,146.0,98.0,125.0,108.0,129.0,127.0,154.0,144.0,134.0,119.0,110.0,121.0,121.0,136.0,136.0,137.0,129.0,143.0,137.0,125.0,117.0,118.0,119.0,119.0,125.0,134.0,130.0,120.0,126.0,127.0,126.0,130.0,137.0,133.0,128.0,126.0,126.0,127.0,130.0,130.0,178.0,154.0,111.0,122.0,138.0,143.0,122.0,112.0,107.0,124.0,134.0,143.0,144.0,143.0,140.0,154.0,157.0,151.0,141.0,121.0,103.0,106.0,141.0,174.0,188.0,173.0,126.0,75.0,56.0,80.0,130.0,180.0,205.0,205.0,155.0,99.0,57.0,55.0,55.0,76.0,107.0,129.0,144.0,154.0,164.0,170.0,170.0,162.0,152.0,145.0,-0.4530886346469993,-0.891465472777111
55.0,55.0,86.0,156.0,150.0,144.0,157.0,142.0,128.0,113.0,142.0,116.0,128.0,111.0,100.0,76.0,89.0,114.0,158.0,180.0,169.0,146.0,114.0,101.0,103.0,111.0,110.0,123.0,133.0,134.0,131.0,132.0,134.0,126.0,120.0,128.0,135.0,129.0,127.0,125.0,119.0,119.0,129.0,137.0,137.0,132.0,124.0,121.0,125.0,133.0,150.0,137.0,70.0,101.0,95.0,142.0,115.0,111.0,120.0,127.0,127.0,109.0,93.0,76.0,88.0,95.0,113.0,130.0,159.0,183.0,202.0,200.0,174.0,125.0,73.0,55.0,55.0,55.0,115.0,191.0,205.0,205.0,205.0,205.0,139.0,89.0,58.0,55.0,55.0,80.0,100.0,113.0,118.0,119.0,120.0,123.0,131.0,140.0,148.0,152.0,-0.6974623636164318,-0.7166214142338898
55.0,102.0,120.0,157.0,143.0,147.0,176.0,123.0,139.0,108.0,154.0,98.0,133.0,108.0,115.0,105.0,126.0,136.0,143.0,146.0,132.0,136.0,118.0,123.0,120.0,125.0,120.0,137.0,135.0,129.0,123.0,124.0,126.0,121.0,125.0,132.0,133.0,123.0,127.0,126.0,122.0,126.0,135.0,134.0,132.0,128.0,125.0,124.0,128.0,132.0,132.0,125.0,119.0,110.0,111.0,123.0,147.0,168.0,167.0,133.0,96.0,68.0,67.0,76.0,84.0,80.0,88.0,130.0,197.0,205.0,205.0,205.0,63.0,55.0,55.0,55.0,75.0,184.0,205.0,205.0,156.0,130.0,139.0,170.0,195.0,193.0,162.0,117.0,82.0,68.0,75.0,89.0,98.0,98.0,95.0,99.0,115.0,138.0,155.0,159.0,-0.8784424747346856,-0.47784811246043574
55.0,78.0,134.0,144.0,156.0,136.0,178.0,117.0,138.0,108.0,149.0,103.0,130.0,110.0,104.0,99.0,114.0,136.0,147.0,156.0,140.0,138.0,115.0,116.0,115.0,119.0,118.0,134.0,135.0,129.0,125.0,125.0,128.0,121.0,124.0,132.0,133.0,124.0,127.0,125.0,120.0,125.0,134.0,135.0,133.0,128.0,122.0,123.0,128.0,133.0,197.0,159.0,134.0,109.0,106.0,149.0,142.0,121.0,129.0,141.0,129.0,121.0,110.0,120.0,153.0,169.0,159.0,153.0,154.0,147.0,138.0,119.0,83.0,56.0,56.0,92.0,146.0,198.0,205.0,186.0,132.0,95.0,84.0,102.0,128.0,130.0,103.0,75.0,64.0,80.0,128.0,183.0,205.0,205.0,180.0,158.0,144.0,140.0,134.0,129.0,-0.980304294263347,-0.19749301417731538
55.0,60.0,63.0,189.0,115.0,177.0,135.0,169.0,108.0,130.0,133.0,121.0,122.0,111.0,121.0,92.0,121.0,117.0,148.0,144.0,149.0,136.0,127.0,115.0,117.0,123.0,116.0,128.0,134.0,135.0,124.0,126.0,125.0,126.0,120.0,129.0,135.0,127.0,124.0,127.0,123.0,121.0,131.0,135.0,135.0,130.0,126.0,122.0,124.0,129.0,112.0,107.0,132.0,150.0,133.0,97.0,100.0,94.0,86.0,88.0,107.0,140.0,180.0,197.0,198.0,192.0,163.0,111.0,60.0,55.0,55.0,55.0,115.0,205.0,205.0,205.0,205.0,205.0,136.0,92.0,55.0,55.0,55.0,55.0,55.0,97.0,179.0,205.0,205.0,171.0,127.0,98.0,93.0,104.0,121.0,131.0,130.0,122.0,116.0,117.0,-0.9951239033761333,0.0986327376150941
110.0,55.0,55.0,131.0,154.0,143.0,138.0,166.0,137.0,128.0,115.0,137.0,114.0,124.0,118.0,103.0,93.0,103.0,126.0,147.0,161.0,152.0,142.0,118.0,109.0,111.0,115.0,115.0,130.0,135.0,132.0,127.0,127.0,130.0,122.0,122.0,131.0,133.0,126.0,127.0,126.0,120.0,122.0,131.0,136.0,135.0,130.0,125.0,123.0,127.0,139.0,114.0,101.0,119.0,132.0,121.0,94.0,74.0,84.0,108.0,135.0,142.0,140.0,141.0,155.0,170.0,171.0,141.0,88.0,55.0,55.0,101.0,172.0,205.0,205.0,186.0,126.0,93.0,95.0,123.0,152.0,158.0,139.0,107.0,82.0,72.0,82.0,99.0,114.0,120.0,120.0,121.0,128.0,140.0,151.0,153.0,146.0,136.0,130.0,132.0,-0.9227773197313012,0.38533364528615466
121.0,55.0,55.0,138.0,142.0,155.0,130.0,176.0,120.0,134.0,110.0,142.0,112.0,126.0,111.0,92.0,87.0,100.0,138.0,159.0,169.0,147.0,136.0,110.0,110.0,111.0,114.0,114.0,129.0,134.0,131.0,129.0,129.0,130.0,121.0,122.0,131.0,133.0,126.0,127.0,124.0,118.0,123.0,133.0,137.0,134.0,129.0,123.0,122.0,128.0,141.0,167.0,145.0,150.0,135.0,135.0,131.0,111.0,102.0,144.0,175.0,175.0,162.0,153.0,148.0,146.0,135.0,97.0,58.0,55.0,72.0,139.0,204.0,205.0,205.0,157.0,97.0,74.0,86.0,107.0,106.0,77.0,55.0,55.0,106.0,178.0,205.0,205.0,205.0,136.0,98.0,91.0,111.0,138.0,153.0,149.0,132.0,115.0,111.0,120.0,-0.7703119142241706,0.6376672759396502
88.0,81.0,180.0,130.0,158.0,159.0,141.0,127.0,113.0,150.0,106.0,131.0,107.0,115.0,93.0,119.0,125.0,149.0,151.0,145.0,140.0,121.0,116.0,114.0,121.0,115.0,132.0,135.0,133.0,125.0,126.0,127.0,124.0,122.0,132.0,134.0,125.0,126.0,126.0,122.0,123.0,133.0,136.0,134.0,130.0,125.0,123.0,127.0,132.0,135.0,131.0,131.0,161.0,151.0,106.0,93.0,109.0,125.0,136.0,139.0,144.0,164.0,171.0,162.0,140.0,106.0,69.0,58.0,75.0,118.0,184.0,205.0,205.0,205.0,205.0,127.0,70.0,55.0,55.0,55.0,78.0,126.0,166.0,195.0,205.0,205.0,170.0,121.0,75.0,55.0,55.0,55.0,88.0,115.0,135.0,146.0,151.0,156.0,163.0,167.0,-0.5516662693999852,0.8340649418398444
83.0,75.0,164.0,135.0,157.0,155.0,150.0,127.0,115.0,145.0,114.0,129.0,109.0,110.0,83.0,102.0,115.0,151.0,165.0,162.0,148.0,122.0,108.0,106.0,114.0,111.0,127.0,134.0,135.0,128.0,130.0,131.0,126.0,121.0,129.0,135.0,128.0,127.0,126.0,121.0,120.0,131.0,137.0,136.0,131.0,125.0,122.0,125.0,133.0,136.0,133.0,110.0,92.0,112.0,140.0,118.0,92.0,91.0,114.0,130.0,135.0,120.0,126.0,146.0,164.0,162.0,140.0,97.0,60.0,55.0,70.0,109.0,153.0,178.0,176.0,168.0,165.0,160.0,153.0,143.0,122.0,96.0,78.0,72.0,76.0,96.0,130.0,162.0,180.0,187.0,184.0,172.0,154.0,131.0,109.0,94.0,88.0,89.0,95.0,104.0,-0.2862904338650593,0.9581428846875377
55.0,129.0,138.0,158.0,140.0,169.0,124.0,124.0,117.0,139.0,121.0,122.0,111.0,84.0,82.0,94.0,136.0,164.0,178.0,161.0,141.0,110.0,101.0,104.0,108.0,113.0,129.0,137.0,134.0,131.0,132.0,132.0,122.0,124.0,133.0,134.0,127.0,127.0,123.0,118.0,123.0,133.0,139.0,135.0,129.0,122.0,122.0,129.0,136.0,139.0,121.0,104.0,109.0,129.0,132.0,108.0,117.0,144.0,159.0,147.0,126.0,105.0,100.0,113.0,129.0,134.0,125.0,115.0,116.0,138.0,160.0,162.0,127.0,72.0,55.0,55.0,86.0,167.0,205.0,205.0,199.0,141.0,93.0,62.0,55.0,70.0,106.0,147.0,178.0,192.0,190.0,176.0,157.0,137.0,117.0,104.0,100.0,105.0,113.0,115.0,0.0026723786735137144,0.9999964291897373
149.0,90.0,123.0,108.0,118.0,88.0,136.0,125.0,130.0,121.0,149.0,137.0,142.0,149.0,137.0,125.0,112.0,115.0,119.0,132.0,131.0,142.0,135.0,130.0,132.0,127.0,116.0,118.0,131.0,135.0,135.0,132.0,137.0,130.0,123.0,128.0,135.0,130.0,132.0,134.0,127.0,120.0,122.0,126.0,130.0,133.0,131.0,128.0,125.0,127.0,166.0,128.0,129.0,144.0,130.0,120.0,115.0,119.0,122.0,119.0,113.0,119.0,136.0,168.0,197.0,199.0,177.0,148.0,112.0,78.0,66.0,74.0,84.0,107.0,156.0,202.0,205.0,205.0,183.0,115.0,63.0,55.0,55.0,85.0,111.0,121.0,114.0,101.0,100.0,117.0,146.0,172.0,181.0,175.0,162.0,151.0,143.0,140.0,137.0,129.0,0.2904609020406938,0.95688686080733
205.0,150.0,124.0,83.0,133.0,99.0,102.0,113.0,141.0,127.0,118.0,144.0,139.0,145.0,139.0,140.0,113.0,112.0,112.0,129.0,138.0,138.0,138.0,133.0,126.0,124.0,127.0,115.0,115.0,127.0,137.0,137.0,136.0,136.0,134.0,124.0,125.0,136.0,133.0,130.0,132.0,128.0,120.0,122.0,126.0,130.0,132.0,131.0,129.0,126.0,147.0,142.0,110.0,117.0,99.0,126.0,122.0,129.0,120.0,124.0,116.0,117.0,117.0,112.0,105.0,104.0,109.0,116.0,139.0,161.0,174.0,171.0,157.0,129.0,106.0,94.0,93.0,98.0,112.0,135.0,160.0,182.0,193.0,186.0,162.0,132.0,106.0,90.0,85.0,90.0,98.0,105.0,110.0,112.0,114.0,119.0,128.0,137.0,144.0,145.0,0.5528346616416259,0.833290967722313
86.0,95.0,88.0,115.0,101.0,155.0,102.0,128.0,119.0,162.0,136.0,143.0,120.0,96.0,93.0,108.0,141.0,152.0,157.0,137.0,131.0,111.0,115.0,116.0,113.0,108.0,125.0,137.0,140.0,141.0,139.0,136.0,124.0,125.0,134.0,135.0,128.0,129.0,126.0,119.0,120.0,128.0,131.0,131.0,129.0,126.0,125.0,129.0,131.0,132.0,118.0,109.0,128.0,137.0,148.0,145.0,135.0,124.0,124.0,117.0,101.0,81.0,71.0,80.0,116.0,162.0,187.0,199.0,181.0,150.0,115.0,87.0,66.0,61.0,65.0,89.0,131.0,177.0,205.0,205.0,190.0,162.0,137.0,121.0,112.0,111.0,111.0,109.0,105.0,101.0,100.0,107.0,117.0,126.0,132.0,136.0,138.0,139.0,143.0,145.0,0.7680907305898845,0.6403410260024712
178.0,123.0,174.0,123.0,189.0,102.0,150.0,116.0,144.0,103.0,123.0,118.0,109.0,127.0,129.0,147.0,134.0,141.0,123.0,133.0,118.0,129.0,128.0,126.0,128.0,139.0,136.0,124.0,123.0,120.0,124.0,117.0,131.0,139.0,134.0,121.0,124.0,123.0,124.0,133.0,138.0,134.0,129.0,126.0,124.0,127.0,132.0,133.0,131.0,131.0,107.0,154.0,176.0,135.0,137.0,137.0,164.0,156.0,134.0,110.0,126.0,147.0,164.0,152.0,116.0,92.0,100.0,127.0,150.0,170.0,164.0,139.0,133.0,155.0,175.0,174.0,143.0,87.0,55.0,55.0,55.0,70.0,157.0,205.0,205.0,205.0,205.0,149.0,93.0,56.0,55.0,55.0,55.0,91.0,126.0,154.0,172.0,177.0,171.0,164.0,0.9187957506844385,0.39473328783397404
100.0,144.0,178.0,127.0,163.0,156.0,147.0,120.0,135.0,140.0,112.0,110.0,113.0,128.0,140.0,168.0,161.0,141.0,108.0,97.0,104.0,121.0,137.0,148.0,146.0,138.0,146.0,143.0,128.0,116.0,115.0,115.0,118.0,124.0,134.0,131.0,121.0,122.0,128.0,128.0,132.0,139.0,135.0,128.0,125.0,126.0,128.0,131.0,131.0,128.0,104.0,122.0,124.0,126.0,120.0,103.0,116.0,122.0,119.0,115.0,134.0,153.0,169.0,157.0,133.0,110.0,92.0,81.0,85.0,102.0,130.0,173.0,205.0,205.0,201.0,149.0,88.0,55.0,70.0,121.0,164.0,175.0,145.0,94.0,66.0,84.0,134.0,177.0,192.0,169.0,124.0,87.0,74.0,85.0,108.0,129.0,136.0,130.0,124.0,125.0,0.9931057385571054,0.11722197765328034
71.0,95.0,197.0,103.0,177.0,139.0,175.0,110.0,137.0,129.0,117.0,112.0,114.0,129.0,115.0,149.0,137.0,147.0,122.0,124.0,117.0,126.0,126.0,134.0,134.0,128.0,138.0,139.0,133.0,118.0,120.0,117.0,122.0,122.0,134.0,134.0,124.0,122.0,128.0,126.0,127.0,136.0,135.0,131.0,127.0,126.0,126.0,129.0,131.0,131.0,139.0,137.0,101.0,110.0,119.0,138.0,120.0,109.0,101.0,110.0,121.0,122.0,124.0,123.0,124.0,117.0,105.0,89.0,83.0,90.0,106.0,126.0,149.0,173.0,191.0,205.0,192.0,153.0,99.0,58.0,55.0,55.0,79.0,154.0,205.0,205.0,205.0,205.0,160.0,113.0,86.0,77.0,78.0,79.0,77.0,79.0,86.0,99.0,114.0,129.0,0.9855888172843449,-0.16915875160347538
74.0,55.0,55.0,156.0,142.0,145.0,152.0,164.0,131.0,110.0,126.0,127.0,129.0,120.0,105.0,74.0,76.0,101.0,147.0,178.0,179.0,157.0,127.0,101.0,98.0,105.0,107.0,116.0,131.0,138.0,135.0,132.0,133.0,129.0,120.0,124.0,134.0,132.0,127.0,126.0,121.0,116.0,124.0,135.0,139.0,133.0,125.0,119.0,126.0,136.0,171.0,139.0,115.0,107.0,92.0,94.0,119.0,134.0,128.0,125.0,126.0,156.0,192.0,191.0,140.0,77.0,55.0,55.0,55.0,55.0,100.0,160.0,199.0,205.0,205.0,205.0,148.0,55.0,55.0,55.0,55.0,72.0,180.0,205.0,205.0,161.0,140.0,148.0,175.0,197.0,194.0,163.0,118.0,81.0,62.0,66.0,79.0,91.0,94.0,95.0,0.8975114872412471,-0.4409910773133679
160.0,55.0,55.0,96.0,166.0,150.0,139.0,163.0,129.0,133.0,111.0,149.0,111.0,129.0,108.0,101.0,84.0,102.0,124.0,152.0,166.0,156.0,144.0,116.0,107.0,107.0,113.0,112.0,128.0,135.0,133.0,128.0,129.0,131.0,124.0,122.0,130.0,134.0,126.0,127.0,125.0,120.0,121.0,131.0,136.0,135.0,130.0,124.0,122.0,127.0,153.0,175.0,138.0,106.0,135.0,140.0,139.0,118.0,104.0,106.0,126.0,142.0,148.0,147.0,137.0,139.0,150.0,157.0,154.0,142.0,113.0,94.0,112.0,154.0,185.0,188.0,159.0,105.0,61.0,58.0,96.0,151.0,195.0,205.0,185.0,132.0,80.0,55.0,55.0,55.0,90.0,115.0,135.0,148.0,159.0,166.0,171.0,168.0,159.0,149.0,0.7369708911071848,-0.675924482217268
148.0,55.0,116.0,117.0,171.0,130.0,161.0,167.0,130.0,132.0,118.0,149.0,96.0,129.0,107.0,128.0,119.0,148.0,141.0,138.0,125.0,115.0,124.0,120.0,133.0,133.0,136.0,127.0,142.0,136.0,127.0,118.0,119.0,121.0,120.0,125.0,133.0,131.0,121.0,126.0,127.0,125.0,129.0,137.0,133.0,130.0,127.0,126.0,126.0,129.0,128.0,78.0,77.0,96.0,133.0,117.0,117.0,126.0,126.0,113.0,93.0,76.0,77.0,95.0,106.0,123.0,146.0,175.0,198.0,205.0,183.0,129.0,74.0,55.0,55.0,55.0,72.0,175.0,205.0,205.0,205.0,205.0,165.0,101.0,55.0,55.0,55.0,55.0,86.0,133.0,148.0,144.0,132.0,123.0,121.0,127.0,137.0,144.0,146.0,141.0,0.5175372043448146,-0.8556607050221212
135.0,55.0,107.0,123.0,175.0,125.0,169.0,153.0,148.0,114.0,134.0,139.0,113.0,111.0,111.0,127.0,133.0,164.0,155.0,141.0,110.0,102.0,106.0,121.0,134.0,144.0,143.0,134.0,144.0,141.0,128.0,115.0,116.0,115.0,118.0,122.0,133.0,131.0,120.0,121.0,125.0,125.0,135.0,143.0,137.0,124.0,121.0,124.0,129.0,133.0,142.0,127.0,111.0,101.0,116.0,142.0,171.0,171.0,141.0,100.0,71.0,64.0,75.0,83.0,81.0,84.0,118.0,182.0,205.0,205.0,205.0,98.0,55.0,55.0,55.0,57.0,165.0,205.0,205.0,167.0,131.0,131.0,161.0,192.0,198.0,171.0,125.0,86.0,67.0,72.0,87.0,98.0,98.0,94.0,96.0,109.0,131.0,155.0,164.0,157.0,0.2570495058027397,-0.9663982365291067
113.0,133.0,157.0,140.0,149.0,176.0,122.0,141.0,110.0,152.0,93.0,132.0,107.0,123.0,116.0,139.0,141.0,137.0,134.0,120.0,130.0,118.0,130.0,128.0,131.0,124.0,141.0,136.0,126.0,120.0,120.0,123.0,120.0,126.0,134.0,131.0,121.0,127.0,126.0,124.0,128.0,136.0,134.0,130.0,127.0,125.0,126.0,129.0,132.0,130.0,133.0,95.0,147.0,131.0,127.0,124.0,145.0,123.0,114.0,104.0,117.0,152.0,168.0,158.0,148.0,151.0,145.0,138.0,117.0,80.0,55.0,55.0,89.0,145.0,197.0,205.0,187.0,133.0,92.0,80.0,96.0,120.0,122.0,96.0,69.0,66.0,92.0,140.0,185.0,203.0,193.0,169.0,146.0,134.0,134.0,137.0,136.0,126.0,112.0,101.0,-0.02372952863404133,-0.9997184150903724
55.0,85.0,80.0,203.0,109.0,173.0,137.0,156.0,114.0,131.0,144.0,110.0,122.0,105.0,127.0,105.0,144.0,131.0,147.0,129.0,129.0,125.0,124.0,124.0,127.0,132.0,122.0,137.0,137.0,132.0,120.0,122.0,121.0,123.0,121.0,132.0,134.0,124.0,124.0,127.0,124.0,125.0,135.0,135.0,132.0,128.0,126.0,124.0,128.0,131.0,149.0,176.0,150.0,108.0,111.0,115.0,92.0,83.0,95.0,116.0,153.0,166.0,172.0,183.0,189.0,166.0,120.0,58.0,55.0,55.0,55.0,129.0,205.0,205.0,205.0,205.0,205.0,103.0,60.0,55.0,55.0,55.0,55.0,123.0,177.0,205.0,205.0,176.0,126.0,89.0,76.0,86.0,107.0,127.0,134.0,130.0,123.0,122.0,127.0,137.0,-0.3026114560608177,-0.9531140050700923
202.0,128.0,164.0,152.0,156.0,120.0,135.0,143.0,117.0,110.0,104.0,127.0,135.0,177.0,170.0,156.0,110.0,91.0,90.0,110.0,133.0,150.0,154.0,143.0,149.0,146.0,134.0,116.0,114.0,112.0,115.0,120.0,133.0,133.0,122.0,121.0,126.0,128.0,132.0,140.0,137.0,128.0,124.0,125.0,128.0,132.0,132.0,128.0,124.0,125.0,142.0,115.0,112.0,108.0,146.0,127.0,104.0,98.0,95.0,118.0,132.0,134.0,126.0,143.0,153.0,166.0,157.0,124.0,76.0,55.0,55.0,86.0,139.0,182.0,193.0,183.0,171.0,159.0,150.0,142.0,122.0,90.0,64.0,57.0,73.0,106.0,148.0,178.0,187.0,177.0,158.0,139.0,129.0,124.0,119.0,112.0,105.0,99.0,99.0,104.0,-0.5575517793104934,-0.8301421645644214
188.0,162.0,86.0,119.0,113.0,108.0,106.0,130.0,138.0,116.0,139.0,133.0,145.0,142.0,166.0,148.0,136.0,111.0,101.0,106.0,116.0,135.0,145.0,147.0,138.0,141.0,128.0,119.0,121.0,129.0,131.0,129.0,132.0,136.0,129.0,123.0,130.0,132.0,130.0,134.0,136.0,126.0,120.0,121.0,126.0,135.0,134.0,131.0,124.0,123.0,168.0,153.0,111.0,112.0,120.0,160.0,158.0,155.0,128.0,133.0,138.0,153.0,136.0,112.0,83.0,72.0,97.0,146.0,187.0,192.0,167.0,129.0,111.0,110.0,112.0,95.0,66.0,55.0,80.0,132.0,188.0,205.0,205.0,180.0,128.0,90.0,79.0,98.0,128.0,151.0,156.0,146.0,131.0,122.0,126.0,136.0,141.0,136.0,126.0,119.0,-0.7701553261378594,-0.6378563894964817
55.0,55.0,153.0,143.0,152.0,148.0,159.0,127.0,116.0,133.0,122.0,126.0,116.0,106.0,75.0,82.0,104.0,149.0,176.0,175.0,155.0,125.0,102.0,99.0,107.0,108.0,119.0,132.0,137.0,133.0,131.0,133.0,128.0,120.0,126.0,135.0,131.0,127.0,126.0,120.0,118.0,126.0,136.0,138.0,133.0,126.0,121.0,124.0,132.0,138.0,128.0,150.0,127.0,119.0,148.0,148.0,129.0,116.0,111.0,117.0,121.0,123.0,121.0,129.0,148.0,179.0,200.0,192.0,168.0,136.0,96.0,67.0,67.0,77.0,94.0,133.0,183.0,205.0,205.0,205.0,151.0,88.0,55.0,55.0,70.0,100.0,118.0,117.0,106.0,103.0,113.0,133.0,157.0,174.0,177.0,169.0,159.0,149.0,142.0,138.0,-0.9195865657647423,-0.39288744961503586
135.0,55.0,88.0,141.0,141.0,155.0,136.0,180.0,116.0,142.0,109.0,150.0,99.0,128.0,108.0,106.0,109.0,125.0,143.0,140.0,146.0,131.0,138.0,118.0,122.0,118.0,120.0,118.0,135.0,137.0,129.0,125.0,124.0,127.0,120.0,125.0,133.0,132.0,123.0,126.0,125.0,122.0,126.0,135.0,135.0,132.0,128.0,124.0,124.0,129.0,110.0,124.0,128.0,108.0,120.0,131.0,130.0,120.0,110.0,109.0,124.0,132.0,126.0,120.0,118.0,117.0,117.0,114.0,106.0,105.0,110.0,113.0,124.0,148.0,167.0,173.0,167.0,149.0,122.0,101.0,93.0,94.0,102.0,120.0,145.0,169.0,185.0,189.0,175.0,151.0,126.0,105.0,92.0,88.0,90.0,95.0,102.0,108.0,113.0,117.0,-0.9933331564539786,-0.11527896724544227
196.0,205.0,116.0,121.0,97.0,131.0,90.0,127.0,134.0,138.0,122.0,128.0,140.0,141.0,176.0,176.0,168.0,124.0,97.0,79.0,96.0,116.0,147.0,160.0,154.0,150.0,142.0,130.0,117.0,122.0,125.0,128.0,126.0,135.0,136.0,127.0,123.0,130.0,132.0,133.0,139.0,135.0,124.0,118.0,121.0,128.0,135.0,136.0,131.0,123.0,150.0,138.0,95.0,108.0,146.0,172.0,154.0,125.0,102.0,100.0,117.0,133.0,136.0,126.0,116.0,117.0,139.0,161.0,164.0,130.0,76.0,55.0,55.0,83.0,166.0,205.0,205.0,203.0,144.0,97.0,65.0,56.0,70.0,105.0,146.0,178.0,193.0,192.0,178.0,160.0,139.0,119.0,106.0,102.0,107.0,113.0,115.0,111.0,106.0,110.0,-0.9850746598362481,0.17212761123219047
200.0,205.0,176.0,84.0,125.0,102.0,122.0,88.0,133.0,130.0,129.0,125.0,139.0,137.0,137.0,165.0,154.0,144.0,110.0,102.0,102.0,119.0,130.0,145.0,144.0,136.0,138.0,131.0,121.0,118.0,128.0,130.0,131.0,129.0,137.0,132.0,123.0,127.0,133.0,130.0,133.0,136.0,128.0,121.0,120.0,125.0,129.0,134.0,133.0,128.0,122.0,137.0,149.0,149.0,118.0,141.0,125.0,109.0,114.0,147.0,171.0,172.0,155.0,140.0,137.0,130.0,119.0,91.0,60.0,55.0,105.0,168.0,205.0,205.0,186.0,114.0,69.0,76.0,111.0,142.0,143.0,108.0,62.0,55.0,83.0,153.0,205.0,205.0,205.0,157.0,116.0,102.0,111.0,129.0,139.0,132.0,116.0,104.0,104.0,115.0,-0.8952495339545865,0.445565115279569
121.0,205.0,184.0,167.0,87.0,126.0,109.0,112.0,99.0,132.0,142.0,122.0,133.0,130.0,142.0,143.0,170.0,150.0,138.0,110.0,102.0,105.0,118.0,134.0,146.0,146.0,137.0,141.0,130.0,121.0,120.0,128.0,131.0,131.0,132.0,137.0,131.0,123.0,129.0,133.0,131.0,134.0,136.0,127.0,121.0,121.0,126.0,131.0,135.0,133.0,181.0,126.0,78.0,80.0,111.0,142.0,121.0,118.0,124.0,122.0,115.0,105.0,95.0,101.0,112.0,113.0,122.0,147.0,166.0,174.0,171.0,148.0,110.0,82.0,72.0,77.0,99.0,129.0,157.0,184.0,205.0,205.0,205.0,172.0,116.0,62.0,55.0,55.0,55.0,124.0,161.0,171.0,157.0,135.0,120.0,116.0,122.0,130.0,133.0,131.0,-0.7310662069990639,0.6823065300757438
205.0,137.0,83.0,122.0,107.0,117.0,89.0,141.0,121.0,126.0,125.0,149.0,141.0,140.0,144.0,121.0,115.0,111.0,123.0,128.0,135.0,132.0,138.0,130.0,127.0,130.0,124.0,114.0,120.0,131.0,136.0,136.0,134.0,136.0,128.0,122.0,130.0,135.0,129.0,130.0,129.0,122.0,124.0,129.0,131.0,127.0,127.0,128.0,128.0,129.0,133.0,110.0,108.0,131.0,143.0,148.0,143.0,131.0,125.0,125.0,116.0,96.0,78.0,70.0,85.0,125.0,169.0,196.0,197.0,177.0,144.0,109.0,82.0,64.0,56.0,68.0,101.0,145.0,183.0,205.0,205.0,185.0,160.0,136.0,126.0,113.0,106.0,103.0,105.0,108.0,106.0,104.0,107.0,116.0,127.0,134.0,138.0,141.0,142.0,142.0,-0.5059511588673136,0.8625621281048818
86.0,115.0,109.0,125.0,90.0,130.0,125.0,131.0,118.0,147.0,135.0,140.0,152.0,145.0,134.0,115.0,110.0,108.0,123.0,126.0,141.0,140.0,135.0,135.0,130.0,118.0,117.0,128.0,132.0,133.0,130.0,136.0,131.0,123.0,126.0,134.0,130.0,131.0,134.0,128.0,120.0,121.0,125.0,128.0,132.0,132.0,128.0,124.0,125.0,126.0,179.0,176.0,106.0,140.0,126.0,175.0,136.0,120.0,110.0,142.0,156.0,161.0,133.0,97.0,93.0,109.0,135.0,153.0,170.0,153.0,136.0,142.0,165.0,172.0,158.0,113.0,58.0,55.0,55.0,55.0,123.0,191.0,205.0,205.0,205.0,181.0,108.0,57.0,55.0,55.0,55.0,88.0,131.0,158.0,171.0,171.0,165.0,158.0,155.0,157.0,-0.23847379987220704,0.9711489313048285
105.0,93.0,181.0,126.0,155.0,161.0,136.0,132.0,113.0,152.0,101.0,130.0,105.0,117.0,98.0,125.0,129.0,146.0,146.0,139.0,137.0,120.0,119.0,117.0,124.0,117.0,135.0,135.0,131.0,123.0,124.0,126.0,123.0,123.0,132.0,134.0,124.0,126.0,126.0,122.0,124.0,134.0,135.0,133.0,129.0,125.0,124.0,128.0,132.0,133.0,178.0,142.0,113.0,118.0,104.0,131.0,111.0,106.0,97.0,114.0,114.0,129.0,128.0,138.0,152.0,157.0,146.0,127.0,103.0,80.0,75.0,87.0,113.0,152.0,193.0,205.0,200.0,164.0,109.0,64.0,58.0,95.0,148.0,187.0,189.0,153.0,102.0,72.0,77.0,109.0,146.0,169.0,168.0,150.0,128.0,114.0,110.0,114.0,120.0,120.0,0.04916782077719606,0.9987905312927339
183.0,124.0,163.0,152.0,145.0,124.0,131.0,142.0,103.0,122.0,110.0,132.0,126.0,158.0,146.0,139.0,116.0,110.0,117.0,122.0,135.0,139.0,140.0,130.0,144.0,138.0,128.0,116.0,118.0,119.0,120.0,124.0,134.0,131.0,121.0,125.0,128.0,127.0,130.0,137.0,133.0,129.0,126.0,127.0,127.0,130.0,131.0,128.0,128.0,128.0,116.0,104.0,112.0,97.0,105.0,104.0,111.0,119.0,118.0,126.0,135.0,150.0,152.0,147.0,117.0,76.0,55.0,55.0,56.0,118.0,159.0,176.0,176.0,172.0,173.0,176.0,178.0,163.0,122.0,70.0,55.0,55.0,55.0,72.0,180.0,205.0,205.0,205.0,190.0,148.0,116.0,97.0,84.0,76.0,72.0,72.0,79.0,91.0,105.0,119.0,0.3329785729856281,0.9429343932281051
140.0,175.0,128.0,160.0,163.0,136.0,131.0,122.0,140.0,101.0,128.0,114.0,132.0,128.0,157.0,147.0,138.0,119.0,110.0,119.0,122.0,137.0,140.0,140.0,132.0,145.0,138.0,127.0,118.0,119.0,120.0,120.0,126.0,135.0,131.0,121.0,127.0,128.0,127.0,131.0,138.0,134.0,130.0,126.0,126.0,126.0,129.0,135.0,134.0,131.0,150.0,124.0,103.0,98.0,92.0,120.0,132.0,128.0,125.0,126.0,150.0,185.0,191.0,150.0,89.0,55.0,55.0,55.0,55.0,97.0,156.0,196.0,205.0,205.0,205.0,165.0,58.0,55.0,55.0,55.0,69.0,170.0,205.0,205.0,167.0,141.0,145.0,170.0,195.0,197.0,169.0,124.0,85.0,63.0,65.0,78.0,90.0,94.0,94.0,99.0,0.5891649572819013,0.8080127802894057
55.0,55.0,93.0,155.0,152.0,140.0,160.0,139.0,127.0,115.0,140.0,120.0,124.0,112.0,94.0,76.0,89.0,119.0,156.0,176.0,167.0,153.0,122.0,103.0,97.0,102.0,107.0,125.0,138.0,138.0,131.0,130.0,131.0,124.0,121.0,131.0,136.0,128.0,126.0,124.0,119.0,119.0,130.0,137.0,137.0,131.0,124.0,121.0,126.0,134.0,121.0,133.0,151.0,149.0,113.0,105.0,104.0,137.0,128.0,147.0,139.0,143.0,140.0,156.0,158.0,156.0,142.0,115.0,95.0,108.0,149.0,181.0,192.0,167.0,117.0,69.0,59.0,88.0,141.0,185.0,202.0,178.0,126.0,77.0,55.0,55.0,79.0,106.0,120.0,124.0,126.0,134.0,148.0,163.0,170.0,167.0,159.0,150.0,144.0,141.0,0.7961348484363856,0.6051192470126638
178.0,205.0,90.0,129.0,102.0,121.0,100.0,133.0,143.0,124.0,129.0,129.0,145.0,144.0,180.0,166.0,156.0,115.0,96.0,89.0,105.0,127.0,148.0,157.0,147.0,149.0,137.0,126.0,118.0,126.0,128.0,129.0,129.0,137.0,134.0,124.0,127.0,132.0,132.0,134.0,139.0,131.0,122.0,119.0,124.0,130.0,136.0,135.0,129.0,123.0,120.0,75.0,77.0,103.0,129.0,116.0,125.0,128.0,119.0,102.0,82.0,73.0,84.0,101.0,112.0,133.0,160.0,186.0,203.0,200.0,161.0,102.0,55.0,55.0,55.0,55.0,137.0,205.0,205.0,205.0,205.0,205.0,137.0,74.0,55.0,55.0,55.0,55.0,113.0,148.0,154.0,143.0,128.0,120.0,121.0,129.0,139.0,144.0,142.0,135.0,0.9363299003512967,0.35112151416301857
205.0,125.0,99.0,103.0,121.0,106.0,95.0,128.0,129.0,127.0,119.0,153.0,136.0,144.0,136.0,129.0,109.0,110.0,119.0,133.0,142.0,137.0,138.0,127.0,123.0,124.0,124.0,112.0,118.0,130.0,138.0,138.0,136.0,137.0,130.0,122.0,129.0,137.0,131.0,130.0,130.0,123.0,121.0,128.0,132.0,129.0,127.0,128.0,127.0,129.0,143.0,128.0,100.0,107.0,135.0,170.0,174.0,143.0,102.0,76.0,70.0,76.0,81.0,77.0,79.0,107.0,169.0,205.0,205.0,205.0,163.0,55.0,55.0,55.0,55.0,139.0,205.0,205.0,179.0,137.0,128.0,153.0,186.0,199.0,180.0,136.0,94.0,69.0,69.0,83.0,96.0,99.0,96.0,95.0,106.0,127.0,148.0,159.0,155.0,143.0,0.9977341755961671,0.0672793790654821
150.0,93.0,88.0,132.0,97.0,108.0,107.0,145.0,112.0,127.0,140.0,150.0,142.0,134.0,117.0,91.0,97.0,115.0,149.0,158.0,155.0,137.0,124.0,110.0,115.0,117.0,110.0,113.0,129.0,141.0,142.0,142.0,139.0,133.0,123.0,128.0,137.0,135.0,129.0,130.0,124.0,118.0,122.0,129.0,132.0,132.0,129.0,126.0,126.0,130.0,150.0,168.0,145.0,147.0,133.0,135.0,122.0,103.0,110.0,154.0,180.0,172.0,159.0,150.0,148.0,146.0,131.0,89.0,55.0,55.0,85.0,153.0,205.0,205.0,205.0,144.0,90.0,74.0,90.0,110.0,102.0,71.0,55.0,55.0,120.0,191.0,205.0,205.0,185.0,126.0,94.0,93.0,116.0,142.0,153.0,147.0,128.0,114.0,112.0,123.0,0.9749279121818225,-0.2225209339563191
