Feat_1,Feat_2,Feat_3,Feat_4,Feat_5,Feat_6,Feat_7,Feat_8,Feat_9,Feat_10,Feat_11,Feat_12,Feat_13,Feat_14,Feat_15,Feat_16,Feat_17,Feat_18,Feat_19,Feat_20,Feat_21,Feat_22,Feat_23,Feat_24,Feat_25,Feat_26,Feat_27,Feat_28,Feat_29,Feat_30,Feat_31,Feat_32,Feat_33,Feat_34,Feat_35,Feat_36,Feat_37,Feat_38,Feat_39,Feat_40,Feat_41,Feat_42,Feat_43,Feat_44,Feat_45,Feat_46,Feat_47,Feat_48,Feat_49,Feat_50,Feat_51,Feat_52,Feat_53,Feat_54,Feat_55,Feat_56,Feat_57,Feat_58,Feat_59,Feat_60,Feat_61,Feat_62,Feat_63,Feat_64,Feat_65,Feat_66,Feat_67,Feat_68,Feat_69,Feat_70,Feat_71,Feat_72,Feat_73,Feat_74,Feat_75,Feat_76,Feat_77,Feat_78,Feat_79,Feat_80,Feat_81,Feat_82,Feat_83,Feat_84,Feat_85,Feat_86,Feat_87,Feat_88,Feat_89,Feat_90,Feat_91,Feat_92,Feat_93,Feat_94,Feat_95,Feat_96,Feat_97,Feat_98,Feat_99,Feat_100,Label_Sin,Label_Cos
58.0,147.0,62.0,151.0,61.0,141.0,123.0,128.0,115.0,140.0,165.0,122.0,145.0,107.0,124.0,108.0,147.0,135.0,144.0,121.0,115.0,121.0,121.0,129.0,127.0,130.0,119.0,139.0,135.0,133.0,129.0,133.0,129.0,127.0,126.0,132.0,132.0,124.0,128.0,127.0,123.0,123.0,130.0,128.0,129.0,130.0,128.0,126.0,128.0,128.0,205.0,127.0,72.0,93.0,103.0,140.0,129.0,131.0,113.0,117.0,97.0,99.0,110.0,131.0,136.0,136.0,147.0,152.0,161.0,152.0,123.0,78.0,55.0,55.0,58.0,139.0,188.0,205.0,195.0,174.0,164.0,161.0,154.0,127.0,79.0,55.0,55.0,55.0,94.0,191.0,205.0,205.0,188.0,149.0,120.0,109.0,109.0,112.0,109.0,101.0,-0.9308737486442028,0.3653410243663987
125.0,55.0,74.0,103.0,205.0,104.0,184.0,129.0,166.0,101.0,145.0,132.0,112.0,117.0,110.0,127.0,112.0,150.0,131.0,148.0,125.0,127.0,122.0,126.0,123.0,129.0,132.0,125.0,140.0,136.0,129.0,118.0,121.0,119.0,124.0,123.0,133.0,132.0,124.0,124.0,127.0,126.0,128.0,137.0,134.0,130.0,126.0,124.0,124.0,129.0,124.0,110.0,74.0,78.0,105.0,164.0,183.0,169.0,123.0,102.0,121.0,139.0,132.0,106.0,81.0,74.0,123.0,200.0,205.0,205.0,154.0,57.0,55.0,55.0,55.0,62.0,144.0,205.0,205.0,205.0,205.0,122.0,55.0,55.0,55.0,55.0,55.0,158.0,205.0,205.0,205.0,201.0,148.0,122.0,119.0,129.0,133.0,121.0,102.0,87.0,-0.7815464372138217,0.6238470697842396
190.0,112.0,178.0,139.0,171.0,108.0,130.0,130.0,118.0,122.0,112.0,113.0,87.0,115.0,118.0,158.0,159.0,157.0,137.0,122.0,107.0,111.0,118.0,116.0,130.0,136.0,133.0,124.0,127.0,125.0,131.0,128.0,133.0,131.0,123.0,123.0,127.0,125.0,124.0,133.0,136.0,134.0,129.0,125.0,122.0,127.0,135.0,136.0,135.0,135.0,133.0,98.0,93.0,103.0,106.0,105.0,105.0,112.0,120.0,127.0,133.0,147.0,153.0,145.0,125.0,100.0,76.0,69.0,83.0,110.0,146.0,184.0,204.0,194.0,162.0,112.0,66.0,55.0,89.0,146.0,191.0,200.0,163.0,102.0,58.0,55.0,88.0,138.0,176.0,185.0,168.0,139.0,113.0,101.0,104.0,114.0,120.0,114.0,107.0,109.0,-0.562564564343869,0.8267533555689949
122.0,55.0,79.0,144.0,147.0,163.0,137.0,172.0,110.0,134.0,116.0,140.0,110.0,123.0,106.0,86.0,94.0,108.0,149.0,166.0,171.0,146.0,132.0,105.0,104.0,108.0,112.0,119.0,134.0,137.0,131.0,130.0,128.0,128.0,121.0,126.0,133.0,132.0,125.0,126.0,122.0,119.0,128.0,137.0,137.0,132.0,125.0,120.0,123.0,132.0,118.0,89.0,95.0,107.0,124.0,108.0,98.0,99.0,112.0,123.0,123.0,126.0,138.0,152.0,154.0,142.0,104.0,65.0,55.0,55.0,78.0,129.0,165.0,178.0,176.0,173.0,174.0,176.0,175.0,154.0,108.0,57.0,55.0,55.0,55.0,104.0,199.0,205.0,205.0,205.0,178.0,137.0,108.0,90.0,79.0,73.0,70.0,72.0,81.0,94.0,-0.2934446751706123,0.9559760575527055
171.0,141.0,156.0,150.0,166.0,108.0,143.0,127.0,129.0,96.0,124.0,118.0,136.0,154.0,155.0,143.0,118.0,107.0,104.0,126.0,127.0,144.0,141.0,137.0,138.0,144.0,130.0,116.0,116.0,114.0,119.0,122.0,132.0,133.0,125.0,120.0,128.0,128.0,130.0,137.0,136.0,128.0,124.0,124.0,125.0,129.0,131.0,129.0,126.0,128.0,163.0,165.0,124.0,113.0,104.0,109.0,101.0,118.0,123.0,125.0,132.0,138.0,161.0,189.0,186.0,139.0,76.0,55.0,55.0,55.0,55.0,121.0,166.0,205.0,205.0,205.0,205.0,141.0,55.0,55.0,55.0,55.0,75.0,188.0,205.0,205.0,162.0,140.0,149.0,177.0,199.0,194.0,161.0,115.0,76.0,59.0,65.0,81.0,91.0,95.0,0.0018281835288738795,0.9999983288710961
58.0,56.0,123.0,182.0,123.0,184.0,143.0,169.0,95.0,147.0,123.0,126.0,104.0,120.0,122.0,124.0,155.0,142.0,146.0,117.0,116.0,111.0,129.0,126.0,139.0,138.0,132.0,139.0,139.0,128.0,116.0,118.0,115.0,122.0,123.0,133.0,132.0,124.0,123.0,128.0,127.0,129.0,137.0,134.0,128.0,125.0,124.0,125.0,129.0,132.0,95.0,139.0,152.0,136.0,117.0,101.0,119.0,132.0,131.0,133.0,146.0,151.0,154.0,145.0,132.0,131.0,122.0,106.0,100.0,131.0,177.0,205.0,205.0,195.0,114.0,56.0,55.0,55.0,126.0,193.0,205.0,186.0,121.0,69.0,55.0,80.0,119.0,139.0,127.0,100.0,78.0,79.0,104.0,139.0,165.0,175.0,172.0,161.0,154.0,154.0,0.2969381071603062,0.9548967276706181
116.0,55.0,55.0,132.0,156.0,151.0,139.0,168.0,122.0,126.0,115.0,137.0,117.0,123.0,104.0,80.0,78.0,100.0,143.0,175.0,181.0,157.0,132.0,102.0,96.0,102.0,108.0,115.0,131.0,137.0,134.0,131.0,131.0,129.0,121.0,123.0,133.0,134.0,126.0,125.0,121.0,117.0,125.0,136.0,139.0,133.0,126.0,119.0,122.0,131.0,169.0,125.0,85.0,81.0,121.0,141.0,109.0,83.0,76.0,82.0,95.0,102.0,114.0,147.0,181.0,198.0,198.0,174.0,122.0,71.0,55.0,55.0,55.0,67.0,167.0,205.0,205.0,205.0,205.0,162.0,121.0,74.0,55.0,55.0,55.0,55.0,56.0,108.0,145.0,174.0,189.0,186.0,169.0,149.0,132.0,119.0,113.0,109.0,105.0,103.0,0.5655837125579011,0.8246908900243907
112.0,55.0,87.0,140.0,178.0,131.0,170.0,152.0,153.0,107.0,143.0,132.0,118.0,104.0,117.0,124.0,137.0,164.0,156.0,146.0,111.0,98.0,101.0,123.0,134.0,148.0,145.0,135.0,142.0,139.0,125.0,114.0,116.0,114.0,119.0,123.0,133.0,131.0,122.0,122.0,128.0,128.0,132.0,138.0,134.0,126.0,124.0,124.0,126.0,130.0,146.0,88.0,71.0,90.0,111.0,111.0,130.0,135.0,123.0,117.0,117.0,136.0,160.0,159.0,122.0,89.0,84.0,113.0,156.0,177.0,156.0,114.0,85.0,85.0,117.0,160.0,184.0,179.0,159.0,139.0,124.0,114.0,100.0,77.0,57.0,55.0,78.0,124.0,172.0,202.0,202.0,177.0,143.0,118.0,109.0,115.0,122.0,124.0,118.0,109.0,0.783822223021986,0.620985283800568
97.0,108.0,204.0,103.0,186.0,141.0,157.0,107.0,134.0,135.0,106.0,124.0,111.0,130.0,118.0,155.0,135.0,146.0,121.0,120.0,122.0,126.0,129.0,133.0,136.0,127.0,143.0,136.0,127.0,117.0,121.0,119.0,123.0,125.0,134.0,132.0,123.0,126.0,128.0,127.0,130.0,138.0,133.0,129.0,126.0,125.0,125.0,130.0,132.0,130.0,152.0,158.0,153.0,137.0,102.0,101.0,138.0,163.0,161.0,145.0,127.0,127.0,141.0,150.0,133.0,105.0,77.0,71.0,103.0,156.0,192.0,190.0,157.0,119.0,104.0,108.0,113.0,96.0,66.0,55.0,73.0,137.0,201.0,205.0,205.0,159.0,108.0,82.0,88.0,114.0,141.0,154.0,149.0,131.0,116.0,115.0,126.0,139.0,144.0,136.0,0.9322033448633005,0.3619349718190749
127.0,55.0,55.0,121.0,159.0,157.0,147.0,165.0,126.0,121.0,117.0,137.0,119.0,125.0,108.0,81.0,74.0,95.0,141.0,178.0,186.0,162.0,133.0,101.0,93.0,101.0,108.0,116.0,131.0,138.0,135.0,132.0,132.0,130.0,122.0,123.0,133.0,134.0,128.0,125.0,121.0,117.0,125.0,136.0,140.0,134.0,126.0,119.0,121.0,131.0,140.0,104.0,119.0,148.0,126.0,125.0,148.0,144.0,123.0,114.0,110.0,118.0,122.0,116.0,114.0,127.0,152.0,186.0,202.0,188.0,161.0,130.0,91.0,64.0,66.0,79.0,93.0,136.0,185.0,205.0,205.0,205.0,146.0,82.0,55.0,55.0,66.0,100.0,118.0,116.0,106.0,102.0,112.0,134.0,158.0,176.0,177.0,169.0,157.0,146.0,0.9975027557951077,0.0706275596432845
170.0,164.0,135.0,165.0,157.0,129.0,127.0,137.0,131.0,102.0,116.0,119.0,138.0,157.0,172.0,152.0,125.0,98.0,93.0,114.0,129.0,146.0,149.0,145.0,141.0,148.0,136.0,119.0,113.0,113.0,116.0,121.0,130.0,134.0,127.0,120.0,126.0,130.0,131.0,137.0,138.0,129.0,124.0,124.0,126.0,130.0,133.0,130.0,126.0,126.0,162.0,119.0,101.0,116.0,132.0,136.0,119.0,104.0,112.0,126.0,131.0,129.0,122.0,113.0,112.0,112.0,107.0,107.0,111.0,114.0,125.0,149.0,169.0,175.0,167.0,148.0,119.0,99.0,92.0,95.0,103.0,123.0,148.0,172.0,187.0,189.0,174.0,149.0,122.0,101.0,87.0,84.0,92.0,101.0,107.0,106.0,107.0,115.0,128.0,139.0,0.9739007097164173,-0.22697446467358087
149.0,163.0,159.0,144.0,155.0,170.0,113.0,142.0,121.0,139.0,92.0,131.0,113.0,132.0,140.0,152.0,144.0,129.0,118.0,109.0,127.0,121.0,137.0,140.0,141.0,137.0,142.0,128.0,118.0,119.0,119.0,123.0,122.0,130.0,133.0,128.0,122.0,130.0,128.0,129.0,134.0,137.0,130.0,127.0,125.0,125.0,128.0,132.0,131.0,128.0,165.0,153.0,116.0,93.0,85.0,102.0,126.0,141.0,148.0,150.0,152.0,155.0,161.0,148.0,109.0,57.0,55.0,55.0,55.0,166.0,205.0,205.0,205.0,205.0,115.0,67.0,55.0,55.0,55.0,70.0,127.0,163.0,186.0,192.0,182.0,163.0,141.0,122.0,114.0,115.0,120.0,122.0,117.0,108.0,101.0,104.0,114.0,125.0,134.0,139.0,0.8635007158883669,-0.5043476119307773
152.0,156.0,152.0,158.0,114.0,141.0,135.0,122.0,99.0,118.0,123.0,142.0,164.0,163.0,144.0,113.0,97.0,99.0,122.0,132.0,148.0,147.0,141.0,143.0,145.0,130.0,115.0,114.0,112.0,118.0,123.0,133.0,133.0,124.0,121.0,128.0,129.0,132.0,138.0,135.0,126.0,124.0,124.0,126.0,131.0,132.0,128.0,125.0,127.0,128.0,163.0,169.0,139.0,140.0,143.0,159.0,154.0,130.0,109.0,128.0,148.0,164.0,150.0,116.0,93.0,101.0,125.0,151.0,173.0,165.0,137.0,133.0,159.0,178.0,173.0,136.0,77.0,55.0,55.0,55.0,89.0,168.0,205.0,205.0,205.0,205.0,146.0,89.0,55.0,55.0,55.0,55.0,92.0,134.0,162.0,176.0,178.0,170.0,164.0,162.0,0.6761420657296945,-0.7367712718006733
116.0,124.0,198.0,110.0,181.0,148.0,144.0,116.0,133.0,138.0,102.0,126.0,112.0,132.0,128.0,160.0,141.0,141.0,116.0,113.0,122.0,126.0,135.0,137.0,138.0,131.0,145.0,136.0,125.0,117.0,119.0,119.0,123.0,127.0,134.0,132.0,122.0,126.0,128.0,128.0,132.0,138.0,132.0,128.0,126.0,125.0,127.0,131.0,132.0,129.0,153.0,111.0,111.0,97.0,126.0,106.0,103.0,100.0,115.0,121.0,130.0,132.0,143.0,156.0,151.0,137.0,111.0,86.0,71.0,80.0,101.0,136.0,175.0,205.0,205.0,180.0,133.0,80.0,56.0,74.0,127.0,177.0,198.0,175.0,121.0,74.0,63.0,86.0,129.0,165.0,179.0,167.0,142.0,119.0,107.0,107.0,114.0,118.0,117.0,115.0,0.42852291559722144,-0.9035309130340017
147.0,185.0,138.0,156.0,147.0,170.0,111.0,141.0,127.0,133.0,94.0,117.0,116.0,142.0,169.0,173.0,157.0,115.0,92.0,84.0,112.0,126.0,152.0,152.0,148.0,145.0,148.0,133.0,116.0,112.0,109.0,115.0,119.0,132.0,133.0,125.0,119.0,128.0,129.0,131.0,137.0,138.0,129.0,123.0,122.0,125.0,131.0,132.0,128.0,124.0,151.0,108.0,74.0,99.0,111.0,132.0,104.0,94.0,98.0,114.0,126.0,123.0,126.0,137.0,153.0,155.0,142.0,105.0,66.0,55.0,55.0,77.0,128.0,164.0,178.0,177.0,174.0,174.0,176.0,175.0,155.0,110.0,59.0,55.0,55.0,55.0,101.0,197.0,205.0,205.0,205.0,180.0,137.0,107.0,88.0,79.0,77.0,76.0,74.0,77.0,0.14271207994041785,-0.9897642457873894
205.0,119.0,83.0,80.0,135.0,91.0,117.0,115.0,138.0,110.0,134.0,153.0,141.0,138.0,120.0,111.0,94.0,111.0,122.0,151.0,153.0,145.0,133.0,120.0,111.0,115.0,114.0,107.0,120.0,137.0,143.0,142.0,140.0,134.0,128.0,122.0,130.0,137.0,131.0,127.0,126.0,120.0,118.0,127.0,132.0,133.0,132.0,128.0,125.0,127.0,174.0,142.0,114.0,103.0,98.0,97.0,117.0,129.0,132.0,133.0,131.0,147.0,181.0,190.0,153.0,89.0,55.0,55.0,55.0,55.0,101.0,160.0,199.0,205.0,205.0,205.0,161.0,55.0,55.0,55.0,55.0,76.0,179.0,205.0,205.0,162.0,142.0,149.0,175.0,196.0,195.0,166.0,121.0,81.0,61.0,63.0,78.0,90.0,94.0,96.0,-0.15581783019089615,-0.9877858086622834
91.0,80.0,109.0,111.0,108.0,102.0,144.0,113.0,128.0,132.0,156.0,135.0,140.0,128.0,108.0,107.0,112.0,131.0,142.0,143.0,134.0,134.0,122.0,120.0,123.0,116.0,112.0,126.0,137.0,139.0,139.0,135.0,133.0,125.0,124.0,133.0,134.0,128.0,129.0,127.0,119.0,120.0,127.0,130.0,132.0,132.0,127.0,125.0,127.0,129.0,131.0,129.0,140.0,130.0,106.0,106.0,106.0,117.0,129.0,141.0,146.0,145.0,142.0,141.0,139.0,134.0,126.0,109.0,96.0,111.0,154.0,195.0,205.0,205.0,144.0,72.0,55.0,55.0,57.0,161.0,205.0,205.0,205.0,137.0,78.0,55.0,55.0,55.0,94.0,118.0,132.0,140.0,144.0,150.0,154.0,155.0,152.0,147.0,143.0,139.0,-0.44046062868116376,-0.897771927931473
205.0,117.0,94.0,82.0,133.0,99.0,105.0,123.0,131.0,124.0,124.0,156.0,132.0,145.0,135.0,128.0,109.0,112.0,115.0,132.0,139.0,134.0,137.0,129.0,124.0,125.0,123.0,111.0,119.0,133.0,137.0,138.0,136.0,134.0,128.0,122.0,128.0,135.0,130.0,129.0,130.0,123.0,118.0,124.0,128.0,131.0,133.0,130.0,126.0,125.0,153.0,105.0,74.0,80.0,118.0,131.0,113.0,118.0,133.0,125.0,108.0,82.0,70.0,80.0,103.0,119.0,139.0,160.0,182.0,201.0,204.0,171.0,109.0,56.0,55.0,55.0,55.0,120.0,205.0,205.0,205.0,205.0,205.0,142.0,78.0,55.0,55.0,55.0,55.0,96.0,149.0,158.0,147.0,131.0,121.0,121.0,130.0,140.0,145.0,143.0,-0.6858478046500698,-0.7277450026325704
74.0,72.0,111.0,97.0,113.0,104.0,150.0,101.0,133.0,133.0,160.0,139.0,135.0,107.0,80.0,90.0,111.0,154.0,166.0,162.0,137.0,124.0,106.0,110.0,111.0,106.0,110.0,130.0,142.0,144.0,145.0,139.0,132.0,122.0,128.0,136.0,135.0,128.0,127.0,121.0,116.0,123.0,131.0,134.0,132.0,129.0,124.0,125.0,131.0,134.0,157.0,116.0,93.0,112.0,141.0,164.0,142.0,105.0,72.0,76.0,100.0,120.0,116.0,103.0,107.0,141.0,191.0,205.0,205.0,130.0,55.0,55.0,55.0,72.0,189.0,205.0,195.0,145.0,112.0,113.0,143.0,174.0,182.0,160.0,121.0,85.0,69.0,76.0,96.0,110.0,113.0,108.0,105.0,115.0,134.0,151.0,156.0,149.0,138.0,130.0,-0.8701094661613856,-0.49285851610411335
55.0,55.0,114.0,166.0,156.0,146.0,154.0,135.0,122.0,120.0,142.0,117.0,123.0,105.0,86.0,75.0,97.0,133.0,172.0,184.0,164.0,139.0,107.0,95.0,100.0,107.0,112.0,129.0,137.0,136.0,133.0,132.0,130.0,123.0,122.0,131.0,135.0,128.0,125.0,122.0,117.0,123.0,135.0,140.0,135.0,128.0,120.0,120.0,129.0,138.0,150.0,152.0,144.0,137.0,130.0,104.0,83.0,114.0,157.0,177.0,174.0,166.0,161.0,168.0,169.0,135.0,78.0,55.0,55.0,55.0,155.0,205.0,205.0,205.0,141.0,106.0,88.0,94.0,91.0,66.0,55.0,55.0,55.0,149.0,205.0,205.0,205.0,147.0,104.0,91.0,108.0,140.0,162.0,165.0,148.0,124.0,111.0,115.0,131.0,144.0,-0.9768234729409481,-0.21404649661133193
148.0,181.0,138.0,161.0,159.0,150.0,113.0,135.0,138.0,114.0,103.0,111.0,131.0,152.0,179.0,164.0,138.0,102.0,88.0,97.0,121.0,136.0,150.0,150.0,143.0,148.0,144.0,127.0,112.0,111.0,110.0,117.0,124.0,133.0,131.0,121.0,120.0,128.0,130.0,134.0,140.0,134.0,124.0,122.0,124.0,127.0,132.0,131.0,126.0,123.0,186.0,135.0,73.0,100.0,116.0,132.0,122.0,138.0,130.0,133.0,116.0,107.0,104.0,107.0,110.0,115.0,124.0,145.0,182.0,199.0,191.0,163.0,122.0,72.0,55.0,55.0,55.0,95.0,147.0,199.0,205.0,205.0,205.0,170.0,89.0,55.0,55.0,55.0,55.0,95.0,151.0,165.0,160.0,149.0,143.0,146.0,152.0,155.0,151.0,143.0,-0.9964790435588188,0.08384220743814967
192.0,205.0,178.0,93.0,122.0,103.0,120.0,87.0,141.0,132.0,136.0,123.0,144.0,136.0,147.0,168.0,154.0,143.0,109.0,98.0,98.0,119.0,129.0,150.0,150.0,142.0,142.0,132.0,120.0,119.0,129.0,129.0,132.0,131.0,136.0,132.0,124.0,127.0,133.0,132.0,134.0,136.0,127.0,119.0,121.0,126.0,132.0,137.0,134.0,126.0,153.0,123.0,93.0,114.0,124.0,107.0,93.0,99.0,115.0,132.0,134.0,125.0,132.0,149.0,161.0,156.0,126.0,79.0,55.0,55.0,82.0,128.0,169.0,182.0,172.0,165.0,161.0,155.0,147.0,134.0,109.0,86.0,73.0,73.0,83.0,107.0,141.0,169.0,188.0,192.0,182.0,161.0,139.0,118.0,100.0,89.0,86.0,89.0,96.0,105.0,-0.9273243945175087,0.3742585567929421
96.0,76.0,120.0,98.0,112.0,113.0,145.0,109.0,129.0,142.0,149.0,137.0,137.0,117.0,95.0,103.0,116.0,146.0,151.0,145.0,131.0,126.0,115.0,118.0,119.0,111.0,115.0,131.0,140.0,140.0,140.0,135.0,130.0,122.0,127.0,135.0,132.0,128.0,128.0,123.0,118.0,124.0,130.0,132.0,132.0,130.0,125.0,126.0,129.0,131.0,154.0,142.0,97.0,106.0,142.0,175.0,155.0,127.0,101.0,98.0,115.0,134.0,138.0,127.0,116.0,116.0,138.0,161.0,165.0,130.0,75.0,55.0,55.0,76.0,167.0,205.0,205.0,205.0,142.0,93.0,64.0,58.0,73.0,103.0,143.0,177.0,197.0,196.0,180.0,159.0,136.0,116.0,104.0,102.0,107.0,114.0,115.0,112.0,108.0,110.0,-0.7755228662419971,0.6313194785018101
90.0,95.0,108.0,112.0,96.0,135.0,124.0,134.0,126.0,154.0,127.0,142.0,146.0,137.0,125.0,110.0,109.0,117.0,132.0,131.0,143.0,135.0,130.0,130.0,124.0,114.0,120.0,132.0,134.0,135.0,132.0,135.0,128.0,123.0,127.0,134.0,129.0,131.0,132.0,124.0,119.0,123.0,127.0,131.0,134.0,130.0,126.0,123.0,126.0,127.0,141.0,108.0,127.0,141.0,146.0,123.0,125.0,122.0,106.0,124.0,147.0,167.0,161.0,151.0,139.0,139.0,128.0,116.0,88.0,57.0,55.0,104.0,168.0,205.0,205.0,184.0,112.0,66.0,72.0,107.0,142.0,146.0,112.0,65.0,55.0,80.0,144.0,201.0,205.0,205.0,163.0,124.0,108.0,112.0,127.0,136.0,129.0,113.0,101.0,101.0,-0.554603621395456,0.8321146694627163
144.0,114.0,79.0,133.0,99.0,104.0,114.0,143.0,122.0,123.0,146.0,139.0,144.0,140.0,138.0,112.0,115.0,110.0,126.0,135.0,134.0,137.0,135.0,128.0,126.0,127.0,114.0,116.0,129.0,136.0,137.0,136.0,135.0,132.0,123.0,125.0,134.0,132.0,130.0,131.0,126.0,118.0,122.0,127.0,131.0,133.0,132.0,127.0,125.0,127.0,182.0,131.0,75.0,77.0,108.0,144.0,121.0,123.0,122.0,117.0,111.0,102.0,95.0,104.0,115.0,111.0,123.0,148.0,171.0,179.0,171.0,136.0,96.0,73.0,70.0,82.0,108.0,140.0,165.0,191.0,205.0,205.0,205.0,156.0,97.0,55.0,55.0,55.0,64.0,142.0,166.0,165.0,148.0,130.0,119.0,117.0,123.0,129.0,130.0,128.0,-0.28425587149576165,0.958748454768082
205.0,105.0,94.0,98.0,126.0,97.0,100.0,129.0,129.0,126.0,126.0,157.0,131.0,144.0,132.0,122.0,107.0,111.0,119.0,136.0,143.0,135.0,137.0,126.0,121.0,123.0,121.0,111.0,121.0,134.0,138.0,139.0,136.0,134.0,128.0,122.0,129.0,135.0,130.0,130.0,129.0,122.0,118.0,125.0,129.0,132.0,133.0,129.0,125.0,125.0,123.0,113.0,125.0,137.0,146.0,147.0,138.0,124.0,124.0,117.0,101.0,81.0,70.0,79.0,115.0,162.0,194.0,200.0,182.0,151.0,115.0,87.0,65.0,56.0,62.0,93.0,138.0,178.0,204.0,205.0,191.0,165.0,140.0,120.0,110.0,108.0,109.0,109.0,105.0,101.0,101.0,106.0,117.0,127.0,134.0,137.0,139.0,142.0,142.0,140.0,0.011425904794280333,0.9999347222192216
205.0,198.0,94.0,126.0,98.0,130.0,85.0,142.0,132.0,137.0,122.0,139.0,139.0,148.0,178.0,164.0,153.0,110.0,93.0,88.0,112.0,128.0,153.0,157.0,148.0,146.0,136.0,123.0,118.0,126.0,125.0,130.0,134.0,142.0,135.0,120.0,122.0,131.0,134.0,138.0,139.0,129.0,119.0,119.0,125.0,133.0,139.0,136.0,126.0,120.0,118.0,161.0,172.0,130.0,139.0,141.0,165.0,149.0,126.0,111.0,131.0,153.0,164.0,143.0,104.0,90.0,106.0,134.0,156.0,172.0,158.0,134.0,136.0,164.0,179.0,168.0,126.0,67.0,55.0,55.0,55.0,95.0,178.0,205.0,205.0,205.0,205.0,132.0,77.0,55.0,55.0,55.0,55.0,106.0,140.0,164.0,176.0,175.0,168.0,162.0,0.3060893585002796,0.9520027860321036
185.0,68.0,92.0,105.0,120.0,97.0,114.0,140.0,114.0,123.0,133.0,162.0,138.0,141.0,112.0,94.0,94.0,116.0,144.0,159.0,154.0,136.0,127.0,114.0,115.0,117.0,112.0,110.0,129.0,141.0,143.0,143.0,139.0,132.0,124.0,126.0,136.0,136.0,129.0,128.0,124.0,117.0,122.0,130.0,133.0,133.0,131.0,126.0,126.0,130.0,125.0,141.0,112.0,124.0,116.0,131.0,109.0,99.0,108.0,102.0,121.0,127.0,140.0,143.0,158.0,150.0,143.0,123.0,97.0,75.0,73.0,91.0,125.0,174.0,205.0,205.0,204.0,147.0,86.0,55.0,55.0,102.0,150.0,179.0,173.0,142.0,110.0,97.0,104.0,122.0,139.0,144.0,137.0,127.0,118.0,115.0,118.0,123.0,126.0,125.0,0.5734728976516626,0.8192245331159252
110.0,90.0,96.0,128.0,107.0,97.0,129.0,120.0,125.0,124.0,161.0,134.0,146.0,137.0,128.0,115.0,112.0,115.0,127.0,137.0,131.0,139.0,131.0,127.0,127.0,123.0,112.0,120.0,133.0,136.0,137.0,134.0,134.0,127.0,122.0,128.0,135.0,129.0,130.0,130.0,123.0,118.0,124.0,129.0,131.0,133.0,130.0,125.0,124.0,127.0,122.0,90.0,73.0,102.0,130.0,129.0,100.0,88.0,101.0,117.0,128.0,122.0,124.0,136.0,153.0,156.0,144.0,109.0,68.0,55.0,55.0,83.0,122.0,157.0,174.0,179.0,178.0,176.0,176.0,175.0,158.0,115.0,65.0,55.0,55.0,55.0,76.0,191.0,205.0,205.0,205.0,186.0,142.0,111.0,93.0,81.0,75.0,71.0,72.0,80.0,0.7897462259679667,0.6134336953325545
205.0,205.0,87.0,86.0,110.0,114.0,102.0,102.0,142.0,116.0,126.0,131.0,158.0,134.0,141.0,125.0,107.0,104.0,112.0,132.0,145.0,146.0,134.0,133.0,120.0,119.0,121.0,116.0,111.0,126.0,137.0,140.0,139.0,136.0,133.0,125.0,123.0,132.0,135.0,129.0,130.0,126.0,119.0,120.0,127.0,131.0,132.0,132.0,127.0,125.0,165.0,167.0,128.0,117.0,104.0,106.0,99.0,118.0,126.0,131.0,130.0,132.0,152.0,186.0,192.0,152.0,89.0,55.0,55.0,55.0,55.0,101.0,160.0,199.0,205.0,205.0,205.0,160.0,56.0,55.0,55.0,55.0,75.0,176.0,205.0,205.0,169.0,142.0,146.0,172.0,197.0,198.0,169.0,122.0,81.0,60.0,63.0,79.0,92.0,96.0,0.935634194695837,0.35297117972417036
140.0,97.0,137.0,82.0,139.0,140.0,119.0,122.0,145.0,165.0,125.0,127.0,109.0,135.0,154.0,189.0,169.0,130.0,80.0,68.0,91.0,124.0,154.0,158.0,148.0,133.0,146.0,144.0,135.0,123.0,119.0,115.0,118.0,128.0,135.0,131.0,121.0,123.0,127.0,127.0,131.0,134.0,127.0,123.0,125.0,128.0,130.0,131.0,125.0,119.0,164.0,117.0,96.0,126.0,130.0,117.0,136.0,146.0,128.0,110.0,90.0,97.0,132.0,161.0,161.0,160.0,161.0,161.0,162.0,150.0,107.0,58.0,55.0,55.0,59.0,171.0,205.0,205.0,205.0,140.0,103.0,98.0,111.0,110.0,85.0,58.0,55.0,56.0,113.0,165.0,197.0,201.0,184.0,159.0,141.0,137.0,142.0,143.0,136.0,120.0,0.9981346813801147,0.061050453120487916
125.0,69.0,84.0,118.0,102.0,109.0,124.0,130.0,116.0,129.0,152.0,140.0,142.0,120.0,94.0,74.0,91.0,129.0,169.0,179.0,159.0,134.0,109.0,99.0,105.0,107.0,105.0,117.0,137.0,146.0,148.0,145.0,138.0,127.0,122.0,131.0,138.0,132.0,127.0,123.0,117.0,117.0,127.0,135.0,135.0,132.0,126.0,124.0,128.0,134.0,141.0,160.0,144.0,109.0,126.0,109.0,87.0,78.0,99.0,129.0,162.0,170.0,173.0,185.0,193.0,164.0,104.0,55.0,55.0,55.0,61.0,177.0,205.0,205.0,205.0,205.0,158.0,92.0,55.0,55.0,55.0,55.0,57.0,142.0,190.0,205.0,200.0,159.0,111.0,82.0,80.0,96.0,119.0,135.0,135.0,126.0,119.0,118.0,126.0,138.0,0.9716773913045023,-0.23631133537703422
157.0,85.0,113.0,103.0,117.0,91.0,138.0,131.0,131.0,121.0,144.0,133.0,146.0,160.0,144.0,133.0,108.0,103.0,106.0,124.0,130.0,145.0,143.0,136.0,137.0,128.0,117.0,118.0,130.0,130.0,133.0,131.0,135.0,129.0,122.0,127.0,132.0,130.0,132.0,134.0,125.0,118.0,121.0,126.0,131.0,135.0,132.0,125.0,122.0,124.0,146.0,88.0,73.0,89.0,114.0,109.0,130.0,134.0,121.0,113.0,117.0,138.0,163.0,162.0,123.0,89.0,82.0,110.0,153.0,177.0,160.0,118.0,86.0,84.0,114.0,158.0,184.0,181.0,162.0,142.0,127.0,116.0,103.0,80.0,58.0,55.0,73.0,117.0,167.0,201.0,205.0,181.0,148.0,120.0,109.0,113.0,122.0,124.0,118.0,110.0,0.858620304557378,-0.5126121073499879
83.0,78.0,110.0,88.0,121.0,106.0,154.0,95.0,135.0,130.0,163.0,138.0,140.0,108.0,83.0,97.0,115.0,155.0,159.0,154.0,129.0,124.0,108.0,116.0,116.0,110.0,113.0,131.0,141.0,141.0,143.0,136.0,131.0,122.0,128.0,135.0,133.0,127.0,127.0,122.0,117.0,124.0,131.0,133.0,131.0,129.0,124.0,126.0,130.0,132.0,119.0,106.0,117.0,146.0,153.0,132.0,121.0,137.0,149.0,139.0,111.0,78.0,63.0,80.0,127.0,173.0,194.0,173.0,136.0,113.0,107.0,103.0,85.0,56.0,55.0,55.0,103.0,180.0,205.0,205.0,205.0,167.0,113.0,73.0,56.0,65.0,100.0,142.0,172.0,183.0,177.0,163.0,148.0,134.0,120.0,110.0,106.0,109.0,114.0,115.0,0.6690395233638184,-0.7432268268685641
149.0,142.0,168.0,133.0,171.0,160.0,120.0,128.0,125.0,139.0,95.0,128.0,110.0,133.0,137.0,157.0,142.0,131.0,113.0,107.0,124.0,124.0,139.0,138.0,137.0,132.0,143.0,130.0,122.0,121.0,121.0,118.0,117.0,126.0,133.0,130.0,122.0,127.0,126.0,127.0,133.0,138.0,131.0,127.0,125.0,124.0,126.0,131.0,131.0,128.0,147.0,155.0,115.0,127.0,148.0,146.0,125.0,113.0,110.0,118.0,121.0,118.0,120.0,135.0,165.0,196.0,202.0,180.0,152.0,116.0,80.0,63.0,72.0,84.0,108.0,155.0,202.0,205.0,205.0,190.0,119.0,64.0,55.0,55.0,84.0,110.0,120.0,112.0,103.0,106.0,121.0,144.0,168.0,179.0,176.0,165.0,153.0,143.0,139.0,136.0,0.4198312493346744,-0.9076021827221916
205.0,205.0,75.0,90.0,89.0,115.0,98.0,116.0,144.0,113.0,123.0,131.0,159.0,135.0,141.0,114.0,96.0,93.0,114.0,142.0,159.0,153.0,135.0,127.0,112.0,114.0,116.0,112.0,110.0,129.0,140.0,143.0,142.0,138.0,132.0,124.0,125.0,134.0,136.0,128.0,128.0,124.0,118.0,121.0,130.0,132.0,132.0,130.0,126.0,125.0,159.0,135.0,112.0,104.0,103.0,130.0,132.0,125.0,120.0,117.0,114.0,114.0,111.0,104.0,106.0,111.0,115.0,130.0,155.0,172.0,173.0,163.0,138.0,111.0,94.0,92.0,96.0,108.0,129.0,155.0,177.0,189.0,186.0,167.0,140.0,116.0,97.0,87.0,86.0,91.0,97.0,104.0,109.0,113.0,119.0,128.0,137.0,144.0,147.0,147.0,0.1332059260316756,-0.9910883821688375
110.0,156.0,84.0,136.0,123.0,143.0,106.0,156.0,158.0,140.0,122.0,111.0,131.0,147.0,189.0,174.0,146.0,89.0,71.0,82.0,118.0,146.0,160.0,152.0,136.0,143.0,146.0,139.0,125.0,122.0,115.0,118.0,124.0,136.0,134.0,123.0,122.0,127.0,128.0,130.0,134.0,129.0,124.0,124.0,128.0,131.0,132.0,128.0,120.0,118.0,117.0,135.0,132.0,142.0,137.0,144.0,137.0,126.0,131.0,114.0,98.0,75.0,72.0,84.0,128.0,171.0,198.0,198.0,178.0,145.0,110.0,82.0,61.0,55.0,64.0,100.0,147.0,188.0,205.0,205.0,190.0,165.0,141.0,122.0,109.0,102.0,100.0,101.0,103.0,106.0,111.0,119.0,127.0,132.0,134.0,135.0,137.0,139.0,140.0,138.0,-0.16529124508111218,-0.9862447993776878
205.0,101.0,81.0,83.0,130.0,96.0,114.0,120.0,127.0,113.0,138.0,158.0,139.0,138.0,116.0,104.0,90.0,111.0,130.0,157.0,155.0,141.0,130.0,116.0,111.0,115.0,114.0,108.0,123.0,137.0,143.0,142.0,140.0,134.0,126.0,123.0,132.0,136.0,129.0,128.0,125.0,119.0,119.0,128.0,132.0,133.0,131.0,127.0,125.0,128.0,162.0,125.0,98.0,89.0,88.0,88.0,135.0,160.0,180.0,145.0,119.0,106.0,133.0,139.0,123.0,96.0,76.0,85.0,145.0,205.0,205.0,205.0,127.0,55.0,55.0,55.0,55.0,69.0,178.0,205.0,205.0,205.0,205.0,108.0,55.0,55.0,55.0,55.0,72.0,175.0,205.0,205.0,205.0,165.0,136.0,127.0,132.0,137.0,130.0,116.0,-0.44905699572070457,-0.893503113925349
132.0,114.0,92.0,132.0,93.0,98.0,117.0,145.0,128.0,125.0,150.0,134.0,145.0,139.0,136.0,112.0,115.0,112.0,129.0,138.0,136.0,138.0,133.0,127.0,125.0,126.0,113.0,118.0,132.0,138.0,138.0,136.0,135.0,131.0,123.0,127.0,136.0,132.0,130.0,131.0,125.0,118.0,123.0,128.0,132.0,134.0,132.0,127.0,125.0,128.0,122.0,104.0,105.0,96.0,95.0,106.0,119.0,120.0,127.0,129.0,144.0,152.0,148.0,128.0,106.0,81.0,70.0,80.0,104.0,140.0,179.0,204.0,198.0,169.0,120.0,72.0,55.0,80.0,136.0,186.0,202.0,172.0,112.0,62.0,55.0,81.0,131.0,172.0,186.0,172.0,144.0,118.0,104.0,103.0,109.0,114.0,113.0,112.0,114.0,121.0,-0.6928009810384541,-0.7211288377759938
205.0,88.0,80.0,103.0,113.0,107.0,104.0,144.0,112.0,126.0,131.0,156.0,135.0,141.0,126.0,107.0,106.0,112.0,132.0,144.0,145.0,134.0,132.0,120.0,120.0,122.0,115.0,111.0,127.0,137.0,139.0,139.0,136.0,133.0,124.0,124.0,133.0,135.0,128.0,129.0,126.0,119.0,120.0,128.0,131.0,132.0,132.0,127.0,125.0,127.0,129.0,100.0,92.0,109.0,111.0,113.0,99.0,104.0,110.0,122.0,122.0,130.0,141.0,150.0,150.0,138.0,104.0,65.0,55.0,55.0,74.0,138.0,173.0,181.0,176.0,171.0,172.0,176.0,174.0,150.0,101.0,55.0,55.0,55.0,55.0,116.0,205.0,205.0,205.0,205.0,171.0,131.0,105.0,88.0,78.0,72.0,70.0,73.0,83.0,97.0,-0.8747997568569837,-0.4844846596157222
136.0,110.0,80.0,129.0,104.0,100.0,122.0,135.0,128.0,119.0,150.0,133.0,146.0,143.0,140.0,118.0,115.0,108.0,120.0,132.0,131.0,139.0,135.0,130.0,128.0,128.0,114.0,116.0,128.0,132.0,136.0,139.0,139.0,130.0,118.0,122.0,133.0,133.0,133.0,133.0,125.0,117.0,121.0,127.0,132.0,134.0,132.0,126.0,123.0,126.0,159.0,151.0,123.0,109.0,107.0,104.0,106.0,121.0,134.0,130.0,132.0,138.0,169.0,193.0,179.0,122.0,62.0,55.0,55.0,55.0,58.0,134.0,177.0,205.0,205.0,205.0,205.0,111.0,55.0,55.0,55.0,55.0,88.0,205.0,205.0,200.0,155.0,141.0,156.0,185.0,201.0,188.0,150.0,103.0,70.0,60.0,70.0,86.0,95.0,96.0,-0.9788328603751683,-0.20466126025646936
200.0,205.0,176.0,86.0,127.0,104.0,122.0,90.0,140.0,131.0,134.0,126.0,142.0,138.0,147.0,170.0,153.0,143.0,108.0,97.0,98.0,119.0,131.0,151.0,151.0,141.0,142.0,131.0,120.0,119.0,129.0,130.0,132.0,131.0,136.0,132.0,123.0,128.0,133.0,131.0,134.0,136.0,127.0,120.0,121.0,126.0,133.0,137.0,133.0,126.0,173.0,144.0,112.0,133.0,134.0,124.0,114.0,106.0,107.0,120.0,134.0,146.0,150.0,145.0,141.0,141.0,138.0,132.0,121.0,103.0,98.0,126.0,171.0,205.0,205.0,185.0,117.0,55.0,55.0,55.0,97.0,185.0,205.0,205.0,183.0,112.0,59.0,55.0,55.0,71.0,105.0,125.0,135.0,142.0,147.0,153.0,156.0,154.0,150.0,146.0,-0.9956284430428584,0.09340237365320915
149.0,73.0,136.0,115.0,145.0,102.0,161.0,149.0,142.0,121.0,122.0,127.0,133.0,166.0,149.0,139.0,100.0,98.0,104.0,130.0,138.0,146.0,137.0,125.0,136.0,142.0,137.0,128.0,128.0,121.0,124.0,126.0,135.0,133.0,125.0,125.0,129.0,126.0,126.0,131.0,128.0,126.0,128.0,130.0,129.0,129.0,127.0,123.0,122.0,127.0,135.0,105.0,79.0,106.0,142.0,119.0,90.0,78.0,83.0,90.0,101.0,106.0,132.0,169.0,194.0,201.0,187.0,145.0,90.0,55.0,55.0,55.0,55.0,115.0,205.0,205.0,205.0,205.0,205.0,143.0,91.0,57.0,55.0,55.0,55.0,55.0,94.0,132.0,165.0,187.0,190.0,176.0,156.0,137.0,123.0,115.0,111.0,108.0,105.0,104.0,-0.923689614990001,0.38314161240933325
55.0,70.0,97.0,186.0,132.0,162.0,154.0,141.0,122.0,119.0,147.0,106.0,130.0,104.0,107.0,88.0,115.0,128.0,160.0,163.0,151.0,138.0,114.0,108.0,109.0,118.0,116.0,134.0,135.0,132.0,127.0,128.0,127.0,123.0,123.0,132.0,135.0,126.0,126.0,124.0,121.0,123.0,134.0,134.0,131.0,131.0,128.0,126.0,126.0,131.0,145.0,129.0,116.0,118.0,99.0,94.0,82.0,92.0,113.0,137.0,144.0,142.0,147.0,158.0,172.0,164.0,123.0,69.0,55.0,55.0,129.0,200.0,205.0,205.0,161.0,107.0,87.0,102.0,135.0,158.0,154.0,128.0,96.0,74.0,72.0,87.0,106.0,118.0,121.0,120.0,122.0,132.0,145.0,153.0,150.0,140.0,132.0,129.0,132.0,138.0,-0.7694278538715481,0.6387337298801619
139.0,152.0,157.0,127.0,120.0,144.0,103.0,107.0,111.0,144.0,130.0,140.0,120.0,100.0,95.0,115.0,146.0,163.0,158.0,137.0,125.0,111.0,117.0,128.0,123.0,111.0,118.0,124.0,129.0,133.0,135.0,132.0,124.0,123.0,131.0,133.0,128.0,131.0,130.0,126.0,127.0,130.0,129.0,128.0,128.0,128.0,130.0,135.0,136.0,133.0,152.0,88.0,119.0,134.0,169.0,143.0,128.0,130.0,135.0,150.0,130.0,108.0,74.0,72.0,88.0,142.0,184.0,198.0,170.0,128.0,103.0,100.0,104.0,87.0,58.0,55.0,59.0,130.0,195.0,205.0,205.0,199.0,132.0,87.0,65.0,75.0,105.0,140.0,161.0,164.0,153.0,142.0,136.0,136.0,134.0,126.0,118.0,114.0,116.0,121.0,-0.5465915881953408,0.8373993287041105
136.0,55.0,70.0,89.0,202.0,111.0,178.0,136.0,161.0,106.0,135.0,141.0,113.0,121.0,104.0,116.0,94.0,129.0,124.0,154.0,147.0,144.0,133.0,123.0,114.0,116.0,122.0,117.0,134.0,135.0,132.0,123.0,126.0,123.0,124.0,122.0,132.0,134.0,125.0,125.0,126.0,123.0,124.0,135.0,136.0,132.0,128.0,123.0,122.0,128.0,115.0,139.0,142.0,119.0,135.0,152.0,141.0,118.0,111.0,113.0,122.0,120.0,116.0,119.0,138.0,170.0,199.0,201.0,176.0,148.0,112.0,77.0,64.0,74.0,85.0,110.0,160.0,205.0,205.0,205.0,182.0,112.0,58.0,55.0,55.0,90.0,118.0,121.0,107.0,97.0,105.0,125.0,149.0,170.0,178.0,173.0,162.0,153.0,144.0,139.0,-0.2750408820848235,0.9614325317888938
55.0,107.0,132.0,158.0,146.0,146.0,175.0,114.0,138.0,109.0,147.0,98.0,132.0,105.0,103.0,103.0,119.0,142.0,154.0,156.0,136.0,134.0,111.0,115.0,115.0,119.0,121.0,138.0,135.0,127.0,125.0,123.0,124.0,119.0,129.0,139.0,137.0,122.0,122.0,120.0,121.0,131.0,139.0,135.0,129.0,124.0,121.0,124.0,132.0,136.0,125.0,120.0,129.0,117.0,107.0,131.0,134.0,127.0,115.0,107.0,113.0,126.0,130.0,126.0,124.0,117.0,114.0,112.0,108.0,105.0,110.0,113.0,119.0,139.0,163.0,175.0,172.0,157.0,130.0,105.0,93.0,93.0,98.0,114.0,138.0,164.0,183.0,191.0,182.0,159.0,133.0,109.0,93.0,86.0,88.0,93.0,100.0,106.0,111.0,116.0,0.021022573502062488,0.9997790012814584
205.0,79.0,88.0,108.0,106.0,101.0,116.0,151.0,113.0,125.0,131.0,154.0,136.0,141.0,115.0,94.0,97.0,114.0,145.0,158.0,152.0,133.0,126.0,112.0,115.0,117.0,111.0,112.0,131.0,140.0,142.0,141.0,137.0,131.0,123.0,126.0,135.0,134.0,128.0,128.0,123.0,117.0,123.0,130.0,132.0,132.0,130.0,126.0,126.0,130.0,160.0,120.0,99.0,132.0,162.0,162.0,135.0,106.0,94.0,110.0,132.0,137.0,123.0,110.0,116.0,139.0,163.0,165.0,131.0,75.0,55.0,55.0,66.0,167.0,205.0,205.0,200.0,149.0,102.0,67.0,55.0,64.0,100.0,144.0,178.0,196.0,194.0,179.0,160.0,139.0,119.0,105.0,101.0,105.0,111.0,115.0,112.0,109.0,109.0,115.0,0.31521241279708256,0.9490211456119625
205.0,154.0,106.0,80.0,134.0,97.0,106.0,108.0,147.0,117.0,126.0,141.0,144.0,141.0,138.0,131.0,105.0,112.0,111.0,133.0,141.0,139.0,134.0,132.0,123.0,122.0,125.0,113.0,115.0,129.0,138.0,138.0,138.0,135.0,132.0,123.0,125.0,134.0,133.0,129.0,130.0,125.0,118.0,122.0,127.0,131.0,133.0,132.0,126.0,125.0,121.0,149.0,155.0,143.0,118.0,138.0,116.0,109.0,130.0,161.0,174.0,164.0,150.0,139.0,136.0,126.0,112.0,77.0,55.0,70.0,133.0,192.0,205.0,205.0,161.0,90.0,62.0,85.0,125.0,147.0,131.0,85.0,55.0,55.0,114.0,186.0,205.0,205.0,199.0,134.0,102.0,98.0,114.0,134.0,141.0,129.0,111.0,103.0,108.0,124.0,0.5813092542505858,0.8136827089981867
187.0,205.0,149.0,107.0,91.0,132.0,92.0,105.0,113.0,150.0,117.0,128.0,144.0,145.0,141.0,137.0,127.0,103.0,110.0,114.0,138.0,145.0,141.0,134.0,130.0,121.0,122.0,123.0,113.0,116.0,131.0,139.0,140.0,139.0,135.0,131.0,123.0,127.0,135.0,133.0,129.0,130.0,125.0,118.0,123.0,129.0,132.0,133.0,132.0,126.0,106.0,89.0,107.0,112.0,116.0,136.0,133.0,111.0,100.0,91.0,98.0,111.0,114.0,111.0,132.0,159.0,175.0,176.0,157.0,116.0,80.0,70.0,75.0,96.0,120.0,145.0,171.0,200.0,205.0,205.0,184.0,131.0,71.0,55.0,55.0,55.0,92.0,152.0,171.0,163.0,141.0,122.0,114.0,117.0,126.0,131.0,130.0,125.0,121.0,119.0,0.7955974772553445,0.6058255971687988
64.0,96.0,111.0,107.0,98.0,120.0,140.0,113.0,128.0,142.0,157.0,137.0,132.0,94.0,77.0,85.0,123.0,164.0,178.0,163.0,134.0,116.0,100.0,107.0,107.0,104.0,109.0,136.0,150.0,152.0,143.0,135.0,127.0,122.0,133.0,139.0,135.0,124.0,123.0,119.0,118.0,126.0,134.0,135.0,132.0,127.0,124.0,128.0,134.0,135.0,135.0,122.0,113.0,101.0,124.0,127.0,134.0,121.0,144.0,119.0,115.0,97.0,104.0,114.0,137.0,137.0,136.0,143.0,156.0,168.0,162.0,134.0,88.0,59.0,56.0,92.0,144.0,188.0,201.0,190.0,166.0,144.0,127.0,115.0,104.0,91.0,84.0,89.0,104.0,126.0,148.0,160.0,158.0,140.0,123.0,118.0,126.0,137.0,139.0,134.0,0.9389788536263874,0.3439748718183862
205.0,154.0,106.0,108.0,114.0,113.0,89.0,135.0,131.0,137.0,118.0,150.0,131.0,147.0,157.0,149.0,134.0,113.0,105.0,107.0,125.0,128.0,146.0,144.0,138.0,136.0,131.0,118.0,119.0,130.0,132.0,134.0,132.0,136.0,131.0,124.0,126.0,134.0,131.0,132.0,135.0,127.0,119.0,121.0,127.0,131.0,136.0,133.0,127.0,123.0,181.0,141.0,112.0,125.0,130.0,135.0,99.0,125.0,145.0,169.0,140.0,103.0,74.0,97.0,129.0,145.0,154.0,150.0,136.0,138.0,165.0,174.0,158.0,112.0,57.0,55.0,55.0,55.0,71.0,174.0,205.0,205.0,205.0,205.0,157.0,55.0,55.0,55.0,55.0,62.0,144.0,202.0,205.0,189.0,166.0,147.0,141.0,144.0,147.0,142.0,0.9986746584995465,0.051467722611497776
84.0,71.0,121.0,95.0,121.0,130.0,130.0,109.0,124.0,158.0,142.0,147.0,116.0,95.0,75.0,97.0,129.0,167.0,172.0,153.0,133.0,110.0,103.0,108.0,110.0,104.0,119.0,136.0,145.0,146.0,144.0,138.0,127.0,122.0,131.0,137.0,131.0,128.0,124.0,117.0,117.0,128.0,134.0,134.0,131.0,126.0,124.0,128.0,134.0,134.0,127.0,126.0,111.0,117.0,122.0,140.0,123.0,117.0,115.0,128.0,128.0,114.0,98.0,93.0,109.0,133.0,147.0,141.0,131.0,131.0,139.0,143.0,137.0,114.0,84.0,76.0,107.0,162.0,205.0,205.0,186.0,121.0,71.0,60.0,88.0,137.0,174.0,182.0,161.0,128.0,102.0,93.0,100.0,113.0,120.0,119.0,116.0,116.0,123.0,132.0,0.9693645616804356,-0.24562643700973427
67.0,55.0,151.0,176.0,131.0,164.0,147.0,166.0,105.0,146.0,126.0,125.0,98.0,122.0,122.0,136.0,159.0,152.0,142.0,114.0,107.0,106.0,127.0,128.0,143.0,141.0,136.0,140.0,143.0,129.0,115.0,116.0,114.0,120.0,123.0,133.0,132.0,123.0,121.0,128.0,128.0,130.0,137.0,135.0,127.0,124.0,125.0,125.0,130.0,130.0,167.0,125.0,95.0,107.0,117.0,131.0,118.0,109.0,105.0,112.0,119.0,128.0,129.0,121.0,109.0,93.0,82.0,83.0,97.0,115.0,138.0,163.0,184.0,197.0,197.0,176.0,130.0,79.0,55.0,55.0,55.0,131.0,194.0,205.0,205.0,205.0,182.0,137.0,100.0,79.0,71.0,72.0,74.0,78.0,84.0,94.0,106.0,119.0,132.0,143.0,0.8536607968668548,-0.5208293807886095
55.0,121.0,115.0,174.0,133.0,157.0,169.0,119.0,135.0,110.0,149.0,94.0,135.0,104.0,113.0,106.0,128.0,138.0,150.0,147.0,132.0,134.0,114.0,120.0,119.0,124.0,121.0,139.0,134.0,126.0,123.0,123.0,125.0,122.0,126.0,132.0,132.0,123.0,127.0,125.0,123.0,128.0,136.0,134.0,130.0,126.0,122.0,124.0,130.0,134.0,146.0,112.0,109.0,108.0,131.0,154.0,147.0,125.0,114.0,132.0,161.0,164.0,121.0,67.0,55.0,55.0,55.0,126.0,143.0,135.0,137.0,160.0,195.0,205.0,174.0,83.0,55.0,55.0,55.0,76.0,185.0,205.0,205.0,192.0,147.0,140.0,162.0,189.0,193.0,165.0,116.0,73.0,55.0,55.0,78.0,96.0,102.0,100.0,102.0,114.0,0.6618753488766649,-0.7496139156588498
55.0,55.0,127.0,156.0,156.0,146.0,167.0,121.0,122.0,117.0,139.0,120.0,122.0,104.0,76.0,79.0,101.0,146.0,177.0,181.0,156.0,131.0,103.0,96.0,103.0,108.0,116.0,132.0,138.0,135.0,132.0,131.0,128.0,121.0,123.0,134.0,134.0,127.0,125.0,121.0,117.0,126.0,137.0,139.0,133.0,125.0,119.0,122.0,132.0,139.0,148.0,158.0,138.0,118.0,98.0,125.0,133.0,136.0,139.0,148.0,152.0,154.0,145.0,133.0,130.0,120.0,106.0,110.0,144.0,184.0,205.0,205.0,178.0,106.0,55.0,55.0,55.0,138.0,200.0,205.0,179.0,114.0,64.0,55.0,86.0,126.0,139.0,124.0,96.0,76.0,82.0,110.0,145.0,169.0,177.0,171.0,161.0,155.0,154.0,156.0,0.4111009080916001,-0.9115898438257536
122.0,165.0,172.0,139.0,161.0,163.0,131.0,127.0,136.0,137.0,104.0,112.0,118.0,135.0,159.0,179.0,162.0,129.0,94.0,85.0,105.0,127.0,147.0,154.0,149.0,142.0,149.0,139.0,122.0,111.0,111.0,113.0,119.0,129.0,135.0,129.0,120.0,124.0,130.0,132.0,137.0,140.0,130.0,124.0,123.0,126.0,130.0,133.0,130.0,125.0,102.0,126.0,135.0,145.0,89.0,103.0,94.0,80.0,86.0,98.0,135.0,172.0,202.0,196.0,197.0,166.0,117.0,62.0,55.0,55.0,55.0,103.0,199.0,205.0,205.0,205.0,205.0,158.0,100.0,56.0,55.0,55.0,55.0,55.0,90.0,160.0,189.0,192.0,172.0,144.0,124.0,117.0,114.0,116.0,121.0,124.0,120.0,114.0,112.0,117.0,0.12368750115294948,-0.9923212191919203
155.0,55.0,84.0,108.0,167.0,143.0,151.0,162.0,131.0,127.0,115.0,147.0,106.0,130.0,104.0,99.0,86.0,108.0,134.0,163.0,170.0,153.0,139.0,110.0,104.0,106.0,114.0,115.0,133.0,136.0,132.0,129.0,128.0,129.0,123.0,123.0,132.0,134.0,125.0,126.0,124.0,120.0,125.0,135.0,137.0,133.0,128.0,121.0,121.0,129.0,158.0,129.0,121.0,118.0,111.0,101.0,85.0,84.0,97.0,126.0,141.0,144.0,142.0,151.0,164.0,172.0,150.0,99.0,56.0,55.0,78.0,160.0,205.0,205.0,205.0,136.0,95.0,90.0,116.0,147.0,160.0,145.0,113.0,84.0,70.0,77.0,95.0,113.0,120.0,120.0,118.0,124.0,135.0,151.0,158.0,151.0,134.0,124.0,126.0,136.0,-0.17474943329236053,-0.984612936926993
55.0,82.0,158.0,138.0,159.0,134.0,179.0,109.0,137.0,112.0,138.0,107.0,125.0,108.0,91.0,101.0,112.0,149.0,160.0,164.0,140.0,131.0,106.0,109.0,112.0,115.0,122.0,136.0,135.0,128.0,127.0,124.0,125.0,124.0,132.0,136.0,128.0,120.0,124.0,123.0,123.0,130.0,136.0,134.0,129.0,125.0,121.0,125.0,132.0,136.0,151.0,155.0,141.0,136.0,117.0,91.0,93.0,137.0,171.0,175.0,170.0,163.0,164.0,170.0,159.0,108.0,55.0,55.0,55.0,74.0,200.0,205.0,205.0,205.0,128.0,93.0,90.0,95.0,81.0,55.0,55.0,55.0,95.0,181.0,205.0,205.0,175.0,123.0,94.0,95.0,123.0,152.0,166.0,158.0,136.0,115.0,110.0,122.0,138.0,146.0,-0.4576119954954004,-0.8891519901449457
55.0,144.0,150.0,169.0,126.0,171.0,155.0,130.0,125.0,131.0,134.0,97.0,123.0,114.0,135.0,142.0,162.0,147.0,134.0,110.0,100.0,114.0,124.0,141.0,145.0,142.0,134.0,145.0,133.0,120.0,114.0,116.0,117.0,122.0,128.0,133.0,128.0,120.0,126.0,128.0,129.0,134.0,138.0,130.0,125.0,124.0,125.0,128.0,131.0,130.0,135.0,103.0,100.0,130.0,111.0,123.0,144.0,139.0,139.0,113.0,105.0,103.0,116.0,111.0,119.0,122.0,142.0,176.0,199.0,193.0,169.0,133.0,83.0,55.0,55.0,55.0,88.0,137.0,189.0,205.0,205.0,205.0,179.0,102.0,55.0,55.0,55.0,55.0,85.0,137.0,152.0,153.0,148.0,144.0,149.0,157.0,159.0,155.0,147.0,136.0,-0.6996903363931117,-0.7144462423150493
140.0,128.0,169.0,129.0,134.0,125.0,144.0,96.0,109.0,121.0,136.0,136.0,134.0,116.0,91.0,102.0,121.0,157.0,164.0,152.0,129.0,116.0,108.0,124.0,134.0,122.0,111.0,115.0,122.0,129.0,137.0,137.0,131.0,120.0,124.0,133.0,132.0,129.0,132.0,129.0,124.0,128.0,130.0,129.0,128.0,127.0,127.0,131.0,136.0,136.0,161.0,153.0,108.0,105.0,115.0,140.0,132.0,118.0,102.0,114.0,128.0,132.0,129.0,122.0,114.0,112.0,113.0,107.0,107.0,111.0,114.0,123.0,147.0,168.0,175.0,169.0,149.0,121.0,100.0,92.0,94.0,103.0,122.0,147.0,170.0,187.0,189.0,176.0,151.0,125.0,103.0,90.0,86.0,89.0,95.0,102.0,108.0,113.0,117.0,126.0,-0.8794094607371574,-0.47606617225547754
205.0,97.0,118.0,105.0,119.0,93.0,130.0,143.0,130.0,128.0,129.0,144.0,150.0,187.0,174.0,155.0,106.0,79.0,79.0,105.0,132.0,156.0,165.0,151.0,149.0,136.0,123.0,116.0,123.0,125.0,128.0,130.0,136.0,134.0,123.0,124.0,131.0,133.0,136.0,139.0,130.0,119.0,118.0,124.0,132.0,138.0,135.0,125.0,119.0,119.0,152.0,112.0,110.0,148.0,161.0,154.0,124.0,99.0,95.0,117.0,136.0,137.0,124.0,112.0,118.0,144.0,165.0,160.0,118.0,61.0,55.0,55.0,97.0,181.0,205.0,205.0,185.0,131.0,85.0,58.0,55.0,76.0,116.0,156.0,185.0,195.0,190.0,174.0,155.0,133.0,113.0,102.0,101.0,107.0,113.0,115.0,111.0,108.0,110.0,117.0,-0.980752077433328,-0.19525717044506
77.0,123.0,105.0,102.0,123.0,134.0,127.0,119.0,151.0,131.0,145.0,142.0,140.0,118.0,114.0,108.0,120.0,131.0,131.0,139.0,135.0,130.0,128.0,127.0,114.0,117.0,130.0,134.0,136.0,134.0,134.0,130.0,123.0,125.0,134.0,134.0,129.0,130.0,124.0,119.0,123.0,127.0,130.0,131.0,129.0,127.0,129.0,131.0,127.0,123.0,132.0,121.0,124.0,161.0,124.0,137.0,123.0,115.0,100.0,136.0,160.0,174.0,160.0,144.0,138.0,134.0,126.0,107.0,76.0,55.0,71.0,132.0,190.0,205.0,205.0,154.0,86.0,63.0,87.0,126.0,149.0,137.0,93.0,56.0,55.0,105.0,170.0,205.0,205.0,197.0,146.0,116.0,110.0,119.0,133.0,135.0,122.0,106.0,99.0,105.0,-0.9946861249367349,0.10295393561366233
201.0,102.0,71.0,127.0,105.0,109.0,116.0,136.0,119.0,122.0,150.0,137.0,144.0,141.0,134.0,110.0,112.0,110.0,128.0,137.0,134.0,136.0,133.0,127.0,126.0,126.0,114.0,117.0,129.0,135.0,137.0,135.0,134.0,130.0,123.0,125.0,134.0,131.0,129.0,131.0,125.0,118.0,122.0,127.0,130.0,133.0,131.0,126.0,124.0,126.0,161.0,116.0,74.0,81.0,124.0,134.0,121.0,119.0,125.0,116.0,113.0,96.0,93.0,104.0,114.0,115.0,132.0,158.0,174.0,177.0,160.0,122.0,87.0,72.0,73.0,89.0,118.0,148.0,173.0,199.0,205.0,205.0,185.0,135.0,79.0,55.0,55.0,55.0,102.0,149.0,168.0,160.0,139.0,121.0,114.0,119.0,127.0,133.0,132.0,128.0,-0.9199697448987055,0.39198937290570857
205.0,202.0,75.0,92.0,89.0,121.0,84.0,117.0,136.0,129.0,121.0,136.0,153.0,136.0,139.0,110.0,94.0,84.0,112.0,142.0,169.0,162.0,143.0,125.0,109.0,108.0,111.0,110.0,108.0,128.0,140.0,146.0,144.0,141.0,133.0,124.0,125.0,135.0,137.0,129.0,128.0,122.0,117.0,120.0,130.0,134.0,133.0,130.0,126.0,125.0,130.0,125.0,122.0,144.0,133.0,156.0,140.0,132.0,117.0,119.0,108.0,96.0,81.0,75.0,94.0,139.0,184.0,204.0,197.0,166.0,129.0,94.0,70.0,57.0,56.0,79.0,119.0,164.0,198.0,205.0,204.0,179.0,153.0,130.0,114.0,106.0,103.0,103.0,103.0,104.0,105.0,111.0,120.0,128.0,133.0,135.0,136.0,138.0,140.0,140.0,-0.7632619615769087,0.6460891409161506
205.0,151.0,86.0,114.0,107.0,117.0,89.0,138.0,127.0,133.0,121.0,148.0,133.0,146.0,159.0,145.0,134.0,107.0,100.0,104.0,128.0,134.0,148.0,140.0,133.0,135.0,130.0,119.0,120.0,129.0,129.0,132.0,131.0,136.0,130.0,123.0,126.0,133.0,130.0,132.0,134.0,125.0,118.0,121.0,126.0,131.0,135.0,132.0,125.0,122.0,169.0,144.0,120.0,133.0,144.0,157.0,127.0,103.0,138.0,150.0,166.0,138.0,107.0,83.0,107.0,128.0,150.0,166.0,161.0,138.0,138.0,162.0,172.0,162.0,121.0,65.0,55.0,55.0,55.0,97.0,180.0,205.0,205.0,205.0,205.0,121.0,56.0,55.0,55.0,55.0,69.0,135.0,160.0,169.0,170.0,169.0,164.0,160.0,154.0,151.0,-0.5385292028145306,0.8426068464687111
70.0,89.0,122.0,94.0,116.0,125.0,130.0,108.0,139.0,153.0,151.0,136.0,111.0,82.0,74.0,102.0,142.0,178.0,173.0,152.0,124.0,106.0,100.0,107.0,106.0,105.0,122.0,140.0,148.0,147.0,145.0,135.0,125.0,123.0,134.0,138.0,131.0,126.0,122.0,115.0,119.0,130.0,135.0,134.0,130.0,125.0,124.0,130.0,135.0,135.0,112.0,99.0,100.0,94.0,106.0,114.0,119.0,118.0,124.0,132.0,152.0,156.0,144.0,121.0,95.0,74.0,72.0,94.0,115.0,148.0,182.0,202.0,195.0,162.0,107.0,61.0,55.0,95.0,155.0,197.0,199.0,155.0,92.0,56.0,55.0,96.0,146.0,180.0,184.0,164.0,136.0,113.0,103.0,105.0,111.0,114.0,113.0,112.0,116.0,124.0,-0.2658005558255045,0.964028041357124
99.0,112.0,193.0,110.0,188.0,146.0,157.0,103.0,138.0,132.0,112.0,116.0,114.0,128.0,124.0,159.0,139.0,144.0,115.0,114.0,117.0,127.0,130.0,137.0,138.0,130.0,143.0,136.0,126.0,115.0,118.0,116.0,122.0,124.0,133.0,131.0,122.0,124.0,128.0,126.0,130.0,138.0,133.0,127.0,125.0,124.0,125.0,130.0,131.0,129.0,143.0,136.0,99.0,109.0,126.0,133.0,119.0,104.0,104.0,119.0,126.0,118.0,120.0,122.0,125.0,115.0,97.0,81.0,82.0,97.0,116.0,139.0,163.0,185.0,197.0,197.0,176.0,133.0,81.0,55.0,55.0,55.0,122.0,192.0,205.0,205.0,205.0,180.0,133.0,100.0,82.0,75.0,74.0,74.0,77.0,83.0,95.0,108.0,122.0,133.0,0.03061730560408721,0.9995311804028656
108.0,57.0,55.0,103.0,197.0,109.0,188.0,125.0,178.0,92.0,149.0,122.0,125.0,107.0,117.0,121.0,108.0,141.0,128.0,150.0,131.0,134.0,121.0,128.0,118.0,128.0,130.0,124.0,135.0,137.0,131.0,119.0,122.0,117.0,122.0,122.0,137.0,138.0,126.0,119.0,124.0,124.0,128.0,138.0,136.0,130.0,125.0,123.0,123.0,129.0,161.0,118.0,97.0,90.0,97.0,130.0,140.0,130.0,125.0,132.0,166.0,195.0,183.0,124.0,57.0,55.0,55.0,55.0,67.0,143.0,179.0,205.0,205.0,205.0,205.0,106.0,55.0,55.0,55.0,55.0,94.0,205.0,205.0,193.0,151.0,139.0,156.0,185.0,200.0,186.0,146.0,99.0,67.0,58.0,70.0,86.0,94.0,95.0,97.0,107.0,0.3243064296320765,0.9459520810798479
59.0,146.0,196.0,138.0,162.0,152.0,160.0,114.0,138.0,138.0,119.0,104.0,113.0,127.0,143.0,172.0,167.0,151.0,111.0,90.0,90.0,115.0,135.0,153.0,155.0,146.0,148.0,145.0,130.0,113.0,112.0,111.0,116.0,123.0,133.0,133.0,123.0,121.0,128.0,131.0,133.0,140.0,136.0,126.0,123.0,124.0,128.0,132.0,133.0,128.0,151.0,135.0,104.0,111.0,141.0,126.0,120.0,136.0,145.0,125.0,107.0,91.0,108.0,144.0,164.0,162.0,162.0,163.0,162.0,162.0,140.0,91.0,55.0,55.0,55.0,100.0,197.0,205.0,205.0,176.0,125.0,99.0,103.0,114.0,105.0,76.0,55.0,55.0,78.0,132.0,180.0,202.0,198.0,177.0,153.0,139.0,138.0,144.0,143.0,132.0,0.5890920604670209,0.8080659281857637
205.0,84.0,94.0,96.0,125.0,90.0,108.0,131.0,127.0,120.0,133.0,157.0,136.0,141.0,119.0,104.0,93.0,112.0,132.0,155.0,153.0,139.0,130.0,116.0,114.0,117.0,115.0,108.0,124.0,137.0,142.0,141.0,139.0,134.0,125.0,123.0,132.0,136.0,129.0,128.0,125.0,119.0,119.0,128.0,132.0,133.0,131.0,127.0,125.0,128.0,184.0,156.0,104.0,112.0,103.0,89.0,86.0,100.0,129.0,159.0,170.0,173.0,187.0,185.0,159.0,104.0,55.0,55.0,55.0,60.0,179.0,205.0,205.0,205.0,205.0,151.0,88.0,55.0,55.0,55.0,55.0,59.0,145.0,192.0,205.0,197.0,156.0,108.0,80.0,79.0,97.0,120.0,135.0,134.0,125.0,118.0,118.0,126.0,139.0,150.0,0.8013754378650022,0.5981616901697031
192.0,205.0,197.0,91.0,122.0,92.0,124.0,85.0,141.0,134.0,134.0,124.0,134.0,139.0,146.0,179.0,163.0,152.0,107.0,89.0,86.0,110.0,128.0,152.0,157.0,147.0,146.0,134.0,122.0,117.0,126.0,126.0,129.0,129.0,136.0,132.0,123.0,125.0,130.0,129.0,133.0,141.0,133.0,121.0,115.0,120.0,130.0,139.0,137.0,127.0,164.0,129.0,92.0,77.0,100.0,112.0,104.0,123.0,143.0,133.0,119.0,111.0,129.0,161.0,169.0,134.0,94.0,81.0,106.0,150.0,179.0,167.0,124.0,89.0,83.0,109.0,154.0,184.0,184.0,165.0,144.0,129.0,118.0,106.0,84.0,61.0,55.0,70.0,113.0,163.0,200.0,205.0,186.0,152.0,123.0,111.0,114.0,122.0,125.0,120.0,0.9422370135439098,0.3349468768444542
81.0,106.0,84.0,118.0,122.0,145.0,103.0,129.0,144.0,154.0,137.0,126.0,98.0,81.0,96.0,124.0,161.0,166.0,154.0,129.0,116.0,104.0,111.0,111.0,107.0,115.0,134.0,144.0,144.0,143.0,136.0,128.0,121.0,130.0,137.0,132.0,126.0,125.0,119.0,117.0,126.0,133.0,133.0,131.0,127.0,124.0,127.0,132.0,133.0,131.0,143.0,108.0,105.0,127.0,147.0,142.0,125.0,125.0,149.0,150.0,134.0,101.0,73.0,65.0,92.0,138.0,177.0,188.0,166.0,135.0,114.0,106.0,97.0,78.0,55.0,55.0,55.0,128.0,193.0,205.0,205.0,205.0,153.0,101.0,65.0,56.0,75.0,114.0,153.0,176.0,180.0,170.0,156.0,144.0,131.0,119.0,110.0,108.0,111.0,115.0,0.9991226374105366,0.04188025088049673
189.0,130.0,98.0,104.0,123.0,89.0,127.0,127.0,144.0,111.0,145.0,130.0,148.0,160.0,171.0,155.0,124.0,97.0,83.0,104.0,117.0,147.0,154.0,152.0,142.0,139.0,124.0,118.0,123.0,126.0,129.0,128.0,134.0,134.0,126.0,122.0,130.0,131.0,132.0,136.0,132.0,121.0,118.0,122.0,129.0,135.0,136.0,129.0,121.0,120.0,155.0,142.0,116.0,135.0,149.0,138.0,121.0,110.0,113.0,120.0,120.0,116.0,123.0,143.0,178.0,202.0,197.0,170.0,141.0,105.0,71.0,65.0,76.0,89.0,120.0,172.0,205.0,205.0,205.0,166.0,98.0,55.0,55.0,55.0,94.0,116.0,118.0,108.0,102.0,109.0,127.0,152.0,173.0,179.0,172.0,161.0,150.0,142.0,138.0,134.0,0.9669624339028186,-0.2549189114615416
130.0,68.0,91.0,121.0,99.0,106.0,123.0,138.0,113.0,130.0,150.0,151.0,140.0,122.0,91.0,75.0,91.0,130.0,170.0,178.0,159.0,131.0,111.0,99.0,107.0,108.0,105.0,116.0,137.0,147.0,148.0,146.0,138.0,128.0,122.0,130.0,136.0,131.0,129.0,130.0,122.0,116.0,121.0,131.0,135.0,135.0,129.0,125.0,127.0,133.0,126.0,110.0,116.0,126.0,137.0,118.0,106.0,109.0,126.0,130.0,132.0,120.0,111.0,109.0,108.0,106.0,110.0,113.0,115.0,132.0,157.0,173.0,174.0,162.0,137.0,109.0,94.0,92.0,97.0,109.0,132.0,157.0,178.0,190.0,185.0,165.0,139.0,114.0,96.0,87.0,87.0,92.0,98.0,105.0,110.0,114.0,120.0,129.0,139.0,145.0,0.8486226496882289,-0.5289986752687852
147.0,55.0,55.0,84.0,185.0,128.0,161.0,144.0,158.0,119.0,120.0,135.0,114.0,126.0,110.0,103.0,75.0,96.0,115.0,162.0,176.0,167.0,144.0,116.0,99.0,101.0,110.0,111.0,126.0,135.0,135.0,130.0,131.0,129.0,125.0,121.0,129.0,135.0,129.0,126.0,124.0,119.0,120.0,132.0,137.0,136.0,130.0,122.0,120.0,126.0,156.0,131.0,90.0,117.0,155.0,172.0,149.0,117.0,95.0,99.0,124.0,137.0,136.0,121.0,113.0,122.0,149.0,167.0,156.0,110.0,56.0,55.0,55.0,118.0,190.0,205.0,205.0,178.0,124.0,80.0,56.0,55.0,82.0,122.0,162.0,188.0,196.0,188.0,172.0,152.0,130.0,111.0,102.0,102.0,109.0,114.0,115.0,111.0,108.0,111.0,0.6546502022342684,-0.7559319497908733
55.0,91.0,119.0,195.0,110.0,183.0,142.0,159.0,104.0,143.0,131.0,113.0,112.0,114.0,127.0,126.0,160.0,140.0,144.0,114.0,113.0,113.0,125.0,129.0,142.0,143.0,132.0,139.0,133.0,125.0,117.0,121.0,117.0,121.0,123.0,132.0,131.0,123.0,125.0,128.0,127.0,130.0,137.0,133.0,127.0,125.0,124.0,125.0,130.0,131.0,172.0,145.0,110.0,129.0,119.0,116.0,134.0,156.0,168.0,162.0,152.0,142.0,138.0,125.0,109.0,76.0,55.0,69.0,132.0,191.0,205.0,205.0,162.0,92.0,62.0,84.0,123.0,146.0,132.0,87.0,55.0,55.0,111.0,184.0,205.0,205.0,200.0,135.0,102.0,98.0,113.0,134.0,141.0,129.0,111.0,103.0,107.0,123.0,139.0,145.0,0.40233269610982575,-0.9154935290000682
55.0,118.0,183.0,117.0,173.0,131.0,186.0,99.0,150.0,112.0,138.0,98.0,127.0,115.0,112.0,133.0,129.0,149.0,135.0,139.0,121.0,132.0,116.0,128.0,128.0,126.0,131.0,140.0,132.0,121.0,123.0,120.0,125.0,121.0,131.0,133.0,128.0,121.0,126.0,123.0,123.0,138.0,143.0,136.0,125.0,120.0,121.0,128.0,135.0,135.0,102.0,77.0,99.0,123.0,123.0,130.0,128.0,116.0,105.0,92.0,89.0,103.0,115.0,115.0,127.0,149.0,165.0,172.0,167.0,138.0,99.0,74.0,67.0,77.0,105.0,139.0,167.0,192.0,205.0,205.0,204.0,155.0,98.0,55.0,55.0,55.0,57.0,136.0,167.0,169.0,151.0,128.0,115.0,115.0,123.0,130.0,131.0,127.0,122.0,119.0,0.11415768214459779,-0.993462643287292
188.0,136.0,159.0,160.0,136.0,123.0,134.0,142.0,106.0,110.0,109.0,132.0,152.0,183.0,166.0,138.0,97.0,82.0,98.0,121.0,144.0,153.0,152.0,143.0,150.0,141.0,124.0,111.0,111.0,112.0,117.0,127.0,134.0,130.0,119.0,123.0,128.0,131.0,136.0,140.0,132.0,123.0,122.0,124.0,129.0,133.0,131.0,125.0,124.0,126.0,141.0,103.0,70.0,102.0,123.0,137.0,133.0,117.0,117.0,97.0,99.0,102.0,128.0,133.0,137.0,135.0,147.0,160.0,163.0,140.0,91.0,55.0,55.0,55.0,120.0,177.0,204.0,199.0,178.0,164.0,161.0,158.0,137.0,94.0,55.0,55.0,55.0,61.0,165.0,205.0,205.0,205.0,160.0,123.0,107.0,108.0,113.0,113.0,105.0,96.0,-0.1841915235335146,-0.9828903716378561
205.0,205.0,119.0,75.0,118.0,107.0,114.0,93.0,142.0,119.0,129.0,129.0,152.0,134.0,143.0,144.0,125.0,120.0,108.0,116.0,124.0,135.0,133.0,141.0,134.0,126.0,126.0,117.0,116.0,128.0,139.0,133.0,131.0,130.0,134.0,129.0,125.0,131.0,133.0,127.0,130.0,131.0,123.0,120.0,124.0,128.0,131.0,134.0,130.0,125.0,131.0,103.0,78.0,67.0,104.0,147.0,179.0,176.0,136.0,104.0,113.0,135.0,135.0,115.0,87.0,71.0,101.0,179.0,205.0,205.0,205.0,82.0,55.0,55.0,55.0,55.0,128.0,205.0,205.0,205.0,205.0,205.0,80.0,55.0,55.0,55.0,55.0,84.0,205.0,205.0,205.0,205.0,156.0,126.0,120.0,127.0,130.0,121.0,102.0,87.0,-0.4661248399161091,-0.8847189574170894
73.0,102.0,82.0,117.0,112.0,155.0,94.0,125.0,134.0,162.0,142.0,133.0,105.0,78.0,91.0,111.0,155.0,166.0,162.0,136.0,123.0,105.0,110.0,111.0,105.0,110.0,130.0,142.0,144.0,145.0,139.0,132.0,122.0,127.0,135.0,134.0,127.0,126.0,121.0,116.0,123.0,131.0,134.0,132.0,128.0,124.0,125.0,131.0,133.0,132.0,131.0,148.0,151.0,152.0,116.0,130.0,138.0,135.0,113.0,108.0,104.0,115.0,128.0,140.0,148.0,147.0,143.0,141.0,141.0,136.0,129.0,113.0,98.0,105.0,145.0,188.0,205.0,205.0,161.0,90.0,55.0,55.0,55.0,146.0,205.0,205.0,205.0,146.0,84.0,55.0,55.0,55.0,96.0,118.0,130.0,137.0,142.0,149.0,154.0,155.0,-0.7065152360645653,-0.7076978318524308
55.0,124.0,124.0,190.0,110.0,182.0,148.0,148.0,111.0,137.0,134.0,108.0,118.0,114.0,130.0,131.0,162.0,142.0,139.0,111.0,109.0,116.0,127.0,134.0,139.0,139.0,131.0,145.0,137.0,125.0,114.0,117.0,116.0,122.0,126.0,134.0,130.0,121.0,125.0,128.0,128.0,131.0,138.0,132.0,127.0,124.0,124.0,126.0,130.0,131.0,142.0,120.0,92.0,101.0,111.0,125.0,118.0,111.0,116.0,123.0,127.0,114.0,100.0,82.0,80.0,90.0,106.0,125.0,150.0,176.0,193.0,200.0,186.0,150.0,98.0,56.0,55.0,55.0,78.0,165.0,205.0,205.0,205.0,205.0,149.0,110.0,86.0,75.0,72.0,72.0,74.0,77.0,86.0,102.0,119.0,132.0,136.0,141.0,149.0,159.0,-0.8839381531546004,-0.46760382953696406
205.0,112.0,176.0,152.0,142.0,123.0,128.0,142.0,98.0,131.0,108.0,131.0,120.0,154.0,138.0,143.0,124.0,118.0,126.0,124.0,132.0,132.0,136.0,128.0,144.0,135.0,126.0,118.0,121.0,121.0,123.0,127.0,134.0,132.0,122.0,128.0,128.0,127.0,131.0,138.0,133.0,129.0,127.0,125.0,126.0,132.0,132.0,130.0,130.0,131.0,156.0,115.0,98.0,106.0,114.0,151.0,156.0,133.0,117.0,118.0,144.0,166.0,151.0,96.0,55.0,55.0,55.0,86.0,138.0,141.0,134.0,144.0,174.0,205.0,205.0,139.0,55.0,55.0,55.0,55.0,101.0,205.0,205.0,205.0,166.0,138.0,146.0,175.0,195.0,185.0,145.0,95.0,60.0,55.0,65.0,87.0,100.0,101.0,99.0,105.0,-0.9825809473165772,-0.1858350934846745
63.0,55.0,91.0,162.0,145.0,146.0,153.0,155.0,125.0,117.0,133.0,122.0,123.0,114.0,95.0,71.0,83.0,116.0,164.0,188.0,176.0,148.0,115.0,94.0,96.0,105.0,109.0,122.0,136.0,138.0,135.0,133.0,131.0,126.0,120.0,126.0,134.0,133.0,130.0,127.0,116.0,115.0,128.0,140.0,141.0,133.0,122.0,118.0,124.0,136.0,87.0,135.0,154.0,135.0,125.0,98.0,117.0,129.0,133.0,133.0,145.0,150.0,153.0,148.0,134.0,130.0,123.0,109.0,103.0,130.0,169.0,204.0,205.0,205.0,130.0,66.0,55.0,55.0,105.0,182.0,205.0,205.0,136.0,78.0,55.0,71.0,111.0,136.0,131.0,105.0,82.0,78.0,99.0,134.0,161.0,174.0,172.0,161.0,153.0,156.0,-0.9936521760470753,0.11249601342675204
55.0,91.0,192.0,112.0,179.0,130.0,177.0,102.0,138.0,123.0,123.0,115.0,116.0,115.0,92.0,118.0,118.0,154.0,151.0,153.0,133.0,126.0,109.0,115.0,120.0,117.0,129.0,136.0,133.0,124.0,127.0,124.0,126.0,121.0,130.0,134.0,128.0,124.0,126.0,123.0,122.0,133.0,136.0,133.0,128.0,124.0,121.0,126.0,133.0,135.0,132.0,107.0,100.0,101.0,106.0,147.0,139.0,109.0,84.0,69.0,79.0,95.0,109.0,119.0,147.0,176.0,199.0,205.0,185.0,131.0,72.0,55.0,55.0,55.0,71.0,184.0,205.0,205.0,205.0,205.0,127.0,124.0,126.0,121.0,130.0,134.0,128.0,124.0,126.0,123.0,122.0,133.0,136.0,133.0,128.0,124.0,121.0,126.0,133.0,135.0,-0.9161651269191634,0.40080102322373534
205.0,92.0,73.0,114.0,108.0,117.0,112.0,144.0,105.0,126.0,138.0,155.0,139.0,138.0,122.0,99.0,105.0,114.0,140.0,147.0,144.0,132.0,130.0,118.0,120.0,121.0,113.0,113.0,129.0,139.0,140.0,139.0,135.0,132.0,123.0,125.0,134.0,134.0,128.0,129.0,125.0,118.0,122.0,128.0,131.0,132.0,131.0,126.0,125.0,128.0,146.0,130.0,120.0,89.0,83.0,80.0,106.0,124.0,143.0,142.0,143.0,150.0,164.0,174.0,156.0,108.0,57.0,55.0,55.0,155.0,205.0,205.0,205.0,137.0,94.0,89.0,115.0,146.0,161.0,149.0,120.0,92.0,77.0,78.0,91.0,105.0,112.0,116.0,120.0,130.0,143.0,155.0,157.0,149.0,136.0,128.0,127.0,132.0,137.0,136.0,-0.7570257573619243,0.6533850340271079
79.0,92.0,115.0,107.0,97.0,111.0,145.0,113.0,128.0,135.0,157.0,135.0,138.0,111.0,93.0,96.0,116.0,147.0,159.0,153.0,133.0,125.0,111.0,114.0,115.0,111.0,112.0,131.0,141.0,143.0,142.0,137.0,130.0,121.0,124.0,134.0,139.0,132.0,130.0,118.0,113.0,120.0,132.0,135.0,133.0,129.0,124.0,125.0,130.0,133.0,152.0,143.0,118.0,102.0,125.0,156.0,162.0,151.0,133.0,125.0,137.0,150.0,139.0,111.0,84.0,73.0,97.0,142.0,180.0,191.0,169.0,133.0,111.0,109.0,111.0,96.0,68.0,55.0,68.0,122.0,186.0,205.0,205.0,174.0,123.0,89.0,84.0,104.0,133.0,152.0,153.0,138.0,120.0,114.0,122.0,136.0,144.0,140.0,129.0,122.0,-0.5304172079623722,0.8477367430384279
167.0,77.0,121.0,105.0,107.0,109.0,129.0,144.0,114.0,143.0,128.0,148.0,151.0,177.0,157.0,138.0,99.0,83.0,94.0,113.0,141.0,154.0,155.0,142.0,144.0,127.0,119.0,119.0,126.0,127.0,128.0,131.0,134.0,128.0,121.0,128.0,130.0,129.0,134.0,139.0,127.0,119.0,116.0,123.0,132.0,138.0,134.0,123.0,118.0,119.0,142.0,104.0,120.0,148.0,124.0,125.0,148.0,142.0,123.0,118.0,116.0,118.0,116.0,111.0,114.0,131.0,156.0,188.0,201.0,186.0,159.0,128.0,91.0,64.0,67.0,78.0,96.0,137.0,189.0,205.0,205.0,205.0,141.0,77.0,55.0,55.0,68.0,102.0,118.0,114.0,104.0,103.0,114.0,135.0,159.0,176.0,177.0,168.0,156.0,146.0,-0.25653574393943196,0.9665347443736527
199.0,84.0,88.0,111.0,107.0,100.0,111.0,146.0,114.0,127.0,133.0,156.0,135.0,140.0,115.0,95.0,98.0,115.0,144.0,156.0,151.0,134.0,127.0,113.0,116.0,117.0,112.0,111.0,130.0,140.0,142.0,141.0,138.0,132.0,123.0,126.0,135.0,135.0,128.0,129.0,124.0,118.0,121.0,130.0,132.0,132.0,131.0,126.0,126.0,129.0,130.0,117.0,118.0,119.0,123.0,113.0,117.0,120.0,125.0,126.0,124.0,115.0,111.0,110.0,105.0,107.0,110.0,113.0,123.0,147.0,168.0,175.0,168.0,147.0,119.0,97.0,90.0,91.0,101.0,125.0,153.0,174.0,183.0,183.0,172.0,152.0,126.0,103.0,88.0,84.0,87.0,95.0,103.0,109.0,112.0,116.0,125.0,135.0,143.0,147.0,0.040209217230744845,0.9991912824127774
55.0,90.0,93.0,202.0,105.0,185.0,139.0,156.0,104.0,131.0,138.0,112.0,130.0,106.0,121.0,104.0,146.0,132.0,152.0,130.0,127.0,124.0,123.0,124.0,128.0,132.0,123.0,139.0,135.0,128.0,119.0,122.0,120.0,123.0,123.0,133.0,133.0,124.0,125.0,127.0,125.0,128.0,137.0,134.0,130.0,126.0,123.0,124.0,129.0,132.0,170.0,141.0,103.0,83.0,89.0,115.0,139.0,146.0,149.0,149.0,153.0,159.0,158.0,130.0,82.0,55.0,55.0,55.0,91.0,205.0,205.0,205.0,205.0,143.0,89.0,55.0,55.0,55.0,55.0,106.0,147.0,177.0,192.0,189.0,174.0,152.0,131.0,117.0,114.0,118.0,122.0,120.0,112.0,104.0,102.0,109.0,120.0,130.0,135.0,139.0,0.333370571261706,0.9427958751589041
153.0,181.0,144.0,152.0,158.0,156.0,117.0,137.0,139.0,122.0,100.0,110.0,118.0,144.0,172.0,171.0,146.0,110.0,90.0,94.0,119.0,134.0,150.0,149.0,142.0,143.0,146.0,130.0,115.0,112.0,112.0,117.0,123.0,132.0,133.0,123.0,120.0,127.0,129.0,133.0,138.0,136.0,126.0,123.0,124.0,127.0,130.0,130.0,125.0,127.0,127.0,139.0,152.0,163.0,157.0,122.0,153.0,161.0,155.0,128.0,119.0,108.0,109.0,111.0,125.0,123.0,122.0,136.0,157.0,166.0,155.0,136.0,102.0,77.0,92.0,137.0,165.0,164.0,133.0,81.0,55.0,55.0,112.0,182.0,205.0,205.0,205.0,174.0,110.0,68.0,55.0,61.0,83.0,101.0,116.0,128.0,139.0,149.0,156.0,157.0,0.5968205993465365,0.8023747080981809
139.0,203.0,140.0,170.0,149.0,150.0,115.0,140.0,142.0,111.0,107.0,107.0,132.0,147.0,185.0,169.0,146.0,99.0,82.0,92.0,118.0,140.0,154.0,155.0,144.0,150.0,143.0,128.0,112.0,111.0,110.0,116.0,124.0,134.0,131.0,121.0,122.0,128.0,131.0,135.0,140.0,134.0,124.0,122.0,124.0,128.0,133.0,132.0,126.0,123.0,146.0,112.0,107.0,95.0,109.0,97.0,107.0,110.0,109.0,126.0,153.0,173.0,177.0,166.0,128.0,90.0,69.0,69.0,84.0,114.0,144.0,168.0,192.0,205.0,205.0,193.0,149.0,89.0,55.0,55.0,55.0,90.0,147.0,169.0,162.0,138.0,118.0,112.0,120.0,133.0,140.0,137.0,127.0,117.0,116.0,121.0,127.0,127.0,123.0,123.0,0.807079575529466,0.590442680336692
86.0,114.0,108.0,102.0,121.0,134.0,113.0,127.0,149.0,153.0,140.0,125.0,92.0,75.0,86.0,125.0,166.0,179.0,162.0,134.0,113.0,100.0,106.0,108.0,105.0,113.0,135.0,146.0,148.0,146.0,139.0,129.0,122.0,130.0,138.0,134.0,126.0,122.0,116.0,118.0,131.0,139.0,134.0,126.0,123.0,124.0,130.0,136.0,136.0,132.0,130.0,112.0,94.0,88.0,105.0,121.0,119.0,115.0,113.0,122.0,143.0,157.0,156.0,141.0,108.0,69.0,55.0,55.0,69.0,125.0,163.0,179.0,178.0,174.0,174.0,177.0,176.0,157.0,114.0,62.0,55.0,55.0,55.0,100.0,191.0,205.0,205.0,205.0,188.0,142.0,109.0,89.0,79.0,74.0,71.0,73.0,80.0,93.0,108.0,122.0,0.9454083743057317,0.3258880264639891
205.0,105.0,86.0,84.0,134.0,95.0,107.0,123.0,132.0,126.0,129.0,152.0,129.0,143.0,133.0,123.0,103.0,110.0,117.0,139.0,146.0,138.0,136.0,125.0,119.0,121.0,120.0,111.0,120.0,134.0,139.0,139.0,137.0,134.0,128.0,122.0,129.0,135.0,130.0,129.0,129.0,122.0,118.0,125.0,129.0,132.0,132.0,129.0,125.0,126.0,162.0,158.0,121.0,107.0,102.0,103.0,107.0,123.0,133.0,129.0,131.0,139.0,171.0,194.0,177.0,119.0,57.0,55.0,55.0,55.0,68.0,141.0,179.0,205.0,205.0,205.0,205.0,104.0,55.0,55.0,55.0,55.0,93.0,205.0,205.0,200.0,147.0,134.0,156.0,189.0,204.0,188.0,145.0,98.0,66.0,59.0,71.0,87.0,95.0,95.0,0.9994785768451333,0.032288921128258354
148.0,205.0,200.0,126.0,97.0,103.0,128.0,92.0,126.0,124.0,145.0,110.0,146.0,138.0,156.0,166.0,173.0,158.0,127.0,98.0,80.0,100.0,115.0,148.0,158.0,157.0,148.0,144.0,127.0,118.0,122.0,125.0,129.0,128.0,135.0,135.0,127.0,122.0,130.0,132.0,134.0,138.0,134.0,123.0,118.0,121.0,129.0,136.0,137.0,130.0,170.0,128.0,121.0,139.0,130.0,119.0,111.0,105.0,112.0,126.0,141.0,147.0,148.0,143.0,142.0,141.0,137.0,129.0,114.0,99.0,104.0,143.0,187.0,205.0,205.0,164.0,92.0,55.0,55.0,55.0,143.0,205.0,205.0,205.0,153.0,92.0,55.0,55.0,55.0,87.0,113.0,130.0,139.0,145.0,150.0,155.0,156.0,153.0,149.0,144.0,0.9644712292563824,-0.26418790270692294
55.0,128.0,116.0,182.0,116.0,178.0,157.0,132.0,123.0,123.0,142.0,96.0,132.0,108.0,130.0,125.0,154.0,139.0,139.0,120.0,113.0,124.0,123.0,134.0,134.0,136.0,129.0,144.0,134.0,123.0,116.0,118.0,119.0,122.0,128.0,134.0,130.0,121.0,126.0,127.0,127.0,132.0,138.0,132.0,127.0,125.0,124.0,126.0,131.0,131.0,144.0,108.0,81.0,81.0,120.0,127.0,115.0,118.0,135.0,122.0,108.0,81.0,72.0,82.0,103.0,115.0,134.0,162.0,189.0,205.0,202.0,164.0,103.0,56.0,55.0,55.0,55.0,139.0,205.0,205.0,205.0,205.0,205.0,134.0,72.0,55.0,55.0,55.0,55.0,116.0,145.0,150.0,141.0,128.0,121.0,123.0,132.0,142.0,146.0,144.0,0.8435063271371184,-0.5371192382326746
104.0,112.0,171.0,138.0,154.0,168.0,123.0,132.0,110.0,148.0,98.0,134.0,103.0,106.0,98.0,121.0,137.0,155.0,156.0,138.0,135.0,112.0,114.0,113.0,120.0,118.0,137.0,134.0,128.0,125.0,125.0,126.0,122.0,125.0,132.0,133.0,123.0,126.0,124.0,121.0,126.0,136.0,135.0,131.0,126.0,121.0,123.0,130.0,135.0,134.0,135.0,125.0,118.0,104.0,115.0,133.0,162.0,172.0,156.0,113.0,79.0,63.0,69.0,80.0,83.0,82.0,103.0,160.0,205.0,205.0,205.0,205.0,55.0,55.0,55.0,55.0,99.0,205.0,205.0,189.0,141.0,126.0,148.0,184.0,201.0,184.0,141.0,95.0,67.0,64.0,78.0,97.0,105.0,103.0,95.0,100.0,122.0,150.0,164.0,160.0,0.6473647490193178,-0.7621803472454244
142.0,55.0,78.0,92.0,201.0,117.0,171.0,144.0,152.0,115.0,125.0,140.0,105.0,129.0,105.0,115.0,92.0,125.0,125.0,155.0,152.0,146.0,135.0,119.0,112.0,114.0,122.0,117.0,135.0,135.0,131.0,124.0,126.0,125.0,124.0,123.0,131.0,134.0,125.0,126.0,125.0,122.0,124.0,135.0,136.0,132.0,127.0,123.0,122.0,128.0,161.0,150.0,122.0,114.0,115.0,151.0,124.0,120.0,139.0,142.0,120.0,105.0,94.0,110.0,149.0,163.0,164.0,169.0,167.0,159.0,156.0,136.0,92.0,55.0,55.0,55.0,116.0,202.0,205.0,205.0,173.0,120.0,94.0,99.0,112.0,106.0,81.0,60.0,58.0,86.0,133.0,175.0,196.0,192.0,174.0,153.0,142.0,142.0,146.0,145.0,0.39352742111967426,-0.9193128786364839
121.0,202.0,111.0,181.0,128.0,179.0,97.0,153.0,123.0,128.0,104.0,120.0,123.0,118.0,149.0,135.0,148.0,124.0,127.0,117.0,131.0,123.0,134.0,133.0,129.0,138.0,140.0,130.0,118.0,121.0,118.0,124.0,123.0,134.0,133.0,125.0,122.0,127.0,124.0,129.0,141.0,140.0,129.0,122.0,122.0,124.0,132.0,134.0,132.0,128.0,132.0,111.0,86.0,93.0,136.0,139.0,99.0,81.0,82.0,90.0,98.0,102.0,114.0,150.0,185.0,201.0,199.0,172.0,121.0,70.0,55.0,55.0,55.0,73.0,173.0,205.0,205.0,205.0,205.0,165.0,118.0,73.0,55.0,55.0,55.0,55.0,56.0,112.0,149.0,178.0,192.0,186.0,168.0,148.0,130.0,119.0,114.0,110.0,107.0,104.0,0.10461734689640823,-0.9945125493066221
117.0,55.0,153.0,148.0,157.0,137.0,156.0,169.0,115.0,139.0,117.0,142.0,89.0,133.0,110.0,130.0,132.0,147.0,142.0,132.0,123.0,113.0,129.0,120.0,135.0,133.0,134.0,130.0,143.0,132.0,121.0,118.0,117.0,121.0,122.0,130.0,133.0,128.0,121.0,128.0,127.0,127.0,133.0,137.0,130.0,127.0,125.0,124.0,127.0,131.0,116.0,104.0,128.0,148.0,156.0,125.0,89.0,69.0,86.0,111.0,122.0,109.0,102.0,120.0,165.0,205.0,205.0,173.0,83.0,55.0,55.0,55.0,133.0,205.0,205.0,169.0,124.0,108.0,126.0,160.0,182.0,174.0,141.0,100.0,73.0,70.0,86.0,104.0,113.0,110.0,106.0,108.0,124.0,143.0,155.0,154.0,143.0,132.0,128.0,132.0,-0.19361664599639003,-0.9810772621935077
101.0,173.0,114.0,174.0,134.0,186.0,101.0,140.0,114.0,133.0,108.0,123.0,113.0,96.0,115.0,118.0,152.0,151.0,154.0,132.0,130.0,109.0,117.0,119.0,119.0,128.0,136.0,132.0,122.0,128.0,128.0,131.0,121.0,125.0,130.0,129.0,126.0,130.0,124.0,121.0,131.0,136.0,134.0,131.0,125.0,121.0,125.0,132.0,135.0,134.0,159.0,148.0,154.0,144.0,137.0,128.0,101.0,83.0,119.0,160.0,177.0,173.0,165.0,161.0,169.0,167.0,130.0,72.0,55.0,55.0,55.0,166.0,205.0,205.0,205.0,143.0,102.0,88.0,94.0,89.0,63.0,55.0,55.0,57.0,156.0,205.0,205.0,198.0,139.0,103.0,95.0,116.0,141.0,158.0,159.0,146.0,125.0,112.0,116.0,131.0,-0.4745947447770524,-0.880204424114083
128.0,115.0,55.0,56.0,143.0,153.0,149.0,131.0,173.0,121.0,134.0,112.0,139.0,109.0,126.0,105.0,86.0,86.0,104.0,142.0,168.0,175.0,151.0,134.0,104.0,101.0,105.0,111.0,116.0,134.0,136.0,132.0,130.0,129.0,129.0,122.0,124.0,132.0,133.0,126.0,126.0,122.0,118.0,125.0,136.0,137.0,134.0,126.0,120.0,122.0,135.0,171.0,131.0,106.0,102.0,133.0,124.0,121.0,136.0,135.0,142.0,126.0,115.0,106.0,112.0,110.0,119.0,124.0,139.0,170.0,197.0,197.0,177.0,147.0,100.0,60.0,55.0,55.0,80.0,124.0,178.0,205.0,205.0,205.0,204.0,122.0,61.0,55.0,55.0,55.0,60.0,124.0,144.0,151.0,150.0,148.0,152.0,158.0,162.0,159.0,-0.7132750513410182,-0.7008842280537263
146.0,151.0,158.0,151.0,120.0,135.0,142.0,115.0,104.0,110.0,127.0,147.0,178.0,173.0,147.0,106.0,84.0,90.0,116.0,136.0,153.0,154.0,145.0,147.0,146.0,130.0,113.0,111.0,110.0,116.0,123.0,133.0,132.0,121.0,120.0,127.0,131.0,134.0,139.0,135.0,125.0,122.0,124.0,128.0,132.0,132.0,126.0,123.0,125.0,127.0,119.0,124.0,112.0,83.0,99.0,116.0,129.0,128.0,121.0,121.0,145.0,163.0,163.0,145.0,105.0,64.0,55.0,55.0,99.0,146.0,177.0,179.0,168.0,164.0,160.0,152.0,143.0,125.0,100.0,79.0,73.0,76.0,91.0,119.0,152.0,178.0,192.0,190.0,174.0,152.0,132.0,115.0,100.0,87.0,82.0,87.0,100.0,111.0,117.0,120.0,-0.8883854169248145,-0.45909841101372095
55.0,67.0,98.0,182.0,128.0,156.0,155.0,146.0,124.0,116.0,142.0,105.0,129.0,105.0,103.0,83.0,107.0,125.0,161.0,169.0,156.0,139.0,112.0,103.0,105.0,114.0,114.0,131.0,135.0,132.0,128.0,129.0,128.0,123.0,122.0,131.0,134.0,126.0,126.0,124.0,120.0,123.0,134.0,137.0,133.0,127.0,121.0,121.0,128.0,136.0,124.0,118.0,121.0,127.0,106.0,116.0,146.0,161.0,148.0,127.0,106.0,99.0,111.0,129.0,135.0,127.0,115.0,115.0,135.0,160.0,164.0,131.0,74.0,55.0,55.0,64.0,164.0,205.0,205.0,205.0,145.0,95.0,61.0,55.0,64.0,104.0,146.0,179.0,194.0,193.0,179.0,158.0,131.0,112.0,104.0,104.0,109.0,112.0,113.0,110.0,-0.9843193015488786,-0.17639589733984154
185.0,135.0,159.0,163.0,131.0,128.0,129.0,142.0,101.0,115.0,110.0,134.0,155.0,183.0,166.0,134.0,94.0,80.0,100.0,121.0,147.0,154.0,152.0,142.0,150.0,139.0,122.0,110.0,110.0,112.0,117.0,127.0,134.0,129.0,119.0,123.0,128.0,131.0,136.0,139.0,131.0,123.0,122.0,124.0,129.0,133.0,130.0,125.0,123.0,125.0,161.0,118.0,93.0,119.0,110.0,115.0,114.0,134.0,109.0,140.0,165.0,200.0,194.0,171.0,126.0,90.0,65.0,66.0,83.0,93.0,115.0,156.0,199.0,205.0,205.0,165.0,94.0,55.0,55.0,88.0,123.0,134.0,112.0,72.0,55.0,67.0,121.0,180.0,205.0,205.0,205.0,163.0,136.0,123.0,123.0,125.0,120.0,107.0,98.0,96.0,-0.9925266916215622,0.12202772807340365
112.0,160.0,180.0,141.0,162.0,165.0,134.0,123.0,136.0,140.0,108.0,111.0,116.0,132.0,156.0,179.0,166.0,134.0,98.0,86.0,103.0,125.0,146.0,154.0,151.0,143.0,149.0,142.0,123.0,112.0,112.0,114.0,119.0,128.0,135.0,130.0,121.0,124.0,130.0,132.0,137.0,140.0,133.0,125.0,124.0,126.0,129.0,134.0,131.0,126.0,123.0,89.0,92.0,122.0,115.0,133.0,129.0,116.0,101.0,97.0,98.0,111.0,117.0,105.0,112.0,142.0,171.0,181.0,172.0,139.0,98.0,73.0,69.0,79.0,103.0,134.0,161.0,186.0,205.0,205.0,205.0,162.0,104.0,55.0,55.0,55.0,55.0,130.0,165.0,171.0,154.0,131.0,116.0,114.0,121.0,129.0,131.0,128.0,123.0,119.0,-0.9122761115339225,0.4095757516315464
123.0,106.0,196.0,108.0,179.0,151.0,140.0,119.0,126.0,138.0,93.0,131.0,109.0,131.0,117.0,150.0,134.0,143.0,125.0,120.0,126.0,122.0,129.0,129.0,134.0,126.0,143.0,134.0,125.0,117.0,120.0,120.0,123.0,126.0,133.0,131.0,121.0,126.0,127.0,126.0,130.0,138.0,132.0,128.0,126.0,124.0,125.0,130.0,132.0,130.0,145.0,119.0,99.0,115.0,135.0,145.0,146.0,141.0,134.0,126.0,125.0,112.0,92.0,75.0,72.0,91.0,133.0,176.0,199.0,197.0,173.0,138.0,103.0,77.0,60.0,56.0,72.0,109.0,152.0,188.0,205.0,205.0,188.0,159.0,128.0,110.0,106.0,111.0,113.0,110.0,103.0,99.0,101.0,110.0,122.0,132.0,136.0,138.0,140.0,142.0,-0.7507198157076004,0.6606207371131687
55.0,80.0,174.0,129.0,172.0,140.0,168.0,107.0,128.0,127.0,126.0,120.0,115.0,107.0,79.0,101.0,112.0,157.0,168.0,166.0,142.0,123.0,103.0,105.0,113.0,112.0,124.0,134.0,136.0,129.0,131.0,128.0,127.0,121.0,128.0,135.0,130.0,125.0,125.0,121.0,120.0,131.0,138.0,136.0,130.0,123.0,120.0,125.0,134.0,138.0,169.0,172.0,136.0,141.0,143.0,164.0,147.0,122.0,117.0,136.0,159.0,162.0,135.0,98.0,93.0,113.0,141.0,163.0,173.0,152.0,131.0,144.0,171.0,180.0,162.0,113.0,55.0,55.0,55.0,55.0,131.0,190.0,205.0,205.0,205.0,181.0,120.0,69.0,55.0,55.0,55.0,55.0,118.0,149.0,165.0,173.0,174.0,170.0,166.0,164.0,-0.5222563509182616,0.8527885458456519
144.0,159.0,145.0,157.0,181.0,113.0,139.0,106.0,149.0,94.0,140.0,109.0,116.0,117.0,133.0,144.0,144.0,142.0,125.0,134.0,116.0,128.0,126.0,128.0,126.0,142.0,134.0,125.0,123.0,122.0,126.0,122.0,129.0,134.0,132.0,123.0,129.0,126.0,125.0,131.0,138.0,134.0,130.0,127.0,123.0,126.0,132.0,134.0,132.0,132.0,154.0,103.0,95.0,101.0,119.0,103.0,102.0,102.0,115.0,126.0,131.0,136.0,148.0,154.0,143.0,124.0,95.0,74.0,72.0,89.0,117.0,155.0,192.0,205.0,192.0,154.0,103.0,60.0,56.0,99.0,157.0,196.0,196.0,151.0,91.0,57.0,61.0,101.0,149.0,180.0,181.0,160.0,132.0,111.0,103.0,107.0,113.0,115.0,114.0,113.0,-0.24724729990384722,0.9689524099202483
111.0,155.0,141.0,157.0,141.0,181.0,107.0,144.0,109.0,145.0,96.0,132.0,109.0,107.0,115.0,124.0,146.0,146.0,149.0,129.0,134.0,112.0,121.0,120.0,123.0,125.0,139.0,134.0,125.0,125.0,122.0,126.0,121.0,129.0,133.0,130.0,123.0,128.0,125.0,123.0,131.0,136.0,132.0,127.0,126.0,127.0,130.0,132.0,130.0,129.0,116.0,81.0,94.0,106.0,131.0,107.0,97.0,95.0,112.0,123.0,125.0,125.0,136.0,151.0,154.0,144.0,108.0,68.0,55.0,55.0,68.0,125.0,163.0,178.0,177.0,174.0,174.0,176.0,176.0,157.0,113.0,61.0,55.0,55.0,55.0,85.0,194.0,205.0,205.0,205.0,182.0,140.0,110.0,91.0,80.0,73.0,70.0,71.0,78.0,91.0,0.04979742477228783,0.9987593386226976
135.0,135.0,185.0,127.0,171.0,165.0,137.0,121.0,130.0,143.0,105.0,113.0,107.0,134.0,150.0,184.0,166.0,139.0,95.0,80.0,96.0,120.0,144.0,153.0,153.0,142.0,150.0,140.0,124.0,110.0,110.0,111.0,116.0,125.0,132.0,128.0,123.0,127.0,130.0,127.0,132.0,138.0,133.0,126.0,123.0,123.0,127.0,132.0,130.0,126.0,112.0,105.0,123.0,146.0,158.0,150.0,118.0,98.0,104.0,120.0,124.0,130.0,135.0,151.0,170.0,189.0,182.0,145.0,90.0,55.0,55.0,55.0,55.0,108.0,183.0,205.0,205.0,205.0,205.0,133.0,55.0,55.0,55.0,55.0,57.0,171.0,205.0,205.0,205.0,187.0,148.0,132.0,132.0,134.0,128.0,110.0,92.0,82.0,85.0,96.0,0.3424040026945339,0.9395528185997643
187.0,152.0,89.0,112.0,111.0,97.0,119.0,126.0,146.0,109.0,145.0,128.0,149.0,156.0,176.0,157.0,132.0,98.0,80.0,97.0,113.0,145.0,155.0,155.0,143.0,143.0,126.0,118.0,121.0,125.0,126.0,127.0,133.0,134.0,127.0,122.0,128.0,129.0,131.0,137.0,135.0,122.0,116.0,120.0,127.0,135.0,137.0,130.0,122.0,119.0,135.0,103.0,148.0,134.0,152.0,116.0,133.0,130.0,123.0,119.0,107.0,107.0,108.0,126.0,134.0,150.0,143.0,140.0,138.0,140.0,136.0,130.0,112.0,92.0,101.0,140.0,185.0,205.0,205.0,158.0,88.0,55.0,55.0,62.0,155.0,205.0,205.0,194.0,129.0,78.0,55.0,58.0,83.0,106.0,120.0,128.0,131.0,137.0,145.0,151.0,0.6044941589338045,0.796609573012346
87.0,82.0,132.0,89.0,119.0,126.0,127.0,112.0,137.0,157.0,141.0,138.0,110.0,93.0,82.0,111.0,139.0,168.0,162.0,144.0,126.0,111.0,107.0,112.0,110.0,107.0,125.0,138.0,144.0,142.0,143.0,138.0,130.0,123.0,129.0,133.0,129.0,129.0,126.0,118.0,118.0,128.0,133.0,133.0,131.0,126.0,125.0,129.0,133.0,133.0,159.0,123.0,98.0,102.0,109.0,123.0,115.0,111.0,110.0,120.0,127.0,122.0,113.0,97.0,84.0,81.0,90.0,106.0,127.0,151.0,171.0,189.0,200.0,190.0,152.0,97.0,55.0,55.0,55.0,85.0,168.0,205.0,205.0,205.0,205.0,148.0,110.0,85.0,74.0,72.0,72.0,75.0,80.0,89.0,101.0,114.0,128.0,139.0,148.0,153.0,0.8127093647818817,0.5826692787472413
205.0,172.0,130.0,84.0,120.0,114.0,101.0,119.0,134.0,137.0,115.0,148.0,134.0,149.0,152.0,164.0,142.0,127.0,103.0,98.0,112.0,121.0,143.0,150.0,147.0,138.0,139.0,123.0,118.0,125.0,130.0,132.0,131.0,134.0,134.0,127.0,123.0,131.0,132.0,132.0,135.0,132.0,121.0,120.0,124.0,129.0,134.0,136.0,129.0,122.0,148.0,113.0,108.0,109.0,117.0,148.0,153.0,131.0,118.0,123.0,151.0,165.0,139.0,83.0,55.0,55.0,55.0,109.0,140.0,139.0,134.0,151.0,183.0,205.0,193.0,115.0,55.0,55.0,55.0,55.0,157.0,205.0,205.0,205.0,157.0,132.0,147.0,181.0,200.0,182.0,133.0,83.0,55.0,55.0,71.0,92.0,101.0,101.0,99.0,108.0,0.9484926437651579,0.3167991551809781
142.0,166.0,150.0,148.0,113.0,143.0,134.0,115.0,104.0,118.0,128.0,145.0,171.0,156.0,139.0,105.0,97.0,106.0,127.0,137.0,148.0,146.0,139.0,146.0,142.0,125.0,114.0,114.0,114.0,120.0,126.0,134.0,131.0,122.0,123.0,130.0,130.0,134.0,139.0,133.0,125.0,124.0,125.0,128.0,132.0,131.0,128.0,126.0,128.0,128.0,147.0,135.0,109.0,107.0,141.0,133.0,117.0,132.0,148.0,131.0,113.0,92.0,100.0,138.0,164.0,164.0,163.0,164.0,165.0,164.0,145.0,95.0,55.0,55.0,55.0,95.0,184.0,205.0,205.0,188.0,134.0,102.0,102.0,114.0,108.0,81.0,57.0,55.0,70.0,122.0,173.0,202.0,202.0,183.0,158.0,140.0,138.0,143.0,144.0,135.0,0.9997424440140901,0.022694616910930335
140.0,194.0,125.0,172.0,133.0,180.0,101.0,154.0,121.0,130.0,99.0,125.0,122.0,124.0,149.0,139.0,147.0,124.0,124.0,115.0,132.0,123.0,137.0,135.0,132.0,138.0,142.0,131.0,118.0,121.0,117.0,124.0,124.0,133.0,134.0,127.0,123.0,130.0,127.0,129.0,137.0,136.0,130.0,127.0,126.0,125.0,130.0,133.0,132.0,130.0,119.0,127.0,149.0,142.0,95.0,99.0,96.0,89.0,85.0,107.0,139.0,181.0,202.0,202.0,193.0,165.0,112.0,59.0,55.0,55.0,55.0,116.0,205.0,205.0,205.0,205.0,205.0,148.0,88.0,55.0,55.0,55.0,55.0,55.0,97.0,176.0,205.0,205.0,178.0,128.0,94.0,88.0,101.0,120.0,132.0,131.0,121.0,112.0,117.0,128.0,0.9618911772316435,-0.2734325568836364
145.0,174.0,161.0,144.0,159.0,159.0,118.0,130.0,135.0,132.0,101.0,121.0,117.0,138.0,154.0,167.0,148.0,123.0,101.0,98.0,119.0,128.0,145.0,144.0,141.0,144.0,152.0,135.0,114.0,111.0,112.0,119.0,125.0,132.0,133.0,125.0,119.0,128.0,131.0,132.0,137.0,137.0,128.0,124.0,125.0,127.0,130.0,132.0,129.0,126.0,140.0,100.0,93.0,122.0,114.0,146.0,134.0,117.0,93.0,94.0,100.0,126.0,137.0,132.0,132.0,144.0,159.0,164.0,154.0,111.0,65.0,55.0,55.0,102.0,167.0,203.0,202.0,181.0,162.0,149.0,141.0,127.0,99.0,65.0,55.0,55.0,99.0,148.0,185.0,194.0,177.0,148.0,124.0,113.0,117.0,124.0,124.0,118.0,109.0,104.0,0.8377285807585997,-0.5460868291583146
55.0,90.0,119.0,161.0,148.0,149.0,171.0,118.0,132.0,111.0,148.0,103.0,132.0,104.0,99.0,94.0,115.0,140.0,159.0,164.0,143.0,136.0,110.0,110.0,111.0,117.0,118.0,136.0,135.0,130.0,128.0,127.0,127.0,121.0,125.0,132.0,133.0,124.0,127.0,123.0,120.0,126.0,137.0,137.0,132.0,126.0,121.0,123.0,130.0,136.0,114.0,103.0,116.0,146.0,154.0,129.0,122.0,137.0,151.0,137.0,109.0,74.0,64.0,85.0,131.0,173.0,188.0,171.0,137.0,116.0,106.0,99.0,78.0,55.0,55.0,55.0,115.0,187.0,205.0,205.0,205.0,163.0,110.0,76.0,55.0,62.0,94.0,140.0,177.0,190.0,182.0,163.0,146.0,131.0,116.0,107.0,108.0,114.0,118.0,112.0,0.6378447196749638,-0.7701649911433048
55.0,66.0,97.0,201.0,105.0,188.0,128.0,172.0,96.0,144.0,128.0,117.0,115.0,112.0,124.0,106.0,143.0,127.0,151.0,131.0,134.0,124.0,127.0,120.0,126.0,130.0,123.0,137.0,136.0,130.0,118.0,123.0,119.0,125.0,123.0,132.0,133.0,125.0,124.0,127.0,125.0,123.0,136.0,135.0,130.0,127.0,124.0,122.0,126.0,131.0,114.0,124.0,148.0,131.0,119.0,150.0,148.0,128.0,114.0,109.0,117.0,124.0,119.0,115.0,127.0,151.0,187.0,204.0,192.0,163.0,132.0,93.0,66.0,67.0,79.0,95.0,134.0,185.0,205.0,205.0,205.0,149.0,83.0,55.0,55.0,64.0,101.0,118.0,116.0,105.0,103.0,113.0,134.0,159.0,177.0,179.0,170.0,158.0,147.0,140.0,0.3801427978300206,-0.9249278097548825
88.0,55.0,80.0,153.0,140.0,152.0,154.0,160.0,123.0,117.0,126.0,129.0,123.0,116.0,95.0,69.0,86.0,117.0,166.0,185.0,174.0,146.0,121.0,100.0,100.0,107.0,108.0,118.0,134.0,139.0,136.0,134.0,132.0,127.0,120.0,127.0,136.0,133.0,126.0,124.0,119.0,119.0,130.0,139.0,139.0,132.0,124.0,119.0,125.0,135.0,119.0,119.0,128.0,117.0,108.0,130.0,133.0,126.0,116.0,107.0,114.0,125.0,130.0,126.0,124.0,117.0,113.0,112.0,108.0,105.0,110.0,113.0,119.0,139.0,163.0,175.0,172.0,157.0,128.0,104.0,93.0,93.0,99.0,115.0,139.0,164.0,183.0,190.0,181.0,158.0,132.0,109.0,93.0,86.0,88.0,93.0,100.0,107.0,111.0,116.0,0.08808785979446095,-0.9961127089626111
55.0,62.0,90.0,201.0,111.0,177.0,133.0,168.0,106.0,133.0,132.0,114.0,122.0,109.0,115.0,90.0,122.0,121.0,156.0,152.0,150.0,134.0,123.0,110.0,114.0,120.0,117.0,132.0,135.0,133.0,124.0,127.0,124.0,125.0,122.0,131.0,134.0,126.0,124.0,126.0,122.0,123.0,134.0,136.0,133.0,128.0,123.0,121.0,127.0,134.0,161.0,127.0,93.0,125.0,160.0,167.0,141.0,110.0,94.0,104.0,128.0,139.0,133.0,118.0,113.0,128.0,155.0,167.0,145.0,92.0,55.0,55.0,55.0,145.0,204.0,205.0,205.0,162.0,109.0,70.0,55.0,57.0,93.0,135.0,171.0,192.0,195.0,184.0,166.0,145.0,123.0,107.0,101.0,104.0,111.0,115.0,114.0,109.0,108.0,113.0,-0.21163342332352525,-0.9773491157883991
55.0,94.0,195.0,107.0,184.0,128.0,181.0,98.0,141.0,123.0,123.0,114.0,116.0,118.0,97.0,127.0,121.0,153.0,145.0,147.0,129.0,127.0,113.0,119.0,123.0,119.0,132.0,136.0,132.0,123.0,126.0,122.0,125.0,121.0,131.0,134.0,127.0,124.0,127.0,123.0,123.0,134.0,136.0,133.0,128.0,123.0,120.0,124.0,135.0,139.0,131.0,108.0,142.0,158.0,139.0,120.0,130.0,114.0,108.0,135.0,160.0,171.0,161.0,148.0,138.0,135.0,125.0,108.0,73.0,55.0,72.0,137.0,195.0,205.0,205.0,153.0,84.0,60.0,85.0,128.0,151.0,134.0,81.0,55.0,55.0,117.0,192.0,205.0,205.0,185.0,128.0,99.0,98.0,117.0,135.0,139.0,126.0,109.0,103.0,109.0,-0.4917661872651947,-0.8707272920166528
176.0,142.0,159.0,165.0,136.0,120.0,133.0,141.0,109.0,107.0,114.0,130.0,155.0,180.0,169.0,137.0,97.0,82.0,97.0,122.0,142.0,154.0,151.0,142.0,147.0,140.0,124.0,117.0,117.0,114.0,113.0,121.0,132.0,132.0,123.0,123.0,128.0,129.0,134.0,140.0,134.0,125.0,122.0,124.0,128.0,132.0,131.0,126.0,123.0,125.0,124.0,128.0,117.0,108.0,119.0,141.0,118.0,105.0,89.0,94.0,111.0,117.0,113.0,128.0,157.0,176.0,180.0,161.0,121.0,85.0,70.0,72.0,89.0,118.0,148.0,174.0,199.0,205.0,205.0,186.0,139.0,83.0,55.0,55.0,55.0,91.0,150.0,175.0,168.0,144.0,122.0,113.0,116.0,127.0,133.0,132.0,126.0,121.0,119.0,122.0,-0.7271496815648248,-0.6864789440326439
55.0,55.0,76.0,187.0,129.0,165.0,138.0,162.0,113.0,124.0,132.0,118.0,123.0,111.0,104.0,77.0,99.0,113.0,159.0,171.0,166.0,143.0,120.0,101.0,103.0,111.0,111.0,125.0,134.0,135.0,130.0,130.0,128.0,126.0,120.0,128.0,135.0,129.0,125.0,125.0,120.0,120.0,132.0,137.0,136.0,130.0,123.0,119.0,126.0,135.0,127.0,116.0,82.0,128.0,118.0,138.0,133.0,131.0,109.0,100.0,96.0,105.0,129.0,135.0,135.0,134.0,150.0,161.0,168.0,148.0,105.0,62.0,55.0,64.0,119.0,172.0,200.0,197.0,177.0,156.0,138.0,126.0,112.0,92.0,73.0,70.0,87.0,117.0,148.0,167.0,167.0,152.0,132.0,120.0,118.0,125.0,132.0,131.0,125.0,116.0,-0.8970962581716702,-0.44183515429896253
96.0,129.0,184.0,123.0,176.0,146.0,153.0,105.0,143.0,132.0,116.0,108.0,116.0,127.0,135.0,164.0,147.0,140.0,109.0,106.0,111.0,127.0,133.0,142.0,141.0,133.0,144.0,139.0,125.0,114.0,116.0,115.0,121.0,125.0,134.0,131.0,121.0,123.0,128.0,128.0,130.0,136.0,132.0,130.0,129.0,126.0,122.0,126.0,129.0,129.0,142.0,98.0,91.0,73.0,89.0,133.0,168.0,173.0,148.0,112.0,109.0,131.0,139.0,121.0,95.0,73.0,83.0,147.0,205.0,205.0,205.0,122.0,55.0,55.0,55.0,55.0,70.0,184.0,205.0,205.0,205.0,205.0,92.0,55.0,55.0,55.0,55.0,75.0,180.0,205.0,205.0,205.0,172.0,135.0,120.0,124.0,131.0,126.0,111.0,93.0,-0.9872432203135671,-0.15921942075292655
108.0,55.0,60.0,120.0,189.0,116.0,181.0,136.0,169.0,97.0,149.0,125.0,120.0,105.0,117.0,124.0,126.0,154.0,138.0,143.0,117.0,120.0,116.0,129.0,125.0,136.0,136.0,130.0,141.0,139.0,128.0,115.0,119.0,116.0,123.0,123.0,133.0,132.0,124.0,123.0,128.0,127.0,129.0,137.0,134.0,128.0,126.0,125.0,125.0,129.0,158.0,110.0,87.0,100.0,111.0,103.0,104.0,106.0,114.0,125.0,130.0,137.0,151.0,152.0,138.0,116.0,89.0,71.0,73.0,94.0,124.0,163.0,196.0,204.0,183.0,143.0,91.0,57.0,62.0,111.0,168.0,201.0,190.0,137.0,79.0,55.0,62.0,109.0,158.0,184.0,179.0,154.0,128.0,113.0,108.0,107.0,108.0,109.0,112.0,116.0,-0.9907087800169248,0.13600041616618874
174.0,146.0,155.0,148.0,171.0,109.0,147.0,122.0,132.0,95.0,128.0,119.0,134.0,150.0,151.0,144.0,122.0,115.0,108.0,128.0,126.0,142.0,139.0,136.0,138.0,144.0,131.0,118.0,118.0,116.0,121.0,123.0,133.0,134.0,127.0,122.0,129.0,128.0,129.0,136.0,136.0,129.0,126.0,126.0,126.0,130.0,132.0,130.0,128.0,129.0,139.0,127.0,117.0,108.0,116.0,136.0,123.0,113.0,105.0,108.0,116.0,121.0,121.0,123.0,126.0,122.0,112.0,96.0,83.0,84.0,96.0,114.0,135.0,160.0,183.0,198.0,199.0,180.0,136.0,85.0,55.0,55.0,55.0,113.0,186.0,205.0,205.0,205.0,186.0,137.0,103.0,82.0,75.0,73.0,74.0,77.0,83.0,93.0,106.0,120.0,-0.9084727264703905,0.4179441413149071
69.0,55.0,89.0,163.0,138.0,155.0,155.0,158.0,121.0,114.0,133.0,125.0,130.0,115.0,93.0,68.0,86.0,117.0,167.0,186.0,174.0,145.0,115.0,95.0,99.0,109.0,111.0,124.0,135.0,138.0,134.0,133.0,131.0,126.0,120.0,128.0,136.0,131.0,127.0,124.0,119.0,120.0,132.0,140.0,138.0,130.0,122.0,119.0,126.0,136.0,167.0,141.0,142.0,112.0,122.0,92.0,108.0,121.0,132.0,128.0,130.0,136.0,162.0,195.0,185.0,140.0,74.0,55.0,55.0,55.0,55.0,121.0,172.0,205.0,205.0,205.0,205.0,132.0,55.0,55.0,55.0,55.0,73.0,182.0,205.0,205.0,182.0,160.0,158.0,172.0,178.0,173.0,143.0,106.0,76.0,65.0,73.0,89.0,97.0,95.0,-0.7489929959989737,0.6625779138671024
55.0,151.0,164.0,155.0,137.0,163.0,160.0,123.0,131.0,131.0,130.0,97.0,122.0,117.0,138.0,151.0,164.0,145.0,123.0,103.0,99.0,120.0,127.0,144.0,144.0,141.0,138.0,146.0,132.0,118.0,113.0,114.0,117.0,122.0,130.0,132.0,125.0,117.0,125.0,128.0,136.0,142.0,139.0,124.0,120.0,123.0,127.0,132.0,133.0,128.0,147.0,115.0,140.0,131.0,120.0,105.0,107.0,109.0,122.0,136.0,144.0,148.0,143.0,142.0,138.0,136.0,129.0,117.0,98.0,101.0,135.0,181.0,205.0,205.0,172.0,102.0,55.0,55.0,55.0,119.0,197.0,205.0,205.0,160.0,95.0,55.0,55.0,55.0,86.0,109.0,123.0,131.0,137.0,146.0,153.0,157.0,155.0,150.0,144.0,139.0,-0.5271495344614188,0.8497725391639279
150.0,55.0,55.0,89.0,186.0,131.0,162.0,147.0,151.0,119.0,119.0,139.0,110.0,128.0,107.0,103.0,78.0,102.0,120.0,162.0,173.0,162.0,142.0,114.0,101.0,103.0,112.0,112.0,128.0,135.0,134.0,129.0,130.0,129.0,124.0,121.0,130.0,135.0,128.0,126.0,124.0,119.0,122.0,133.0,138.0,135.0,129.0,122.0,120.0,127.0,113.0,88.0,90.0,111.0,111.0,140.0,138.0,115.0,93.0,77.0,73.0,82.0,99.0,113.0,140.0,168.0,191.0,203.0,196.0,154.0,94.0,55.0,55.0,55.0,55.0,154.0,205.0,205.0,205.0,205.0,205.0,126.0,64.0,55.0,55.0,55.0,55.0,120.0,151.0,155.0,143.0,127.0,119.0,120.0,130.0,140.0,144.0,140.0,132.0,124.0,-0.2626679823730163,0.964886278810145
104.0,205.0,101.0,188.0,129.0,170.0,98.0,143.0,131.0,115.0,117.0,110.0,126.0,108.0,146.0,129.0,150.0,130.0,131.0,124.0,127.0,122.0,128.0,131.0,124.0,138.0,136.0,129.0,118.0,123.0,119.0,124.0,123.0,133.0,133.0,124.0,125.0,127.0,125.0,127.0,137.0,135.0,130.0,126.0,124.0,124.0,129.0,133.0,132.0,130.0,151.0,136.0,103.0,104.0,118.0,158.0,178.0,166.0,120.0,83.0,63.0,67.0,78.0,83.0,87.0,95.0,140.0,204.0,205.0,205.0,205.0,55.0,55.0,55.0,55.0,79.0,199.0,205.0,205.0,149.0,124.0,139.0,175.0,198.0,189.0,154.0,109.0,78.0,64.0,71.0,88.0,100.0,101.0,97.0,101.0,119.0,142.0,158.0,159.0,148.0,0.0217871111561418,0.9997626327221226
55.0,152.0,173.0,154.0,144.0,160.0,162.0,120.0,135.0,132.0,127.0,96.0,120.0,120.0,145.0,160.0,165.0,142.0,117.0,102.0,102.0,124.0,130.0,145.0,145.0,140.0,140.0,148.0,133.0,118.0,114.0,114.0,118.0,123.0,132.0,134.0,126.0,120.0,128.0,130.0,131.0,137.0,137.0,128.0,125.0,125.0,126.0,130.0,132.0,129.0,119.0,166.0,124.0,148.0,124.0,156.0,123.0,107.0,76.0,114.0,154.0,176.0,169.0,160.0,160.0,163.0,171.0,139.0,86.0,55.0,55.0,55.0,118.0,205.0,205.0,205.0,160.0,109.0,90.0,96.0,97.0,76.0,55.0,55.0,55.0,134.0,187.0,205.0,194.0,157.0,122.0,109.0,119.0,141.0,158.0,158.0,142.0,120.0,107.0,109.0,0.30264766630000406,0.9531025076470848
202.0,108.0,181.0,149.0,145.0,115.0,127.0,141.0,100.0,130.0,107.0,129.0,114.0,151.0,134.0,146.0,126.0,121.0,126.0,123.0,129.0,128.0,132.0,123.0,145.0,140.0,131.0,116.0,116.0,117.0,124.0,128.0,135.0,132.0,121.0,125.0,127.0,127.0,131.0,138.0,133.0,129.0,125.0,124.0,125.0,131.0,132.0,130.0,130.0,131.0,146.0,166.0,146.0,107.0,123.0,103.0,84.0,81.0,103.0,134.0,163.0,170.0,173.0,187.0,185.0,157.0,99.0,55.0,55.0,55.0,70.0,188.0,205.0,205.0,205.0,205.0,134.0,86.0,55.0,55.0,55.0,55.0,65.0,149.0,196.0,205.0,196.0,153.0,106.0,80.0,81.0,99.0,122.0,136.0,134.0,125.0,118.0,119.0,128.0,140.0,0.5574146759676581,0.8302342314165748
205.0,205.0,103.0,115.0,90.0,132.0,85.0,134.0,132.0,138.0,119.0,135.0,139.0,148.0,178.0,174.0,160.0,115.0,88.0,76.0,102.0,123.0,153.0,161.0,154.0,148.0,139.0,125.0,116.0,123.0,124.0,128.0,128.0,136.0,134.0,125.0,122.0,130.0,132.0,135.0,138.0,131.0,120.0,117.0,123.0,130.0,137.0,136.0,127.0,119.0,165.0,131.0,79.0,73.0,99.0,113.0,116.0,131.0,135.0,117.0,114.0,120.0,146.0,166.0,156.0,113.0,83.0,87.0,122.0,164.0,178.0,151.0,107.0,83.0,88.0,125.0,167.0,186.0,177.0,157.0,137.0,124.0,114.0,98.0,74.0,56.0,55.0,84.0,132.0,179.0,205.0,201.0,173.0,139.0,116.0,110.0,116.0,123.0,123.0,117.0,0.7664051119003416,0.6423575363090441
158.0,70.0,125.0,102.0,117.0,95.0,137.0,130.0,124.0,134.0,139.0,142.0,145.0,167.0,146.0,137.0,104.0,97.0,103.0,120.0,133.0,147.0,146.0,139.0,145.0,131.0,117.0,115.0,126.0,130.0,134.0,134.0,135.0,127.0,120.0,128.0,132.0,131.0,134.0,134.0,123.0,118.0,121.0,127.0,133.0,136.0,130.0,123.0,121.0,123.0,161.0,156.0,139.0,107.0,99.0,134.0,163.0,163.0,147.0,128.0,126.0,141.0,151.0,136.0,106.0,77.0,71.0,103.0,157.0,193.0,192.0,158.0,122.0,107.0,110.0,112.0,91.0,62.0,55.0,80.0,142.0,201.0,205.0,205.0,160.0,110.0,85.0,88.0,113.0,140.0,154.0,149.0,132.0,118.0,115.0,127.0,139.0,144.0,138.0,127.0,0.9141504808664385,0.4053750095055926
180.0,160.0,89.0,116.0,114.0,96.0,111.0,122.0,151.0,113.0,140.0,128.0,147.0,159.0,183.0,167.0,137.0,96.0,73.0,88.0,110.0,143.0,158.0,160.0,146.0,145.0,129.0,118.0,118.0,123.0,126.0,126.0,132.0,135.0,129.0,120.0,127.0,131.0,133.0,137.0,136.0,123.0,116.0,119.0,126.0,134.0,138.0,131.0,122.0,118.0,169.0,109.0,115.0,99.0,152.0,108.0,137.0,137.0,141.0,125.0,117.0,111.0,112.0,118.0,109.0,119.0,126.0,153.0,183.0,202.0,186.0,163.0,128.0,85.0,57.0,59.0,71.0,101.0,143.0,189.0,205.0,205.0,205.0,157.0,88.0,55.0,55.0,55.0,57.0,113.0,128.0,129.0,123.0,126.0,140.0,161.0,173.0,170.0,160.0,150.0,0.9903700899344473,0.13844524175006806
200.0,197.0,86.0,98.0,103.0,117.0,91.0,104.0,140.0,128.0,129.0,130.0,154.0,131.0,143.0,125.0,110.0,101.0,112.0,130.0,148.0,150.0,138.0,134.0,119.0,117.0,119.0,116.0,111.0,126.0,138.0,141.0,140.0,138.0,134.0,126.0,124.0,133.0,136.0,130.0,130.0,127.0,119.0,120.0,128.0,131.0,133.0,132.0,128.0,126.0,151.0,119.0,103.0,112.0,139.0,134.0,123.0,103.0,110.0,124.0,133.0,128.0,122.0,114.0,114.0,118.0,114.0,105.0,104.0,109.0,120.0,144.0,166.0,175.0,170.0,155.0,129.0,105.0,95.0,94.0,99.0,114.0,139.0,164.0,184.0,191.0,182.0,158.0,131.0,109.0,93.0,87.0,89.0,94.0,100.0,107.0,112.0,116.0,124.0,133.0,0.9904874436428474,-0.13760313944767877
113.0,94.0,82.0,136.0,95.0,107.0,120.0,134.0,128.0,128.0,153.0,128.0,141.0,134.0,128.0,106.0,111.0,115.0,137.0,144.0,138.0,136.0,127.0,120.0,121.0,120.0,109.0,117.0,136.0,143.0,142.0,134.0,130.0,126.0,123.0,131.0,137.0,130.0,128.0,128.0,122.0,119.0,126.0,130.0,131.0,132.0,129.0,126.0,125.0,129.0,120.0,118.0,143.0,158.0,149.0,126.0,103.0,96.0,115.0,133.0,137.0,124.0,113.0,118.0,145.0,165.0,159.0,114.0,58.0,55.0,55.0,97.0,184.0,205.0,205.0,183.0,129.0,83.0,57.0,55.0,77.0,117.0,158.0,186.0,195.0,189.0,173.0,153.0,131.0,112.0,101.0,101.0,107.0,114.0,115.0,110.0,107.0,110.0,118.0,127.0,0.9156986269304315,-0.4018656798455454
100.0,89.0,83.0,137.0,89.0,108.0,122.0,134.0,118.0,128.0,157.0,141.0,146.0,117.0,97.0,75.0,96.0,127.0,166.0,173.0,156.0,133.0,111.0,101.0,109.0,115.0,109.0,118.0,132.0,142.0,147.0,147.0,141.0,128.0,121.0,130.0,137.0,133.0,129.0,126.0,118.0,117.0,127.0,135.0,135.0,133.0,127.0,124.0,128.0,134.0,151.0,169.0,147.0,114.0,127.0,119.0,116.0,131.0,158.0,170.0,165.0,151.0,141.0,137.0,128.0,113.0,79.0,55.0,65.0,128.0,189.0,205.0,205.0,167.0,94.0,63.0,82.0,122.0,147.0,135.0,91.0,55.0,55.0,107.0,180.0,205.0,205.0,205.0,138.0,103.0,97.0,113.0,133.0,142.0,131.0,113.0,103.0,108.0,123.0,139.0,0.7726339541611414,-0.634851772366841
154.0,205.0,203.0,127.0,95.0,113.0,120.0,100.0,117.0,134.0,138.0,120.0,138.0,137.0,147.0,164.0,174.0,155.0,126.0,96.0,83.0,101.0,120.0,146.0,157.0,153.0,144.0,141.0,127.0,117.0,122.0,126.0,129.0,130.0,135.0,135.0,127.0,121.0,130.0,132.0,133.0,137.0,134.0,122.0,118.0,122.0,129.0,136.0,136.0,129.0,105.0,73.0,98.0,121.0,125.0,132.0,133.0,112.0,100.0,94.0,95.0,108.0,115.0,109.0,118.0,146.0,169.0,179.0,170.0,137.0,95.0,71.0,67.0,80.0,106.0,138.0,164.0,190.0,205.0,205.0,205.0,157.0,98.0,55.0,55.0,55.0,58.0,136.0,167.0,170.0,151.0,128.0,115.0,115.0,122.0,130.0,131.0,127.0,123.0,119.0,0.5740575225321032,-0.8188149734978617
204.0,105.0,184.0,129.0,183.0,96.0,141.0,123.0,123.0,115.0,120.0,125.0,105.0,132.0,121.0,151.0,141.0,145.0,128.0,128.0,115.0,123.0,128.0,124.0,136.0,138.0,133.0,121.0,125.0,122.0,126.0,123.0,133.0,134.0,127.0,125.0,129.0,126.0,126.0,136.0,136.0,132.0,129.0,125.0,124.0,129.0,134.0,134.0,132.0,133.0,157.0,114.0,126.0,130.0,138.0,141.0,147.0,137.0,124.0,130.0,114.0,98.0,75.0,71.0,84.0,129.0,172.0,199.0,198.0,177.0,144.0,109.0,82.0,60.0,55.0,63.0,101.0,148.0,189.0,205.0,205.0,189.0,164.0,140.0,121.0,109.0,102.0,99.0,100.0,103.0,106.0,112.0,119.0,127.0,132.0,134.0,135.0,136.0,139.0,140.0,0.3352176008236793,-0.9421407326392466
75.0,55.0,151.0,172.0,145.0,151.0,158.0,161.0,114.0,136.0,131.0,126.0,98.0,120.0,120.0,140.0,158.0,162.0,144.0,117.0,100.0,99.0,120.0,127.0,145.0,149.0,145.0,143.0,142.0,126.0,114.0,115.0,116.0,119.0,121.0,130.0,131.0,124.0,121.0,128.0,129.0,130.0,136.0,136.0,127.0,124.0,124.0,126.0,129.0,131.0,151.0,142.0,89.0,113.0,90.0,96.0,105.0,149.0,179.0,167.0,137.0,115.0,126.0,135.0,132.0,106.0,92.0,80.0,114.0,185.0,205.0,205.0,177.0,84.0,55.0,55.0,55.0,55.0,123.0,205.0,205.0,205.0,205.0,143.0,58.0,55.0,55.0,55.0,55.0,144.0,205.0,205.0,205.0,181.0,148.0,131.0,132.0,140.0,140.0,129.0,0.07325400099279938,-0.9973133165352536
188.0,140.0,166.0,146.0,143.0,116.0,146.0,137.0,112.0,104.0,116.0,128.0,146.0,172.0,157.0,138.0,103.0,96.0,106.0,127.0,138.0,148.0,145.0,138.0,146.0,141.0,125.0,113.0,114.0,114.0,120.0,126.0,134.0,130.0,122.0,123.0,130.0,130.0,134.0,138.0,131.0,123.0,122.0,126.0,133.0,138.0,132.0,122.0,121.0,127.0,111.0,118.0,109.0,114.0,133.0,135.0,122.0,113.0,119.0,129.0,128.0,111.0,96.0,94.0,110.0,134.0,146.0,140.0,131.0,133.0,139.0,142.0,136.0,111.0,82.0,76.0,110.0,164.0,205.0,205.0,184.0,118.0,69.0,60.0,90.0,139.0,175.0,182.0,159.0,126.0,101.0,93.0,100.0,113.0,119.0,118.0,115.0,116.0,123.0,132.0,-0.19366087487315034,-0.9810685325416192
137.0,55.0,87.0,123.0,164.0,148.0,144.0,170.0,117.0,136.0,111.0,146.0,102.0,130.0,105.0,98.0,95.0,114.0,140.0,159.0,163.0,143.0,135.0,108.0,109.0,111.0,116.0,118.0,135.0,135.0,129.0,127.0,126.0,127.0,121.0,125.0,132.0,133.0,124.0,127.0,123.0,120.0,127.0,136.0,136.0,132.0,126.0,121.0,123.0,130.0,154.0,123.0,120.0,107.0,112.0,136.0,126.0,114.0,103.0,107.0,114.0,123.0,121.0,124.0,125.0,122.0,113.0,97.0,84.0,83.0,95.0,113.0,134.0,159.0,183.0,197.0,199.0,181.0,139.0,87.0,55.0,55.0,55.0,106.0,184.0,205.0,205.0,205.0,187.0,138.0,103.0,83.0,75.0,73.0,74.0,77.0,83.0,93.0,106.0,120.0,-0.44715313740402973,-0.8944574174938307
55.0,55.0,109.0,163.0,150.0,151.0,161.0,130.0,119.0,116.0,146.0,115.0,127.0,103.0,89.0,76.0,99.0,133.0,170.0,181.0,160.0,139.0,108.0,98.0,101.0,109.0,112.0,129.0,136.0,135.0,132.0,132.0,130.0,123.0,122.0,131.0,135.0,127.0,126.0,122.0,118.0,123.0,135.0,138.0,133.0,125.0,120.0,125.0,134.0,139.0,137.0,107.0,99.0,88.0,115.0,130.0,134.0,126.0,128.0,147.0,184.0,194.0,158.0,93.0,55.0,55.0,55.0,55.0,95.0,156.0,195.0,205.0,205.0,205.0,171.0,61.0,55.0,55.0,55.0,61.0,168.0,205.0,205.0,172.0,142.0,144.0,168.0,194.0,198.0,172.0,126.0,84.0,61.0,61.0,76.0,90.0,95.0,96.0,100.0,114.0,-0.6694800426619553,-0.7428300427940072
72.0,55.0,114.0,153.0,143.0,152.0,155.0,157.0,115.0,124.0,130.0,129.0,118.0,111.0,85.0,71.0,89.0,127.0,174.0,189.0,172.0,139.0,111.0,92.0,99.0,106.0,112.0,125.0,138.0,139.0,135.0,134.0,130.0,124.0,121.0,131.0,136.0,130.0,125.0,122.0,117.0,121.0,134.0,141.0,137.0,129.0,121.0,120.0,128.0,138.0,139.0,135.0,136.0,127.0,104.0,106.0,109.0,121.0,127.0,139.0,144.0,146.0,143.0,143.0,139.0,132.0,123.0,107.0,97.0,113.0,156.0,197.0,205.0,205.0,139.0,72.0,55.0,55.0,61.0,156.0,205.0,205.0,205.0,135.0,73.0,55.0,55.0,55.0,98.0,119.0,131.0,137.0,143.0,150.0,156.0,156.0,153.0,147.0,142.0,140.0,-0.8481163744145283,-0.5298099805118396
198.0,173.0,76.0,132.0,105.0,117.0,97.0,140.0,137.0,128.0,135.0,138.0,144.0,149.0,175.0,153.0,143.0,105.0,94.0,100.0,118.0,136.0,152.0,153.0,142.0,144.0,130.0,121.0,120.0,130.0,130.0,133.0,133.0,137.0,131.0,122.0,129.0,134.0,133.0,136.0,137.0,126.0,119.0,122.0,127.0,134.0,138.0,133.0,125.0,121.0,156.0,100.0,72.0,96.0,114.0,121.0,131.0,133.0,114.0,97.0,79.0,73.0,84.0,100.0,112.0,133.0,162.0,188.0,204.0,200.0,160.0,99.0,55.0,55.0,55.0,55.0,126.0,205.0,205.0,205.0,205.0,205.0,130.0,63.0,55.0,55.0,55.0,55.0,114.0,147.0,154.0,144.0,130.0,121.0,120.0,128.0,137.0,143.0,141.0,134.0,-0.9614898793871153,-0.2748403388080988
200.0,93.0,123.0,97.0,120.0,86.0,135.0,138.0,131.0,128.0,130.0,141.0,146.0,184.0,167.0,152.0,103.0,81.0,82.0,111.0,135.0,154.0,155.0,144.0,146.0,136.0,124.0,116.0,123.0,123.0,127.0,128.0,137.0,133.0,122.0,124.0,130.0,131.0,135.0,138.0,127.0,118.0,117.0,124.0,132.0,138.0,134.0,125.0,118.0,119.0,139.0,108.0,103.0,115.0,154.0,178.0,169.0,123.0,85.0,62.0,67.0,78.0,84.0,79.0,91.0,144.0,205.0,205.0,205.0,205.0,62.0,55.0,55.0,55.0,76.0,193.0,205.0,205.0,153.0,126.0,138.0,172.0,198.0,193.0,157.0,108.0,73.0,63.0,75.0,92.0,100.0,98.0,95.0,100.0,119.0,142.0,159.0,159.0,147.0,134.0,-0.999996695375251,0.0025708439426345778
104.0,71.0,105.0,118.0,95.0,108.0,128.0,134.0,111.0,137.0,153.0,150.0,138.0,114.0,84.0,74.0,99.0,139.0,176.0,176.0,154.0,127.0,107.0,100.0,108.0,107.0,106.0,121.0,139.0,148.0,148.0,145.0,136.0,126.0,123.0,134.0,138.0,132.0,127.0,123.0,115.0,117.0,126.0,135.0,139.0,136.0,126.0,120.0,126.0,134.0,138.0,121.0,101.0,137.0,116.0,125.0,141.0,141.0,120.0,94.0,88.0,109.0,150.0,162.0,160.0,158.0,162.0,161.0,159.0,132.0,81.0,55.0,55.0,55.0,108.0,205.0,205.0,205.0,165.0,116.0,94.0,101.0,110.0,96.0,68.0,55.0,55.0,92.0,144.0,184.0,198.0,187.0,165.0,144.0,136.0,139.0,145.0,143.0,130.0,112.0,-0.9597720827561363,0.28078025066223605
168.0,205.0,169.0,105.0,102.0,105.0,123.0,88.0,136.0,127.0,138.0,115.0,147.0,133.0,148.0,162.0,157.0,142.0,115.0,99.0,96.0,116.0,124.0,147.0,149.0,144.0,140.0,134.0,120.0,117.0,127.0,129.0,132.0,130.0,135.0,132.0,124.0,124.0,132.0,131.0,132.0,135.0,129.0,119.0,120.0,124.0,130.0,136.0,134.0,127.0,178.0,158.0,113.0,109.0,114.0,91.0,81.0,94.0,117.0,153.0,169.0,173.0,182.0,189.0,167.0,119.0,57.0,55.0,55.0,55.0,133.0,205.0,205.0,205.0,205.0,205.0,93.0,57.0,55.0,55.0,55.0,55.0,130.0,187.0,205.0,204.0,169.0,123.0,88.0,77.0,86.0,108.0,128.0,134.0,130.0,123.0,120.0,125.0,136.0,148.0,-0.8431481181443063,0.5376813655593011
85.0,83.0,129.0,95.0,112.0,131.0,123.0,119.0,132.0,159.0,136.0,141.0,118.0,106.0,94.0,113.0,131.0,153.0,152.0,138.0,130.0,117.0,114.0,117.0,115.0,109.0,125.0,137.0,142.0,141.0,139.0,133.0,126.0,123.0,132.0,136.0,129.0,128.0,125.0,119.0,119.0,128.0,131.0,132.0,131.0,127.0,125.0,128.0,131.0,130.0,146.0,132.0,92.0,101.0,129.0,129.0,95.0,92.0,107.0,124.0,136.0,126.0,124.0,142.0,162.0,163.0,147.0,106.0,64.0,55.0,56.0,101.0,148.0,179.0,180.0,171.0,166.0,161.0,152.0,143.0,125.0,98.0,78.0,71.0,75.0,93.0,125.0,157.0,180.0,190.0,189.0,175.0,156.0,129.0,106.0,92.0,90.0,92.0,96.0,101.0,-0.658626688258617,0.7524698568803181
202.0,194.0,84.0,98.0,105.0,116.0,94.0,108.0,142.0,119.0,124.0,130.0,159.0,135.0,143.0,122.0,105.0,99.0,112.0,133.0,148.0,152.0,141.0,135.0,116.0,113.0,118.0,116.0,114.0,128.0,138.0,140.0,139.0,137.0,134.0,126.0,124.0,133.0,136.0,129.0,129.0,126.0,118.0,120.0,128.0,132.0,133.0,132.0,128.0,125.0,121.0,119.0,127.0,126.0,105.0,116.0,146.0,161.0,149.0,126.0,105.0,98.0,112.0,130.0,135.0,127.0,115.0,115.0,137.0,161.0,163.0,127.0,69.0,55.0,55.0,75.0,170.0,205.0,205.0,201.0,140.0,91.0,59.0,55.0,68.0,107.0,150.0,181.0,194.0,191.0,177.0,158.0,136.0,115.0,102.0,100.0,105.0,112.0,115.0,111.0,-0.42035017795500096,0.9073619607924938
81.0,118.0,88.0,121.0,121.0,138.0,105.0,136.0,151.0,145.0,136.0,120.0,101.0,83.0,104.0,128.0,162.0,162.0,148.0,129.0,115.0,106.0,112.0,112.0,105.0,117.0,134.0,144.0,149.0,148.0,136.0,122.0,117.0,130.0,138.0,134.0,128.0,124.0,117.0,117.0,127.0,134.0,134.0,131.0,126.0,124.0,127.0,133.0,133.0,131.0,87.0,130.0,106.0,123.0,149.0,138.0,126.0,123.0,125.0,106.0,127.0,146.0,167.0,161.0,152.0,141.0,137.0,125.0,110.0,82.0,55.0,57.0,116.0,177.0,205.0,205.0,171.0,101.0,63.0,77.0,115.0,145.0,143.0,105.0,60.0,55.0,89.0,154.0,205.0,205.0,205.0,156.0,121.0,109.0,115.0,129.0,135.0,126.0,109.0,100.0,-0.1470929152100705,0.9891226790924385
174.0,110.0,68.0,130.0,104.0,112.0,107.0,143.0,118.0,123.0,143.0,142.0,144.0,140.0,141.0,114.0,117.0,108.0,123.0,131.0,134.0,136.0,137.0,129.0,126.0,128.0,115.0,115.0,128.0,136.0,136.0,136.0,134.0,132.0,123.0,124.0,133.0,131.0,127.0,129.0,130.0,124.0,126.0,125.0,125.0,129.0,132.0,130.0,127.0,127.0,157.0,140.0,108.0,92.0,106.0,128.0,136.0,118.0,130.0,113.0,116.0,107.0,107.0,101.0,112.0,111.0,115.0,134.0,160.0,176.0,174.0,158.0,125.0,99.0,85.0,88.0,98.0,116.0,139.0,166.0,188.0,200.0,193.0,165.0,128.0,93.0,73.0,72.0,86.0,104.0,119.0,124.0,122.0,117.0,117.0,124.0,133.0,141.0,143.0,141.0,0.13916256612043576,0.9902695492595818
185.0,205.0,143.0,101.0,100.0,121.0,114.0,92.0,131.0,129.0,135.0,118.0,152.0,132.0,148.0,152.0,145.0,128.0,112.0,105.0,115.0,132.0,130.0,140.0,138.0,135.0,136.0,133.0,117.0,118.0,129.0,132.0,135.0,133.0,136.0,131.0,124.0,126.0,134.0,131.0,132.0,134.0,127.0,119.0,122.0,126.0,131.0,135.0,133.0,127.0,128.0,110.0,116.0,135.0,143.0,146.0,143.0,132.0,129.0,120.0,103.0,83.0,73.0,75.0,101.0,146.0,184.0,200.0,191.0,164.0,128.0,96.0,71.0,57.0,56.0,80.0,122.0,165.0,197.0,205.0,199.0,175.0,148.0,126.0,113.0,108.0,108.0,109.0,107.0,103.0,100.0,103.0,113.0,124.0,132.0,137.0,139.0,141.0,142.0,141.0,0.414962518250798,0.9098385067950004
118.0,55.0,148.0,140.0,168.0,134.0,167.0,162.0,121.0,129.0,120.0,141.0,98.0,135.0,109.0,128.0,132.0,154.0,144.0,134.0,117.0,108.0,124.0,122.0,138.0,137.0,137.0,132.0,144.0,132.0,121.0,117.0,116.0,119.0,121.0,129.0,133.0,129.0,120.0,127.0,127.0,128.0,134.0,138.0,130.0,126.0,125.0,124.0,127.0,131.0,167.0,183.0,118.0,145.0,129.0,171.0,141.0,128.0,110.0,137.0,154.0,164.0,138.0,100.0,92.0,108.0,138.0,155.0,173.0,155.0,135.0,140.0,166.0,178.0,165.0,117.0,56.0,55.0,55.0,55.0,127.0,190.0,205.0,205.0,205.0,190.0,117.0,63.0,55.0,55.0,55.0,58.0,121.0,154.0,173.0,176.0,167.0,159.0,159.0,163.0,0.6572989965142415,0.7536299019952507
55.0,89.0,189.0,119.0,169.0,138.0,174.0,105.0,129.0,123.0,125.0,120.0,116.0,110.0,84.0,107.0,114.0,156.0,161.0,160.0,137.0,124.0,105.0,109.0,116.0,114.0,127.0,136.0,134.0,127.0,128.0,126.0,126.0,120.0,129.0,134.0,129.0,125.0,126.0,122.0,121.0,132.0,137.0,135.0,129.0,124.0,121.0,126.0,134.0,136.0,171.0,136.0,98.0,98.0,112.0,121.0,101.0,97.0,105.0,120.0,130.0,131.0,135.0,149.0,156.0,145.0,123.0,95.0,74.0,73.0,92.0,120.0,157.0,193.0,205.0,191.0,154.0,102.0,62.0,58.0,103.0,161.0,199.0,197.0,151.0,89.0,56.0,57.0,102.0,152.0,183.0,185.0,164.0,134.0,112.0,104.0,107.0,113.0,116.0,114.0,0.8455520381092289,0.5338930144226737
55.0,76.0,99.0,205.0,101.0,184.0,128.0,166.0,105.0,145.0,135.0,112.0,120.0,109.0,125.0,107.0,146.0,130.0,152.0,132.0,132.0,126.0,126.0,121.0,126.0,131.0,124.0,139.0,137.0,130.0,120.0,123.0,121.0,125.0,124.0,133.0,134.0,125.0,125.0,128.0,125.0,127.0,137.0,135.0,131.0,127.0,125.0,124.0,130.0,133.0,165.0,105.0,98.0,97.0,112.0,111.0,107.0,101.0,106.0,117.0,121.0,125.0,135.0,149.0,154.0,148.0,119.0,78.0,55.0,55.0,55.0,112.0,155.0,176.0,178.0,174.0,173.0,175.0,177.0,164.0,126.0,74.0,55.0,55.0,55.0,67.0,175.0,205.0,205.0,205.0,205.0,150.0,116.0,95.0,82.0,74.0,71.0,70.0,77.0,89.0,0.9632926493052504,0.26845348162106597
55.0,75.0,118.0,190.0,115.0,181.0,139.0,157.0,101.0,149.0,135.0,116.0,106.0,112.0,126.0,129.0,162.0,142.0,142.0,113.0,113.0,114.0,129.0,131.0,138.0,141.0,129.0,142.0,135.0,127.0,116.0,119.0,116.0,122.0,124.0,134.0,132.0,122.0,124.0,128.0,127.0,130.0,138.0,133.0,127.0,125.0,124.0,125.0,130.0,131.0,172.0,150.0,127.0,121.0,110.0,109.0,103.0,118.0,129.0,132.0,128.0,135.0,152.0,185.0,190.0,155.0,97.0,55.0,55.0,55.0,55.0,97.0,158.0,197.0,205.0,205.0,205.0,171.0,64.0,55.0,55.0,55.0,62.0,170.0,205.0,205.0,173.0,144.0,144.0,170.0,197.0,202.0,175.0,129.0,86.0,62.0,62.0,77.0,92.0,96.0,0.9997864822157843,-0.020663735833275458
123.0,153.0,141.0,148.0,164.0,143.0,117.0,116.0,140.0,124.0,126.0,106.0,84.0,73.0,95.0,135.0,176.0,187.0,167.0,138.0,106.0,94.0,100.0,108.0,113.0,129.0,139.0,138.0,135.0,134.0,131.0,123.0,122.0,132.0,136.0,129.0,125.0,122.0,118.0,123.0,136.0,142.0,136.0,128.0,120.0,121.0,129.0,139.0,141.0,139.0,142.0,170.0,155.0,126.0,122.0,138.0,136.0,118.0,109.0,105.0,115.0,130.0,143.0,148.0,148.0,143.0,142.0,140.0,137.0,133.0,119.0,100.0,103.0,144.0,192.0,205.0,205.0,159.0,86.0,55.0,55.0,55.0,148.0,205.0,205.0,205.0,148.0,84.0,55.0,55.0,55.0,93.0,116.0,131.0,139.0,145.0,151.0,156.0,157.0,154.0,0.9510565162951591,-0.30901699437493046
