Feat_1,Feat_2,Feat_3,Feat_4,Feat_5,Feat_6,Feat_7,Feat_8,Feat_9,Feat_10,Feat_11,Feat_12,Feat_13,Feat_14,Feat_15,Feat_16,Feat_17,Feat_18,Feat_19,Feat_20,Feat_21,Feat_22,Feat_23,Feat_24,Feat_25,Feat_26,Feat_27,Feat_28,Feat_29,Feat_30,Feat_31,Feat_32,Feat_33,Feat_34,Feat_35,Feat_36,Feat_37,Feat_38,Feat_39,Feat_40,Feat_41,Feat_42,Feat_43,Feat_44,Feat_45,Feat_46,Feat_47,Feat_48,Feat_49,Feat_50,Feat_51,Feat_52,Feat_53,Feat_54,Feat_55,Feat_56,Feat_57,Feat_58,Feat_59,Feat_60,Feat_61,Feat_62,Feat_63,Feat_64,Feat_65,Feat_66,Feat_67,Feat_68,Feat_69,Feat_70,Feat_71,Feat_72,Feat_73,Feat_74,Feat_75,Feat_76,Feat_77,Feat_78,Feat_79,Feat_80,Feat_81,Feat_82,Feat_83,Feat_84,Feat_85,Feat_86,Feat_87,Feat_88,Feat_89,Feat_90,Feat_91,Feat_92,Feat_93,Feat_94,Feat_95,Feat_96,Feat_97,Feat_98,Feat_99,Feat_100,Label_Sin,Label_Cos
71.0,150.0,151.0,191.0,161.0,157.0,113.0,89.0,55.0,57.0,82.0,112.0,147.0,168.0,178.0,170.0,156.0,130.0,109.0,92.0,91.0,102.0,124.0,142.0,151.0,148.0,138.0,127.0,122.0,119.0,122.0,125.0,129.0,131.0,134.0,134.0,134.0,133.0,134.0,134.0,135.0,135.0,135.0,135.0,135.0,135.0,135.0,135.0,135.0,134.0,129.0,116.0,103.0,133.0,156.0,159.0,145.0,121.0,114.0,127.0,135.0,119.0,94.0,74.0,79.0,117.0,172.0,205.0,205.0,168.0,120.0,94.0,94.0,102.0,97.0,76.0,59.0,68.0,117.0,188.0,205.0,205.0,205.0,146.0,90.0,60.0,65.0,92.0,117.0,128.0,123.0,112.0,109.0,117.0,134.0,147.0,151.0,146.0,138.0,134.0,0.28173255684142695,0.9594929736144981
55.0,55.0,66.0,67.0,122.0,106.0,187.0,172.0,199.0,164.0,160.0,91.0,59.0,55.0,55.0,55.0,55.0,63.0,155.0,205.0,205.0,205.0,202.0,162.0,121.0,90.0,64.0,55.0,55.0,91.0,128.0,159.0,174.0,173.0,160.0,148.0,135.0,129.0,123.0,122.0,122.0,126.0,128.0,129.0,129.0,130.0,132.0,134.0,137.0,138.0,177.0,148.0,135.0,89.0,116.0,135.0,139.0,119.0,115.0,121.0,139.0,134.0,115.0,107.0,102.0,109.0,121.0,131.0,130.0,146.0,164.0,168.0,163.0,157.0,128.0,91.0,72.0,76.0,94.0,130.0,168.0,189.0,186.0,172.0,155.0,135.0,119.0,107.0,96.0,88.0,88.0,94.0,103.0,115.0,124.0,129.0,132.0,136.0,138.0,142.0,0.5405460709417463,0.8413144151798664
142.0,129.0,132.0,173.0,169.0,204.0,160.0,135.0,61.0,57.0,55.0,75.0,97.0,134.0,149.0,177.0,192.0,201.0,182.0,147.0,108.0,79.0,75.0,89.0,110.0,123.0,135.0,138.0,140.0,142.0,146.0,144.0,141.0,132.0,124.0,115.0,113.0,112.0,116.0,119.0,123.0,124.0,126.0,127.0,129.0,130.0,130.0,130.0,130.0,130.0,69.0,70.0,86.0,129.0,130.0,129.0,117.0,116.0,102.0,88.0,73.0,80.0,97.0,118.0,136.0,148.0,158.0,166.0,163.0,135.0,91.0,55.0,55.0,55.0,58.0,171.0,205.0,205.0,205.0,205.0,193.0,62.0,55.0,55.0,55.0,64.0,151.0,190.0,202.0,191.0,164.0,133.0,109.0,94.0,90.0,92.0,98.0,102.0,104.0,105.0,0.7556020526204923,0.6550309443649962
190.0,113.0,71.0,73.0,77.0,78.0,72.0,87.0,116.0,157.0,181.0,175.0,147.0,121.0,88.0,56.0,55.0,55.0,55.0,67.0,151.0,193.0,205.0,205.0,176.0,137.0,112.0,98.0,89.0,87.0,93.0,107.0,127.0,145.0,154.0,155.0,148.0,138.0,131.0,126.0,123.0,122.0,124.0,126.0,129.0,132.0,133.0,135.0,137.0,138.0,156.0,117.0,107.0,122.0,156.0,149.0,122.0,96.0,84.0,95.0,116.0,135.0,144.0,152.0,151.0,150.0,147.0,132.0,99.0,59.0,55.0,55.0,55.0,151.0,205.0,205.0,205.0,205.0,152.0,59.0,55.0,55.0,55.0,55.0,132.0,205.0,205.0,205.0,190.0,156.0,127.0,108.0,100.0,100.0,102.0,104.0,102.0,100.0,99.0,103.0,0.9094915896745553,0.4157223211607121
167.0,111.0,151.0,99.0,141.0,110.0,89.0,55.0,55.0,55.0,55.0,63.0,135.0,174.0,199.0,189.0,147.0,121.0,94.0,69.0,65.0,83.0,93.0,122.0,161.0,190.0,192.0,179.0,148.0,117.0,99.0,96.0,105.0,119.0,130.0,135.0,136.0,133.0,126.0,121.0,121.0,122.0,125.0,128.0,131.0,135.0,138.0,141.0,143.0,144.0,161.0,161.0,136.0,120.0,130.0,157.0,143.0,101.0,92.0,102.0,123.0,134.0,131.0,123.0,145.0,175.0,182.0,170.0,148.0,112.0,78.0,73.0,91.0,120.0,151.0,179.0,194.0,194.0,183.0,156.0,113.0,70.0,55.0,55.0,102.0,151.0,179.0,169.0,133.0,93.0,70.0,74.0,98.0,128.0,149.0,157.0,154.0,145.0,138.0,138.0,0.9897572307062175,0.14276072381701976
205.0,128.0,205.0,127.0,124.0,55.0,55.0,55.0,94.0,127.0,148.0,169.0,181.0,205.0,205.0,175.0,127.0,98.0,64.0,75.0,108.0,132.0,129.0,135.0,134.0,134.0,144.0,154.0,147.0,133.0,121.0,116.0,117.0,121.0,121.0,120.0,120.0,120.0,122.0,125.0,128.0,130.0,133.0,134.0,134.0,133.0,132.0,131.0,131.0,129.0,175.0,130.0,129.0,130.0,110.0,89.0,91.0,103.0,128.0,142.0,139.0,135.0,142.0,144.0,134.0,115.0,88.0,66.0,69.0,107.0,166.0,205.0,205.0,205.0,205.0,135.0,68.0,55.0,55.0,55.0,72.0,188.0,205.0,205.0,205.0,205.0,97.0,55.0,55.0,55.0,55.0,87.0,105.0,114.0,118.0,122.0,130.0,142.0,154.0,162.0,0.9899014233724155,-0.14175744074039248
55.0,67.0,81.0,135.0,174.0,168.0,157.0,119.0,115.0,65.0,57.0,55.0,55.0,57.0,108.0,135.0,144.0,140.0,147.0,139.0,128.0,131.0,137.0,136.0,135.0,137.0,130.0,121.0,115.0,114.0,118.0,127.0,135.0,143.0,148.0,148.0,143.0,139.0,132.0,128.0,126.0,127.0,128.0,129.0,130.0,132.0,137.0,144.0,149.0,149.0,158.0,100.0,93.0,115.0,113.0,112.0,120.0,143.0,152.0,150.0,124.0,109.0,106.0,95.0,72.0,61.0,67.0,98.0,155.0,205.0,205.0,205.0,205.0,126.0,63.0,55.0,55.0,55.0,55.0,103.0,205.0,205.0,205.0,205.0,205.0,85.0,55.0,55.0,55.0,99.0,125.0,131.0,120.0,106.0,100.0,107.0,123.0,138.0,148.0,150.0,0.9099124951893306,-0.4148002544578853
205.0,133.0,55.0,55.0,55.0,59.0,63.0,56.0,59.0,113.0,166.0,205.0,189.0,137.0,98.0,80.0,59.0,56.0,56.0,57.0,57.0,129.0,190.0,205.0,205.0,187.0,154.0,125.0,108.0,96.0,89.0,89.0,99.0,117.0,137.0,149.0,154.0,154.0,151.0,144.0,138.0,132.0,130.0,132.0,136.0,140.0,141.0,141.0,141.0,143.0,128.0,117.0,103.0,101.0,119.0,140.0,132.0,110.0,106.0,126.0,145.0,143.0,136.0,128.0,120.0,121.0,128.0,125.0,112.0,105.0,112.0,130.0,150.0,161.0,147.0,108.0,76.0,80.0,125.0,185.0,205.0,205.0,131.0,58.0,55.0,55.0,58.0,152.0,189.0,192.0,170.0,142.0,123.0,120.0,128.0,134.0,131.0,119.0,108.0,107.0,0.7562655984270379,-0.6542647358950306
132.0,91.0,142.0,102.0,154.0,140.0,166.0,145.0,174.0,129.0,120.0,103.0,115.0,90.0,95.0,119.0,129.0,127.0,145.0,160.0,144.0,131.0,126.0,120.0,112.0,118.0,121.0,124.0,124.0,126.0,128.0,131.0,131.0,134.0,135.0,136.0,127.0,122.0,121.0,125.0,127.0,126.0,124.0,122.0,121.0,121.0,122.0,124.0,124.0,124.0,121.0,137.0,124.0,139.0,137.0,127.0,100.0,113.0,101.0,107.0,99.0,106.0,131.0,176.0,204.0,205.0,205.0,173.0,131.0,91.0,62.0,55.0,55.0,59.0,138.0,205.0,205.0,205.0,205.0,187.0,55.0,55.0,55.0,61.0,118.0,117.0,93.0,66.0,58.0,78.0,116.0,155.0,180.0,185.0,177.0,167.0,162.0,160.0,155.0,144.0,0.5413985426044131,-0.8407660899833066
100.0,168.0,94.0,125.0,68.0,98.0,55.0,88.0,87.0,103.0,98.0,123.0,130.0,116.0,114.0,114.0,112.0,112.0,144.0,163.0,156.0,141.0,141.0,129.0,118.0,113.0,111.0,109.0,122.0,140.0,152.0,151.0,144.0,134.0,126.0,121.0,117.0,117.0,119.0,122.0,127.0,133.0,137.0,138.0,139.0,142.0,146.0,148.0,148.0,147.0,128.0,110.0,115.0,110.0,119.0,138.0,138.0,121.0,94.0,76.0,81.0,102.0,118.0,136.0,155.0,171.0,185.0,188.0,162.0,111.0,61.0,55.0,55.0,55.0,71.0,197.0,205.0,205.0,205.0,205.0,110.0,55.0,55.0,55.0,55.0,55.0,123.0,162.0,177.0,174.0,161.0,146.0,133.0,127.0,125.0,125.0,124.0,122.0,117.0,111.0,0.28270494626188003,-0.959206918948705
133.0,117.0,95.0,97.0,86.0,78.0,89.0,70.0,81.0,102.0,163.0,178.0,187.0,169.0,156.0,134.0,131.0,124.0,113.0,100.0,98.0,108.0,121.0,134.0,140.0,141.0,142.0,142.0,139.0,133.0,125.0,118.0,115.0,116.0,118.0,122.0,126.0,133.0,138.0,143.0,144.0,144.0,144.0,145.0,145.0,145.0,142.0,139.0,136.0,134.0,173.0,157.0,99.0,106.0,96.0,138.0,127.0,123.0,115.0,110.0,124.0,151.0,175.0,168.0,141.0,97.0,73.0,74.0,106.0,131.0,135.0,123.0,124.0,150.0,192.0,205.0,199.0,129.0,60.0,55.0,55.0,55.0,146.0,189.0,194.0,167.0,129.0,106.0,107.0,127.0,147.0,151.0,139.0,121.0,110.0,112.0,119.0,123.0,122.0,117.0,0.0011262129869100636,-0.9999993658219529
125.0,171.0,159.0,141.0,99.0,89.0,104.0,88.0,102.0,120.0,149.0,137.0,161.0,160.0,130.0,84.0,75.0,71.0,77.0,102.0,139.0,156.0,165.0,172.0,168.0,150.0,128.0,108.0,97.0,97.0,106.0,122.0,136.0,145.0,145.0,142.0,136.0,128.0,122.0,119.0,117.0,118.0,118.0,119.0,121.0,123.0,126.0,128.0,129.0,130.0,130.0,155.0,159.0,135.0,119.0,142.0,148.0,144.0,141.0,134.0,134.0,126.0,118.0,118.0,127.0,124.0,117.0,107.0,103.0,121.0,157.0,167.0,142.0,107.0,88.0,94.0,133.0,180.0,193.0,159.0,99.0,55.0,55.0,55.0,122.0,205.0,205.0,205.0,205.0,137.0,99.0,88.0,96.0,107.0,113.0,110.0,106.0,108.0,115.0,124.0,-0.2805436879126857,-0.959841257277655
55.0,55.0,55.0,120.0,130.0,148.0,128.0,140.0,159.0,169.0,139.0,125.0,148.0,166.0,167.0,162.0,144.0,97.0,67.0,74.0,95.0,107.0,124.0,144.0,158.0,169.0,174.0,164.0,138.0,107.0,86.0,82.0,94.0,112.0,131.0,146.0,154.0,155.0,154.0,151.0,148.0,145.0,143.0,141.0,138.0,134.0,130.0,128.0,127.0,124.0,134.0,129.0,127.0,108.0,127.0,151.0,149.0,123.0,122.0,125.0,131.0,116.0,100.0,88.0,91.0,104.0,126.0,149.0,164.0,180.0,187.0,170.0,132.0,97.0,67.0,55.0,69.0,123.0,178.0,205.0,205.0,165.0,119.0,96.0,108.0,142.0,170.0,172.0,144.0,103.0,70.0,60.0,71.0,93.0,116.0,129.0,132.0,133.0,135.0,142.0,-0.5395034070545633,-0.8419834165685914
88.0,68.0,73.0,88.0,78.0,89.0,105.0,151.0,167.0,177.0,172.0,173.0,162.0,152.0,135.0,105.0,64.0,55.0,71.0,103.0,131.0,152.0,162.0,164.0,170.0,170.0,152.0,121.0,94.0,81.0,88.0,105.0,121.0,132.0,140.0,144.0,146.0,145.0,141.0,138.0,138.0,140.0,142.0,139.0,136.0,133.0,132.0,131.0,130.0,128.0,137.0,109.0,112.0,126.0,138.0,131.0,113.0,103.0,103.0,101.0,109.0,121.0,132.0,139.0,147.0,147.0,145.0,138.0,121.0,98.0,79.0,75.0,92.0,132.0,179.0,205.0,205.0,188.0,135.0,83.0,56.0,60.0,95.0,136.0,164.0,168.0,153.0,131.0,116.0,109.0,110.0,114.0,117.0,120.0,121.0,121.0,123.0,125.0,127.0,128.0,-0.754789998049178,-0.6559665074109514
205.0,161.0,110.0,89.0,89.0,126.0,113.0,97.0,105.0,128.0,120.0,106.0,99.0,81.0,65.0,81.0,117.0,140.0,158.0,173.0,176.0,163.0,142.0,116.0,92.0,80.0,86.0,107.0,131.0,144.0,149.0,150.0,149.0,141.0,130.0,120.0,114.0,111.0,112.0,114.0,117.0,119.0,120.0,122.0,126.0,130.0,133.0,135.0,136.0,137.0,145.0,130.0,130.0,120.0,120.0,128.0,131.0,125.0,125.0,140.0,147.0,149.0,137.0,113.0,93.0,98.0,108.0,112.0,121.0,137.0,151.0,172.0,194.0,193.0,155.0,97.0,55.0,55.0,55.0,66.0,172.0,205.0,205.0,205.0,148.0,105.0,89.0,95.0,109.0,121.0,122.0,116.0,112.0,113.0,118.0,125.0,131.0,132.0,132.0,133.0,-0.9089758807293742,-0.41684871146767216
151.0,157.0,80.0,85.0,94.0,96.0,116.0,120.0,126.0,117.0,173.0,196.0,205.0,186.0,172.0,109.0,57.0,55.0,55.0,55.0,55.0,89.0,157.0,195.0,205.0,205.0,191.0,151.0,110.0,79.0,63.0,65.0,83.0,112.0,141.0,157.0,162.0,159.0,151.0,143.0,136.0,130.0,124.0,122.0,120.0,121.0,121.0,120.0,119.0,120.0,136.0,150.0,140.0,128.0,103.0,105.0,118.0,126.0,114.0,98.0,99.0,120.0,149.0,171.0,175.0,158.0,139.0,121.0,107.0,105.0,114.0,116.0,116.0,133.0,164.0,190.0,196.0,174.0,127.0,85.0,74.0,98.0,136.0,160.0,155.0,125.0,90.0,68.0,67.0,86.0,114.0,136.0,145.0,142.0,138.0,136.0,141.0,147.0,149.0,143.0,-0.9895796143391768,-0.14398675940629438
55.0,55.0,97.0,136.0,131.0,156.0,160.0,200.0,205.0,205.0,165.0,109.0,55.0,55.0,55.0,70.0,126.0,170.0,203.0,205.0,205.0,205.0,149.0,98.0,61.0,55.0,55.0,81.0,110.0,142.0,170.0,180.0,174.0,152.0,129.0,114.0,111.0,114.0,120.0,124.0,129.0,134.0,138.0,137.0,134.0,130.0,128.0,128.0,129.0,128.0,121.0,96.0,98.0,112.0,121.0,98.0,87.0,117.0,136.0,146.0,139.0,138.0,138.0,148.0,133.0,105.0,78.0,70.0,83.0,119.0,163.0,195.0,205.0,190.0,148.0,100.0,67.0,60.0,84.0,129.0,173.0,194.0,187.0,152.0,108.0,73.0,64.0,82.0,115.0,149.0,167.0,166.0,150.0,133.0,119.0,114.0,114.0,116.0,120.0,123.0,-0.9900762777362406,0.14053100819374534
205.0,188.0,135.0,99.0,96.0,133.0,131.0,94.0,55.0,55.0,55.0,55.0,107.0,156.0,173.0,188.0,192.0,175.0,134.0,89.0,56.0,55.0,55.0,76.0,126.0,162.0,187.0,192.0,188.0,169.0,136.0,102.0,84.0,84.0,99.0,118.0,132.0,138.0,138.0,135.0,131.0,128.0,124.0,123.0,126.0,130.0,134.0,136.0,137.0,137.0,159.0,96.0,108.0,98.0,131.0,128.0,139.0,139.0,152.0,131.0,103.0,84.0,91.0,107.0,114.0,125.0,135.0,153.0,179.0,202.0,186.0,129.0,61.0,55.0,55.0,55.0,77.0,203.0,205.0,205.0,204.0,148.0,121.0,109.0,99.0,85.0,74.0,80.0,96.0,127.0,153.0,170.0,170.0,156.0,134.0,119.0,117.0,125.0,132.0,132.0,-0.9104256657171805,0.4136727054126592
205.0,112.0,144.0,101.0,123.0,136.0,168.0,158.0,164.0,168.0,126.0,86.0,59.0,65.0,55.0,77.0,120.0,163.0,174.0,200.0,205.0,187.0,137.0,100.0,71.0,58.0,75.0,107.0,133.0,148.0,155.0,156.0,155.0,149.0,137.0,125.0,116.0,110.0,110.0,112.0,114.0,114.0,117.0,119.0,122.0,123.0,124.0,124.0,127.0,128.0,147.0,95.0,136.0,109.0,124.0,92.0,99.0,121.0,148.0,151.0,129.0,117.0,122.0,150.0,157.0,155.0,126.0,92.0,76.0,101.0,143.0,175.0,176.0,143.0,96.0,77.0,101.0,146.0,181.0,189.0,167.0,127.0,96.0,78.0,74.0,78.0,89.0,103.0,121.0,142.0,162.0,175.0,175.0,164.0,144.0,125.0,116.0,117.0,123.0,126.0,-0.7570755436533172,0.6533273461305857
119.0,140.0,72.0,126.0,152.0,190.0,184.0,158.0,122.0,75.0,75.0,65.0,87.0,107.0,163.0,194.0,205.0,205.0,175.0,112.0,64.0,55.0,55.0,59.0,104.0,138.0,170.0,193.0,195.0,174.0,136.0,102.0,85.0,90.0,105.0,122.0,131.0,136.0,138.0,139.0,135.0,131.0,126.0,125.0,126.0,127.0,126.0,124.0,123.0,124.0,156.0,92.0,77.0,105.0,111.0,120.0,114.0,119.0,136.0,136.0,122.0,104.0,98.0,98.0,104.0,112.0,119.0,127.0,138.0,150.0,155.0,147.0,124.0,94.0,67.0,57.0,72.0,111.0,161.0,205.0,205.0,205.0,205.0,139.0,75.0,55.0,55.0,55.0,98.0,173.0,204.0,202.0,177.0,144.0,117.0,102.0,98.0,101.0,106.0,107.0,-0.5424396969716189,0.8400947417698424
108.0,56.0,55.0,55.0,55.0,55.0,81.0,141.0,187.0,205.0,205.0,167.0,106.0,55.0,55.0,55.0,55.0,98.0,149.0,180.0,193.0,189.0,173.0,140.0,107.0,86.0,84.0,95.0,115.0,131.0,139.0,141.0,137.0,131.0,126.0,122.0,120.0,122.0,124.0,128.0,129.0,132.0,134.0,137.0,139.0,139.0,138.0,136.0,136.0,136.0,116.0,90.0,99.0,115.0,142.0,144.0,147.0,141.0,115.0,89.0,85.0,98.0,109.0,118.0,126.0,137.0,158.0,189.0,201.0,170.0,103.0,55.0,55.0,55.0,55.0,136.0,205.0,205.0,205.0,177.0,137.0,116.0,108.0,99.0,80.0,64.0,67.0,96.0,139.0,174.0,187.0,176.0,152.0,126.0,114.0,116.0,125.0,130.0,125.0,113.0,-0.28389302769226565,0.9588559583314474
131.0,151.0,140.0,113.0,55.0,55.0,55.0,55.0,96.0,161.0,178.0,188.0,202.0,192.0,129.0,65.0,55.0,55.0,55.0,55.0,114.0,178.0,201.0,205.0,198.0,170.0,138.0,107.0,84.0,75.0,81.0,100.0,123.0,142.0,150.0,151.0,145.0,136.0,129.0,123.0,122.0,121.0,122.0,124.0,126.0,129.0,131.0,132.0,133.0,133.0,128.0,124.0,101.0,109.0,112.0,123.0,140.0,149.0,133.0,110.0,95.0,103.0,120.0,135.0,140.0,134.0,126.0,130.0,145.0,152.0,136.0,104.0,68.0,55.0,59.0,123.0,177.0,203.0,199.0,173.0,142.0,121.0,108.0,94.0,78.0,70.0,80.0,108.0,145.0,176.0,189.0,183.0,161.0,134.0,115.0,109.0,115.0,121.0,121.0,114.0,-0.002365045567811779,0.9999972032758202
204.0,205.0,171.0,118.0,75.0,63.0,75.0,84.0,103.0,139.0,185.0,205.0,205.0,192.0,118.0,56.0,55.0,55.0,55.0,86.0,139.0,176.0,201.0,205.0,191.0,150.0,102.0,72.0,70.0,88.0,114.0,134.0,143.0,146.0,145.0,141.0,133.0,126.0,122.0,122.0,124.0,124.0,123.0,122.0,122.0,124.0,126.0,127.0,126.0,125.0,132.0,111.0,100.0,119.0,149.0,144.0,118.0,95.0,94.0,100.0,111.0,116.0,120.0,128.0,143.0,154.0,155.0,143.0,117.0,87.0,63.0,59.0,81.0,124.0,174.0,205.0,205.0,205.0,190.0,124.0,63.0,55.0,55.0,55.0,125.0,184.0,205.0,200.0,172.0,138.0,113.0,100.0,99.0,102.0,106.0,107.0,105.0,105.0,108.0,114.0,0.2793543884303614,0.9601880678620719
158.0,97.0,69.0,55.0,61.0,93.0,168.0,141.0,180.0,147.0,157.0,108.0,89.0,55.0,61.0,82.0,118.0,153.0,173.0,175.0,160.0,140.0,113.0,99.0,90.0,96.0,113.0,137.0,151.0,156.0,149.0,136.0,120.0,113.0,112.0,118.0,126.0,133.0,137.0,139.0,137.0,135.0,134.0,134.0,134.0,134.0,134.0,134.0,134.0,134.0,154.0,144.0,145.0,147.0,150.0,146.0,112.0,88.0,105.0,131.0,155.0,154.0,136.0,130.0,148.0,161.0,154.0,123.0,86.0,55.0,55.0,104.0,170.0,205.0,205.0,205.0,153.0,123.0,105.0,86.0,62.0,55.0,55.0,95.0,161.0,205.0,205.0,205.0,155.0,98.0,67.0,68.0,93.0,122.0,139.0,137.0,124.0,115.0,117.0,130.0,0.5384599151855224,0.842651125756324
128.0,55.0,55.0,55.0,73.0,103.0,102.0,149.0,176.0,192.0,170.0,172.0,114.0,73.0,55.0,55.0,55.0,55.0,55.0,91.0,176.0,205.0,205.0,205.0,185.0,148.0,113.0,80.0,56.0,55.0,56.0,107.0,141.0,162.0,171.0,167.0,157.0,146.0,136.0,128.0,123.0,120.0,122.0,125.0,128.0,128.0,129.0,130.0,133.0,135.0,105.0,74.0,108.0,145.0,150.0,111.0,95.0,101.0,121.0,138.0,134.0,124.0,120.0,126.0,140.0,147.0,134.0,108.0,78.0,57.0,56.0,99.0,150.0,180.0,187.0,177.0,155.0,135.0,125.0,119.0,111.0,104.0,97.0,93.0,96.0,112.0,140.0,170.0,191.0,195.0,179.0,155.0,132.0,114.0,103.0,99.0,94.0,89.0,87.0,94.0,0.7539767850933644,0.6569010637381207
139.0,115.0,123.0,143.0,182.0,201.0,183.0,128.0,76.0,55.0,55.0,55.0,98.0,124.0,149.0,175.0,192.0,193.0,174.0,133.0,92.0,71.0,73.0,95.0,120.0,138.0,142.0,145.0,148.0,145.0,137.0,128.0,123.0,124.0,125.0,124.0,123.0,122.0,122.0,123.0,123.0,123.0,122.0,122.0,128.0,132.0,133.0,128.0,125.0,128.0,205.0,169.0,114.0,102.0,80.0,111.0,104.0,97.0,95.0,124.0,129.0,139.0,137.0,143.0,149.0,141.0,108.0,70.0,55.0,55.0,97.0,148.0,191.0,205.0,205.0,205.0,156.0,101.0,56.0,55.0,55.0,80.0,172.0,205.0,205.0,203.0,131.0,80.0,62.0,79.0,114.0,147.0,159.0,148.0,124.0,105.0,97.0,101.0,110.0,117.0,0.9084587767689852,0.4179744620325493
89.0,139.0,100.0,113.0,65.0,61.0,55.0,102.0,137.0,165.0,181.0,166.0,151.0,122.0,90.0,56.0,55.0,55.0,55.0,115.0,170.0,195.0,203.0,194.0,167.0,130.0,106.0,91.0,87.0,93.0,107.0,124.0,139.0,149.0,151.0,148.0,142.0,134.0,128.0,126.0,125.0,125.0,127.0,129.0,132.0,133.0,135.0,136.0,137.0,138.0,141.0,79.0,85.0,110.0,159.0,153.0,133.0,124.0,118.0,130.0,127.0,114.0,88.0,79.0,74.0,100.0,149.0,195.0,205.0,183.0,136.0,93.0,79.0,84.0,83.0,72.0,61.0,67.0,107.0,180.0,205.0,205.0,205.0,205.0,64.0,55.0,55.0,55.0,74.0,153.0,171.0,161.0,140.0,127.0,126.0,133.0,138.0,137.0,129.0,123.0,0.9894004792535793,0.14521257401749907
92.0,55.0,55.0,133.0,170.0,167.0,154.0,153.0,128.0,105.0,76.0,55.0,55.0,55.0,57.0,138.0,193.0,203.0,181.0,164.0,153.0,131.0,109.0,94.0,80.0,85.0,114.0,145.0,158.0,162.0,146.0,129.0,124.0,128.0,135.0,137.0,133.0,127.0,125.0,125.0,123.0,123.0,127.0,131.0,134.0,135.0,136.0,138.0,142.0,144.0,152.0,106.0,104.0,155.0,139.0,139.0,136.0,144.0,121.0,120.0,107.0,115.0,113.0,98.0,84.0,95.0,117.0,150.0,177.0,171.0,143.0,123.0,113.0,108.0,122.0,137.0,128.0,104.0,91.0,91.0,112.0,151.0,191.0,205.0,201.0,173.0,146.0,127.0,117.0,111.0,99.0,85.0,76.0,76.0,87.0,105.0,122.0,133.0,138.0,140.0,0.9902496126192649,-0.13930435997267196
146.0,191.0,147.0,195.0,160.0,171.0,93.0,73.0,55.0,55.0,79.0,120.0,140.0,162.0,179.0,199.0,205.0,181.0,146.0,103.0,68.0,56.0,79.0,101.0,118.0,134.0,144.0,147.0,157.0,165.0,160.0,143.0,122.0,103.0,97.0,101.0,111.0,120.0,127.0,129.0,130.0,130.0,130.0,130.0,130.0,130.0,131.0,131.0,131.0,130.0,55.0,81.0,98.0,138.0,119.0,119.0,117.0,125.0,114.0,95.0,75.0,74.0,92.0,111.0,131.0,144.0,156.0,165.0,168.0,149.0,108.0,62.0,55.0,55.0,55.0,114.0,205.0,205.0,205.0,205.0,205.0,69.0,55.0,55.0,55.0,55.0,122.0,184.0,202.0,194.0,168.0,137.0,112.0,96.0,91.0,93.0,98.0,102.0,105.0,106.0,0.9109374390048732,-0.4125445214994896
149.0,55.0,79.0,55.0,90.0,95.0,137.0,149.0,178.0,166.0,150.0,124.0,85.0,57.0,55.0,55.0,55.0,88.0,143.0,177.0,194.0,199.0,180.0,148.0,124.0,109.0,97.0,96.0,98.0,108.0,121.0,136.0,146.0,152.0,150.0,144.0,137.0,132.0,128.0,125.0,125.0,126.0,127.0,129.0,132.0,134.0,136.0,137.0,139.0,140.0,83.0,101.0,102.0,115.0,113.0,123.0,134.0,146.0,132.0,112.0,96.0,90.0,98.0,114.0,131.0,142.0,151.0,152.0,149.0,143.0,127.0,94.0,56.0,55.0,55.0,55.0,158.0,205.0,205.0,205.0,205.0,119.0,55.0,55.0,55.0,55.0,60.0,139.0,205.0,205.0,205.0,181.0,152.0,128.0,113.0,105.0,102.0,103.0,102.0,100.0,0.7578843269875192,-0.6523889536976198
100.0,86.0,141.0,130.0,126.0,86.0,58.0,55.0,55.0,57.0,115.0,156.0,179.0,169.0,145.0,121.0,81.0,58.0,59.0,79.0,102.0,146.0,184.0,198.0,189.0,163.0,125.0,96.0,82.0,86.0,102.0,123.0,137.0,147.0,148.0,143.0,134.0,129.0,127.0,127.0,128.0,130.0,133.0,136.0,139.0,141.0,143.0,144.0,144.0,144.0,162.0,95.0,87.0,122.0,126.0,119.0,116.0,125.0,137.0,131.0,109.0,99.0,101.0,107.0,117.0,123.0,124.0,139.0,163.0,171.0,163.0,150.0,121.0,81.0,61.0,69.0,93.0,128.0,168.0,195.0,201.0,192.0,173.0,140.0,102.0,74.0,62.0,69.0,92.0,120.0,139.0,145.0,139.0,129.0,122.0,122.0,127.0,132.0,132.0,134.0,0.5434800188506947,-0.8394221042539018
142.0,114.0,95.0,55.0,84.0,110.0,153.0,150.0,170.0,144.0,160.0,161.0,167.0,140.0,126.0,108.0,92.0,102.0,129.0,128.0,115.0,119.0,123.0,127.0,143.0,155.0,147.0,134.0,124.0,121.0,117.0,115.0,111.0,113.0,119.0,129.0,138.0,143.0,139.0,134.0,136.0,139.0,140.0,136.0,132.0,130.0,128.0,127.0,125.0,124.0,72.0,89.0,135.0,126.0,153.0,135.0,144.0,116.0,95.0,63.0,81.0,104.0,133.0,147.0,151.0,158.0,171.0,176.0,150.0,104.0,55.0,55.0,55.0,58.0,177.0,205.0,205.0,205.0,205.0,205.0,55.0,55.0,55.0,55.0,55.0,120.0,205.0,205.0,205.0,200.0,123.0,72.0,55.0,55.0,72.0,97.0,112.0,118.0,117.0,116.0,0.285080673428881,-0.9585035261475754
138.0,132.0,105.0,89.0,62.0,67.0,86.0,110.0,100.0,113.0,125.0,130.0,114.0,113.0,109.0,105.0,124.0,165.0,186.0,177.0,161.0,144.0,120.0,105.0,99.0,94.0,96.0,112.0,140.0,162.0,171.0,161.0,143.0,125.0,113.0,107.0,109.0,113.0,119.0,127.0,134.0,139.0,141.0,143.0,145.0,147.0,149.0,148.0,146.0,144.0,96.0,147.0,155.0,177.0,130.0,122.0,108.0,104.0,95.0,116.0,138.0,160.0,169.0,157.0,146.0,143.0,133.0,99.0,58.0,55.0,55.0,64.0,193.0,205.0,205.0,205.0,205.0,151.0,55.0,55.0,55.0,55.0,55.0,132.0,205.0,205.0,205.0,205.0,163.0,112.0,67.0,55.0,55.0,77.0,98.0,111.0,114.0,115.0,119.0,129.0,0.0036038745189789054,-0.9999935060231399
79.0,60.0,55.0,55.0,55.0,73.0,128.0,176.0,167.0,147.0,131.0,112.0,79.0,58.0,55.0,55.0,55.0,100.0,181.0,205.0,204.0,183.0,151.0,124.0,108.0,98.0,91.0,90.0,100.0,118.0,135.0,144.0,148.0,146.0,141.0,133.0,127.0,122.0,121.0,123.0,127.0,131.0,134.0,136.0,139.0,142.0,144.0,144.0,142.0,142.0,205.0,154.0,111.0,124.0,131.0,120.0,94.0,89.0,97.0,134.0,140.0,131.0,119.0,146.0,173.0,180.0,162.0,128.0,87.0,65.0,78.0,107.0,136.0,157.0,173.0,178.0,175.0,167.0,142.0,100.0,64.0,59.0,93.0,150.0,192.0,189.0,138.0,74.0,55.0,55.0,56.0,143.0,186.0,198.0,183.0,156.0,133.0,123.0,127.0,133.0,-0.2781646602199004,-0.9605334048354317
202.0,81.0,131.0,93.0,141.0,120.0,152.0,142.0,156.0,158.0,159.0,130.0,100.0,113.0,108.0,101.0,105.0,126.0,118.0,122.0,139.0,149.0,134.0,131.0,130.0,124.0,122.0,128.0,130.0,128.0,123.0,119.0,120.0,126.0,130.0,134.0,137.0,136.0,132.0,130.0,128.0,126.0,124.0,122.0,122.0,122.0,122.0,122.0,123.0,123.0,133.0,126.0,121.0,101.0,113.0,124.0,132.0,133.0,128.0,124.0,125.0,118.0,104.0,92.0,89.0,99.0,122.0,155.0,183.0,203.0,205.0,193.0,160.0,115.0,68.0,55.0,55.0,55.0,69.0,189.0,205.0,205.0,205.0,205.0,116.0,55.0,55.0,55.0,55.0,55.0,90.0,104.0,113.0,119.0,125.0,138.0,153.0,164.0,167.0,164.0,-0.5374155969362833,-0.8433175417181943
67.0,85.0,55.0,86.0,79.0,112.0,86.0,93.0,111.0,135.0,130.0,112.0,120.0,112.0,117.0,132.0,156.0,144.0,132.0,133.0,137.0,121.0,120.0,123.0,123.0,127.0,141.0,151.0,151.0,140.0,127.0,120.0,121.0,122.0,123.0,126.0,128.0,130.0,134.0,136.0,137.0,138.0,141.0,145.0,148.0,148.0,147.0,146.0,145.0,145.0,160.0,107.0,84.0,88.0,101.0,149.0,146.0,142.0,131.0,125.0,117.0,105.0,76.0,57.0,62.0,80.0,118.0,173.0,205.0,205.0,205.0,174.0,97.0,55.0,55.0,55.0,55.0,55.0,150.0,205.0,205.0,205.0,205.0,205.0,76.0,55.0,55.0,55.0,55.0,96.0,147.0,159.0,153.0,140.0,130.0,127.0,129.0,133.0,135.0,132.0,-0.7531624150012646,-0.6578346119120391
86.0,140.0,160.0,119.0,93.0,84.0,78.0,78.0,83.0,72.0,68.0,102.0,154.0,183.0,187.0,174.0,149.0,125.0,111.0,105.0,98.0,96.0,101.0,117.0,134.0,146.0,149.0,148.0,142.0,134.0,126.0,120.0,116.0,115.0,118.0,122.0,126.0,127.0,130.0,133.0,138.0,141.0,142.0,143.0,143.0,144.0,145.0,145.0,143.0,140.0,105.0,104.0,118.0,146.0,132.0,106.0,107.0,133.0,147.0,146.0,135.0,124.0,117.0,124.0,130.0,122.0,109.0,106.0,118.0,138.0,158.0,160.0,133.0,92.0,74.0,94.0,150.0,204.0,205.0,177.0,99.0,55.0,55.0,55.0,97.0,172.0,195.0,186.0,159.0,133.0,121.0,124.0,132.0,135.0,127.0,115.0,107.0,109.0,119.0,127.0,-0.9079402785871052,-0.4190995711273989
147.0,90.0,117.0,141.0,177.0,174.0,154.0,111.0,93.0,112.0,111.0,92.0,97.0,128.0,139.0,149.0,162.0,150.0,105.0,82.0,90.0,102.0,114.0,134.0,146.0,148.0,150.0,151.0,143.0,127.0,110.0,104.0,109.0,121.0,130.0,138.0,140.0,138.0,134.0,129.0,124.0,120.0,119.0,119.0,121.0,122.0,122.0,122.0,125.0,127.0,155.0,133.0,120.0,126.0,119.0,140.0,115.0,99.0,104.0,116.0,111.0,99.0,96.0,126.0,177.0,205.0,205.0,203.0,163.0,125.0,94.0,63.0,55.0,55.0,55.0,139.0,205.0,205.0,205.0,205.0,131.0,60.0,55.0,55.0,100.0,115.0,100.0,72.0,55.0,55.0,82.0,136.0,180.0,199.0,196.0,179.0,163.0,155.0,153.0,149.0,-0.9892198257243415,-0.14643816576938992
55.0,55.0,135.0,98.0,132.0,119.0,149.0,144.0,177.0,168.0,141.0,126.0,147.0,159.0,158.0,165.0,155.0,122.0,98.0,103.0,105.0,106.0,113.0,128.0,138.0,153.0,159.0,158.0,143.0,123.0,105.0,99.0,101.0,110.0,122.0,135.0,144.0,148.0,150.0,150.0,150.0,149.0,146.0,143.0,140.0,136.0,132.0,129.0,127.0,123.0,114.0,113.0,109.0,114.0,133.0,142.0,126.0,104.0,79.0,77.0,95.0,112.0,130.0,150.0,166.0,180.0,189.0,174.0,128.0,77.0,55.0,55.0,55.0,55.0,145.0,205.0,205.0,205.0,205.0,205.0,55.0,55.0,55.0,55.0,55.0,94.0,152.0,174.0,177.0,166.0,151.0,136.0,128.0,125.0,126.0,125.0,123.0,119.0,113.0,108.0,-0.9904214277554737,0.1380774979596928
121.0,61.0,55.0,59.0,111.0,121.0,132.0,113.0,111.0,123.0,152.0,145.0,138.0,135.0,151.0,164.0,170.0,161.0,125.0,78.0,59.0,78.0,103.0,128.0,148.0,159.0,161.0,167.0,167.0,150.0,122.0,96.0,85.0,92.0,110.0,127.0,141.0,149.0,153.0,154.0,152.0,149.0,144.0,145.0,146.0,145.0,141.0,137.0,138.0,135.0,155.0,160.0,138.0,120.0,105.0,119.0,146.0,155.0,140.0,116.0,98.0,101.0,125.0,146.0,145.0,120.0,96.0,95.0,119.0,153.0,166.0,136.0,88.0,62.0,82.0,143.0,201.0,205.0,173.0,97.0,55.0,55.0,55.0,141.0,192.0,205.0,188.0,152.0,122.0,112.0,118.0,130.0,131.0,120.0,106.0,99.0,105.0,121.0,129.0,124.0,-0.9114478142670043,0.4114157044497699
107.0,85.0,112.0,97.0,80.0,84.0,126.0,136.0,152.0,166.0,156.0,105.0,71.0,57.0,55.0,55.0,82.0,130.0,160.0,180.0,191.0,182.0,160.0,132.0,107.0,87.0,80.0,86.0,104.0,127.0,143.0,153.0,154.0,148.0,132.0,119.0,112.0,113.0,115.0,115.0,116.0,118.0,121.0,123.0,127.0,130.0,132.0,133.0,135.0,137.0,121.0,116.0,122.0,119.0,112.0,132.0,118.0,93.0,94.0,97.0,134.0,160.0,177.0,172.0,173.0,164.0,158.0,137.0,93.0,55.0,55.0,55.0,66.0,189.0,205.0,205.0,205.0,112.0,67.0,59.0,97.0,144.0,153.0,119.0,66.0,55.0,55.0,55.0,129.0,185.0,205.0,205.0,189.0,169.0,155.0,143.0,135.0,124.0,110.0,98.0,-0.7586919471884298,0.651449560036254
162.0,81.0,64.0,75.0,83.0,99.0,100.0,106.0,129.0,179.0,182.0,170.0,167.0,178.0,166.0,150.0,133.0,98.0,60.0,57.0,82.0,103.0,121.0,141.0,157.0,168.0,177.0,175.0,154.0,121.0,92.0,79.0,84.0,99.0,117.0,132.0,143.0,147.0,148.0,146.0,143.0,139.0,138.0,137.0,136.0,135.0,131.0,128.0,126.0,124.0,152.0,109.0,120.0,122.0,134.0,107.0,96.0,83.0,110.0,126.0,149.0,145.0,150.0,154.0,151.0,131.0,108.0,76.0,55.0,55.0,55.0,137.0,201.0,205.0,205.0,205.0,139.0,73.0,55.0,55.0,55.0,78.0,152.0,183.0,188.0,172.0,149.0,131.0,123.0,123.0,126.0,126.0,123.0,118.0,113.0,108.0,105.0,106.0,110.0,118.0,-0.544519506645091,0.8387481784677608
157.0,86.0,58.0,74.0,82.0,92.0,81.0,92.0,128.0,165.0,179.0,175.0,171.0,160.0,157.0,148.0,123.0,75.0,55.0,55.0,93.0,124.0,147.0,159.0,161.0,166.0,171.0,161.0,134.0,103.0,84.0,83.0,98.0,115.0,125.0,137.0,143.0,145.0,145.0,142.0,140.0,140.0,139.0,136.0,135.0,137.0,137.0,135.0,131.0,128.0,103.0,110.0,125.0,103.0,92.0,97.0,119.0,143.0,154.0,146.0,133.0,127.0,124.0,123.0,116.0,93.0,62.0,55.0,87.0,152.0,205.0,205.0,205.0,131.0,58.0,55.0,55.0,67.0,169.0,205.0,205.0,163.0,102.0,63.0,61.0,92.0,134.0,166.0,177.0,169.0,152.0,135.0,123.0,113.0,104.0,100.0,102.0,108.0,117.0,123.0,-0.2862678816490976,0.9581496229379513
177.0,135.0,105.0,89.0,105.0,122.0,105.0,96.0,117.0,130.0,114.0,102.0,94.0,75.0,67.0,91.0,125.0,146.0,164.0,177.0,173.0,158.0,134.0,109.0,88.0,81.0,89.0,111.0,134.0,149.0,154.0,152.0,145.0,135.0,125.0,117.0,113.0,112.0,113.0,115.0,117.0,118.0,120.0,124.0,128.0,131.0,133.0,135.0,136.0,137.0,125.0,150.0,159.0,144.0,116.0,140.0,145.0,145.0,141.0,136.0,135.0,129.0,119.0,116.0,125.0,122.0,117.0,113.0,112.0,122.0,147.0,157.0,139.0,114.0,98.0,97.0,123.0,166.0,188.0,167.0,114.0,59.0,55.0,55.0,96.0,192.0,205.0,205.0,205.0,149.0,103.0,87.0,93.0,106.0,113.0,111.0,106.0,106.0,112.0,122.0,-0.004842697939240098,0.9999882740695859
83.0,129.0,92.0,138.0,119.0,160.0,195.0,205.0,198.0,182.0,147.0,74.0,55.0,55.0,55.0,55.0,97.0,180.0,205.0,205.0,205.0,188.0,142.0,99.0,68.0,55.0,55.0,83.0,127.0,163.0,180.0,169.0,151.0,136.0,129.0,127.0,125.0,123.0,121.0,123.0,125.0,126.0,125.0,123.0,122.0,122.0,123.0,124.0,126.0,127.0,155.0,133.0,110.0,109.0,147.0,155.0,136.0,121.0,122.0,130.0,123.0,106.0,91.0,90.0,98.0,121.0,145.0,162.0,177.0,188.0,178.0,143.0,106.0,74.0,55.0,58.0,108.0,166.0,205.0,205.0,180.0,127.0,94.0,100.0,136.0,170.0,178.0,154.0,111.0,82.0,63.0,65.0,83.0,109.0,129.0,136.0,134.0,134.0,139.0,148.0,0.2769745051071244,0.9608772676677618
163.0,151.0,115.0,113.0,124.0,170.0,185.0,187.0,167.0,125.0,77.0,65.0,72.0,95.0,128.0,162.0,188.0,205.0,205.0,201.0,146.0,99.0,63.0,55.0,63.0,88.0,119.0,153.0,177.0,182.0,172.0,148.0,123.0,109.0,105.0,107.0,113.0,118.0,124.0,130.0,134.0,134.0,131.0,129.0,128.0,129.0,129.0,128.0,126.0,125.0,149.0,120.0,109.0,122.0,129.0,129.0,115.0,106.0,98.0,98.0,112.0,127.0,137.0,143.0,147.0,145.0,142.0,132.0,111.0,88.0,75.0,79.0,105.0,151.0,195.0,205.0,205.0,168.0,112.0,67.0,55.0,73.0,112.0,150.0,168.0,163.0,143.0,123.0,112.0,108.0,112.0,115.0,118.0,120.0,121.0,121.0,123.0,126.0,127.0,127.0,0.5363704539095036,0.8439826634314909
159.0,147.0,146.0,167.0,125.0,76.0,55.0,55.0,55.0,55.0,90.0,149.0,189.0,205.0,205.0,164.0,105.0,55.0,55.0,55.0,55.0,102.0,152.0,180.0,193.0,189.0,170.0,137.0,104.0,87.0,84.0,95.0,109.0,126.0,139.0,144.0,139.0,129.0,121.0,120.0,122.0,126.0,126.0,125.0,126.0,130.0,135.0,139.0,139.0,138.0,132.0,116.0,113.0,128.0,135.0,130.0,130.0,142.0,147.0,147.0,131.0,105.0,93.0,102.0,111.0,115.0,128.0,143.0,158.0,181.0,198.0,183.0,135.0,75.0,55.0,55.0,55.0,104.0,196.0,205.0,205.0,183.0,129.0,96.0,89.0,100.0,115.0,123.0,121.0,114.0,112.0,115.0,121.0,128.0,132.0,133.0,133.0,135.0,140.0,143.0,0.7523468890226425,0.6587671505000472
204.0,156.0,169.0,173.0,187.0,168.0,132.0,60.0,55.0,55.0,55.0,55.0,101.0,188.0,205.0,205.0,200.0,179.0,116.0,59.0,55.0,55.0,55.0,107.0,151.0,173.0,180.0,178.0,165.0,143.0,119.0,102.0,99.0,108.0,118.0,126.0,129.0,128.0,124.0,122.0,119.0,117.0,116.0,117.0,121.0,125.0,127.0,128.0,130.0,132.0,166.0,124.0,104.0,116.0,140.0,147.0,123.0,97.0,98.0,115.0,140.0,150.0,138.0,123.0,129.0,145.0,159.0,162.0,141.0,100.0,75.0,89.0,131.0,172.0,187.0,164.0,118.0,89.0,95.0,132.0,169.0,183.0,163.0,121.0,83.0,66.0,74.0,98.0,122.0,134.0,132.0,126.0,125.0,131.0,143.0,151.0,150.0,140.0,130.0,127.0,0.9074203869794368,0.4202240370255957
109.0,138.0,190.0,184.0,160.0,111.0,69.0,56.0,73.0,86.0,116.0,157.0,195.0,205.0,205.0,165.0,98.0,55.0,55.0,55.0,55.0,101.0,153.0,188.0,205.0,205.0,177.0,130.0,88.0,68.0,74.0,96.0,121.0,136.0,143.0,146.0,144.0,138.0,130.0,123.0,120.0,122.0,124.0,124.0,122.0,120.0,122.0,124.0,126.0,126.0,63.0,108.0,116.0,125.0,113.0,116.0,133.0,133.0,130.0,108.0,105.0,101.0,106.0,103.0,115.0,124.0,136.0,146.0,157.0,151.0,134.0,112.0,91.0,74.0,72.0,89.0,125.0,172.0,205.0,205.0,205.0,165.0,100.0,55.0,55.0,55.0,105.0,159.0,188.0,186.0,165.0,136.0,116.0,106.0,105.0,108.0,112.0,114.0,113.0,113.0,0.9890376540287146,0.14766353278103772
103.0,56.0,55.0,68.0,94.0,117.0,131.0,158.0,173.0,172.0,142.0,108.0,70.0,55.0,63.0,91.0,119.0,152.0,176.0,183.0,177.0,159.0,129.0,100.0,85.0,87.0,103.0,124.0,139.0,144.0,143.0,138.0,133.0,129.0,125.0,122.0,123.0,126.0,128.0,130.0,131.0,132.0,134.0,136.0,137.0,137.0,136.0,136.0,136.0,136.0,138.0,98.0,93.0,110.0,132.0,136.0,144.0,146.0,131.0,102.0,84.0,88.0,103.0,113.0,123.0,133.0,148.0,175.0,199.0,189.0,133.0,63.0,55.0,55.0,55.0,73.0,200.0,205.0,205.0,205.0,154.0,127.0,116.0,105.0,85.0,66.0,63.0,83.0,122.0,162.0,184.0,182.0,162.0,136.0,118.0,115.0,122.0,128.0,128.0,119.0,0.9905917228811815,-0.13685042403767922
103.0,67.0,123.0,127.0,202.0,182.0,195.0,164.0,142.0,79.0,55.0,55.0,55.0,55.0,55.0,97.0,192.0,205.0,205.0,205.0,183.0,140.0,100.0,72.0,55.0,55.0,55.0,111.0,151.0,178.0,182.0,170.0,152.0,138.0,127.0,123.0,120.0,121.0,125.0,129.0,131.0,130.0,130.0,132.0,133.0,135.0,135.0,136.0,142.0,146.0,133.0,115.0,106.0,112.0,112.0,129.0,144.0,145.0,126.0,109.0,96.0,106.0,120.0,134.0,142.0,134.0,128.0,135.0,148.0,146.0,123.0,89.0,58.0,55.0,87.0,147.0,191.0,205.0,191.0,161.0,132.0,116.0,103.0,87.0,74.0,73.0,90.0,123.0,159.0,184.0,189.0,175.0,150.0,125.0,111.0,111.0,118.0,122.0,119.0,110.0,0.9119567907202927,-0.4102862559959135
131.0,132.0,165.0,165.0,203.0,170.0,141.0,68.0,57.0,55.0,58.0,94.0,132.0,146.0,176.0,190.0,201.0,183.0,149.0,108.0,79.0,74.0,89.0,110.0,125.0,136.0,141.0,142.0,142.0,144.0,142.0,138.0,132.0,125.0,118.0,115.0,114.0,117.0,120.0,124.0,124.0,126.0,127.0,129.0,130.0,130.0,130.0,130.0,130.0,131.0,138.0,122.0,102.0,114.0,137.0,146.0,124.0,102.0,96.0,99.0,108.0,112.0,118.0,125.0,140.0,152.0,157.0,147.0,125.0,95.0,69.0,58.0,72.0,110.0,160.0,205.0,205.0,205.0,205.0,144.0,79.0,55.0,55.0,55.0,95.0,171.0,204.0,205.0,181.0,147.0,119.0,103.0,99.0,101.0,105.0,107.0,106.0,105.0,107.0,112.0,0.7594984030165828,-0.6505091665881891
178.0,125.0,76.0,71.0,55.0,59.0,82.0,128.0,135.0,179.0,167.0,165.0,129.0,105.0,61.0,55.0,55.0,55.0,55.0,124.0,167.0,188.0,200.0,190.0,160.0,131.0,113.0,100.0,94.0,96.0,103.0,115.0,131.0,142.0,150.0,151.0,147.0,139.0,134.0,129.0,126.0,124.0,125.0,127.0,129.0,131.0,133.0,135.0,137.0,138.0,161.0,143.0,142.0,111.0,90.0,107.0,127.0,150.0,155.0,137.0,124.0,139.0,159.0,159.0,131.0,88.0,55.0,55.0,98.0,166.0,205.0,205.0,205.0,156.0,126.0,108.0,88.0,64.0,55.0,55.0,84.0,152.0,205.0,205.0,205.0,162.0,104.0,68.0,65.0,88.0,117.0,136.0,136.0,125.0,115.0,115.0,127.0,141.0,148.0,147.0,0.5455581587594984,-0.8380729654456979
112.0,55.0,78.0,116.0,167.0,135.0,104.0,71.0,56.0,55.0,55.0,88.0,124.0,170.0,185.0,166.0,139.0,110.0,70.0,58.0,68.0,87.0,115.0,159.0,192.0,199.0,185.0,153.0,116.0,91.0,83.0,91.0,109.0,129.0,143.0,149.0,148.0,141.0,134.0,129.0,128.0,128.0,130.0,133.0,136.0,138.0,140.0,142.0,144.0,145.0,119.0,105.0,152.0,140.0,135.0,138.0,148.0,122.0,118.0,106.0,116.0,116.0,103.0,84.0,89.0,113.0,149.0,176.0,171.0,146.0,125.0,114.0,107.0,121.0,136.0,128.0,104.0,91.0,96.0,117.0,152.0,187.0,204.0,197.0,176.0,151.0,130.0,117.0,110.0,98.0,86.0,77.0,77.0,87.0,104.0,120.0,132.0,138.0,140.0,140.0,0.2874546505308904,-0.9577942492457154
180.0,113.0,113.0,55.0,55.0,55.0,103.0,134.0,158.0,173.0,185.0,205.0,202.0,166.0,117.0,90.0,66.0,87.0,126.0,146.0,138.0,137.0,131.0,127.0,136.0,144.0,136.0,125.0,120.0,120.0,125.0,129.0,126.0,120.0,117.0,115.0,117.0,121.0,125.0,129.0,133.0,135.0,135.0,134.0,133.0,132.0,131.0,129.0,125.0,123.0,62.0,86.0,97.0,123.0,115.0,116.0,120.0,127.0,126.0,115.0,107.0,94.0,87.0,83.0,94.0,111.0,137.0,154.0,163.0,163.0,158.0,141.0,113.0,78.0,55.0,55.0,56.0,142.0,205.0,205.0,205.0,205.0,124.0,58.0,55.0,55.0,56.0,145.0,182.0,183.0,157.0,125.0,104.0,97.0,100.0,106.0,111.0,114.0,116.0,119.0,0.006081513927364465,-0.9999815074231879
104.0,103.0,104.0,150.0,123.0,122.0,80.0,87.0,57.0,82.0,83.0,101.0,92.0,119.0,126.0,124.0,120.0,126.0,117.0,112.0,127.0,141.0,144.0,147.0,147.0,139.0,130.0,122.0,117.0,116.0,121.0,127.0,137.0,142.0,143.0,138.0,134.0,128.0,124.0,121.0,121.0,122.0,126.0,130.0,134.0,138.0,141.0,143.0,146.0,148.0,107.0,86.0,99.0,108.0,116.0,117.0,126.0,141.0,142.0,127.0,105.0,93.0,86.0,99.0,122.0,139.0,149.0,153.0,150.0,146.0,138.0,115.0,78.0,55.0,55.0,55.0,85.0,193.0,205.0,205.0,205.0,205.0,82.0,55.0,55.0,55.0,55.0,76.0,186.0,205.0,205.0,202.0,168.0,141.0,121.0,109.0,103.0,103.0,103.0,102.0,-0.27578392491856885,-0.9612196558313345
80.0,55.0,55.0,55.0,55.0,82.0,140.0,178.0,163.0,143.0,129.0,105.0,71.0,55.0,55.0,55.0,55.0,123.0,188.0,205.0,202.0,178.0,145.0,120.0,105.0,95.0,90.0,92.0,104.0,122.0,137.0,146.0,148.0,146.0,140.0,132.0,125.0,122.0,121.0,124.0,128.0,132.0,134.0,137.0,139.0,142.0,144.0,143.0,142.0,142.0,130.0,130.0,130.0,130.0,130.0,130.0,130.0,130.0,130.0,130.0,130.0,130.0,130.0,130.0,130.0,130.0,130.0,130.0,130.0,130.0,129.0,130.0,130.0,130.0,130.0,130.0,129.0,130.0,129.0,130.0,129.0,130.0,130.0,130.0,130.0,130.0,129.0,129.0,129.0,129.0,130.0,130.0,130.0,129.0,130.0,130.0,130.0,130.0,130.0,130.0,-0.5353244877091726,-0.844646489875446
147.0,155.0,127.0,95.0,136.0,107.0,152.0,142.0,164.0,144.0,174.0,131.0,118.0,100.0,116.0,97.0,99.0,115.0,124.0,120.0,142.0,163.0,152.0,133.0,122.0,116.0,112.0,121.0,126.0,126.0,124.0,124.0,125.0,131.0,133.0,134.0,132.0,131.0,127.0,126.0,126.0,126.0,124.0,123.0,122.0,123.0,122.0,122.0,122.0,123.0,131.0,131.0,131.0,131.0,130.0,130.0,130.0,130.0,130.0,130.0,130.0,130.0,130.0,130.0,130.0,130.0,130.0,130.0,130.0,130.0,130.0,130.0,130.0,130.0,130.0,130.0,130.0,129.0,130.0,129.0,130.0,130.0,129.0,129.0,129.0,129.0,131.0,132.0,131.0,128.0,128.0,129.0,130.0,131.0,130.0,129.0,129.0,129.0,130.0,130.0,-0.7515302084090987,-0.6596986780709635
71.0,95.0,88.0,130.0,144.0,137.0,114.0,112.0,119.0,112.0,123.0,143.0,154.0,147.0,161.0,176.0,165.0,136.0,119.0,102.0,94.0,105.0,125.0,134.0,138.0,141.0,146.0,149.0,145.0,133.0,120.0,114.0,113.0,118.0,126.0,132.0,137.0,143.0,148.0,152.0,152.0,149.0,148.0,148.0,146.0,144.0,141.0,138.0,135.0,133.0,132.0,131.0,131.0,131.0,130.0,131.0,130.0,130.0,130.0,130.0,130.0,130.0,130.0,130.0,130.0,130.0,130.0,130.0,130.0,130.0,130.0,130.0,130.0,130.0,130.0,130.0,130.0,130.0,130.0,130.0,130.0,130.0,130.0,130.0,130.0,130.0,130.0,130.0,130.0,130.0,130.0,130.0,129.0,130.0,130.0,130.0,130.0,130.0,130.0,130.0,-0.9068991027438643,-0.42134785800140706
177.0,111.0,60.0,55.0,55.0,55.0,71.0,104.0,103.0,147.0,177.0,202.0,176.0,155.0,131.0,126.0,130.0,146.0,147.0,129.0,109.0,105.0,109.0,117.0,125.0,130.0,134.0,142.0,151.0,153.0,146.0,130.0,114.0,102.0,100.0,101.0,108.0,116.0,131.0,141.0,147.0,143.0,141.0,143.0,148.0,150.0,147.0,141.0,136.0,133.0,204.0,143.0,137.0,106.0,148.0,138.0,127.0,87.0,95.0,114.0,132.0,136.0,121.0,129.0,157.0,185.0,175.0,160.0,127.0,92.0,71.0,84.0,107.0,135.0,163.0,183.0,190.0,186.0,171.0,136.0,92.0,59.0,56.0,89.0,141.0,177.0,176.0,139.0,93.0,64.0,65.0,94.0,131.0,157.0,166.0,161.0,147.0,135.0,131.0,135.0,-0.9888539644462789,-0.1488886731718609
136.0,165.0,90.0,110.0,94.0,105.0,78.0,112.0,132.0,142.0,153.0,169.0,146.0,93.0,69.0,64.0,67.0,83.0,124.0,150.0,165.0,173.0,176.0,160.0,140.0,115.0,98.0,91.0,98.0,110.0,128.0,142.0,148.0,145.0,140.0,132.0,124.0,119.0,117.0,116.0,117.0,117.0,119.0,122.0,124.0,126.0,128.0,130.0,131.0,132.0,144.0,106.0,101.0,109.0,134.0,142.0,135.0,122.0,123.0,121.0,112.0,97.0,90.0,93.0,113.0,145.0,175.0,198.0,205.0,205.0,174.0,133.0,85.0,55.0,55.0,55.0,55.0,152.0,205.0,205.0,205.0,205.0,205.0,55.0,55.0,55.0,55.0,55.0,90.0,98.0,103.0,111.0,124.0,139.0,153.0,162.0,165.0,163.0,159.0,156.0,-0.9907604977350347,0.13562314008983223
128.0,56.0,55.0,64.0,125.0,107.0,136.0,127.0,145.0,150.0,180.0,153.0,127.0,129.0,161.0,169.0,165.0,157.0,124.0,83.0,72.0,89.0,103.0,118.0,135.0,147.0,154.0,166.0,169.0,156.0,128.0,101.0,86.0,89.0,103.0,121.0,137.0,149.0,153.0,154.0,152.0,151.0,148.0,146.0,143.0,140.0,137.0,133.0,130.0,128.0,128.0,107.0,110.0,100.0,125.0,152.0,156.0,150.0,120.0,111.0,109.0,100.0,73.0,64.0,66.0,97.0,152.0,205.0,205.0,205.0,205.0,129.0,63.0,55.0,55.0,55.0,55.0,83.0,205.0,205.0,205.0,205.0,205.0,110.0,55.0,55.0,55.0,61.0,124.0,138.0,133.0,119.0,110.0,112.0,122.0,134.0,143.0,146.0,143.0,139.0,-0.9124643675836089,0.4091561778712923
108.0,55.0,75.0,76.0,101.0,82.0,84.0,107.0,158.0,175.0,180.0,172.0,166.0,158.0,150.0,133.0,95.0,57.0,55.0,79.0,110.0,137.0,155.0,162.0,164.0,171.0,167.0,146.0,114.0,90.0,81.0,91.0,108.0,123.0,134.0,141.0,144.0,146.0,144.0,140.0,138.0,139.0,140.0,141.0,139.0,135.0,132.0,132.0,131.0,129.0,148.0,121.0,102.0,103.0,118.0,144.0,130.0,109.0,110.0,132.0,145.0,142.0,135.0,125.0,120.0,124.0,135.0,123.0,106.0,99.0,114.0,138.0,159.0,163.0,137.0,95.0,72.0,90.0,145.0,201.0,205.0,184.0,105.0,55.0,55.0,55.0,87.0,167.0,193.0,187.0,163.0,136.0,122.0,123.0,131.0,134.0,128.0,116.0,107.0,108.0,-0.7603036932343009,0.6495677747966582
149.0,119.0,94.0,96.0,117.0,114.0,95.0,104.0,129.0,124.0,106.0,98.0,85.0,68.0,77.0,111.0,137.0,155.0,171.0,177.0,166.0,146.0,121.0,97.0,83.0,83.0,100.0,123.0,144.0,153.0,154.0,149.0,140.0,130.0,121.0,115.0,112.0,116.0,116.0,113.0,112.0,118.0,126.0,130.0,131.0,131.0,133.0,135.0,137.0,138.0,149.0,134.0,112.0,145.0,124.0,151.0,134.0,129.0,100.0,110.0,101.0,107.0,102.0,109.0,136.0,176.0,205.0,205.0,205.0,171.0,132.0,93.0,60.0,55.0,55.0,61.0,151.0,205.0,205.0,205.0,205.0,148.0,55.0,55.0,55.0,58.0,120.0,123.0,100.0,73.0,61.0,75.0,110.0,148.0,174.0,183.0,179.0,170.0,165.0,161.0,-0.5465959735998889,0.8373964662239682
60.0,135.0,75.0,121.0,89.0,141.0,112.0,137.0,160.0,205.0,204.0,192.0,172.0,112.0,56.0,55.0,55.0,55.0,55.0,115.0,175.0,199.0,205.0,205.0,181.0,139.0,102.0,72.0,59.0,67.0,93.0,124.0,151.0,161.0,160.0,152.0,144.0,136.0,131.0,127.0,124.0,123.0,122.0,122.0,122.0,121.0,120.0,120.0,122.0,124.0,119.0,111.0,110.0,112.0,128.0,142.0,129.0,110.0,84.0,75.0,90.0,108.0,125.0,144.0,163.0,177.0,189.0,181.0,141.0,90.0,55.0,55.0,55.0,55.0,125.0,205.0,205.0,205.0,205.0,205.0,69.0,55.0,55.0,55.0,55.0,66.0,143.0,169.0,175.0,167.0,157.0,146.0,135.0,125.0,120.0,121.0,123.0,123.0,118.0,110.0,-0.28864097825291696,0.9574374056162622
55.0,57.0,89.0,139.0,125.0,160.0,163.0,204.0,205.0,205.0,159.0,101.0,55.0,55.0,55.0,79.0,132.0,174.0,205.0,205.0,205.0,205.0,142.0,93.0,59.0,55.0,57.0,84.0,114.0,146.0,172.0,179.0,171.0,149.0,127.0,113.0,112.0,115.0,121.0,125.0,129.0,134.0,138.0,137.0,133.0,130.0,128.0,128.0,128.0,128.0,154.0,154.0,142.0,122.0,98.0,107.0,125.0,133.0,128.0,117.0,106.0,112.0,143.0,172.0,177.0,150.0,107.0,74.0,70.0,97.0,128.0,135.0,124.0,121.0,143.0,183.0,205.0,205.0,150.0,75.0,55.0,55.0,55.0,100.0,174.0,191.0,176.0,146.0,120.0,113.0,124.0,137.0,142.0,132.0,117.0,108.0,109.0,118.0,125.0,126.0,-0.007320320582114848,0.9999732060943308
189.0,167.0,98.0,110.0,107.0,149.0,110.0,65.0,55.0,55.0,55.0,76.0,135.0,166.0,183.0,191.0,188.0,152.0,112.0,67.0,55.0,55.0,55.0,105.0,145.0,179.0,196.0,194.0,176.0,146.0,114.0,93.0,86.0,94.0,109.0,126.0,134.0,137.0,137.0,133.0,130.0,125.0,123.0,124.0,129.0,133.0,136.0,137.0,137.0,138.0,99.0,95.0,105.0,131.0,101.0,83.0,90.0,123.0,158.0,171.0,167.0,163.0,166.0,160.0,143.0,102.0,55.0,55.0,55.0,55.0,157.0,205.0,205.0,205.0,135.0,78.0,59.0,87.0,138.0,166.0,149.0,99.0,55.0,55.0,55.0,55.0,146.0,199.0,205.0,205.0,205.0,178.0,159.0,140.0,122.0,104.0,90.0,84.0,89.0,99.0,0.27459292148143954,0.9615605688006804
57.0,139.0,142.0,205.0,192.0,205.0,200.0,169.0,87.0,55.0,55.0,55.0,55.0,67.0,173.0,200.0,205.0,205.0,205.0,165.0,111.0,68.0,55.0,55.0,84.0,115.0,136.0,149.0,160.0,166.0,165.0,153.0,136.0,121.0,113.0,111.0,114.0,117.0,119.0,123.0,127.0,129.0,129.0,128.0,126.0,128.0,129.0,130.0,131.0,131.0,205.0,160.0,111.0,105.0,98.0,111.0,100.0,87.0,94.0,132.0,149.0,151.0,143.0,145.0,147.0,135.0,111.0,74.0,55.0,55.0,55.0,136.0,199.0,205.0,205.0,205.0,134.0,74.0,55.0,55.0,55.0,92.0,167.0,204.0,205.0,180.0,131.0,93.0,82.0,99.0,132.0,160.0,169.0,158.0,135.0,112.0,96.0,92.0,98.0,108.0,0.5342776999405451,0.8453090200312787
180.0,101.0,88.0,124.0,186.0,195.0,181.0,120.0,77.0,57.0,74.0,86.0,110.0,146.0,190.0,205.0,205.0,184.0,117.0,57.0,55.0,55.0,55.0,88.0,144.0,183.0,205.0,205.0,189.0,147.0,100.0,73.0,73.0,92.0,117.0,135.0,144.0,148.0,147.0,142.0,135.0,127.0,123.0,124.0,125.0,126.0,124.0,123.0,123.0,126.0,90.0,96.0,125.0,132.0,99.0,85.0,98.0,129.0,152.0,156.0,140.0,129.0,126.0,125.0,123.0,110.0,83.0,57.0,59.0,103.0,173.0,205.0,205.0,205.0,107.0,55.0,55.0,55.0,100.0,187.0,205.0,205.0,150.0,91.0,58.0,64.0,101.0,145.0,174.0,178.0,165.0,146.0,130.0,119.0,110.0,104.0,101.0,104.0,110.0,119.0,0.7507123744139923,0.6606291931951734
138.0,71.0,55.0,55.0,65.0,77.0,96.0,120.0,161.0,184.0,201.0,183.0,137.0,88.0,56.0,55.0,55.0,57.0,118.0,154.0,182.0,194.0,188.0,172.0,143.0,111.0,86.0,78.0,87.0,106.0,127.0,141.0,145.0,144.0,139.0,135.0,132.0,130.0,129.0,131.0,134.0,136.0,137.0,138.0,139.0,140.0,139.0,138.0,137.0,136.0,114.0,136.0,153.0,157.0,123.0,130.0,141.0,150.0,140.0,140.0,134.0,133.0,122.0,116.0,121.0,127.0,123.0,115.0,107.0,107.0,132.0,157.0,155.0,132.0,109.0,95.0,101.0,142.0,182.0,186.0,146.0,85.0,55.0,55.0,55.0,156.0,205.0,205.0,205.0,177.0,121.0,92.0,89.0,100.0,111.0,113.0,108.0,105.0,109.0,116.0,0.9063764266804097,0.4224710323300899
140.0,117.0,130.0,79.0,56.0,55.0,55.0,55.0,117.0,174.0,179.0,196.0,201.0,171.0,100.0,55.0,55.0,55.0,55.0,55.0,120.0,187.0,205.0,205.0,204.0,170.0,134.0,103.0,79.0,67.0,73.0,94.0,123.0,144.0,156.0,156.0,150.0,139.0,130.0,124.0,121.0,119.0,120.0,123.0,126.0,129.0,130.0,132.0,134.0,134.0,128.0,143.0,123.0,120.0,105.0,139.0,152.0,144.0,120.0,123.0,128.0,127.0,111.0,94.0,89.0,93.0,111.0,134.0,156.0,170.0,185.0,185.0,158.0,119.0,86.0,59.0,55.0,86.0,144.0,193.0,205.0,202.0,148.0,103.0,92.0,119.0,157.0,178.0,166.0,129.0,88.0,64.0,63.0,79.0,103.0,122.0,131.0,132.0,133.0,137.0,0.9886687572589438,0.15011358506163178
126.0,68.0,55.0,55.0,110.0,145.0,172.0,199.0,205.0,205.0,195.0,111.0,55.0,55.0,55.0,55.0,66.0,146.0,178.0,201.0,205.0,205.0,165.0,115.0,75.0,61.0,72.0,96.0,121.0,137.0,145.0,148.0,146.0,140.0,134.0,129.0,128.0,130.0,131.0,130.0,128.0,127.0,128.0,129.0,129.0,127.0,125.0,125.0,127.0,128.0,157.0,131.0,116.0,125.0,123.0,126.0,115.0,108.0,98.0,99.0,112.0,127.0,136.0,143.0,147.0,145.0,143.0,132.0,110.0,87.0,75.0,79.0,106.0,150.0,194.0,205.0,205.0,170.0,108.0,62.0,55.0,74.0,116.0,153.0,168.0,162.0,142.0,123.0,112.0,110.0,112.0,115.0,117.0,119.0,121.0,122.0,124.0,126.0,127.0,127.0,0.9909277520580119,-0.1343956479996851
83.0,89.0,117.0,160.0,150.0,117.0,78.0,64.0,60.0,79.0,108.0,134.0,159.0,176.0,173.0,148.0,116.0,81.0,58.0,60.0,85.0,114.0,147.0,174.0,184.0,180.0,165.0,137.0,106.0,87.0,86.0,100.0,121.0,138.0,145.0,145.0,141.0,135.0,131.0,127.0,123.0,124.0,126.0,129.0,131.0,133.0,133.0,135.0,136.0,137.0,158.0,124.0,114.0,113.0,132.0,135.0,128.0,130.0,143.0,148.0,146.0,129.0,102.0,93.0,102.0,110.0,115.0,129.0,144.0,160.0,184.0,198.0,180.0,129.0,70.0,55.0,55.0,55.0,109.0,200.0,205.0,205.0,178.0,125.0,95.0,89.0,101.0,116.0,123.0,120.0,114.0,112.0,115.0,122.0,128.0,132.0,132.0,133.0,135.0,140.0,0.9129705440779705,-0.40802547181024673
129.0,90.0,55.0,55.0,115.0,169.0,150.0,166.0,154.0,153.0,107.0,88.0,55.0,55.0,55.0,55.0,107.0,192.0,205.0,205.0,203.0,175.0,136.0,102.0,77.0,59.0,58.0,89.0,130.0,158.0,173.0,168.0,155.0,140.0,130.0,122.0,120.0,118.0,119.0,122.0,124.0,124.0,125.0,128.0,132.0,136.0,137.0,138.0,139.0,140.0,171.0,146.0,109.0,106.0,114.0,147.0,152.0,126.0,96.0,93.0,110.0,138.0,151.0,141.0,125.0,127.0,143.0,156.0,162.0,145.0,105.0,76.0,85.0,125.0,168.0,187.0,169.0,124.0,90.0,92.0,127.0,166.0,183.0,167.0,125.0,85.0,66.0,72.0,95.0,120.0,133.0,133.0,126.0,124.0,130.0,142.0,151.0,150.0,141.0,131.0,0.7611078166057051,-0.6486253861064153
123.0,133.0,162.0,169.0,202.0,169.0,140.0,70.0,57.0,55.0,57.0,94.0,132.0,146.0,175.0,190.0,200.0,182.0,148.0,107.0,79.0,74.0,89.0,110.0,126.0,137.0,141.0,143.0,142.0,143.0,140.0,137.0,131.0,125.0,118.0,115.0,114.0,117.0,120.0,123.0,124.0,126.0,127.0,129.0,129.0,130.0,130.0,130.0,130.0,132.0,148.0,89.0,78.0,109.0,133.0,119.0,115.0,116.0,131.0,132.0,129.0,112.0,108.0,106.0,103.0,103.0,114.0,127.0,137.0,146.0,149.0,147.0,140.0,127.0,103.0,81.0,73.0,84.0,118.0,165.0,205.0,205.0,205.0,158.0,100.0,58.0,55.0,74.0,119.0,158.0,175.0,167.0,145.0,124.0,111.0,108.0,111.0,115.0,118.0,119.0,0.5476329495735089,-0.8367186818408077
111.0,76.0,76.0,82.0,76.0,67.0,82.0,115.0,155.0,181.0,177.0,150.0,124.0,92.0,59.0,55.0,55.0,55.0,60.0,146.0,188.0,205.0,204.0,182.0,146.0,117.0,99.0,88.0,85.0,92.0,107.0,127.0,144.0,153.0,154.0,148.0,140.0,132.0,127.0,124.0,122.0,123.0,126.0,129.0,132.0,134.0,135.0,137.0,138.0,139.0,129.0,129.0,129.0,129.0,129.0,130.0,130.0,130.0,130.0,130.0,130.0,130.0,130.0,130.0,130.0,130.0,130.0,130.0,130.0,130.0,130.0,130.0,130.0,130.0,130.0,130.0,130.0,130.0,130.0,130.0,130.0,130.0,130.0,130.0,130.0,130.0,130.0,130.0,130.0,130.0,130.0,130.0,130.0,130.0,130.0,130.0,130.0,130.0,130.0,130.0,0.2898268629945072,-0.9570790925972436
117.0,153.0,112.0,145.0,108.0,136.0,101.0,80.0,55.0,55.0,55.0,55.0,75.0,138.0,179.0,205.0,190.0,140.0,111.0,85.0,68.0,70.0,86.0,95.0,125.0,166.0,192.0,192.0,177.0,146.0,114.0,97.0,95.0,106.0,121.0,132.0,136.0,137.0,133.0,126.0,122.0,122.0,122.0,125.0,128.0,131.0,135.0,139.0,142.0,144.0,130.0,130.0,130.0,130.0,130.0,130.0,130.0,130.0,130.0,130.0,130.0,130.0,130.0,130.0,130.0,130.0,130.0,130.0,130.0,130.0,130.0,130.0,130.0,130.0,130.0,130.0,130.0,130.0,130.0,130.0,130.0,130.0,130.0,130.0,130.0,130.0,130.0,130.0,130.0,130.0,130.0,130.0,130.0,130.0,130.0,130.0,130.0,130.0,130.0,130.0,0.008559116002298518,-0.9999633700957546
126.0,205.0,120.0,139.0,55.0,58.0,55.0,88.0,115.0,149.0,167.0,177.0,204.0,205.0,189.0,142.0,108.0,68.0,65.0,88.0,120.0,124.0,136.0,140.0,142.0,149.0,162.0,157.0,142.0,124.0,112.0,109.0,113.0,118.0,121.0,124.0,125.0,127.0,129.0,131.0,131.0,133.0,133.0,134.0,133.0,132.0,131.0,131.0,130.0,128.0,129.0,130.0,130.0,130.0,130.0,130.0,130.0,130.0,130.0,130.0,130.0,130.0,130.0,130.0,130.0,130.0,130.0,130.0,130.0,130.0,129.0,129.0,129.0,129.0,132.0,132.0,131.0,128.0,128.0,130.0,131.0,131.0,130.0,130.0,129.0,130.0,130.0,130.0,130.0,130.0,130.0,130.0,130.0,130.0,130.0,130.0,130.0,130.0,130.0,130.0,-0.2734014966235745,-0.9619000060525987
129.0,55.0,135.0,131.0,189.0,157.0,144.0,107.0,80.0,55.0,55.0,55.0,56.0,93.0,125.0,144.0,138.0,147.0,142.0,132.0,127.0,136.0,135.0,134.0,134.0,130.0,121.0,115.0,112.0,116.0,124.0,134.0,141.0,147.0,148.0,143.0,138.0,133.0,128.0,125.0,125.0,126.0,129.0,131.0,133.0,136.0,139.0,142.0,144.0,146.0,134.0,132.0,131.0,130.0,131.0,132.0,131.0,130.0,130.0,130.0,130.0,131.0,131.0,130.0,130.0,130.0,131.0,130.0,130.0,129.0,129.0,128.0,129.0,130.0,131.0,131.0,130.0,130.0,130.0,130.0,130.0,129.0,129.0,128.0,128.0,129.0,130.0,130.0,131.0,131.0,131.0,130.0,130.0,130.0,130.0,130.0,130.0,129.0,129.0,129.0,-0.5332300922101423,-0.845970252882194
143.0,55.0,55.0,55.0,57.0,60.0,64.0,77.0,134.0,188.0,205.0,166.0,113.0,87.0,66.0,56.0,55.0,55.0,56.0,82.0,159.0,204.0,205.0,200.0,170.0,137.0,114.0,101.0,90.0,86.0,91.0,106.0,126.0,142.0,150.0,153.0,151.0,146.0,140.0,134.0,130.0,129.0,132.0,136.0,140.0,140.0,140.0,141.0,143.0,144.0,130.0,130.0,130.0,129.0,129.0,130.0,130.0,130.0,129.0,129.0,129.0,137.0,133.0,129.0,126.0,128.0,130.0,131.0,130.0,129.0,129.0,130.0,131.0,131.0,131.0,130.0,130.0,129.0,129.0,129.0,128.0,128.0,129.0,130.0,205.0,205.0,205.0,205.0,205.0,205.0,205.0,96.0,102.0,100.0,112.0,117.0,122.0,120.0,123.0,118.0,-0.7498933882924689,-0.6615586944445976
94.0,115.0,141.0,153.0,145.0,141.0,148.0,155.0,129.0,107.0,108.0,104.0,96.0,109.0,123.0,110.0,104.0,121.0,133.0,132.0,135.0,140.0,135.0,132.0,134.0,132.0,125.0,115.0,107.0,108.0,117.0,128.0,138.0,142.0,141.0,136.0,131.0,127.0,123.0,120.0,119.0,120.0,120.0,120.0,120.0,121.0,122.0,124.0,124.0,126.0,55.0,55.0,55.0,68.0,86.0,144.0,136.0,145.0,146.0,147.0,147.0,144.0,144.0,145.0,146.0,146.0,145.0,144.0,145.0,145.0,145.0,145.0,144.0,144.0,144.0,143.0,143.0,143.0,143.0,144.0,143.0,143.0,143.0,143.0,142.0,143.0,142.0,142.0,142.0,141.0,141.0,141.0,141.0,141.0,140.0,140.0,140.0,140.0,140.0,140.0,-0.9058523595912242,-0.4235935582879082
176.0,205.0,70.0,96.0,55.0,98.0,68.0,114.0,77.0,100.0,105.0,142.0,126.0,115.0,115.0,113.0,115.0,131.0,157.0,146.0,133.0,132.0,140.0,126.0,123.0,120.0,116.0,117.0,134.0,146.0,147.0,139.0,132.0,128.0,129.0,124.0,119.0,118.0,124.0,129.0,134.0,135.0,135.0,137.0,140.0,145.0,148.0,149.0,151.0,147.0,130.0,131.0,130.0,129.0,130.0,128.0,128.0,127.0,129.0,130.0,132.0,131.0,129.0,128.0,129.0,129.0,130.0,130.0,130.0,130.0,130.0,130.0,130.0,130.0,129.0,129.0,128.0,129.0,130.0,130.0,131.0,131.0,130.0,130.0,129.0,129.0,129.0,130.0,129.0,130.0,129.0,130.0,130.0,130.0,130.0,130.0,130.0,130.0,130.0,130.0,-0.9884820327509509,-0.15133826657044788
139.0,81.0,55.0,79.0,139.0,168.0,130.0,90.0,87.0,87.0,84.0,80.0,77.0,65.0,85.0,132.0,175.0,187.0,181.0,161.0,136.0,117.0,108.0,101.0,96.0,98.0,109.0,126.0,141.0,149.0,149.0,145.0,138.0,130.0,123.0,117.0,115.0,116.0,120.0,124.0,127.0,129.0,132.0,137.0,140.0,142.0,142.0,142.0,143.0,144.0,133.0,130.0,129.0,130.0,130.0,132.0,130.0,130.0,129.0,134.0,132.0,129.0,128.0,129.0,131.0,131.0,130.0,129.0,129.0,130.0,131.0,131.0,130.0,130.0,129.0,129.0,129.0,130.0,130.0,130.0,131.0,131.0,130.0,130.0,129.0,129.0,129.0,129.0,129.0,129.0,130.0,130.0,130.0,130.0,130.0,129.0,130.0,130.0,130.0,130.0,-0.9910934855934268,0.13316794965107726
135.0,96.0,120.0,155.0,180.0,177.0,127.0,87.0,92.0,112.0,104.0,96.0,117.0,132.0,139.0,156.0,160.0,121.0,85.0,83.0,95.0,107.0,126.0,142.0,146.0,148.0,149.0,144.0,130.0,113.0,102.0,106.0,119.0,131.0,135.0,134.0,133.0,133.0,132.0,127.0,121.0,117.0,116.0,118.0,121.0,122.0,122.0,122.0,125.0,126.0,115.0,76.0,72.0,93.0,130.0,137.0,131.0,119.0,110.0,96.0,80.0,71.0,82.0,102.0,124.0,143.0,154.0,161.0,164.0,154.0,120.0,75.0,55.0,55.0,55.0,72.0,187.0,205.0,205.0,205.0,205.0,119.0,58.0,55.0,55.0,55.0,71.0,161.0,195.0,201.0,185.0,156.0,126.0,106.0,92.0,88.0,87.0,93.0,102.0,107.0,-0.9134753194265428,0.40689413954808396
91.0,103.0,94.0,80.0,82.0,96.0,102.0,115.0,151.0,147.0,161.0,165.0,171.0,134.0,127.0,142.0,159.0,158.0,170.0,170.0,146.0,122.0,113.0,105.0,97.0,99.0,110.0,124.0,141.0,155.0,161.0,156.0,140.0,120.0,106.0,100.0,102.0,112.0,125.0,137.0,145.0,150.0,151.0,152.0,150.0,147.0,143.0,139.0,135.0,131.0,101.0,113.0,107.0,105.0,136.0,157.0,142.0,111.0,94.0,90.0,99.0,114.0,128.0,139.0,149.0,154.0,150.0,145.0,130.0,100.0,61.0,55.0,55.0,55.0,140.0,205.0,205.0,205.0,205.0,164.0,61.0,55.0,55.0,55.0,55.0,130.0,203.0,205.0,205.0,183.0,154.0,135.0,120.0,109.0,99.0,98.0,100.0,101.0,100.0,99.0,-0.7619107718966946,0.6476820019637591
205.0,98.0,57.0,63.0,83.0,106.0,90.0,73.0,86.0,139.0,174.0,185.0,176.0,168.0,158.0,153.0,141.0,110.0,66.0,55.0,64.0,99.0,128.0,150.0,161.0,163.0,168.0,170.0,155.0,125.0,97.0,82.0,85.0,101.0,118.0,130.0,139.0,143.0,145.0,145.0,141.0,138.0,138.0,140.0,141.0,140.0,136.0,133.0,131.0,131.0,170.0,135.0,114.0,134.0,154.0,139.0,98.0,92.0,103.0,123.0,135.0,129.0,124.0,149.0,178.0,180.0,166.0,142.0,105.0,74.0,74.0,94.0,124.0,155.0,182.0,194.0,193.0,179.0,149.0,105.0,64.0,55.0,57.0,110.0,158.0,179.0,164.0,125.0,87.0,68.0,76.0,103.0,131.0,150.0,156.0,152.0,143.0,137.0,138.0,142.0,-0.5486690850889051,0.8360396133364159
155.0,115.0,142.0,134.0,119.0,100.0,95.0,77.0,80.0,115.0,138.0,142.0,154.0,170.0,137.0,91.0,63.0,55.0,55.0,55.0,105.0,142.0,169.0,190.0,194.0,174.0,147.0,119.0,97.0,83.0,82.0,95.0,118.0,138.0,150.0,153.0,148.0,139.0,128.0,120.0,116.0,114.0,113.0,115.0,118.0,121.0,124.0,125.0,128.0,130.0,126.0,127.0,137.0,131.0,106.0,91.0,94.0,114.0,135.0,145.0,137.0,137.0,141.0,141.0,130.0,106.0,76.0,63.0,83.0,133.0,194.0,205.0,205.0,205.0,205.0,99.0,55.0,55.0,55.0,55.0,120.0,205.0,205.0,205.0,205.0,128.0,75.0,55.0,55.0,55.0,55.0,97.0,111.0,117.0,119.0,125.0,136.0,149.0,159.0,164.0,-0.2910123029356592,0.9567193107385699
205.0,198.0,134.0,79.0,73.0,88.0,81.0,93.0,94.0,109.0,129.0,179.0,179.0,169.0,164.0,182.0,169.0,152.0,134.0,103.0,64.0,58.0,80.0,101.0,119.0,138.0,156.0,167.0,177.0,176.0,157.0,125.0,96.0,81.0,83.0,97.0,115.0,131.0,142.0,147.0,149.0,147.0,144.0,140.0,139.0,138.0,137.0,135.0,131.0,128.0,157.0,155.0,145.0,123.0,115.0,119.0,94.0,78.0,117.0,142.0,170.0,164.0,151.0,138.0,152.0,126.0,83.0,55.0,55.0,55.0,79.0,205.0,205.0,205.0,205.0,205.0,73.0,55.0,55.0,55.0,55.0,69.0,151.0,205.0,205.0,205.0,205.0,136.0,85.0,59.0,61.0,82.0,105.0,118.0,118.0,111.0,107.0,111.0,124.0,138.0,-0.009797898286716988,0.9999519994425549
72.0,55.0,73.0,90.0,96.0,85.0,93.0,135.0,166.0,179.0,175.0,173.0,160.0,154.0,140.0,114.0,70.0,55.0,56.0,97.0,125.0,148.0,160.0,159.0,168.0,171.0,157.0,128.0,99.0,83.0,87.0,101.0,112.0,124.0,137.0,146.0,149.0,145.0,140.0,136.0,137.0,139.0,141.0,141.0,137.0,133.0,130.0,131.0,130.0,128.0,140.0,117.0,121.0,148.0,143.0,106.0,91.0,92.0,132.0,132.0,132.0,111.0,134.0,168.0,189.0,173.0,150.0,113.0,79.0,70.0,88.0,116.0,144.0,171.0,186.0,190.0,183.0,163.0,122.0,78.0,55.0,56.0,99.0,151.0,180.0,168.0,127.0,85.0,63.0,71.0,102.0,137.0,159.0,164.0,156.0,143.0,135.0,133.0,138.0,141.0,0.2722096521734688,0.9622379670661511
205.0,162.0,103.0,87.0,91.0,129.0,112.0,97.0,113.0,130.0,115.0,99.0,93.0,79.0,69.0,86.0,119.0,141.0,160.0,173.0,175.0,160.0,139.0,113.0,90.0,80.0,87.0,106.0,130.0,147.0,153.0,153.0,146.0,136.0,127.0,118.0,113.0,111.0,112.0,114.0,116.0,118.0,120.0,123.0,127.0,131.0,133.0,134.0,135.0,136.0,135.0,136.0,116.0,100.0,109.0,127.0,136.0,134.0,126.0,122.0,124.0,118.0,104.0,91.0,89.0,100.0,125.0,157.0,185.0,203.0,205.0,191.0,157.0,111.0,64.0,55.0,55.0,55.0,75.0,195.0,205.0,205.0,205.0,205.0,99.0,55.0,55.0,55.0,55.0,70.0,93.0,100.0,106.0,115.0,128.0,144.0,157.0,163.0,164.0,161.0,0.5321816661257369,0.8466301874133916
67.0,101.0,115.0,156.0,171.0,165.0,143.0,177.0,175.0,171.0,142.0,139.0,95.0,60.0,55.0,55.0,55.0,72.0,117.0,160.0,190.0,205.0,205.0,180.0,141.0,102.0,73.0,60.0,66.0,87.0,117.0,145.0,162.0,167.0,164.0,157.0,149.0,140.0,134.0,129.0,127.0,123.0,123.0,121.0,120.0,118.0,120.0,122.0,124.0,125.0,108.0,93.0,115.0,98.0,117.0,138.0,151.0,151.0,136.0,115.0,110.0,107.0,86.0,66.0,60.0,75.0,117.0,177.0,205.0,205.0,205.0,172.0,101.0,55.0,55.0,55.0,55.0,55.0,138.0,205.0,205.0,205.0,205.0,205.0,58.0,55.0,55.0,55.0,110.0,129.0,128.0,115.0,103.0,101.0,111.0,127.0,141.0,149.0,149.0,145.0,0.7490732513014356,0.6624871803927199
93.0,103.0,150.0,127.0,160.0,180.0,205.0,205.0,192.0,143.0,78.0,55.0,55.0,55.0,97.0,149.0,185.0,205.0,205.0,205.0,176.0,126.0,81.0,55.0,55.0,70.0,94.0,125.0,156.0,176.0,178.0,164.0,141.0,122.0,113.0,113.0,117.0,123.0,127.0,131.0,136.0,138.0,137.0,132.0,129.0,128.0,128.0,128.0,127.0,125.0,135.0,99.0,107.0,129.0,144.0,124.0,106.0,116.0,138.0,144.0,141.0,132.0,120.0,117.0,126.0,128.0,116.0,105.0,109.0,126.0,146.0,161.0,152.0,116.0,80.0,75.0,112.0,173.0,205.0,205.0,149.0,70.0,55.0,55.0,55.0,137.0,184.0,194.0,176.0,148.0,126.0,120.0,126.0,133.0,132.0,122.0,110.0,106.0,112.0,122.0,0.905326902280608,0.42471543415209034
172.0,159.0,108.0,108.0,119.0,132.0,109.0,57.0,55.0,55.0,55.0,82.0,142.0,164.0,186.0,189.0,184.0,148.0,111.0,70.0,55.0,55.0,79.0,110.0,144.0,172.0,184.0,183.0,171.0,146.0,114.0,95.0,89.0,99.0,114.0,127.0,132.0,134.0,132.0,129.0,126.0,125.0,123.0,126.0,129.0,133.0,135.0,137.0,137.0,138.0,122.0,135.0,146.0,140.0,140.0,137.0,121.0,104.0,110.0,109.0,111.0,102.0,104.0,129.0,172.0,205.0,205.0,205.0,174.0,131.0,94.0,62.0,55.0,55.0,72.0,147.0,205.0,205.0,205.0,205.0,202.0,55.0,55.0,55.0,55.0,121.0,134.0,114.0,81.0,59.0,63.0,92.0,132.0,164.0,180.0,181.0,175.0,168.0,164.0,158.0,0.9882937912088661,0.15256271581879452
205.0,149.0,88.0,125.0,98.0,168.0,149.0,164.0,152.0,172.0,118.0,79.0,55.0,55.0,55.0,94.0,142.0,160.0,164.0,176.0,185.0,159.0,128.0,101.0,79.0,74.0,96.0,126.0,147.0,152.0,146.0,138.0,136.0,135.0,132.0,128.0,124.0,119.0,118.0,117.0,116.0,114.0,114.0,116.0,119.0,121.0,122.0,124.0,126.0,128.0,131.0,94.0,78.0,116.0,119.0,143.0,133.0,124.0,110.0,96.0,80.0,86.0,100.0,116.0,138.0,158.0,172.0,184.0,186.0,156.0,106.0,57.0,55.0,55.0,55.0,75.0,205.0,205.0,205.0,205.0,205.0,98.0,55.0,55.0,55.0,55.0,58.0,136.0,168.0,174.0,167.0,155.0,143.0,134.0,128.0,125.0,123.0,122.0,120.0,117.0,0.9912576980869253,-0.13194004692817887
186.0,161.0,85.0,107.0,111.0,191.0,178.0,191.0,129.0,108.0,59.0,77.0,74.0,99.0,128.0,175.0,205.0,205.0,205.0,148.0,87.0,55.0,55.0,55.0,82.0,121.0,156.0,183.0,200.0,192.0,162.0,119.0,89.0,80.0,92.0,111.0,128.0,135.0,140.0,140.0,139.0,134.0,129.0,124.0,125.0,131.0,128.0,124.0,117.0,118.0,165.0,123.0,99.0,96.0,123.0,137.0,132.0,118.0,105.0,108.0,136.0,168.0,178.0,156.0,114.0,79.0,68.0,90.0,122.0,135.0,126.0,120.0,136.0,174.0,205.0,205.0,163.0,88.0,55.0,55.0,55.0,92.0,166.0,190.0,180.0,152.0,124.0,113.0,120.0,135.0,142.0,134.0,119.0,108.0,108.0,116.0,124.0,126.0,121.0,118.0,0.9139786928546377,-0.4057621828210802
166.0,128.0,78.0,55.0,55.0,55.0,55.0,55.0,136.0,182.0,205.0,205.0,176.0,118.0,66.0,55.0,55.0,55.0,82.0,136.0,173.0,191.0,192.0,178.0,150.0,113.0,89.0,81.0,91.0,108.0,126.0,136.0,139.0,138.0,132.0,127.0,122.0,119.0,120.0,123.0,126.0,129.0,131.0,133.0,135.0,137.0,138.0,137.0,135.0,135.0,141.0,122.0,107.0,138.0,108.0,134.0,119.0,103.0,90.0,95.0,122.0,155.0,175.0,173.0,173.0,164.0,162.0,146.0,110.0,55.0,55.0,55.0,55.0,156.0,205.0,205.0,205.0,144.0,78.0,55.0,82.0,132.0,155.0,132.0,81.0,55.0,55.0,55.0,97.0,174.0,205.0,205.0,189.0,166.0,152.0,148.0,148.0,137.0,116.0,94.0,0.7627125578749596,-0.6467376238165182
165.0,176.0,144.0,174.0,190.0,194.0,169.0,125.0,58.0,55.0,55.0,55.0,55.0,95.0,184.0,205.0,205.0,205.0,179.0,114.0,58.0,55.0,55.0,55.0,106.0,150.0,171.0,177.0,177.0,165.0,145.0,120.0,102.0,99.0,107.0,118.0,126.0,129.0,127.0,123.0,121.0,119.0,117.0,115.0,117.0,120.0,124.0,127.0,128.0,130.0,205.0,144.0,98.0,107.0,106.0,121.0,99.0,84.0,92.0,132.0,150.0,151.0,143.0,145.0,149.0,136.0,112.0,76.0,55.0,55.0,55.0,132.0,195.0,205.0,205.0,205.0,140.0,78.0,55.0,55.0,55.0,84.0,162.0,202.0,205.0,182.0,135.0,97.0,85.0,100.0,131.0,157.0,166.0,156.0,135.0,113.0,97.0,93.0,98.0,107.0,0.5497043785559136,-0.8353592617529638
126.0,180.0,186.0,170.0,120.0,80.0,58.0,69.0,82.0,107.0,146.0,189.0,205.0,205.0,181.0,111.0,55.0,55.0,55.0,55.0,88.0,142.0,178.0,200.0,205.0,186.0,144.0,97.0,69.0,70.0,89.0,115.0,133.0,142.0,145.0,144.0,139.0,131.0,124.0,121.0,122.0,123.0,123.0,122.0,120.0,121.0,124.0,125.0,126.0,125.0,169.0,108.0,89.0,117.0,131.0,116.0,89.0,88.0,116.0,144.0,157.0,148.0,133.0,126.0,125.0,124.0,117.0,95.0,64.0,55.0,84.0,149.0,205.0,205.0,205.0,138.0,64.0,55.0,55.0,59.0,167.0,205.0,205.0,168.0,111.0,70.0,61.0,85.0,127.0,162.0,178.0,171.0,154.0,137.0,123.0,112.0,105.0,101.0,102.0,108.0,0.29219729625708785,-0.9563580605923953
55.0,58.0,139.0,183.0,186.0,155.0,133.0,98.0,86.0,58.0,68.0,80.0,123.0,156.0,182.0,171.0,152.0,118.0,90.0,79.0,87.0,102.0,127.0,154.0,168.0,170.0,160.0,138.0,113.0,99.0,96.0,107.0,123.0,138.0,146.0,148.0,145.0,141.0,133.0,134.0,131.0,132.0,132.0,133.0,135.0,135.0,134.0,131.0,131.0,137.0,94.0,119.0,155.0,151.0,124.0,134.0,137.0,144.0,140.0,139.0,134.0,130.0,121.0,114.0,121.0,119.0,116.0,113.0,108.0,112.0,139.0,159.0,148.0,119.0,99.0,92.0,111.0,155.0,186.0,176.0,128.0,68.0,55.0,55.0,67.0,174.0,205.0,205.0,205.0,165.0,114.0,89.0,88.0,99.0,110.0,111.0,107.0,104.0,109.0,118.0,0.011036665534186068,-0.9999390941521821
65.0,55.0,55.0,57.0,79.0,121.0,108.0,172.0,170.0,187.0,168.0,161.0,100.0,58.0,55.0,55.0,55.0,55.0,56.0,121.0,196.0,205.0,205.0,205.0,171.0,132.0,99.0,70.0,56.0,55.0,81.0,117.0,149.0,168.0,172.0,164.0,153.0,140.0,132.0,124.0,122.0,120.0,124.0,130.0,129.0,124.0,123.0,129.0,136.0,140.0,157.0,102.0,124.0,146.0,148.0,128.0,126.0,123.0,124.0,111.0,97.0,90.0,92.0,108.0,133.0,155.0,168.0,183.0,184.0,159.0,121.0,87.0,59.0,55.0,83.0,140.0,191.0,205.0,204.0,149.0,103.0,91.0,116.0,154.0,176.0,167.0,134.0,93.0,65.0,58.0,74.0,100.0,123.0,132.0,132.0,131.0,135.0,143.0,151.0,152.0,-0.2710173899602565,-0.9625744513226654
128.0,127.0,173.0,194.0,202.0,151.0,94.0,56.0,55.0,55.0,82.0,116.0,135.0,165.0,183.0,198.0,187.0,158.0,112.0,81.0,69.0,81.0,104.0,125.0,139.0,145.0,146.0,143.0,139.0,135.0,130.0,128.0,125.0,122.0,119.0,117.0,118.0,120.0,123.0,123.0,124.0,124.0,126.0,128.0,130.0,129.0,129.0,129.0,131.0,132.0,114.0,126.0,125.0,126.0,114.0,107.0,97.0,99.0,114.0,128.0,137.0,142.0,146.0,145.0,142.0,131.0,108.0,86.0,74.0,81.0,109.0,155.0,198.0,205.0,205.0,162.0,106.0,63.0,55.0,76.0,116.0,152.0,168.0,161.0,141.0,122.0,111.0,108.0,111.0,115.0,118.0,120.0,121.0,121.0,123.0,125.0,127.0,127.0,127.0,129.0,-0.5311324232963621,-0.8472888226120618
123.0,64.0,80.0,66.0,77.0,74.0,97.0,124.0,165.0,179.0,169.0,140.0,111.0,76.0,55.0,55.0,55.0,55.0,102.0,164.0,195.0,205.0,198.0,168.0,132.0,108.0,93.0,84.0,85.0,96.0,113.0,133.0,148.0,154.0,152.0,144.0,134.0,127.0,124.0,124.0,126.0,125.0,124.0,125.0,130.0,135.0,137.0,138.0,137.0,137.0,157.0,123.0,118.0,112.0,132.0,134.0,126.0,129.0,143.0,148.0,146.0,129.0,103.0,93.0,102.0,110.0,114.0,127.0,142.0,158.0,182.0,198.0,182.0,132.0,74.0,55.0,55.0,55.0,105.0,196.0,205.0,205.0,182.0,128.0,95.0,89.0,100.0,115.0,123.0,120.0,114.0,112.0,115.0,121.0,128.0,131.0,132.0,132.0,135.0,139.0,-0.7482519646995598,-0.6634146496145897
203.0,148.0,88.0,93.0,122.0,119.0,77.0,55.0,55.0,55.0,55.0,82.0,148.0,177.0,200.0,178.0,138.0,105.0,71.0,55.0,55.0,56.0,96.0,136.0,181.0,203.0,200.0,178.0,144.0,107.0,86.0,82.0,93.0,112.0,129.0,139.0,141.0,137.0,128.0,123.0,120.0,121.0,121.0,125.0,129.0,134.0,138.0,140.0,142.0,143.0,132.0,131.0,130.0,131.0,137.0,132.0,129.0,128.0,129.0,133.0,131.0,129.0,129.0,131.0,136.0,131.0,139.0,136.0,134.0,133.0,131.0,130.0,129.0,129.0,129.0,129.0,129.0,129.0,129.0,130.0,130.0,130.0,129.0,128.0,128.0,128.0,127.0,128.0,128.0,128.0,128.0,129.0,129.0,129.0,129.0,129.0,129.0,129.0,129.0,129.0,-0.9048000555549773,-0.4258366582008997
205.0,123.0,188.0,132.0,110.0,66.0,55.0,55.0,82.0,129.0,144.0,174.0,175.0,205.0,203.0,181.0,133.0,101.0,62.0,64.0,91.0,117.0,124.0,136.0,141.0,142.0,152.0,162.0,155.0,137.0,120.0,108.0,106.0,111.0,117.0,120.0,124.0,125.0,127.0,128.0,130.0,130.0,132.0,132.0,132.0,131.0,131.0,130.0,130.0,128.0,196.0,122.0,77.0,99.0,109.0,118.0,118.0,122.0,134.0,132.0,124.0,105.0,102.0,100.0,103.0,106.0,115.0,124.0,136.0,148.0,155.0,149.0,132.0,104.0,76.0,61.0,69.0,101.0,148.0,195.0,205.0,205.0,205.0,150.0,84.0,55.0,55.0,55.0,95.0,168.0,198.0,197.0,173.0,141.0,116.0,103.0,100.0,103.0,107.0,109.0,-0.988104032921588,-0.15378693092747933
55.0,55.0,55.0,121.0,165.0,167.0,151.0,134.0,126.0,106.0,69.0,55.0,55.0,55.0,65.0,110.0,133.0,137.0,147.0,161.0,158.0,148.0,141.0,133.0,123.0,119.0,116.0,110.0,105.0,106.0,116.0,132.0,146.0,152.0,151.0,146.0,138.0,131.0,126.0,123.0,121.0,124.0,127.0,131.0,134.0,135.0,137.0,139.0,147.0,146.0,140.0,96.0,94.0,109.0,132.0,136.0,142.0,145.0,134.0,104.0,85.0,87.0,102.0,112.0,122.0,132.0,146.0,172.0,197.0,192.0,140.0,70.0,55.0,55.0,55.0,71.0,193.0,205.0,205.0,205.0,157.0,128.0,116.0,105.0,87.0,67.0,61.0,79.0,117.0,158.0,182.0,182.0,163.0,137.0,119.0,114.0,120.0,128.0,128.0,119.0,-0.9914203892864893,0.13071194171546044
205.0,161.0,81.0,66.0,64.0,56.0,55.0,55.0,55.0,66.0,170.0,205.0,205.0,170.0,135.0,91.0,56.0,55.0,55.0,55.0,56.0,116.0,198.0,205.0,205.0,186.0,149.0,122.0,105.0,95.0,89.0,91.0,102.0,121.0,137.0,144.0,145.0,142.0,138.0,132.0,127.0,124.0,123.0,127.0,132.0,137.0,139.0,141.0,141.0,143.0,161.0,125.0,104.0,111.0,112.0,120.0,122.0,135.0,146.0,135.0,112.0,96.0,102.0,119.0,135.0,141.0,134.0,125.0,131.0,146.0,151.0,133.0,100.0,64.0,55.0,68.0,129.0,181.0,203.0,197.0,170.0,140.0,120.0,107.0,92.0,76.0,70.0,82.0,112.0,149.0,178.0,189.0,181.0,158.0,131.0,113.0,110.0,115.0,120.0,119.0,-0.9144806635897257,0.40462960336645537
92.0,55.0,65.0,127.0,139.0,171.0,150.0,162.0,143.0,181.0,162.0,156.0,120.0,117.0,91.0,98.0,118.0,123.0,110.0,123.0,142.0,145.0,151.0,159.0,148.0,128.0,119.0,113.0,107.0,106.0,117.0,124.0,131.0,134.0,139.0,141.0,140.0,134.0,134.0,134.0,135.0,133.0,133.0,133.0,132.0,128.0,124.0,123.0,123.0,124.0,105.0,97.0,103.0,123.0,138.0,145.0,121.0,104.0,98.0,103.0,105.0,107.0,111.0,118.0,130.0,144.0,154.0,154.0,140.0,112.0,81.0,60.0,58.0,84.0,130.0,179.0,205.0,205.0,205.0,182.0,116.0,57.0,55.0,55.0,55.0,135.0,187.0,205.0,196.0,166.0,133.0,110.0,99.0,98.0,102.0,106.0,106.0,104.0,104.0,108.0,-0.7635131733099961,0.6457922531140333
114.0,194.0,58.0,149.0,108.0,150.0,97.0,96.0,55.0,66.0,82.0,101.0,103.0,104.0,131.0,125.0,123.0,115.0,116.0,98.0,111.0,137.0,159.0,155.0,157.0,150.0,135.0,124.0,117.0,110.0,107.0,115.0,129.0,144.0,153.0,149.0,141.0,132.0,124.0,119.0,118.0,119.0,122.0,127.0,132.0,136.0,139.0,141.0,143.0,146.0,114.0,81.0,147.0,114.0,141.0,120.0,145.0,113.0,97.0,88.0,112.0,136.0,157.0,170.0,162.0,159.0,155.0,145.0,111.0,75.0,55.0,55.0,68.0,140.0,202.0,205.0,205.0,205.0,148.0,117.0,99.0,83.0,61.0,55.0,55.0,55.0,124.0,178.0,205.0,200.0,170.0,133.0,109.0,104.0,115.0,129.0,134.0,128.0,115.0,106.0,-0.5507388283856486,0.8346776281346009
55.0,55.0,55.0,115.0,176.0,167.0,144.0,129.0,127.0,93.0,61.0,55.0,55.0,55.0,67.0,162.0,200.0,205.0,192.0,163.0,132.0,112.0,99.0,91.0,90.0,97.0,112.0,129.0,142.0,147.0,147.0,143.0,136.0,129.0,123.0,121.0,122.0,125.0,129.0,133.0,135.0,137.0,140.0,143.0,144.0,143.0,142.0,142.0,143.0,145.0,81.0,108.0,99.0,162.0,149.0,128.0,103.0,99.0,113.0,124.0,135.0,133.0,135.0,125.0,135.0,144.0,147.0,127.0,98.0,64.0,55.0,74.0,132.0,178.0,199.0,194.0,168.0,140.0,124.0,116.0,105.0,92.0,82.0,84.0,97.0,126.0,158.0,182.0,191.0,181.0,158.0,134.0,120.0,115.0,113.0,109.0,102.0,96.0,95.0,101.0,-0.29338184114015103,0.9559953427131406
154.0,90.0,116.0,140.0,178.0,176.0,157.0,109.0,88.0,107.0,112.0,95.0,99.0,126.0,135.0,145.0,163.0,155.0,109.0,79.0,84.0,98.0,114.0,136.0,147.0,149.0,149.0,150.0,141.0,127.0,111.0,104.0,107.0,120.0,130.0,137.0,140.0,138.0,134.0,128.0,124.0,120.0,119.0,119.0,121.0,122.0,121.0,122.0,124.0,127.0,158.0,112.0,85.0,98.0,101.0,106.0,95.0,117.0,119.0,133.0,134.0,144.0,148.0,146.0,118.0,82.0,57.0,55.0,78.0,126.0,173.0,205.0,205.0,205.0,176.0,122.0,68.0,55.0,55.0,55.0,141.0,200.0,205.0,205.0,154.0,102.0,74.0,78.0,103.0,132.0,146.0,140.0,122.0,105.0,97.0,99.0,109.0,117.0,123.0,127.0,-0.012275415843570489,0.9999246542444423
91.0,81.0,115.0,131.0,148.0,118.0,115.0,114.0,117.0,111.0,133.0,151.0,150.0,151.0,175.0,175.0,146.0,120.0,106.0,97.0,101.0,118.0,130.0,134.0,138.0,144.0,147.0,148.0,138.0,126.0,114.0,111.0,114.0,122.0,129.0,134.0,140.0,145.0,150.0,151.0,151.0,148.0,147.0,146.0,144.0,141.0,138.0,136.0,133.0,131.0,188.0,107.0,112.0,79.0,139.0,144.0,165.0,138.0,128.0,113.0,125.0,127.0,114.0,95.0,75.0,77.0,106.0,165.0,202.0,205.0,172.0,123.0,89.0,86.0,92.0,91.0,75.0,60.0,68.0,115.0,190.0,205.0,205.0,205.0,189.0,79.0,55.0,55.0,56.0,122.0,147.0,148.0,132.0,119.0,117.0,128.0,141.0,145.0,141.0,132.0,0.26982471181372353,0.9629094583057335
184.0,153.0,142.0,99.0,55.0,55.0,55.0,58.0,84.0,108.0,117.0,160.0,189.0,193.0,166.0,142.0,126.0,126.0,141.0,155.0,149.0,125.0,107.0,103.0,107.0,113.0,122.0,126.0,133.0,144.0,155.0,156.0,146.0,126.0,109.0,98.0,97.0,101.0,108.0,118.0,128.0,141.0,148.0,150.0,150.0,144.0,141.0,141.0,142.0,142.0,191.0,142.0,103.0,102.0,147.0,132.0,136.0,136.0,132.0,131.0,119.0,111.0,108.0,111.0,93.0,87.0,90.0,111.0,148.0,179.0,173.0,146.0,122.0,105.0,99.0,115.0,130.0,123.0,104.0,92.0,95.0,120.0,165.0,205.0,205.0,205.0,162.0,122.0,101.0,101.0,110.0,115.0,109.0,98.0,88.0,92.0,107.0,120.0,126.0,127.0,0.5300823653322998,0.8479461574673914
176.0,110.0,136.0,131.0,131.0,100.0,103.0,78.0,78.0,99.0,137.0,140.0,150.0,168.0,151.0,103.0,69.0,57.0,55.0,55.0,93.0,139.0,165.0,184.0,191.0,180.0,156.0,129.0,104.0,86.0,81.0,90.0,111.0,134.0,148.0,154.0,150.0,142.0,131.0,123.0,117.0,114.0,114.0,115.0,117.0,120.0,123.0,125.0,128.0,130.0,154.0,112.0,58.0,85.0,94.0,133.0,121.0,124.0,123.0,119.0,111.0,91.0,78.0,76.0,92.0,106.0,131.0,150.0,163.0,166.0,162.0,142.0,107.0,66.0,55.0,55.0,55.0,130.0,205.0,205.0,205.0,205.0,205.0,64.0,55.0,55.0,55.0,57.0,146.0,190.0,201.0,185.0,155.0,125.0,105.0,95.0,93.0,97.0,101.0,105.0,0.7474295297472867,0.6643411006868006
169.0,68.0,55.0,55.0,121.0,107.0,140.0,126.0,145.0,143.0,177.0,159.0,131.0,124.0,154.0,165.0,164.0,160.0,139.0,101.0,84.0,95.0,102.0,108.0,121.0,137.0,148.0,162.0,165.0,155.0,133.0,111.0,95.0,94.0,102.0,114.0,129.0,141.0,148.0,151.0,151.0,149.0,147.0,146.0,144.0,142.0,138.0,134.0,130.0,128.0,71.0,93.0,109.0,118.0,119.0,124.0,136.0,143.0,129.0,108.0,96.0,91.0,100.0,118.0,133.0,144.0,151.0,152.0,148.0,141.0,120.0,84.0,55.0,55.0,55.0,65.0,177.0,205.0,205.0,205.0,205.0,93.0,55.0,55.0,55.0,55.0,70.0,178.0,205.0,205.0,205.0,172.0,146.0,125.0,111.0,104.0,102.0,102.0,102.0,99.0,0.9042718202228937,0.42695722871357344
72.0,62.0,73.0,89.0,86.0,88.0,103.0,148.0,170.0,178.0,173.0,170.0,159.0,151.0,136.0,102.0,61.0,55.0,67.0,101.0,132.0,156.0,167.0,164.0,165.0,164.0,150.0,122.0,96.0,82.0,86.0,103.0,119.0,132.0,141.0,144.0,145.0,143.0,140.0,137.0,138.0,140.0,141.0,139.0,135.0,132.0,132.0,131.0,130.0,127.0,147.0,94.0,74.0,125.0,137.0,133.0,114.0,117.0,134.0,126.0,113.0,100.0,104.0,106.0,117.0,120.0,124.0,140.0,164.0,172.0,163.0,149.0,120.0,82.0,63.0,72.0,95.0,128.0,167.0,194.0,200.0,191.0,169.0,136.0,98.0,72.0,64.0,76.0,101.0,126.0,139.0,139.0,130.0,121.0,116.0,121.0,128.0,135.0,139.0,139.0,0.987912758180339,0.15501091001769904
175.0,136.0,111.0,92.0,103.0,120.0,104.0,94.0,115.0,132.0,117.0,102.0,94.0,76.0,66.0,89.0,122.0,144.0,161.0,174.0,173.0,159.0,136.0,111.0,89.0,81.0,88.0,109.0,132.0,148.0,154.0,152.0,145.0,135.0,126.0,118.0,113.0,111.0,112.0,114.0,117.0,118.0,120.0,123.0,128.0,131.0,133.0,134.0,136.0,137.0,173.0,149.0,143.0,128.0,133.0,116.0,84.0,66.0,86.0,121.0,147.0,157.0,156.0,166.0,180.0,168.0,125.0,68.0,55.0,55.0,55.0,119.0,205.0,205.0,205.0,205.0,205.0,97.0,55.0,55.0,55.0,55.0,70.0,179.0,205.0,205.0,205.0,144.0,88.0,55.0,55.0,55.0,78.0,107.0,120.0,121.0,119.0,121.0,131.0,144.0,0.991581558942435,-0.12948363589770795
74.0,128.0,106.0,117.0,115.0,130.0,122.0,164.0,202.0,205.0,195.0,178.0,135.0,68.0,55.0,55.0,55.0,55.0,130.0,200.0,205.0,205.0,205.0,175.0,128.0,89.0,61.0,55.0,55.0,92.0,136.0,168.0,179.0,169.0,151.0,135.0,125.0,121.0,120.0,121.0,122.0,125.0,126.0,126.0,124.0,122.0,122.0,122.0,124.0,124.0,139.0,160.0,170.0,165.0,125.0,112.0,111.0,100.0,100.0,123.0,146.0,166.0,167.0,154.0,147.0,144.0,121.0,79.0,55.0,55.0,55.0,108.0,205.0,205.0,205.0,205.0,205.0,63.0,55.0,55.0,55.0,55.0,67.0,176.0,205.0,205.0,205.0,205.0,148.0,92.0,56.0,55.0,55.0,86.0,105.0,114.0,115.0,116.0,121.0,133.0,0.9149812308614305,-0.40349640292238265
124.0,55.0,70.0,83.0,142.0,131.0,159.0,156.0,202.0,202.0,205.0,164.0,108.0,55.0,55.0,55.0,71.0,127.0,171.0,202.0,205.0,205.0,205.0,141.0,94.0,64.0,55.0,63.0,83.0,110.0,143.0,169.0,178.0,172.0,151.0,129.0,114.0,112.0,116.0,122.0,125.0,129.0,134.0,137.0,137.0,134.0,131.0,128.0,128.0,128.0,92.0,119.0,144.0,135.0,120.0,137.0,155.0,135.0,95.0,91.0,103.0,123.0,133.0,127.0,121.0,145.0,175.0,181.0,167.0,144.0,109.0,75.0,72.0,91.0,119.0,151.0,179.0,193.0,194.0,182.0,154.0,110.0,67.0,55.0,55.0,103.0,153.0,179.0,168.0,130.0,90.0,67.0,72.0,98.0,127.0,148.0,153.0,152.0,144.0,138.0,0.7631485827328167,-0.6462230579860898
78.0,146.0,157.0,123.0,85.0,67.0,58.0,71.0,98.0,125.0,140.0,166.0,183.0,168.0,133.0,87.0,56.0,55.0,56.0,102.0,138.0,168.0,185.0,186.0,174.0,148.0,112.0,87.0,79.0,90.0,109.0,129.0,140.0,145.0,145.0,140.0,136.0,131.0,128.0,128.0,130.0,134.0,136.0,135.0,136.0,137.0,138.0,139.0,139.0,137.0,174.0,153.0,139.0,127.0,138.0,116.0,78.0,63.0,88.0,126.0,153.0,159.0,156.0,165.0,176.0,166.0,124.0,69.0,55.0,55.0,55.0,123.0,205.0,205.0,205.0,205.0,205.0,86.0,55.0,55.0,55.0,55.0,70.0,194.0,205.0,205.0,205.0,149.0,84.0,55.0,55.0,55.0,82.0,109.0,120.0,122.0,119.0,122.0,132.0,146.0,0.5477916761038785,-0.8366147737108779
83.0,66.0,146.0,170.0,205.0,199.0,205.0,182.0,120.0,56.0,55.0,55.0,55.0,55.0,118.0,195.0,205.0,205.0,205.0,181.0,119.0,80.0,55.0,55.0,80.0,119.0,139.0,150.0,155.0,157.0,155.0,147.0,134.0,124.0,119.0,116.0,120.0,122.0,123.0,122.0,124.0,126.0,126.0,126.0,125.0,126.0,128.0,129.0,130.0,131.0,192.0,118.0,94.0,99.0,125.0,108.0,114.0,128.0,148.0,156.0,141.0,116.0,107.0,102.0,86.0,68.0,61.0,76.0,119.0,180.0,205.0,205.0,205.0,164.0,100.0,55.0,55.0,55.0,55.0,55.0,139.0,205.0,205.0,205.0,205.0,205.0,56.0,55.0,55.0,55.0,111.0,130.0,128.0,114.0,103.0,102.0,113.0,128.0,142.0,149.0,0.28663596644171435,-0.9580395726388469
186.0,178.0,128.0,88.0,60.0,66.0,78.0,99.0,133.0,179.0,205.0,205.0,205.0,131.0,65.0,55.0,55.0,55.0,64.0,131.0,169.0,197.0,205.0,195.0,158.0,109.0,75.0,67.0,83.0,108.0,129.0,140.0,145.0,145.0,141.0,134.0,126.0,121.0,121.0,123.0,124.0,123.0,121.0,121.0,123.0,125.0,126.0,125.0,125.0,125.0,115.0,121.0,111.0,105.0,107.0,119.0,130.0,132.0,116.0,105.0,120.0,140.0,143.0,136.0,130.0,122.0,119.0,125.0,125.0,114.0,103.0,110.0,127.0,146.0,156.0,151.0,119.0,85.0,76.0,106.0,163.0,205.0,205.0,158.0,80.0,55.0,55.0,55.0,115.0,178.0,194.0,179.0,152.0,128.0,119.0,124.0,132.0,133.0,123.0,111.0,0.0017004263941304194,-0.999998554273994
55.0,55.0,55.0,114.0,139.0,159.0,179.0,194.0,184.0,134.0,84.0,55.0,55.0,55.0,72.0,127.0,158.0,179.0,188.0,184.0,172.0,143.0,108.0,83.0,76.0,87.0,108.0,130.0,142.0,145.0,143.0,138.0,134.0,131.0,129.0,129.0,131.0,133.0,135.0,137.0,138.0,139.0,139.0,139.0,138.0,137.0,136.0,136.0,136.0,135.0,122.0,120.0,127.0,129.0,137.0,136.0,142.0,133.0,112.0,111.0,108.0,112.0,104.0,99.0,105.0,146.0,185.0,205.0,205.0,205.0,161.0,121.0,89.0,55.0,55.0,55.0,81.0,170.0,205.0,205.0,205.0,205.0,97.0,55.0,55.0,55.0,82.0,119.0,118.0,97.0,73.0,66.0,82.0,116.0,149.0,172.0,180.0,176.0,170.0,164.0,-0.28289056043194327,-0.9591521937724488
108.0,180.0,129.0,184.0,153.0,135.0,58.0,55.0,55.0,55.0,90.0,139.0,181.0,179.0,202.0,198.0,155.0,81.0,55.0,55.0,55.0,55.0,135.0,170.0,187.0,197.0,187.0,160.0,128.0,102.0,92.0,93.0,101.0,114.0,128.0,139.0,142.0,142.0,137.0,132.0,126.0,122.0,121.0,124.0,126.0,126.0,127.0,130.0,132.0,134.0,167.0,124.0,64.0,78.0,110.0,141.0,129.0,121.0,125.0,126.0,118.0,86.0,74.0,86.0,110.0,132.0,154.0,166.0,177.0,186.0,175.0,132.0,81.0,55.0,55.0,55.0,55.0,140.0,205.0,205.0,205.0,205.0,205.0,55.0,55.0,55.0,55.0,55.0,93.0,151.0,174.0,177.0,166.0,151.0,136.0,128.0,125.0,126.0,125.0,123.0,-0.5432813385071024,-0.8395507055740774
149.0,76.0,55.0,63.0,85.0,104.0,132.0,172.0,205.0,205.0,205.0,136.0,67.0,55.0,55.0,55.0,63.0,130.0,166.0,194.0,205.0,198.0,164.0,116.0,76.0,65.0,80.0,108.0,132.0,143.0,146.0,145.0,141.0,134.0,128.0,123.0,122.0,124.0,124.0,123.0,121.0,121.0,124.0,126.0,127.0,125.0,125.0,125.0,128.0,130.0,133.0,132.0,136.0,135.0,127.0,127.0,131.0,131.0,133.0,129.0,128.0,130.0,133.0,132.0,128.0,127.0,129.0,131.0,130.0,129.0,128.0,128.0,129.0,130.0,130.0,130.0,129.0,128.0,129.0,129.0,129.0,129.0,129.0,128.0,128.0,129.0,131.0,131.0,129.0,128.0,128.0,130.0,130.0,130.0,129.0,129.0,129.0,129.0,130.0,130.0,-0.75815579689628,-0.6520734526359486
66.0,55.0,75.0,151.0,189.0,188.0,148.0,119.0,88.0,73.0,59.0,75.0,97.0,138.0,165.0,179.0,165.0,143.0,106.0,78.0,73.0,88.0,109.0,140.0,166.0,177.0,174.0,160.0,133.0,106.0,93.0,93.0,108.0,127.0,143.0,150.0,152.0,148.0,143.0,138.0,134.0,131.0,131.0,132.0,134.0,134.0,134.0,135.0,137.0,138.0,139.0,115.0,120.0,126.0,133.0,106.0,101.0,106.0,108.0,105.0,98.0,112.0,153.0,196.0,205.0,205.0,180.0,143.0,108.0,78.0,55.0,55.0,55.0,91.0,181.0,205.0,205.0,205.0,205.0,70.0,55.0,55.0,89.0,121.0,116.0,81.0,55.0,55.0,55.0,114.0,173.0,204.0,205.0,190.0,169.0,156.0,153.0,151.0,144.0,129.0,-0.9106471884324863,-0.41318482329341155
91.0,55.0,55.0,55.0,82.0,114.0,100.0,172.0,174.0,199.0,166.0,170.0,102.0,68.0,55.0,55.0,55.0,55.0,55.0,122.0,196.0,205.0,205.0,205.0,173.0,132.0,100.0,72.0,56.0,55.0,81.0,117.0,150.0,170.0,174.0,164.0,152.0,139.0,131.0,125.0,123.0,122.0,126.0,127.0,129.0,128.0,130.0,131.0,134.0,136.0,128.0,130.0,130.0,130.0,128.0,129.0,129.0,132.0,131.0,130.0,127.0,129.0,130.0,131.0,132.0,131.0,130.0,129.0,129.0,129.0,130.0,129.0,129.0,130.0,131.0,132.0,132.0,131.0,130.0,126.0,125.0,129.0,130.0,130.0,131.0,130.0,130.0,130.0,130.0,130.0,131.0,130.0,131.0,131.0,130.0,130.0,110.0,130.0,131.0,110.0,-0.9896948623631736,-0.1431924558485499
106.0,99.0,133.0,124.0,176.0,168.0,201.0,160.0,134.0,67.0,55.0,55.0,55.0,96.0,129.0,149.0,175.0,191.0,196.0,177.0,137.0,98.0,72.0,74.0,90.0,114.0,130.0,140.0,143.0,144.0,141.0,139.0,135.0,131.0,127.0,123.0,119.0,117.0,116.0,118.0,121.0,123.0,123.0,124.0,125.0,127.0,128.0,129.0,129.0,129.0,137.0,99.0,100.0,125.0,154.0,153.0,122.0,98.0,88.0,107.0,129.0,146.0,139.0,121.0,109.0,119.0,146.0,166.0,154.0,109.0,64.0,55.0,98.0,168.0,205.0,205.0,161.0,91.0,55.0,55.0,107.0,161.0,189.0,182.0,150.0,115.0,97.0,101.0,118.0,130.0,129.0,118.0,108.0,108.0,119.0,131.0,136.0,132.0,124.0,120.0,-0.9907415571931347,0.13576143359040685
119.0,115.0,55.0,66.0,55.0,88.0,111.0,135.0,166.0,171.0,168.0,137.0,117.0,70.0,55.0,55.0,55.0,55.0,111.0,156.0,184.0,197.0,196.0,171.0,140.0,119.0,105.0,95.0,96.0,101.0,112.0,126.0,139.0,148.0,151.0,149.0,142.0,137.0,131.0,127.0,125.0,125.0,126.0,128.0,130.0,133.0,135.0,137.0,138.0,139.0,133.0,133.0,132.0,131.0,130.0,130.0,131.0,131.0,130.0,130.0,130.0,134.0,186.0,132.0,130.0,129.0,133.0,129.0,129.0,128.0,128.0,205.0,152.0,138.0,135.0,131.0,129.0,131.0,128.0,128.0,127.0,126.0,126.0,127.0,128.0,129.0,130.0,130.0,129.0,128.0,128.0,127.0,127.0,127.0,127.0,127.0,127.0,128.0,127.0,126.0,-0.9157553861022673,0.4017363225110314
57.0,92.0,145.0,158.0,121.0,86.0,61.0,55.0,55.0,56.0,104.0,140.0,180.0,178.0,156.0,130.0,94.0,61.0,58.0,75.0,96.0,133.0,176.0,198.0,196.0,174.0,139.0,105.0,86.0,84.0,97.0,118.0,135.0,146.0,150.0,146.0,138.0,132.0,129.0,128.0,129.0,132.0,134.0,137.0,139.0,141.0,144.0,145.0,146.0,145.0,130.0,129.0,130.0,131.0,131.0,130.0,130.0,129.0,130.0,130.0,129.0,129.0,130.0,130.0,130.0,130.0,131.0,130.0,136.0,203.0,131.0,129.0,129.0,132.0,155.0,136.0,133.0,131.0,129.0,131.0,146.0,178.0,184.0,195.0,205.0,205.0,110.0,153.0,125.0,123.0,124.0,123.0,123.0,141.0,153.0,204.0,205.0,204.0,204.0,106.0,-0.772641862405363,0.6348421476704048
159.0,100.0,124.0,81.0,79.0,70.0,98.0,131.0,147.0,170.0,157.0,158.0,155.0,169.0,144.0,132.0,114.0,101.0,98.0,123.0,130.0,117.0,116.0,125.0,127.0,136.0,151.0,149.0,136.0,126.0,122.0,119.0,118.0,115.0,114.0,119.0,126.0,131.0,136.0,138.0,138.0,139.0,141.0,138.0,136.0,132.0,131.0,131.0,129.0,126.0,132.0,114.0,116.0,127.0,134.0,125.0,111.0,104.0,101.0,100.0,113.0,125.0,135.0,142.0,148.0,147.0,144.0,134.0,113.0,90.0,76.0,79.0,104.0,149.0,193.0,205.0,205.0,173.0,117.0,70.0,55.0,72.0,111.0,149.0,168.0,164.0,145.0,125.0,113.0,109.0,111.0,115.0,118.0,120.0,121.0,122.0,124.0,126.0,128.0,128.0,-0.5741728780883506,0.8187340875203255
71.0,129.0,108.0,151.0,114.0,105.0,82.0,69.0,68.0,81.0,100.0,91.0,112.0,122.0,129.0,118.0,128.0,123.0,116.0,119.0,141.0,147.0,150.0,146.0,138.0,128.0,125.0,121.0,119.0,120.0,127.0,134.0,142.0,144.0,141.0,136.0,130.0,125.0,121.0,121.0,122.0,126.0,129.0,133.0,137.0,141.0,143.0,146.0,148.0,149.0,134.0,118.0,113.0,123.0,135.0,129.0,125.0,138.0,146.0,149.0,138.0,114.0,94.0,98.0,108.0,112.0,122.0,137.0,152.0,173.0,195.0,193.0,155.0,97.0,55.0,55.0,55.0,67.0,173.0,205.0,205.0,205.0,148.0,106.0,90.0,95.0,110.0,122.0,123.0,117.0,112.0,114.0,119.0,126.0,131.0,133.0,133.0,134.0,138.0,143.0,-0.33659589433425996,0.9416491936582964
97.0,55.0,55.0,55.0,55.0,62.0,72.0,103.0,157.0,205.0,194.0,141.0,99.0,77.0,58.0,55.0,56.0,56.0,57.0,126.0,186.0,205.0,205.0,188.0,154.0,125.0,107.0,95.0,87.0,88.0,98.0,116.0,135.0,147.0,153.0,153.0,150.0,144.0,137.0,131.0,129.0,131.0,135.0,139.0,140.0,141.0,141.0,143.0,145.0,146.0,141.0,111.0,108.0,118.0,146.0,145.0,120.0,96.0,99.0,116.0,140.0,149.0,138.0,124.0,128.0,145.0,158.0,163.0,144.0,104.0,76.0,87.0,127.0,169.0,187.0,168.0,123.0,91.0,94.0,129.0,167.0,184.0,167.0,125.0,86.0,66.0,73.0,96.0,121.0,134.0,133.0,127.0,125.0,131.0,143.0,151.0,150.0,141.0,131.0,127.0,-0.07809701925916326,0.9969457636114584
160.0,140.0,132.0,108.0,121.0,120.0,161.0,156.0,171.0,155.0,161.0,121.0,106.0,103.0,102.0,93.0,119.0,152.0,164.0,166.0,165.0,147.0,120.0,107.0,102.0,98.0,102.0,116.0,133.0,149.0,154.0,148.0,135.0,125.0,118.0,119.0,121.0,125.0,126.0,129.0,130.0,131.0,128.0,126.0,124.0,124.0,124.0,123.0,123.0,122.0,106.0,70.0,105.0,113.0,120.0,116.0,121.0,137.0,129.0,122.0,104.0,106.0,104.0,106.0,104.0,114.0,124.0,137.0,150.0,155.0,149.0,132.0,108.0,82.0,65.0,70.0,97.0,140.0,188.0,205.0,205.0,205.0,156.0,90.0,55.0,55.0,55.0,95.0,165.0,195.0,192.0,169.0,139.0,117.0,105.0,103.0,106.0,110.0,111.0,110.0,0.1827205561120982,0.9831648887008149
184.0,115.0,141.0,68.0,89.0,55.0,83.0,92.0,106.0,100.0,116.0,135.0,128.0,118.0,109.0,104.0,103.0,142.0,177.0,183.0,165.0,153.0,135.0,116.0,106.0,101.0,97.0,104.0,124.0,149.0,164.0,167.0,153.0,135.0,121.0,112.0,110.0,113.0,117.0,123.0,131.0,136.0,141.0,142.0,144.0,146.0,149.0,150.0,148.0,147.0,145.0,104.0,88.0,105.0,126.0,139.0,145.0,147.0,134.0,104.0,84.0,88.0,103.0,113.0,121.0,131.0,145.0,170.0,197.0,194.0,145.0,75.0,55.0,55.0,55.0,73.0,187.0,205.0,205.0,205.0,160.0,131.0,118.0,107.0,89.0,69.0,62.0,78.0,115.0,156.0,182.0,184.0,166.0,140.0,120.0,114.0,120.0,128.0,129.0,121.0,0.42821016234652143,0.9036791780621958
55.0,55.0,55.0,68.0,149.0,181.0,158.0,136.0,131.0,114.0,77.0,56.0,55.0,55.0,55.0,104.0,186.0,205.0,204.0,180.0,149.0,122.0,107.0,95.0,90.0,92.0,104.0,121.0,137.0,146.0,149.0,146.0,141.0,133.0,127.0,122.0,122.0,124.0,128.0,132.0,134.0,137.0,139.0,143.0,145.0,145.0,143.0,143.0,144.0,145.0,133.0,104.0,105.0,111.0,120.0,118.0,131.0,143.0,141.0,120.0,100.0,97.0,113.0,130.0,141.0,139.0,128.0,127.0,141.0,152.0,143.0,113.0,77.0,55.0,55.0,106.0,165.0,200.0,204.0,183.0,152.0,127.0,112.0,99.0,83.0,72.0,76.0,99.0,136.0,169.0,188.0,187.0,168.0,142.0,119.0,110.0,113.0,120.0,122.0,117.0,0.6428131499046412,0.766023011605835
134.0,144.0,115.0,131.0,112.0,168.0,150.0,172.0,154.0,140.0,97.0,110.0,109.0,100.0,92.0,118.0,133.0,136.0,156.0,166.0,140.0,110.0,108.0,108.0,108.0,117.0,130.0,131.0,135.0,139.0,141.0,135.0,128.0,121.0,120.0,123.0,126.0,128.0,131.0,131.0,129.0,127.0,123.0,121.0,122.0,125.0,128.0,125.0,120.0,118.0,134.0,115.0,101.0,104.0,125.0,151.0,140.0,115.0,96.0,95.0,102.0,108.0,113.0,118.0,128.0,142.0,153.0,156.0,145.0,121.0,91.0,66.0,58.0,76.0,117.0,167.0,205.0,205.0,205.0,205.0,135.0,71.0,55.0,55.0,55.0,99.0,178.0,205.0,203.0,177.0,144.0,117.0,102.0,98.0,102.0,106.0,107.0,106.0,105.0,108.0,0.8138953164931184,0.5810115435949329
89.0,64.0,93.0,80.0,108.0,88.0,115.0,135.0,139.0,118.0,115.0,115.0,109.0,120.0,144.0,155.0,147.0,159.0,175.0,164.0,137.0,119.0,102.0,93.0,104.0,125.0,133.0,137.0,141.0,146.0,148.0,144.0,132.0,120.0,113.0,112.0,117.0,125.0,131.0,136.0,143.0,148.0,151.0,151.0,149.0,148.0,147.0,146.0,143.0,141.0,131.0,135.0,144.0,148.0,154.0,147.0,113.0,87.0,100.0,127.0,152.0,157.0,136.0,123.0,139.0,160.0,160.0,132.0,91.0,55.0,55.0,89.0,158.0,205.0,205.0,205.0,160.0,126.0,107.0,90.0,66.0,55.0,55.0,83.0,149.0,205.0,205.0,205.0,166.0,107.0,70.0,64.0,87.0,117.0,137.0,138.0,126.0,116.0,116.0,127.0,0.9322735499504575,0.36175409888869514
132.0,203.0,131.0,125.0,55.0,67.0,55.0,55.0,55.0,93.0,100.0,136.0,178.0,196.0,186.0,161.0,140.0,117.0,115.0,115.0,116.0,105.0,105.0,111.0,124.0,136.0,145.0,146.0,145.0,143.0,139.0,133.0,125.0,117.0,111.0,109.0,111.0,113.0,118.0,124.0,130.0,135.0,139.0,140.0,142.0,144.0,145.0,146.0,144.0,141.0,98.0,137.0,148.0,154.0,107.0,111.0,120.0,119.0,123.0,128.0,138.0,138.0,139.0,135.0,146.0,143.0,123.0,89.0,60.0,55.0,91.0,151.0,191.0,204.0,197.0,168.0,136.0,121.0,114.0,103.0,88.0,76.0,71.0,84.0,121.0,173.0,205.0,205.0,205.0,157.0,113.0,91.0,89.0,96.0,103.0,105.0,102.0,102.0,106.0,116.0,0.9924493645184669,0.12265504012021414
130.0,114.0,98.0,108.0,104.0,78.0,75.0,115.0,136.0,145.0,159.0,167.0,128.0,84.0,61.0,55.0,55.0,55.0,115.0,151.0,174.0,188.0,188.0,170.0,144.0,117.0,94.0,82.0,82.0,97.0,120.0,142.0,152.0,153.0,147.0,137.0,127.0,119.0,116.0,113.0,113.0,115.0,118.0,120.0,122.0,125.0,131.0,135.0,135.0,132.0,157.0,97.0,82.0,82.0,111.0,100.0,97.0,107.0,128.0,135.0,139.0,140.0,145.0,144.0,118.0,81.0,56.0,55.0,85.0,133.0,174.0,204.0,205.0,205.0,174.0,120.0,67.0,55.0,55.0,55.0,150.0,205.0,205.0,205.0,156.0,92.0,58.0,59.0,95.0,138.0,163.0,163.0,142.0,116.0,100.0,96.0,104.0,114.0,121.0,124.0,0.9925884527525218,-0.12152433279946333
205.0,95.0,67.0,62.0,77.0,96.0,104.0,100.0,124.0,170.0,185.0,170.0,161.0,179.0,171.0,156.0,139.0,110.0,66.0,55.0,75.0,100.0,118.0,137.0,154.0,165.0,175.0,177.0,162.0,131.0,99.0,81.0,81.0,95.0,113.0,130.0,141.0,147.0,148.0,147.0,144.0,141.0,139.0,138.0,137.0,136.0,133.0,129.0,127.0,125.0,170.0,160.0,121.0,121.0,95.0,131.0,145.0,161.0,146.0,129.0,113.0,124.0,132.0,123.0,102.0,79.0,74.0,101.0,156.0,200.0,205.0,181.0,134.0,97.0,90.0,98.0,99.0,83.0,63.0,61.0,98.0,167.0,205.0,205.0,205.0,205.0,98.0,56.0,55.0,83.0,117.0,135.0,132.0,119.0,109.0,113.0,129.0,145.0,151.0,147.0,0.9342984239182671,-0.35649187236715796
82.0,77.0,75.0,104.0,148.0,170.0,176.0,172.0,172.0,164.0,156.0,140.0,111.0,69.0,55.0,63.0,99.0,126.0,150.0,162.0,164.0,169.0,171.0,157.0,128.0,98.0,83.0,86.0,102.0,118.0,131.0,140.0,144.0,146.0,146.0,143.0,139.0,139.0,140.0,142.0,140.0,137.0,134.0,133.0,132.0,131.0,129.0,126.0,126.0,126.0,120.0,102.0,120.0,148.0,131.0,133.0,144.0,128.0,131.0,111.0,112.0,110.0,111.0,89.0,88.0,96.0,124.0,162.0,183.0,165.0,136.0,117.0,104.0,106.0,125.0,134.0,119.0,100.0,90.0,100.0,131.0,178.0,205.0,205.0,192.0,155.0,121.0,104.0,104.0,109.0,113.0,105.0,93.0,84.0,90.0,107.0,124.0,135.0,138.0,136.0,0.822261348035391,-0.5691100732960378
63.0,112.0,157.0,163.0,149.0,153.0,140.0,106.0,77.0,55.0,55.0,55.0,63.0,146.0,177.0,194.0,197.0,180.0,155.0,125.0,97.0,77.0,74.0,87.0,111.0,135.0,148.0,153.0,152.0,145.0,135.0,128.0,122.0,120.0,120.0,121.0,123.0,124.0,126.0,127.0,130.0,132.0,133.0,134.0,135.0,137.0,138.0,139.0,139.0,138.0,146.0,99.0,64.0,95.0,97.0,128.0,115.0,123.0,128.0,126.0,116.0,101.0,87.0,80.0,89.0,98.0,118.0,137.0,155.0,164.0,168.0,158.0,132.0,95.0,59.0,55.0,55.0,67.0,168.0,205.0,205.0,205.0,205.0,114.0,55.0,55.0,55.0,55.0,116.0,180.0,194.0,180.0,152.0,123.0,104.0,95.0,96.0,102.0,107.0,112.0,0.6637751504220153,-0.7479321825421279
164.0,130.0,112.0,110.0,128.0,167.0,156.0,170.0,156.0,126.0,68.0,62.0,55.0,59.0,74.0,129.0,166.0,182.0,197.0,205.0,170.0,109.0,74.0,61.0,62.0,87.0,124.0,146.0,157.0,162.0,161.0,150.0,138.0,122.0,113.0,110.0,112.0,116.0,120.0,120.0,118.0,118.0,120.0,121.0,122.0,122.0,124.0,125.0,127.0,128.0,129.0,129.0,130.0,130.0,130.0,130.0,130.0,130.0,130.0,130.0,130.0,130.0,130.0,129.0,129.0,129.0,130.0,132.0,132.0,130.0,128.0,129.0,130.0,131.0,131.0,130.0,129.0,130.0,130.0,131.0,130.0,130.0,130.0,130.0,130.0,130.0,130.0,130.0,130.0,130.0,130.0,130.0,130.0,130.0,130.0,130.0,130.0,130.0,130.0,130.0,0.46825022964466967,-0.8835959044935157
103.0,106.0,165.0,188.0,183.0,139.0,86.0,55.0,65.0,82.0,103.0,135.0,173.0,204.0,205.0,205.0,135.0,63.0,55.0,55.0,55.0,66.0,133.0,170.0,197.0,205.0,194.0,157.0,109.0,75.0,68.0,84.0,109.0,130.0,141.0,146.0,146.0,141.0,134.0,126.0,121.0,121.0,123.0,124.0,122.0,121.0,121.0,124.0,126.0,126.0,132.0,130.0,130.0,129.0,131.0,130.0,130.0,124.0,128.0,129.0,115.0,123.0,55.0,55.0,55.0,55.0,55.0,92.0,102.0,136.0,121.0,120.0,157.0,145.0,132.0,139.0,133.0,146.0,146.0,137.0,138.0,135.0,141.0,142.0,141.0,139.0,139.0,139.0,141.0,142.0,140.0,139.0,139.0,140.0,139.0,140.0,139.0,139.0,139.0,138.0,0.24749767089174055,-0.9688884883737466
55.0,55.0,55.0,86.0,121.0,154.0,168.0,195.0,192.0,161.0,106.0,65.0,55.0,55.0,55.0,104.0,140.0,171.0,191.0,192.0,181.0,157.0,123.0,93.0,79.0,82.0,98.0,120.0,136.0,144.0,145.0,141.0,137.0,133.0,130.0,129.0,131.0,133.0,135.0,136.0,138.0,138.0,139.0,139.0,139.0,137.0,137.0,137.0,136.0,136.0,205.0,205.0,134.0,115.0,131.0,127.0,128.0,127.0,129.0,128.0,126.0,129.0,128.0,128.0,126.0,126.0,126.0,127.0,127.0,127.0,127.0,127.0,130.0,129.0,129.0,144.0,130.0,126.0,126.0,126.0,127.0,127.0,128.0,128.0,127.0,127.0,126.0,126.0,126.0,126.0,126.0,126.0,126.0,126.0,127.0,127.0,127.0,128.0,128.0,128.0,0.013410445479711935,-0.9999100759328489
205.0,154.0,146.0,132.0,108.0,59.0,55.0,55.0,55.0,83.0,155.0,178.0,188.0,198.0,194.0,135.0,69.0,55.0,55.0,55.0,55.0,107.0,173.0,196.0,205.0,197.0,170.0,138.0,108.0,85.0,75.0,80.0,98.0,121.0,139.0,147.0,149.0,144.0,135.0,127.0,122.0,120.0,120.0,121.0,122.0,125.0,127.0,129.0,131.0,132.0,55.0,55.0,90.0,66.0,56.0,57.0,57.0,78.0,147.0,138.0,136.0,136.0,146.0,153.0,150.0,144.0,142.0,144.0,148.0,149.0,148.0,147.0,147.0,147.0,146.0,145.0,144.0,143.0,144.0,145.0,145.0,146.0,147.0,147.0,146.0,145.0,144.0,143.0,143.0,143.0,143.0,143.0,143.0,143.0,143.0,143.0,142.0,142.0,142.0,143.0,-0.22172012644364467,-0.9751103453096035
205.0,113.0,73.0,55.0,79.0,89.0,103.0,135.0,181.0,205.0,205.0,203.0,121.0,57.0,55.0,55.0,55.0,84.0,136.0,173.0,199.0,205.0,191.0,151.0,103.0,72.0,68.0,84.0,109.0,132.0,146.0,151.0,146.0,136.0,128.0,125.0,124.0,124.0,124.0,123.0,121.0,120.0,121.0,125.0,126.0,127.0,125.0,124.0,125.0,127.0,130.0,130.0,130.0,129.0,130.0,129.0,130.0,130.0,130.0,129.0,130.0,130.0,130.0,130.0,130.0,130.0,129.0,130.0,129.0,129.0,129.0,130.0,130.0,131.0,131.0,130.0,129.0,128.0,128.0,129.0,132.0,132.0,130.0,129.0,129.0,130.0,130.0,131.0,130.0,129.0,129.0,130.0,130.0,130.0,130.0,130.0,130.0,130.0,130.0,130.0,-0.44549252630138847,-0.8952856577705278
56.0,55.0,67.0,153.0,177.0,185.0,148.0,133.0,96.0,85.0,57.0,68.0,82.0,125.0,158.0,181.0,170.0,149.0,116.0,89.0,79.0,87.0,102.0,126.0,154.0,170.0,174.0,161.0,134.0,107.0,96.0,98.0,110.0,125.0,138.0,145.0,147.0,144.0,141.0,137.0,134.0,131.0,131.0,132.0,133.0,133.0,133.0,133.0,135.0,136.0,116.0,93.0,125.0,140.0,137.0,140.0,140.0,130.0,112.0,112.0,102.0,104.0,101.0,104.0,118.0,157.0,191.0,205.0,205.0,189.0,150.0,111.0,74.0,55.0,55.0,55.0,112.0,187.0,205.0,205.0,205.0,205.0,66.0,55.0,55.0,55.0,85.0,126.0,117.0,90.0,67.0,63.0,84.0,121.0,155.0,175.0,180.0,174.0,168.0,163.0,-0.6456741220465307,-0.7636130748746002
55.0,55.0,55.0,94.0,85.0,129.0,150.0,193.0,185.0,180.0,165.0,112.0,67.0,55.0,55.0,55.0,55.0,55.0,132.0,205.0,205.0,205.0,205.0,165.0,121.0,85.0,60.0,55.0,55.0,76.0,128.0,163.0,183.0,179.0,163.0,145.0,131.0,122.0,119.0,119.0,120.0,126.0,129.0,130.0,129.0,130.0,131.0,134.0,136.0,137.0,75.0,96.0,120.0,136.0,138.0,130.0,114.0,107.0,86.0,82.0,91.0,108.0,125.0,150.0,166.0,178.0,187.0,175.0,132.0,81.0,55.0,55.0,55.0,55.0,138.0,205.0,205.0,205.0,205.0,205.0,55.0,55.0,55.0,55.0,55.0,86.0,149.0,172.0,176.0,166.0,151.0,136.0,127.0,124.0,125.0,124.0,122.0,118.0,113.0,107.0,-0.8090494452361148,-0.5877405849208772
123.0,110.0,109.0,114.0,126.0,152.0,180.0,193.0,180.0,134.0,82.0,55.0,55.0,55.0,94.0,122.0,147.0,172.0,190.0,194.0,175.0,136.0,94.0,70.0,71.0,91.0,116.0,136.0,146.0,149.0,147.0,141.0,131.0,127.0,124.0,124.0,124.0,123.0,121.0,123.0,122.0,118.0,118.0,122.0,126.0,127.0,126.0,125.0,127.0,128.0,136.0,122.0,145.0,147.0,134.0,126.0,129.0,130.0,125.0,116.0,106.0,88.0,90.0,116.0,149.0,168.0,166.0,148.0,123.0,106.0,98.0,85.0,67.0,66.0,96.0,155.0,205.0,205.0,205.0,131.0,63.0,55.0,55.0,107.0,169.0,197.0,190.0,156.0,122.0,106.0,108.0,121.0,128.0,126.0,117.0,109.0,110.0,118.0,127.0,128.0,-0.9260466384309055,-0.3774090929625567
82.0,81.0,96.0,72.0,63.0,73.0,115.0,154.0,181.0,176.0,150.0,126.0,95.0,61.0,55.0,55.0,55.0,57.0,140.0,186.0,204.0,205.0,183.0,149.0,118.0,100.0,87.0,84.0,91.0,105.0,125.0,142.0,153.0,154.0,149.0,140.0,132.0,127.0,123.0,121.0,123.0,125.0,129.0,131.0,133.0,135.0,136.0,137.0,138.0,139.0,166.0,111.0,113.0,119.0,134.0,111.0,103.0,103.0,105.0,101.0,92.0,103.0,148.0,194.0,205.0,205.0,180.0,144.0,109.0,80.0,55.0,55.0,55.0,84.0,167.0,205.0,205.0,205.0,205.0,76.0,55.0,55.0,78.0,117.0,117.0,83.0,55.0,55.0,55.0,92.0,164.0,200.0,205.0,191.0,167.0,152.0,148.0,151.0,150.0,135.0,-0.9895177190632093,-0.14441150805923908
162.0,108.0,171.0,105.0,143.0,100.0,110.0,57.0,62.0,55.0,55.0,55.0,114.0,157.0,188.0,196.0,160.0,131.0,111.0,92.0,78.0,87.0,90.0,103.0,134.0,168.0,179.0,176.0,154.0,127.0,108.0,105.0,109.0,119.0,126.0,129.0,129.0,127.0,122.0,118.0,118.0,120.0,124.0,127.0,130.0,133.0,136.0,140.0,142.0,143.0,178.0,138.0,108.0,111.0,105.0,104.0,94.0,87.0,120.0,135.0,152.0,140.0,146.0,148.0,147.0,123.0,95.0,58.0,55.0,55.0,88.0,164.0,205.0,205.0,205.0,178.0,108.0,56.0,55.0,55.0,55.0,128.0,180.0,203.0,192.0,155.0,116.0,95.0,99.0,120.0,143.0,154.0,149.0,134.0,116.0,102.0,95.0,97.0,105.0,114.0,-0.9951895710198745,0.09796794237544314
205.0,136.0,108.0,76.0,55.0,56.0,81.0,109.0,148.0,157.0,182.0,190.0,205.0,180.0,147.0,106.0,79.0,67.0,98.0,129.0,131.0,128.0,131.0,130.0,133.0,147.0,154.0,139.0,123.0,114.0,114.0,123.0,124.0,119.0,114.0,115.0,117.0,122.0,126.0,129.0,131.0,133.0,133.0,132.0,131.0,131.0,130.0,129.0,126.0,123.0,120.0,98.0,119.0,104.0,94.0,101.0,118.0,131.0,147.0,148.0,141.0,131.0,126.0,120.0,117.0,100.0,72.0,56.0,74.0,131.0,199.0,205.0,205.0,156.0,73.0,55.0,55.0,55.0,150.0,204.0,205.0,181.0,122.0,72.0,56.0,77.0,120.0,160.0,178.0,174.0,156.0,138.0,124.0,114.0,106.0,102.0,101.0,106.0,114.0,121.0,-0.9419965300288308,0.3356226115946929
167.0,124.0,64.0,100.0,133.0,143.0,112.0,80.0,59.0,56.0,79.0,94.0,97.0,98.0,125.0,129.0,126.0,120.0,114.0,91.0,89.0,111.0,137.0,148.0,159.0,161.0,151.0,140.0,129.0,119.0,109.0,107.0,112.0,126.0,139.0,145.0,144.0,140.0,134.0,127.0,123.0,121.0,121.0,124.0,128.0,134.0,137.0,140.0,142.0,146.0,194.0,124.0,116.0,134.0,150.0,147.0,143.0,130.0,128.0,119.0,117.0,123.0,126.0,120.0,118.0,108.0,104.0,128.0,157.0,156.0,129.0,102.0,89.0,103.0,147.0,185.0,183.0,139.0,78.0,55.0,55.0,55.0,159.0,205.0,205.0,205.0,169.0,118.0,90.0,88.0,100.0,110.0,110.0,104.0,101.0,109.0,123.0,132.0,133.0,128.0,-0.8322646590878016,0.5543785144046127
55.0,55.0,55.0,55.0,86.0,123.0,162.0,203.0,176.0,129.0,93.0,68.0,55.0,55.0,55.0,55.0,57.0,139.0,194.0,205.0,205.0,178.0,144.0,117.0,102.0,91.0,85.0,87.0,99.0,119.0,137.0,148.0,151.0,150.0,147.0,140.0,134.0,129.0,127.0,129.0,134.0,137.0,138.0,139.0,140.0,142.0,144.0,144.0,142.0,141.0,97.0,129.0,148.0,150.0,128.0,122.0,124.0,124.0,111.0,96.0,89.0,92.0,111.0,135.0,157.0,170.0,184.0,183.0,156.0,118.0,85.0,58.0,55.0,87.0,145.0,194.0,205.0,200.0,145.0,101.0,92.0,120.0,158.0,178.0,165.0,126.0,85.0,63.0,63.0,80.0,103.0,122.0,130.0,131.0,132.0,137.0,145.0,152.0,151.0,143.0,-0.6717210545807347,0.7408041744165226
184.0,132.0,132.0,83.0,147.0,105.0,157.0,133.0,161.0,150.0,174.0,129.0,109.0,102.0,115.0,99.0,101.0,120.0,122.0,120.0,139.0,156.0,140.0,130.0,127.0,121.0,115.0,121.0,125.0,126.0,124.0,123.0,123.0,128.0,130.0,133.0,133.0,133.0,128.0,127.0,126.0,125.0,124.0,123.0,122.0,122.0,122.0,121.0,121.0,122.0,162.0,140.0,101.0,114.0,107.0,127.0,108.0,89.0,106.0,121.0,141.0,137.0,144.0,139.0,148.0,138.0,121.0,92.0,76.0,74.0,95.0,134.0,176.0,205.0,205.0,181.0,131.0,84.0,57.0,63.0,98.0,143.0,174.0,179.0,158.0,125.0,98.0,87.0,95.0,111.0,129.0,139.0,140.0,134.0,126.0,121.0,120.0,120.0,120.0,122.0,-0.46930789507090814,0.8830345970708698
67.0,95.0,55.0,101.0,80.0,112.0,79.0,109.0,125.0,143.0,119.0,115.0,116.0,109.0,116.0,139.0,157.0,144.0,149.0,162.0,158.0,133.0,121.0,109.0,98.0,106.0,127.0,138.0,141.0,139.0,140.0,140.0,139.0,130.0,121.0,116.0,115.0,119.0,126.0,132.0,135.0,141.0,145.0,148.0,149.0,147.0,145.0,143.0,143.0,145.0,164.0,112.0,97.0,108.0,124.0,129.0,138.0,129.0,154.0,141.0,129.0,89.0,85.0,93.0,111.0,121.0,134.0,144.0,163.0,191.0,199.0,162.0,96.0,55.0,55.0,55.0,55.0,142.0,205.0,205.0,205.0,169.0,130.0,111.0,101.0,92.0,82.0,78.0,88.0,112.0,143.0,163.0,167.0,156.0,138.0,123.0,118.0,124.0,131.0,134.0,-0.2367906124912949,0.9715607062021382
105.0,55.0,89.0,143.0,159.0,116.0,90.0,82.0,76.0,78.0,83.0,71.0,70.0,106.0,158.0,185.0,186.0,171.0,146.0,123.0,110.0,103.0,96.0,96.0,102.0,118.0,135.0,146.0,149.0,146.0,141.0,132.0,125.0,118.0,115.0,114.0,118.0,122.0,125.0,127.0,129.0,133.0,136.0,139.0,141.0,145.0,148.0,146.0,142.0,139.0,186.0,148.0,95.0,127.0,105.0,120.0,95.0,98.0,116.0,152.0,151.0,130.0,113.0,122.0,149.0,161.0,154.0,117.0,80.0,72.0,106.0,153.0,179.0,169.0,128.0,83.0,76.0,109.0,155.0,181.0,183.0,163.0,130.0,104.0,87.0,77.0,72.0,76.0,90.0,114.0,145.0,172.0,188.0,186.0,169.0,144.0,122.0,111.0,113.0,119.0,0.011837642593561681,0.999929932654197
122.0,87.0,120.0,156.0,177.0,172.0,150.0,112.0,90.0,109.0,110.0,95.0,99.0,128.0,136.0,145.0,161.0,152.0,107.0,83.0,89.0,100.0,112.0,132.0,146.0,148.0,149.0,149.0,142.0,127.0,111.0,104.0,108.0,120.0,129.0,137.0,140.0,138.0,133.0,129.0,124.0,120.0,118.0,119.0,121.0,121.0,121.0,121.0,123.0,126.0,89.0,90.0,103.0,109.0,120.0,127.0,130.0,136.0,124.0,108.0,99.0,98.0,100.0,107.0,115.0,123.0,133.0,146.0,153.0,151.0,134.0,105.0,74.0,57.0,61.0,94.0,143.0,191.0,205.0,205.0,205.0,164.0,99.0,55.0,55.0,55.0,61.0,153.0,196.0,205.0,190.0,158.0,126.0,106.0,97.0,98.0,103.0,106.0,106.0,104.0,0.2611377356547793,0.9653015503028546
205.0,95.0,85.0,92.0,72.0,94.0,102.0,108.0,112.0,148.0,144.0,164.0,168.0,171.0,131.0,127.0,143.0,158.0,159.0,172.0,169.0,141.0,120.0,113.0,105.0,97.0,100.0,111.0,125.0,142.0,155.0,161.0,155.0,138.0,119.0,105.0,100.0,103.0,114.0,126.0,138.0,145.0,150.0,152.0,152.0,150.0,147.0,143.0,139.0,135.0,123.0,94.0,85.0,145.0,129.0,142.0,135.0,128.0,108.0,86.0,100.0,123.0,154.0,170.0,173.0,157.0,157.0,151.0,129.0,90.0,57.0,55.0,55.0,115.0,187.0,205.0,205.0,205.0,165.0,123.0,100.0,84.0,66.0,55.0,55.0,55.0,95.0,172.0,205.0,205.0,189.0,141.0,101.0,85.0,95.0,117.0,135.0,138.0,127.0,113.0,0.49515812491651395,0.8688028725373564
78.0,77.0,75.0,104.0,144.0,167.0,175.0,171.0,173.0,163.0,161.0,142.0,112.0,65.0,55.0,55.0,101.0,127.0,148.0,158.0,162.0,167.0,171.0,158.0,130.0,99.0,82.0,84.0,100.0,117.0,129.0,138.0,143.0,145.0,145.0,142.0,138.0,138.0,139.0,141.0,139.0,136.0,133.0,132.0,132.0,130.0,128.0,126.0,125.0,125.0,105.0,105.0,155.0,156.0,120.0,115.0,122.0,122.0,114.0,127.0,136.0,144.0,140.0,137.0,141.0,142.0,124.0,93.0,62.0,55.0,86.0,146.0,190.0,205.0,203.0,174.0,139.0,119.0,111.0,101.0,86.0,71.0,63.0,75.0,115.0,173.0,205.0,205.0,205.0,159.0,106.0,77.0,75.0,87.0,100.0,106.0,105.0,104.0,108.0,116.0,0.6984690025765291,0.7156403094011324
90.0,59.0,101.0,149.0,166.0,156.0,159.0,138.0,103.0,75.0,56.0,55.0,55.0,57.0,141.0,172.0,192.0,196.0,182.0,157.0,126.0,96.0,75.0,70.0,86.0,112.0,137.0,148.0,149.0,147.0,140.0,133.0,130.0,125.0,121.0,118.0,118.0,121.0,124.0,125.0,127.0,129.0,131.0,132.0,133.0,134.0,136.0,137.0,138.0,138.0,205.0,131.0,58.0,84.0,94.0,134.0,113.0,112.0,107.0,134.0,130.0,125.0,109.0,102.0,92.0,85.0,88.0,100.0,124.0,146.0,161.0,163.0,160.0,150.0,130.0,103.0,72.0,55.0,55.0,94.0,171.0,205.0,205.0,205.0,205.0,80.0,55.0,55.0,55.0,99.0,167.0,184.0,168.0,137.0,111.0,98.0,98.0,105.0,110.0,113.0,0.8572305277028789,0.5149328328765255
110.0,74.0,93.0,136.0,138.0,159.0,178.0,201.0,182.0,191.0,144.0,85.0,55.0,55.0,55.0,55.0,92.0,164.0,185.0,187.0,191.0,184.0,150.0,115.0,90.0,69.0,70.0,92.0,124.0,146.0,154.0,148.0,141.0,136.0,135.0,134.0,133.0,131.0,128.0,125.0,124.0,122.0,120.0,119.0,120.0,121.0,122.0,123.0,124.0,126.0,86.0,75.0,103.0,131.0,122.0,124.0,114.0,143.0,137.0,129.0,104.0,98.0,93.0,103.0,119.0,135.0,148.0,154.0,153.0,146.0,136.0,115.0,83.0,55.0,55.0,55.0,96.0,185.0,205.0,205.0,205.0,205.0,78.0,55.0,55.0,55.0,55.0,118.0,192.0,205.0,205.0,177.0,152.0,133.0,122.0,115.0,110.0,108.0,107.0,106.0,0.9602171883006335,0.27925427712396045
165.0,145.0,116.0,112.0,127.0,169.0,184.0,185.0,161.0,122.0,81.0,73.0,77.0,90.0,119.0,157.0,190.0,205.0,205.0,203.0,143.0,96.0,62.0,55.0,66.0,89.0,119.0,150.0,176.0,182.0,171.0,148.0,123.0,108.0,104.0,107.0,112.0,118.0,123.0,129.0,133.0,133.0,131.0,128.0,128.0,128.0,128.0,127.0,125.0,124.0,112.0,112.0,124.0,157.0,118.0,123.0,129.0,135.0,126.0,115.0,117.0,133.0,141.0,124.0,113.0,104.0,106.0,118.0,133.0,132.0,138.0,154.0,165.0,165.0,165.0,149.0,113.0,81.0,72.0,83.0,110.0,148.0,173.0,177.0,166.0,155.0,148.0,143.0,134.0,116.0,93.0,74.0,69.0,77.0,94.0,115.0,129.0,137.0,141.0,142.0,0.999714496072906,0.0238940649889398
99.0,62.0,90.0,154.0,152.0,112.0,75.0,61.0,60.0,82.0,111.0,126.0,143.0,169.0,184.0,162.0,123.0,76.0,55.0,55.0,68.0,111.0,147.0,175.0,186.0,184.0,169.0,139.0,105.0,83.0,80.0,93.0,114.0,132.0,142.0,145.0,144.0,139.0,134.0,130.0,127.0,128.0,131.0,134.0,135.0,135.0,135.0,137.0,138.0,139.0,130.0,78.0,55.0,85.0,119.0,132.0,123.0,115.0,123.0,114.0,101.0,76.0,73.0,84.0,108.0,126.0,141.0,151.0,161.0,167.0,156.0,120.0,72.0,55.0,55.0,55.0,82.0,204.0,205.0,205.0,205.0,205.0,97.0,55.0,55.0,55.0,55.0,95.0,168.0,198.0,201.0,181.0,152.0,122.0,101.0,91.0,90.0,94.0,99.0,102.0,0.9722056882491481,-0.23412838302094038
85.0,86.0,84.0,116.0,177.0,205.0,205.0,205.0,163.0,93.0,55.0,55.0,55.0,55.0,56.0,162.0,205.0,205.0,205.0,203.0,123.0,67.0,55.0,55.0,55.0,107.0,148.0,165.0,172.0,170.0,157.0,137.0,116.0,104.0,104.0,114.0,125.0,133.0,135.0,133.0,129.0,127.0,125.0,122.0,121.0,121.0,123.0,125.0,127.0,128.0,130.0,130.0,130.0,130.0,130.0,130.0,130.0,130.0,130.0,130.0,130.0,130.0,130.0,130.0,130.0,130.0,130.0,130.0,130.0,129.0,130.0,130.0,130.0,130.0,130.0,130.0,130.0,130.0,130.0,130.0,130.0,130.0,129.0,130.0,130.0,130.0,130.0,130.0,130.0,130.0,130.0,130.0,130.0,130.0,130.0,130.0,130.0,130.0,130.0,129.0,0.8787759456951916,-0.4772345725819975
82.0,106.0,153.0,192.0,184.0,148.0,94.0,62.0,65.0,79.0,95.0,127.0,169.0,204.0,205.0,205.0,146.0,75.0,55.0,55.0,55.0,56.0,124.0,162.0,192.0,205.0,202.0,168.0,117.0,79.0,67.0,80.0,104.0,127.0,140.0,145.0,146.0,143.0,136.0,129.0,123.0,121.0,123.0,124.0,123.0,121.0,121.0,123.0,125.0,127.0,86.0,88.0,159.0,131.0,129.0,116.0,141.0,149.0,123.0,110.0,115.0,130.0,128.0,128.0,113.0,119.0,133.0,145.0,135.0,137.0,137.0,130.0,118.0,117.0,117.0,117.0,122.0,132.0,147.0,157.0,160.0,144.0,112.0,80.0,72.0,94.0,137.0,174.0,184.0,162.0,124.0,94.0,82.0,92.0,110.0,127.0,136.0,137.0,133.0,129.0,0.7251800391367682,-0.6885593008867104
62.0,55.0,55.0,59.0,88.0,110.0,136.0,167.0,191.0,199.0,169.0,116.0,71.0,55.0,55.0,55.0,94.0,132.0,166.0,188.0,192.0,182.0,162.0,129.0,98.0,80.0,80.0,93.0,115.0,133.0,143.0,145.0,142.0,137.0,133.0,130.0,129.0,130.0,132.0,134.0,136.0,137.0,138.0,139.0,139.0,138.0,137.0,136.0,136.0,135.0,101.0,132.0,143.0,144.0,141.0,135.0,132.0,104.0,73.0,73.0,96.0,129.0,147.0,153.0,154.0,167.0,174.0,159.0,115.0,62.0,55.0,55.0,55.0,155.0,205.0,205.0,205.0,205.0,205.0,70.0,55.0,55.0,55.0,55.0,75.0,196.0,205.0,205.0,205.0,140.0,77.0,55.0,55.0,55.0,91.0,109.0,117.0,118.0,117.0,122.0,0.5211787078723297,-0.8534475698369108
178.0,112.0,122.0,66.0,68.0,55.0,55.0,55.0,94.0,145.0,187.0,186.0,205.0,184.0,128.0,68.0,55.0,55.0,55.0,55.0,71.0,155.0,202.0,205.0,205.0,193.0,158.0,124.0,92.0,70.0,61.0,75.0,101.0,131.0,151.0,161.0,158.0,149.0,138.0,129.0,121.0,117.0,115.0,121.0,126.0,130.0,127.0,126.0,129.0,134.0,141.0,159.0,118.0,129.0,108.0,98.0,92.0,121.0,146.0,165.0,165.0,150.0,147.0,142.0,121.0,78.0,55.0,55.0,55.0,105.0,205.0,205.0,205.0,205.0,205.0,66.0,55.0,55.0,55.0,55.0,67.0,176.0,205.0,205.0,205.0,205.0,146.0,93.0,61.0,55.0,69.0,90.0,106.0,112.0,112.0,112.0,119.0,130.0,144.0,156.0,0.2806248451367049,-0.9598175328113153
171.0,109.0,55.0,55.0,55.0,123.0,148.0,169.0,196.0,205.0,205.0,193.0,106.0,55.0,55.0,55.0,55.0,67.0,147.0,179.0,202.0,205.0,201.0,162.0,111.0,73.0,61.0,73.0,98.0,122.0,137.0,145.0,148.0,145.0,139.0,133.0,129.0,128.0,130.0,131.0,129.0,127.0,126.0,128.0,128.0,128.0,126.0,124.0,124.0,126.0,128.0,132.0,113.0,100.0,100.0,120.0,140.0,151.0,137.0,119.0,119.0,132.0,138.0,128.0,113.0,95.0,88.0,105.0,134.0,154.0,156.0,146.0,132.0,119.0,116.0,112.0,93.0,70.0,68.0,102.0,164.0,205.0,205.0,200.0,111.0,55.0,55.0,55.0,127.0,176.0,195.0,182.0,152.0,122.0,107.0,110.0,120.0,131.0,129.0,119.0,0.020291788769524328,-0.9997941004569556
127.0,133.0,135.0,108.0,80.0,55.0,61.0,87.0,126.0,150.0,170.0,173.0,157.0,129.0,97.0,64.0,55.0,70.0,98.0,131.0,162.0,180.0,181.0,172.0,149.0,118.0,92.0,84.0,90.0,110.0,130.0,142.0,144.0,142.0,136.0,132.0,127.0,123.0,122.0,123.0,126.0,129.0,131.0,132.0,133.0,134.0,136.0,136.0,135.0,135.0,132.0,131.0,131.0,131.0,131.0,130.0,130.0,130.0,130.0,130.0,130.0,130.0,130.0,130.0,129.0,130.0,129.0,130.0,130.0,129.0,130.0,129.0,129.0,129.0,130.0,129.0,130.0,129.0,129.0,129.0,129.0,129.0,129.0,129.0,129.0,129.0,129.0,129.0,129.0,129.0,129.0,129.0,130.0,129.0,130.0,129.0,130.0,129.0,129.0,129.0,-0.24144798972517598,-0.9704137613707213
84.0,55.0,55.0,141.0,171.0,166.0,153.0,149.0,123.0,100.0,71.0,55.0,55.0,55.0,68.0,155.0,198.0,201.0,177.0,162.0,149.0,127.0,107.0,92.0,79.0,89.0,120.0,149.0,158.0,154.0,141.0,131.0,130.0,131.0,133.0,132.0,131.0,128.0,127.0,125.0,122.0,122.0,127.0,132.0,135.0,136.0,137.0,139.0,142.0,145.0,129.0,130.0,129.0,130.0,130.0,130.0,130.0,129.0,130.0,129.0,130.0,130.0,129.0,129.0,130.0,130.0,130.0,130.0,130.0,130.0,130.0,130.0,130.0,129.0,129.0,129.0,129.0,129.0,130.0,130.0,130.0,130.0,130.0,129.0,129.0,129.0,129.0,129.0,129.0,129.0,129.0,130.0,130.0,130.0,130.0,130.0,130.0,130.0,130.0,130.0,-0.48610873166807006,-0.8738983356180856
166.0,200.0,158.0,185.0,153.0,157.0,91.0,68.0,55.0,55.0,84.0,126.0,145.0,165.0,182.0,203.0,205.0,178.0,137.0,92.0,56.0,55.0,77.0,104.0,128.0,143.0,149.0,148.0,160.0,170.0,163.0,139.0,112.0,94.0,93.0,102.0,115.0,126.0,133.0,133.0,131.0,131.0,130.0,130.0,129.0,130.0,131.0,130.0,130.0,130.0,132.0,130.0,128.0,128.0,130.0,131.0,131.0,130.0,129.0,129.0,129.0,130.0,131.0,130.0,130.0,130.0,130.0,130.0,131.0,130.0,130.0,130.0,129.0,130.0,130.0,130.0,131.0,131.0,130.0,130.0,130.0,130.0,130.0,130.0,130.0,130.0,130.0,130.0,130.0,130.0,130.0,130.0,130.0,130.0,130.0,130.0,130.0,130.0,130.0,130.0,-0.6948789008386657,-0.7191267712783663
84.0,55.0,55.0,56.0,133.0,150.0,152.0,157.0,146.0,140.0,111.0,75.0,55.0,55.0,55.0,60.0,102.0,133.0,140.0,152.0,166.0,165.0,151.0,142.0,134.0,123.0,119.0,116.0,111.0,107.0,109.0,118.0,133.0,146.0,152.0,151.0,147.0,139.0,133.0,128.0,125.0,123.0,125.0,128.0,132.0,134.0,136.0,137.0,140.0,142.0,135.0,111.0,144.0,119.0,125.0,122.0,125.0,98.0,95.0,95.0,130.0,160.0,176.0,177.0,173.0,169.0,162.0,139.0,87.0,55.0,55.0,55.0,72.0,198.0,205.0,205.0,205.0,104.0,61.0,59.0,101.0,144.0,147.0,109.0,60.0,55.0,55.0,64.0,154.0,195.0,205.0,189.0,166.0,150.0,147.0,148.0,143.0,130.0,112.0,98.0,-0.856625605848341,-0.5159385345222459
83.0,91.0,112.0,98.0,63.0,55.0,55.0,55.0,55.0,134.0,168.0,196.0,188.0,150.0,116.0,86.0,56.0,55.0,55.0,83.0,119.0,164.0,198.0,203.0,188.0,156.0,118.0,91.0,81.0,87.0,104.0,123.0,135.0,141.0,139.0,132.0,125.0,121.0,120.0,120.0,123.0,127.0,132.0,136.0,139.0,141.0,143.0,144.0,145.0,145.0,152.0,109.0,102.0,125.0,147.0,135.0,102.0,83.0,90.0,108.0,132.0,144.0,146.0,150.0,157.0,149.0,129.0,106.0,74.0,55.0,55.0,55.0,145.0,205.0,205.0,205.0,205.0,138.0,72.0,55.0,55.0,55.0,69.0,146.0,178.0,188.0,178.0,160.0,143.0,129.0,120.0,115.0,113.0,111.0,112.0,113.0,112.0,110.0,110.0,114.0,-0.9605455692573066,-0.27812265168475003
55.0,55.0,125.0,147.0,169.0,153.0,147.0,144.0,165.0,166.0,146.0,127.0,113.0,97.0,101.0,121.0,114.0,92.0,93.0,112.0,128.0,151.0,169.0,166.0,149.0,137.0,126.0,114.0,103.0,97.0,100.0,114.0,128.0,140.0,145.0,146.0,145.0,147.0,146.0,139.0,129.0,124.0,126.0,130.0,130.0,126.0,122.0,121.0,123.0,125.0,173.0,120.0,93.0,115.0,126.0,117.0,89.0,88.0,114.0,142.0,156.0,149.0,133.0,126.0,127.0,125.0,120.0,100.0,69.0,55.0,76.0,134.0,202.0,205.0,205.0,153.0,73.0,55.0,55.0,55.0,155.0,205.0,205.0,175.0,118.0,73.0,60.0,81.0,122.0,158.0,177.0,173.0,156.0,139.0,125.0,114.0,106.0,101.0,102.0,107.0,-0.9997634041067094,-0.021751685198265463
173.0,72.0,126.0,102.0,151.0,117.0,110.0,83.0,76.0,65.0,78.0,96.0,91.0,103.0,116.0,125.0,116.0,127.0,132.0,130.0,129.0,141.0,141.0,139.0,138.0,134.0,124.0,118.0,114.0,116.0,123.0,133.0,140.0,144.0,143.0,136.0,130.0,125.0,121.0,118.0,119.0,121.0,125.0,128.0,132.0,136.0,139.0,141.0,144.0,146.0,150.0,159.0,130.0,125.0,141.0,148.0,140.0,141.0,133.0,132.0,120.0,115.0,124.0,133.0,125.0,112.0,103.0,103.0,129.0,159.0,161.0,131.0,104.0,90.0,100.0,139.0,181.0,188.0,151.0,91.0,55.0,55.0,55.0,139.0,205.0,205.0,205.0,205.0,129.0,95.0,88.0,97.0,109.0,113.0,108.0,105.0,107.0,115.0,124.0,131.0,-0.9717750776281864,0.23590930142902858
150.0,66.0,55.0,55.0,55.0,55.0,80.0,108.0,146.0,199.0,189.0,145.0,101.0,78.0,56.0,55.0,55.0,55.0,56.0,120.0,182.0,205.0,205.0,188.0,155.0,124.0,106.0,94.0,86.0,86.0,95.0,113.0,133.0,145.0,150.0,151.0,149.0,143.0,136.0,130.0,128.0,129.0,132.0,137.0,138.0,139.0,140.0,141.0,143.0,144.0,145.0,126.0,112.0,113.0,153.0,153.0,131.0,121.0,123.0,132.0,120.0,104.0,90.0,91.0,100.0,124.0,146.0,163.0,178.0,188.0,175.0,139.0,103.0,72.0,55.0,63.0,113.0,171.0,205.0,205.0,174.0,122.0,92.0,102.0,139.0,172.0,177.0,151.0,108.0,73.0,61.0,70.0,91.0,113.0,128.0,132.0,132.0,134.0,141.0,149.0,-0.87859523776781,0.4775671766063131
141.0,105.0,109.0,111.0,131.0,120.0,131.0,144.0,150.0,150.0,159.0,139.0,112.0,108.0,113.0,101.0,97.0,116.0,119.0,107.0,114.0,133.0,133.0,132.0,137.0,137.0,132.0,132.0,133.0,129.0,121.0,111.0,109.0,113.0,123.0,132.0,140.0,142.0,138.0,133.0,129.0,125.0,122.0,121.0,120.0,120.0,121.0,120.0,121.0,122.0,144.0,88.0,96.0,129.0,161.0,158.0,139.0,115.0,107.0,101.0,97.0,97.0,100.0,103.0,111.0,131.0,157.0,185.0,193.0,163.0,105.0,55.0,55.0,55.0,68.0,169.0,205.0,205.0,205.0,144.0,91.0,69.0,83.0,121.0,158.0,176.0,169.0,148.0,126.0,111.0,104.0,102.0,103.0,105.0,111.0,117.0,122.0,127.0,134.0,131.0,-0.7266007307212436,0.6870599523443022
126.0,173.0,107.0,126.0,55.0,98.0,55.0,95.0,86.0,104.0,94.0,124.0,130.0,119.0,112.0,114.0,111.0,111.0,141.0,166.0,163.0,149.0,146.0,132.0,118.0,111.0,109.0,104.0,113.0,135.0,152.0,156.0,149.0,135.0,130.0,123.0,117.0,114.0,116.0,120.0,125.0,132.0,136.0,139.0,139.0,142.0,145.0,148.0,149.0,147.0,151.0,133.0,132.0,124.0,122.0,121.0,130.0,127.0,123.0,129.0,144.0,149.0,146.0,134.0,106.0,89.0,96.0,108.0,116.0,129.0,142.0,155.0,177.0,196.0,185.0,139.0,79.0,55.0,55.0,55.0,98.0,192.0,205.0,205.0,188.0,132.0,97.0,89.0,99.0,114.0,123.0,120.0,114.0,111.0,114.0,120.0,127.0,131.0,132.0,132.0,-0.5260830517761432,0.8504331970436595
55.0,55.0,70.0,190.0,191.0,157.0,123.0,112.0,84.0,64.0,55.0,55.0,55.0,71.0,168.0,203.0,205.0,190.0,160.0,131.0,111.0,99.0,91.0,89.0,98.0,114.0,132.0,142.0,147.0,147.0,143.0,136.0,128.0,123.0,121.0,122.0,127.0,130.0,133.0,135.0,137.0,140.0,143.0,144.0,144.0,143.0,144.0,145.0,145.0,144.0,141.0,132.0,140.0,131.0,104.0,107.0,112.0,122.0,116.0,107.0,105.0,116.0,141.0,166.0,176.0,162.0,142.0,122.0,106.0,103.0,113.0,116.0,116.0,131.0,161.0,188.0,197.0,176.0,130.0,87.0,73.0,95.0,133.0,158.0,156.0,128.0,92.0,68.0,66.0,84.0,111.0,135.0,144.0,142.0,137.0,135.0,140.0,147.0,149.0,143.0,-0.29054182615261503,0.9568622927338624
150.0,70.0,135.0,101.0,166.0,146.0,162.0,144.0,162.0,130.0,110.0,110.0,112.0,98.0,100.0,123.0,120.0,120.0,136.0,151.0,136.0,130.0,129.0,125.0,120.0,125.0,127.0,127.0,123.0,121.0,120.0,126.0,129.0,132.0,134.0,135.0,131.0,129.0,127.0,125.0,124.0,122.0,122.0,121.0,122.0,121.0,122.0,122.0,123.0,124.0,174.0,145.0,113.0,107.0,105.0,123.0,112.0,98.0,100.0,119.0,136.0,145.0,148.0,144.0,142.0,135.0,117.0,92.0,75.0,75.0,99.0,143.0,188.0,205.0,205.0,177.0,121.0,73.0,55.0,66.0,103.0,144.0,167.0,165.0,147.0,126.0,113.0,108.0,110.0,114.0,117.0,119.0,120.0,121.0,123.0,125.0,126.0,126.0,126.0,128.0,-0.03576842999443873,0.999360104975045
102.0,78.0,55.0,82.0,73.0,116.0,79.0,103.0,102.0,150.0,123.0,123.0,110.0,117.0,108.0,136.0,157.0,149.0,133.0,143.0,156.0,140.0,126.0,116.0,107.0,106.0,125.0,141.0,147.0,143.0,138.0,133.0,132.0,129.0,125.0,120.0,120.0,121.0,127.0,132.0,136.0,139.0,143.0,146.0,149.0,148.0,147.0,146.0,146.0,145.0,128.0,116.0,118.0,131.0,134.0,127.0,130.0,142.0,149.0,147.0,128.0,100.0,91.0,100.0,108.0,118.0,136.0,150.0,160.0,179.0,194.0,178.0,129.0,70.0,55.0,55.0,55.0,110.0,203.0,205.0,205.0,175.0,123.0,93.0,90.0,103.0,117.0,124.0,119.0,113.0,112.0,116.0,123.0,129.0,132.0,132.0,133.0,135.0,140.0,143.0,0.22121757428815586,0.975224479197515
128.0,67.0,59.0,113.0,162.0,141.0,104.0,86.0,80.0,75.0,83.0,80.0,68.0,81.0,131.0,173.0,188.0,182.0,162.0,134.0,116.0,106.0,101.0,96.0,97.0,108.0,126.0,141.0,149.0,149.0,145.0,138.0,129.0,122.0,117.0,115.0,116.0,120.0,124.0,127.0,129.0,131.0,136.0,140.0,142.0,142.0,143.0,143.0,145.0,145.0,167.0,130.0,101.0,113.0,133.0,151.0,133.0,103.0,94.0,106.0,131.0,148.0,145.0,128.0,124.0,137.0,153.0,162.0,155.0,120.0,83.0,77.0,107.0,152.0,183.0,180.0,143.0,100.0,86.0,110.0,151.0,180.0,177.0,144.0,100.0,71.0,66.0,84.0,110.0,129.0,134.0,129.0,124.0,126.0,137.0,148.0,152.0,145.0,135.0,127.0,0.463307263745791,0.8861977089568602
131.0,127.0,156.0,169.0,165.0,116.0,86.0,102.0,104.0,95.0,105.0,129.0,134.0,144.0,160.0,148.0,102.0,81.0,89.0,100.0,113.0,134.0,146.0,147.0,148.0,148.0,140.0,124.0,108.0,103.0,108.0,120.0,129.0,136.0,139.0,136.0,132.0,128.0,123.0,119.0,117.0,118.0,120.0,121.0,121.0,121.0,123.0,126.0,127.0,128.0,205.0,135.0,81.0,77.0,109.0,129.0,119.0,112.0,114.0,140.0,136.0,129.0,104.0,102.0,101.0,106.0,107.0,116.0,125.0,138.0,150.0,154.0,149.0,134.0,110.0,83.0,66.0,70.0,97.0,140.0,188.0,205.0,205.0,205.0,156.0,90.0,55.0,55.0,55.0,104.0,166.0,195.0,191.0,168.0,138.0,116.0,105.0,104.0,107.0,110.0,0.6744401463401575,0.7383295260279565
112.0,98.0,76.0,84.0,101.0,97.0,104.0,127.0,155.0,152.0,170.0,171.0,153.0,121.0,135.0,156.0,162.0,165.0,170.0,151.0,122.0,111.0,110.0,101.0,100.0,109.0,123.0,137.0,152.0,160.0,157.0,144.0,123.0,108.0,100.0,103.0,110.0,123.0,134.0,143.0,148.0,151.0,152.0,151.0,149.0,145.0,141.0,138.0,133.0,130.0,136.0,92.0,95.0,111.0,134.0,136.0,140.0,144.0,136.0,109.0,87.0,87.0,100.0,111.0,120.0,132.0,144.0,169.0,197.0,194.0,146.0,75.0,55.0,55.0,55.0,70.0,182.0,205.0,205.0,205.0,161.0,131.0,117.0,107.0,89.0,70.0,62.0,77.0,114.0,155.0,181.0,183.0,166.0,140.0,120.0,114.0,119.0,126.0,126.0,123.0,0.8406653658240971,0.541554930458432
59.0,55.0,65.0,112.0,119.0,132.0,113.0,112.0,124.0,152.0,145.0,137.0,136.0,151.0,163.0,170.0,161.0,125.0,79.0,60.0,78.0,103.0,128.0,147.0,157.0,160.0,166.0,167.0,150.0,121.0,96.0,85.0,93.0,110.0,127.0,140.0,149.0,152.0,154.0,152.0,149.0,146.0,145.0,145.0,145.0,141.0,138.0,135.0,134.0,133.0,160.0,115.0,101.0,109.0,118.0,124.0,116.0,122.0,139.0,142.0,124.0,102.0,98.0,112.0,130.0,141.0,138.0,128.0,129.0,143.0,152.0,140.0,111.0,74.0,55.0,55.0,111.0,168.0,201.0,203.0,180.0,149.0,125.0,111.0,97.0,81.0,71.0,77.0,102.0,138.0,171.0,188.0,185.0,166.0,139.0,117.0,110.0,113.0,120.0,121.0,0.9510565162951522,0.30901699437495167
