Feat_1,Feat_2,Feat_3,Feat_4,Feat_5,Feat_6,Feat_7,Feat_8,Feat_9,Feat_10,Feat_11,Feat_12,Feat_13,Feat_14,Feat_15,Feat_16,Feat_17,Feat_18,Feat_19,Feat_20,Feat_21,Feat_22,Feat_23,Feat_24,Feat_25,Feat_26,Feat_27,Feat_28,Feat_29,Feat_30,Feat_31,Feat_32,Feat_33,Feat_34,Feat_35,Feat_36,Feat_37,Feat_38,Feat_39,Feat_40,Feat_41,Feat_42,Feat_43,Feat_44,Feat_45,Feat_46,Feat_47,Feat_48,Feat_49,Feat_50,Feat_51,Feat_52,Feat_53,Feat_54,Feat_55,Feat_56,Feat_57,Feat_58,Feat_59,Feat_60,Feat_61,Feat_62,Feat_63,Feat_64,Feat_65,Feat_66,Feat_67,Feat_68,Feat_69,Feat_70,Feat_71,Feat_72,Feat_73,Feat_74,Feat_75,Feat_76,Feat_77,Feat_78,Feat_79,Feat_80,Feat_81,Feat_82,Feat_83,Feat_84,Feat_85,Feat_86,Feat_87,Feat_88,Feat_89,Feat_90,Feat_91,Feat_92,Feat_93,Feat_94,Feat_95,Feat_96,Feat_97,Feat_98,Feat_99,Feat_100,Label_Sin,Label_Cos
116.0,111.0,105.0,114.0,92.0,73.0,91.0,129.0,137.0,150.0,167.0,157.0,108.0,71.0,56.0,55.0,55.0,81.0,134.0,162.0,182.0,191.0,182.0,159.0,131.0,105.0,85.0,79.0,85.0,106.0,130.0,148.0,154.0,151.0,142.0,132.0,123.0,116.0,114.0,112.0,113.0,115.0,119.0,122.0,124.0,127.0,130.0,131.0,133.0,136.0,205.0,170.0,111.0,91.0,95.0,107.0,85.0,101.0,144.0,167.0,172.0,148.0,133.0,136.0,136.0,99.0,55.0,55.0,55.0,59.0,191.0,205.0,205.0,205.0,205.0,84.0,55.0,55.0,55.0,55.0,57.0,147.0,205.0,205.0,205.0,205.0,111.0,67.0,55.0,55.0,89.0,129.0,146.0,139.0,121.0,105.0,102.0,114.0,131.0,145.0,-0.13616664909624993,-0.9906859460363303
101.0,103.0,119.0,153.0,174.0,167.0,154.0,182.0,171.0,165.0,140.0,136.0,85.0,56.0,55.0,55.0,55.0,91.0,139.0,176.0,197.0,205.0,203.0,167.0,126.0,90.0,65.0,59.0,72.0,100.0,132.0,155.0,166.0,166.0,160.0,151.0,144.0,137.0,133.0,128.0,127.0,124.0,123.0,121.0,120.0,119.0,120.0,122.0,124.0,125.0,156.0,123.0,101.0,106.0,123.0,143.0,126.0,108.0,117.0,138.0,144.0,141.0,133.0,122.0,119.0,126.0,125.0,117.0,106.0,109.0,125.0,145.0,162.0,157.0,120.0,77.0,69.0,108.0,172.0,205.0,205.0,154.0,74.0,55.0,55.0,55.0,132.0,184.0,195.0,178.0,150.0,127.0,120.0,125.0,133.0,133.0,123.0,111.0,106.0,111.0,-0.3985446331425983,-0.9171489385008477
112.0,55.0,78.0,92.0,132.0,149.0,145.0,184.0,188.0,205.0,182.0,158.0,71.0,55.0,55.0,55.0,97.0,146.0,174.0,200.0,205.0,193.0,164.0,129.0,94.0,69.0,65.0,79.0,102.0,127.0,151.0,163.0,163.0,152.0,136.0,122.0,119.0,120.0,125.0,126.0,128.0,133.0,139.0,138.0,132.0,126.0,125.0,127.0,130.0,129.0,129.0,127.0,118.0,146.0,128.0,143.0,133.0,127.0,102.0,111.0,100.0,104.0,99.0,107.0,134.0,177.0,204.0,205.0,205.0,172.0,131.0,93.0,59.0,55.0,55.0,55.0,149.0,205.0,205.0,205.0,205.0,170.0,55.0,55.0,55.0,56.0,118.0,123.0,101.0,73.0,60.0,74.0,108.0,147.0,173.0,183.0,178.0,169.0,161.0,160.0,-0.6313307188338463,-0.7755137158404994
133.0,158.0,117.0,136.0,123.0,128.0,113.0,65.0,55.0,55.0,55.0,67.0,127.0,155.0,184.0,183.0,185.0,158.0,129.0,94.0,71.0,65.0,78.0,98.0,126.0,153.0,169.0,173.0,167.0,150.0,126.0,109.0,102.0,106.0,113.0,122.0,125.0,127.0,125.0,125.0,124.0,125.0,124.0,126.0,130.0,134.0,136.0,138.0,138.0,138.0,102.0,109.0,115.0,115.0,121.0,140.0,132.0,116.0,89.0,75.0,84.0,104.0,119.0,139.0,159.0,173.0,188.0,186.0,153.0,100.0,55.0,55.0,55.0,55.0,79.0,205.0,205.0,205.0,205.0,205.0,90.0,55.0,55.0,55.0,55.0,60.0,135.0,167.0,179.0,173.0,158.0,143.0,131.0,125.0,125.0,125.0,123.0,120.0,115.0,109.0,-0.8172405630540437,-0.5762966788895365
205.0,103.0,147.0,100.0,133.0,141.0,169.0,155.0,167.0,164.0,121.0,80.0,58.0,62.0,55.0,84.0,129.0,167.0,179.0,205.0,205.0,185.0,132.0,94.0,64.0,56.0,77.0,112.0,135.0,149.0,155.0,158.0,158.0,151.0,136.0,122.0,113.0,108.0,109.0,111.0,113.0,113.0,117.0,119.0,122.0,122.0,124.0,128.0,133.0,132.0,169.0,144.0,117.0,95.0,105.0,128.0,138.0,127.0,114.0,98.0,110.0,149.0,180.0,179.0,144.0,99.0,69.0,71.0,102.0,132.0,135.0,122.0,121.0,147.0,190.0,205.0,205.0,135.0,62.0,55.0,55.0,55.0,130.0,175.0,188.0,173.0,145.0,120.0,113.0,124.0,138.0,141.0,130.0,116.0,107.0,110.0,119.0,125.0,125.0,120.0,-0.9424703788345975,-0.3342896723193377
120.0,177.0,194.0,185.0,125.0,74.0,55.0,69.0,84.0,110.0,145.0,188.0,205.0,205.0,193.0,115.0,55.0,55.0,55.0,55.0,86.0,143.0,179.0,203.0,205.0,190.0,147.0,99.0,70.0,70.0,89.0,116.0,135.0,144.0,147.0,146.0,141.0,133.0,126.0,122.0,121.0,122.0,122.0,122.0,125.0,127.0,127.0,124.0,123.0,125.0,157.0,117.0,83.0,104.0,138.0,137.0,106.0,87.0,111.0,139.0,158.0,146.0,134.0,132.0,139.0,147.0,146.0,116.0,73.0,55.0,55.0,88.0,158.0,205.0,203.0,152.0,101.0,74.0,88.0,136.0,177.0,179.0,138.0,84.0,55.0,55.0,55.0,110.0,176.0,205.0,205.0,205.0,176.0,154.0,137.0,124.0,110.0,96.0,86.0,87.0,-0.9977218651285573,-0.06746169168048566
55.0,55.0,55.0,112.0,137.0,159.0,179.0,196.0,185.0,137.0,86.0,55.0,55.0,55.0,59.0,121.0,157.0,182.0,194.0,188.0,171.0,141.0,107.0,83.0,76.0,87.0,107.0,129.0,141.0,145.0,143.0,138.0,134.0,131.0,129.0,130.0,131.0,134.0,136.0,137.0,137.0,139.0,139.0,139.0,138.0,136.0,136.0,136.0,136.0,135.0,205.0,153.0,108.0,106.0,105.0,114.0,101.0,83.0,91.0,129.0,150.0,154.0,143.0,145.0,148.0,139.0,114.0,78.0,55.0,55.0,55.0,128.0,194.0,205.0,205.0,205.0,142.0,79.0,55.0,55.0,55.0,77.0,162.0,203.0,205.0,184.0,134.0,93.0,84.0,102.0,133.0,156.0,164.0,157.0,138.0,116.0,99.0,92.0,96.0,106.0,-0.9788926047148286,0.20437531268384235
186.0,122.0,141.0,117.0,96.0,55.0,55.0,55.0,55.0,119.0,174.0,184.0,195.0,203.0,172.0,103.0,55.0,55.0,55.0,55.0,58.0,136.0,188.0,205.0,205.0,190.0,159.0,126.0,97.0,77.0,73.0,84.0,106.0,130.0,145.0,152.0,150.0,143.0,133.0,126.0,122.0,120.0,121.0,122.0,124.0,127.0,129.0,131.0,132.0,133.0,187.0,106.0,81.0,105.0,135.0,131.0,92.0,81.0,106.0,137.0,159.0,154.0,137.0,127.0,127.0,126.0,122.0,105.0,75.0,56.0,69.0,121.0,191.0,205.0,205.0,174.0,87.0,55.0,55.0,55.0,114.0,201.0,205.0,194.0,133.0,78.0,56.0,71.0,114.0,156.0,178.0,177.0,160.0,142.0,127.0,116.0,108.0,102.0,101.0,105.0,-0.8873806682583486,0.46103747092982217
205.0,190.0,113.0,69.0,55.0,77.0,88.0,106.0,142.0,186.0,205.0,205.0,196.0,114.0,55.0,55.0,55.0,55.0,87.0,142.0,179.0,203.0,205.0,195.0,149.0,95.0,64.0,67.0,92.0,120.0,136.0,142.0,145.0,145.0,140.0,133.0,126.0,122.0,122.0,123.0,124.0,123.0,121.0,122.0,124.0,126.0,126.0,126.0,125.0,126.0,100.0,88.0,151.0,157.0,128.0,128.0,138.0,145.0,140.0,141.0,134.0,131.0,120.0,115.0,121.0,126.0,121.0,113.0,105.0,107.0,133.0,159.0,153.0,124.0,99.0,88.0,102.0,150.0,191.0,188.0,136.0,73.0,55.0,55.0,55.0,163.0,205.0,205.0,205.0,173.0,117.0,90.0,88.0,99.0,109.0,111.0,107.0,104.0,108.0,117.0,-0.7299808077058326,0.683467643989926
122.0,55.0,55.0,62.0,171.0,158.0,194.0,146.0,148.0,100.0,88.0,55.0,65.0,86.0,120.0,150.0,169.0,174.0,165.0,148.0,118.0,100.0,88.0,93.0,110.0,136.0,150.0,155.0,148.0,135.0,121.0,116.0,114.0,119.0,125.0,132.0,135.0,137.0,136.0,135.0,134.0,133.0,133.0,134.0,134.0,135.0,135.0,134.0,134.0,135.0,120.0,101.0,127.0,127.0,114.0,124.0,148.0,145.0,125.0,123.0,125.0,129.0,115.0,99.0,88.0,91.0,101.0,125.0,149.0,165.0,180.0,186.0,168.0,130.0,95.0,65.0,55.0,68.0,123.0,180.0,205.0,205.0,165.0,112.0,89.0,106.0,145.0,175.0,174.0,142.0,99.0,67.0,59.0,71.0,94.0,116.0,129.0,131.0,132.0,135.0,-0.5183799466468663,0.8551504142046544
55.0,55.0,105.0,82.0,137.0,147.0,201.0,182.0,194.0,164.0,119.0,64.0,55.0,55.0,55.0,55.0,57.0,138.0,205.0,205.0,205.0,205.0,164.0,117.0,79.0,56.0,55.0,55.0,58.0,134.0,172.0,192.0,186.0,166.0,144.0,129.0,120.0,113.0,117.0,121.0,127.0,131.0,132.0,131.0,134.0,135.0,132.0,133.0,137.0,141.0,138.0,120.0,118.0,126.0,129.0,119.0,110.0,101.0,97.0,104.0,122.0,132.0,140.0,145.0,147.0,145.0,138.0,121.0,96.0,78.0,74.0,90.0,128.0,178.0,205.0,205.0,194.0,131.0,79.0,55.0,60.0,97.0,137.0,163.0,167.0,152.0,131.0,116.0,110.0,110.0,113.0,116.0,119.0,120.0,121.0,122.0,124.0,126.0,127.0,127.0,-0.2682894274295664,0.9633383533990098
177.0,202.0,200.0,186.0,140.0,107.0,60.0,62.0,58.0,93.0,108.0,144.0,163.0,185.0,195.0,198.0,180.0,157.0,129.0,103.0,91.0,94.0,100.0,105.0,112.0,120.0,127.0,141.0,158.0,166.0,163.0,146.0,125.0,106.0,99.0,99.0,106.0,114.0,121.0,126.0,131.0,133.0,134.0,133.0,133.0,133.0,132.0,132.0,131.0,130.0,193.0,142.0,95.0,95.0,105.0,130.0,138.0,138.0,143.0,140.0,112.0,87.0,85.0,101.0,110.0,119.0,126.0,139.0,169.0,199.0,201.0,152.0,79.0,55.0,55.0,55.0,62.0,159.0,205.0,205.0,205.0,164.0,132.0,118.0,108.0,90.0,70.0,61.0,75.0,111.0,154.0,181.0,185.0,168.0,142.0,121.0,114.0,119.0,127.0,129.0,0.0017215544060393442,0.9999985181241156
72.0,55.0,55.0,107.0,149.0,183.0,162.0,139.0,120.0,104.0,72.0,55.0,55.0,55.0,56.0,106.0,136.0,138.0,147.0,158.0,158.0,147.0,142.0,134.0,124.0,120.0,117.0,111.0,105.0,106.0,115.0,130.0,144.0,152.0,152.0,147.0,139.0,132.0,127.0,123.0,122.0,123.0,127.0,131.0,133.0,135.0,137.0,140.0,143.0,145.0,163.0,134.0,105.0,110.0,114.0,121.0,116.0,129.0,142.0,142.0,122.0,101.0,96.0,112.0,130.0,142.0,139.0,128.0,127.0,141.0,152.0,143.0,113.0,75.0,55.0,55.0,108.0,168.0,201.0,203.0,181.0,149.0,125.0,111.0,98.0,80.0,69.0,74.0,100.0,143.0,177.0,191.0,182.0,162.0,137.0,119.0,113.0,114.0,119.0,120.0,0.2716047110026116,0.9624088948888554
145.0,55.0,55.0,55.0,57.0,60.0,56.0,68.0,129.0,183.0,205.0,175.0,120.0,87.0,70.0,56.0,55.0,56.0,56.0,60.0,148.0,201.0,205.0,205.0,177.0,142.0,117.0,102.0,91.0,85.0,89.0,103.0,123.0,141.0,150.0,153.0,152.0,148.0,141.0,135.0,130.0,129.0,132.0,136.0,139.0,140.0,140.0,141.0,143.0,145.0,125.0,126.0,103.0,103.0,109.0,139.0,151.0,132.0,105.0,95.0,97.0,104.0,109.0,115.0,121.0,132.0,146.0,155.0,153.0,138.0,110.0,78.0,58.0,58.0,89.0,137.0,186.0,205.0,205.0,205.0,175.0,108.0,55.0,55.0,55.0,55.0,146.0,194.0,205.0,195.0,163.0,130.0,108.0,98.0,98.0,103.0,106.0,106.0,104.0,104.0,0.5213212455137749,0.8533605093839101
163.0,118.0,122.0,116.0,118.0,126.0,133.0,159.0,148.0,160.0,157.0,147.0,107.0,107.0,106.0,99.0,99.0,126.0,135.0,136.0,148.0,153.0,135.0,124.0,122.0,116.0,113.0,118.0,126.0,132.0,136.0,132.0,129.0,125.0,125.0,126.0,131.0,131.0,130.0,128.0,128.0,127.0,126.0,124.0,123.0,122.0,122.0,122.0,121.0,120.0,76.0,101.0,135.0,134.0,150.0,154.0,153.0,131.0,99.0,87.0,112.0,141.0,158.0,150.0,129.0,127.0,149.0,164.0,150.0,113.0,68.0,55.0,55.0,129.0,192.0,205.0,205.0,186.0,141.0,114.0,94.0,74.0,56.0,55.0,55.0,113.0,180.0,205.0,205.0,205.0,136.0,84.0,61.0,71.0,100.0,128.0,140.0,133.0,120.0,113.0,0.7323297307257786,0.6809501931089444
110.0,55.0,85.0,69.0,95.0,91.0,91.0,103.0,127.0,140.0,115.0,113.0,108.0,108.0,115.0,153.0,172.0,165.0,150.0,142.0,125.0,117.0,114.0,109.0,100.0,110.0,131.0,155.0,164.0,156.0,139.0,124.0,116.0,112.0,115.0,117.0,122.0,127.0,133.0,136.0,140.0,142.0,144.0,147.0,149.0,148.0,147.0,145.0,144.0,143.0,93.0,135.0,153.0,152.0,111.0,119.0,119.0,116.0,114.0,126.0,140.0,145.0,143.0,137.0,143.0,138.0,116.0,84.0,58.0,55.0,99.0,158.0,196.0,205.0,196.0,164.0,131.0,118.0,110.0,99.0,84.0,72.0,68.0,85.0,130.0,185.0,205.0,205.0,205.0,145.0,101.0,82.0,84.0,95.0,104.0,105.0,103.0,103.0,108.0,119.0,0.8889628081366412,0.4579793944598571
102.0,78.0,119.0,134.0,130.0,103.0,93.0,70.0,72.0,77.0,77.0,70.0,101.0,150.0,183.0,188.0,176.0,150.0,124.0,110.0,103.0,98.0,95.0,101.0,115.0,134.0,146.0,150.0,147.0,141.0,133.0,126.0,119.0,115.0,114.0,117.0,122.0,125.0,127.0,130.0,133.0,137.0,141.0,142.0,143.0,143.0,144.0,145.0,145.0,143.0,182.0,114.0,99.0,78.0,109.0,100.0,99.0,107.0,121.0,129.0,134.0,142.0,146.0,151.0,127.0,94.0,60.0,55.0,59.0,112.0,162.0,200.0,205.0,205.0,189.0,139.0,83.0,55.0,55.0,55.0,101.0,190.0,205.0,205.0,171.0,112.0,75.0,70.0,93.0,125.0,147.0,148.0,131.0,111.0,98.0,97.0,105.0,115.0,122.0,125.0,0.9795904877270114,0.20100367249071832
139.0,148.0,144.0,154.0,159.0,119.0,101.0,93.0,105.0,83.0,112.0,123.0,140.0,142.0,175.0,160.0,111.0,70.0,65.0,62.0,75.0,113.0,148.0,164.0,173.0,177.0,166.0,147.0,122.0,102.0,91.0,94.0,105.0,125.0,141.0,149.0,148.0,144.0,135.0,127.0,121.0,118.0,116.0,117.0,117.0,119.0,121.0,124.0,126.0,128.0,69.0,96.0,105.0,116.0,118.0,125.0,136.0,144.0,129.0,108.0,94.0,90.0,107.0,119.0,132.0,139.0,148.0,154.0,152.0,144.0,120.0,82.0,55.0,55.0,55.0,69.0,182.0,205.0,205.0,205.0,205.0,89.0,55.0,55.0,55.0,55.0,70.0,179.0,205.0,205.0,205.0,173.0,145.0,123.0,110.0,103.0,102.0,103.0,102.0,99.0,0.9974836735321713,-0.07089655165637318
195.0,75.0,74.0,60.0,91.0,85.0,104.0,95.0,122.0,161.0,188.0,174.0,164.0,179.0,173.0,156.0,140.0,115.0,71.0,55.0,70.0,98.0,114.0,135.0,152.0,165.0,175.0,179.0,165.0,134.0,101.0,81.0,79.0,93.0,110.0,128.0,141.0,148.0,149.0,148.0,145.0,141.0,139.0,138.0,137.0,136.0,132.0,129.0,127.0,125.0,174.0,159.0,91.0,89.0,119.0,130.0,122.0,114.0,124.0,136.0,134.0,112.0,99.0,99.0,106.0,116.0,124.0,124.0,137.0,162.0,172.0,164.0,151.0,123.0,82.0,60.0,68.0,92.0,126.0,167.0,196.0,202.0,194.0,175.0,142.0,103.0,74.0,63.0,69.0,92.0,120.0,139.0,145.0,140.0,130.0,123.0,123.0,127.0,133.0,137.0,0.9413137983313796,-0.33753271407517044
82.0,55.0,76.0,91.0,91.0,82.0,94.0,143.0,174.0,186.0,176.0,167.0,154.0,151.0,142.0,112.0,67.0,55.0,57.0,100.0,130.0,153.0,163.0,164.0,168.0,170.0,154.0,124.0,96.0,81.0,85.0,102.0,119.0,131.0,140.0,144.0,146.0,145.0,141.0,138.0,138.0,140.0,141.0,139.0,136.0,133.0,132.0,131.0,130.0,128.0,146.0,97.0,76.0,80.0,108.0,134.0,138.0,127.0,109.0,96.0,80.0,76.0,84.0,101.0,118.0,137.0,150.0,160.0,166.0,160.0,129.0,83.0,55.0,55.0,55.0,65.0,185.0,205.0,205.0,205.0,205.0,135.0,57.0,55.0,55.0,55.0,71.0,164.0,201.0,205.0,184.0,154.0,126.0,107.0,95.0,91.0,92.0,96.0,100.0,103.0,0.8152514696283775,-0.5791071069057697
91.0,78.0,97.0,137.0,137.0,126.0,136.0,156.0,142.0,132.0,131.0,105.0,65.0,55.0,58.0,64.0,83.0,122.0,154.0,172.0,183.0,185.0,169.0,146.0,120.0,96.0,78.0,75.0,88.0,112.0,138.0,153.0,158.0,154.0,147.0,137.0,130.0,124.0,120.0,119.0,120.0,122.0,124.0,125.0,126.0,127.0,129.0,132.0,134.0,135.0,111.0,120.0,113.0,109.0,115.0,145.0,153.0,131.0,104.0,92.0,92.0,103.0,120.0,133.0,143.0,152.0,154.0,149.0,142.0,121.0,84.0,55.0,55.0,55.0,63.0,177.0,205.0,205.0,205.0,205.0,93.0,55.0,55.0,55.0,55.0,71.0,182.0,205.0,205.0,205.0,175.0,149.0,126.0,111.0,102.0,100.0,102.0,102.0,100.0,97.0,0.6286568024696815,-0.7776828561236231
78.0,55.0,71.0,122.0,104.0,146.0,156.0,182.0,154.0,178.0,176.0,168.0,142.0,140.0,112.0,70.0,55.0,55.0,64.0,84.0,124.0,160.0,184.0,200.0,201.0,177.0,142.0,103.0,76.0,64.0,73.0,93.0,120.0,144.0,159.0,162.0,160.0,153.0,146.0,139.0,135.0,132.0,129.0,126.0,124.0,123.0,122.0,120.0,121.0,122.0,101.0,158.0,125.0,123.0,119.0,153.0,152.0,113.0,90.0,92.0,115.0,127.0,134.0,122.0,134.0,161.0,182.0,172.0,155.0,125.0,89.0,68.0,78.0,104.0,136.0,167.0,188.0,195.0,187.0,169.0,133.0,91.0,59.0,55.0,79.0,124.0,159.0,167.0,146.0,112.0,85.0,78.0,94.0,119.0,141.0,152.0,153.0,145.0,137.0,134.0,0.3953844318572095,-0.918515732606117
55.0,55.0,84.0,132.0,147.0,150.0,164.0,185.0,200.0,192.0,159.0,94.0,55.0,55.0,55.0,96.0,129.0,152.0,163.0,171.0,179.0,173.0,148.0,115.0,91.0,85.0,95.0,110.0,124.0,133.0,139.0,141.0,141.0,136.0,132.0,131.0,133.0,135.0,135.0,133.0,130.0,130.0,131.0,131.0,129.0,126.0,125.0,125.0,127.0,129.0,156.0,160.0,150.0,138.0,127.0,130.0,102.0,69.0,71.0,102.0,139.0,158.0,156.0,154.0,169.0,177.0,157.0,106.0,55.0,55.0,55.0,58.0,183.0,205.0,205.0,205.0,205.0,205.0,55.0,55.0,55.0,55.0,55.0,115.0,205.0,205.0,205.0,205.0,125.0,66.0,55.0,55.0,55.0,94.0,115.0,122.0,121.0,119.0,125.0,137.0,0.13275480751270402,-0.9911489096408597
107.0,112.0,131.0,192.0,160.0,104.0,55.0,55.0,55.0,55.0,67.0,148.0,179.0,205.0,205.0,176.0,126.0,72.0,55.0,55.0,55.0,96.0,144.0,176.0,190.0,189.0,177.0,150.0,115.0,89.0,81.0,93.0,114.0,134.0,145.0,148.0,145.0,140.0,136.0,131.0,128.0,127.0,129.0,133.0,135.0,136.0,137.0,138.0,139.0,139.0,205.0,119.0,90.0,80.0,90.0,140.0,152.0,142.0,130.0,127.0,117.0,110.0,80.0,56.0,55.0,76.0,111.0,164.0,205.0,205.0,205.0,194.0,110.0,55.0,55.0,55.0,55.0,55.0,135.0,205.0,205.0,205.0,205.0,205.0,103.0,55.0,55.0,55.0,55.0,68.0,141.0,159.0,160.0,153.0,141.0,131.0,123.0,126.0,131.0,134.0,-0.13973184774723407,-0.9901893812423681
55.0,76.0,55.0,146.0,152.0,205.0,203.0,205.0,192.0,140.0,67.0,55.0,55.0,55.0,55.0,105.0,187.0,205.0,205.0,205.0,205.0,141.0,94.0,57.0,55.0,55.0,99.0,126.0,143.0,153.0,161.0,164.0,159.0,145.0,130.0,119.0,113.0,114.0,116.0,118.0,119.0,124.0,127.0,129.0,128.0,126.0,126.0,127.0,129.0,130.0,125.0,119.0,111.0,105.0,103.0,117.0,133.0,135.0,115.0,104.0,120.0,141.0,143.0,137.0,130.0,121.0,119.0,125.0,126.0,115.0,105.0,108.0,125.0,144.0,160.0,154.0,118.0,80.0,73.0,108.0,169.0,205.0,205.0,153.0,73.0,55.0,55.0,55.0,130.0,184.0,195.0,178.0,149.0,126.0,119.0,125.0,133.0,132.0,122.0,110.0,-0.4018434275660575,-0.9157083922963482
187.0,168.0,111.0,74.0,57.0,70.0,83.0,110.0,151.0,193.0,205.0,205.0,174.0,103.0,55.0,55.0,55.0,55.0,88.0,148.0,182.0,204.0,205.0,184.0,138.0,91.0,67.0,71.0,92.0,118.0,136.0,143.0,146.0,144.0,138.0,130.0,122.0,120.0,122.0,123.0,123.0,122.0,122.0,123.0,124.0,121.0,121.0,125.0,128.0,129.0,97.0,106.0,130.0,145.0,139.0,138.0,141.0,137.0,117.0,110.0,99.0,102.0,102.0,107.0,120.0,157.0,192.0,205.0,205.0,200.0,152.0,111.0,74.0,55.0,55.0,55.0,118.0,192.0,205.0,205.0,205.0,205.0,63.0,55.0,55.0,55.0,89.0,135.0,127.0,97.0,67.0,58.0,76.0,113.0,152.0,176.0,183.0,179.0,171.0,166.0,-0.6341181738803501,-0.7732361486341996
55.0,55.0,55.0,131.0,151.0,170.0,168.0,160.0,133.0,104.0,68.0,55.0,63.0,92.0,125.0,158.0,178.0,181.0,175.0,154.0,123.0,95.0,83.0,87.0,106.0,128.0,141.0,144.0,142.0,137.0,132.0,127.0,123.0,121.0,123.0,126.0,128.0,130.0,131.0,131.0,134.0,135.0,136.0,136.0,136.0,135.0,135.0,135.0,135.0,135.0,150.0,113.0,110.0,117.0,139.0,128.0,97.0,67.0,78.0,102.0,126.0,146.0,161.0,172.0,186.0,186.0,150.0,96.0,55.0,55.0,55.0,55.0,110.0,205.0,205.0,205.0,205.0,205.0,80.0,55.0,55.0,55.0,55.0,67.0,139.0,169.0,179.0,172.0,157.0,141.0,130.0,125.0,125.0,125.0,123.0,120.0,115.0,109.0,106.0,108.0,-0.8193097104707433,-0.5733511998141687
55.0,55.0,102.0,80.0,136.0,143.0,199.0,184.0,195.0,165.0,115.0,62.0,55.0,55.0,55.0,55.0,58.0,143.0,205.0,205.0,205.0,205.0,163.0,115.0,79.0,56.0,55.0,55.0,65.0,135.0,171.0,190.0,183.0,165.0,144.0,129.0,120.0,117.0,117.0,121.0,127.0,131.0,132.0,130.0,131.0,133.0,136.0,137.0,138.0,138.0,177.0,98.0,79.0,106.0,154.0,159.0,124.0,91.0,101.0,118.0,146.0,142.0,122.0,98.0,95.0,106.0,134.0,159.0,150.0,110.0,74.0,70.0,107.0,167.0,201.0,181.0,121.0,62.0,55.0,55.0,130.0,200.0,205.0,205.0,172.0,106.0,66.0,68.0,103.0,144.0,167.0,164.0,145.0,126.0,117.0,115.0,114.0,111.0,108.0,108.0,-0.9436675846368777,-0.3308949828957841
169.0,127.0,197.0,178.0,205.0,138.0,98.0,55.0,55.0,55.0,87.0,123.0,139.0,172.0,186.0,198.0,184.0,162.0,120.0,91.0,71.0,81.0,100.0,121.0,134.0,142.0,143.0,143.0,142.0,142.0,138.0,134.0,127.0,120.0,115.0,114.0,115.0,119.0,122.0,124.0,125.0,126.0,128.0,129.0,130.0,130.0,130.0,130.0,131.0,132.0,137.0,107.0,115.0,105.0,145.0,126.0,112.0,89.0,113.0,130.0,160.0,152.0,142.0,134.0,137.0,145.0,150.0,128.0,83.0,55.0,55.0,72.0,145.0,203.0,205.0,167.0,113.0,78.0,82.0,125.0,171.0,181.0,146.0,90.0,55.0,55.0,55.0,96.0,179.0,205.0,205.0,199.0,170.0,151.0,139.0,128.0,116.0,101.0,89.0,87.0,-0.9979582369077312,-0.06386984725214745
169.0,85.0,86.0,84.0,93.0,68.0,63.0,81.0,121.0,160.0,183.0,176.0,148.0,124.0,91.0,58.0,55.0,55.0,55.0,66.0,150.0,192.0,205.0,205.0,181.0,145.0,115.0,98.0,87.0,85.0,93.0,108.0,129.0,146.0,155.0,155.0,149.0,140.0,132.0,127.0,123.0,122.0,124.0,127.0,130.0,132.0,134.0,135.0,137.0,139.0,158.0,122.0,106.0,107.0,112.0,107.0,108.0,117.0,132.0,144.0,132.0,127.0,116.0,108.0,94.0,93.0,87.0,87.0,99.0,127.0,153.0,176.0,189.0,177.0,138.0,96.0,62.0,55.0,55.0,93.0,155.0,205.0,205.0,205.0,168.0,111.0,80.0,82.0,108.0,140.0,157.0,153.0,134.0,112.0,96.0,91.0,96.0,105.0,114.0,120.0,-0.9781505918904077,0.20789761803456336
125.0,144.0,114.0,120.0,105.0,71.0,55.0,55.0,55.0,55.0,96.0,143.0,187.0,199.0,180.0,136.0,114.0,87.0,70.0,74.0,88.0,98.0,130.0,168.0,189.0,187.0,169.0,138.0,110.0,99.0,100.0,111.0,123.0,132.0,134.0,134.0,128.0,122.0,120.0,120.0,122.0,126.0,129.0,132.0,136.0,139.0,142.0,143.0,144.0,144.0,112.0,137.0,114.0,95.0,104.0,144.0,150.0,148.0,136.0,124.0,113.0,104.0,94.0,92.0,99.0,104.0,110.0,126.0,152.0,188.0,196.0,170.0,109.0,56.0,55.0,55.0,58.0,158.0,205.0,205.0,205.0,154.0,98.0,69.0,77.0,113.0,153.0,176.0,173.0,153.0,129.0,113.0,105.0,101.0,102.0,105.0,110.0,116.0,122.0,126.0,-0.8857153652068568,0.46422870638994784
205.0,180.0,133.0,146.0,65.0,64.0,55.0,70.0,94.0,155.0,152.0,185.0,191.0,205.0,186.0,151.0,113.0,82.0,65.0,83.0,116.0,125.0,133.0,138.0,138.0,141.0,154.0,154.0,142.0,126.0,117.0,112.0,115.0,117.0,120.0,120.0,123.0,122.0,126.0,127.0,129.0,131.0,133.0,134.0,133.0,132.0,131.0,131.0,130.0,128.0,177.0,123.0,125.0,141.0,146.0,146.0,140.0,130.0,124.0,117.0,117.0,127.0,123.0,117.0,109.0,105.0,117.0,149.0,161.0,141.0,112.0,94.0,93.0,123.0,169.0,190.0,165.0,108.0,55.0,55.0,55.0,98.0,195.0,205.0,205.0,205.0,147.0,102.0,86.0,91.0,104.0,112.0,111.0,106.0,106.0,112.0,121.0,129.0,134.0,133.0,-0.7275158630089674,0.6860908606520839
75.0,121.0,103.0,141.0,105.0,100.0,59.0,59.0,69.0,95.0,100.0,100.0,123.0,127.0,130.0,124.0,118.0,90.0,89.0,114.0,143.0,151.0,159.0,157.0,147.0,136.0,128.0,119.0,110.0,109.0,116.0,129.0,142.0,145.0,143.0,137.0,131.0,124.0,122.0,120.0,121.0,125.0,129.0,134.0,137.0,140.0,142.0,145.0,147.0,148.0,149.0,142.0,140.0,135.0,104.0,105.0,111.0,123.0,117.0,109.0,102.0,111.0,136.0,164.0,177.0,166.0,145.0,126.0,109.0,102.0,107.0,112.0,116.0,132.0,161.0,187.0,196.0,180.0,137.0,92.0,73.0,91.0,127.0,155.0,158.0,133.0,96.0,70.0,64.0,81.0,108.0,133.0,145.0,144.0,138.0,135.0,139.0,146.0,149.0,144.0,-0.5152983821969223,0.8570108384992774
85.0,59.0,55.0,55.0,55.0,70.0,132.0,179.0,169.0,148.0,130.0,110.0,75.0,56.0,55.0,55.0,55.0,102.0,184.0,205.0,205.0,186.0,147.0,117.0,104.0,98.0,93.0,93.0,101.0,118.0,136.0,145.0,149.0,147.0,142.0,133.0,125.0,121.0,121.0,124.0,128.0,131.0,134.0,136.0,139.0,143.0,144.0,144.0,142.0,142.0,129.0,107.0,121.0,128.0,137.0,121.0,109.0,102.0,101.0,103.0,116.0,128.0,136.0,144.0,148.0,146.0,142.0,129.0,106.0,84.0,74.0,83.0,113.0,161.0,202.0,205.0,205.0,159.0,102.0,60.0,55.0,79.0,121.0,156.0,170.0,161.0,139.0,120.0,110.0,109.0,112.0,116.0,119.0,120.0,121.0,122.0,124.0,126.0,127.0,127.0,-0.2648200490726008,0.964297849012008
205.0,98.0,135.0,109.0,127.0,133.0,152.0,157.0,152.0,169.0,141.0,119.0,98.0,117.0,97.0,99.0,110.0,128.0,122.0,144.0,161.0,153.0,132.0,127.0,119.0,111.0,114.0,121.0,123.0,124.0,126.0,129.0,132.0,135.0,134.0,133.0,131.0,127.0,125.0,125.0,125.0,124.0,125.0,123.0,123.0,123.0,122.0,122.0,123.0,123.0,155.0,132.0,126.0,120.0,118.0,130.0,132.0,124.0,126.0,142.0,148.0,148.0,133.0,111.0,94.0,96.0,104.0,111.0,127.0,144.0,157.0,176.0,195.0,188.0,145.0,86.0,55.0,55.0,55.0,73.0,186.0,205.0,205.0,204.0,135.0,97.0,85.0,95.0,116.0,129.0,126.0,113.0,106.0,110.0,120.0,130.0,134.0,132.0,131.0,132.0,0.005321145680931923,0.9999858426041052
84.0,77.0,98.0,92.0,118.0,132.0,141.0,121.0,119.0,115.0,107.0,110.0,140.0,158.0,151.0,156.0,172.0,166.0,140.0,122.0,106.0,93.0,101.0,121.0,132.0,137.0,141.0,146.0,148.0,145.0,134.0,121.0,113.0,112.0,116.0,124.0,130.0,135.0,142.0,148.0,151.0,151.0,149.0,148.0,147.0,146.0,143.0,140.0,136.0,133.0,159.0,152.0,124.0,107.0,113.0,132.0,149.0,133.0,107.0,94.0,105.0,127.0,145.0,146.0,131.0,123.0,135.0,151.0,161.0,158.0,127.0,87.0,75.0,102.0,147.0,182.0,184.0,150.0,105.0,86.0,105.0,147.0,178.0,180.0,150.0,105.0,72.0,65.0,81.0,107.0,129.0,135.0,130.0,124.0,126.0,135.0,147.0,152.0,147.0,135.0,0.275067245910467,0.9614249893919081
103.0,96.0,55.0,55.0,55.0,73.0,82.0,104.0,125.0,167.0,199.0,187.0,166.0,138.0,129.0,123.0,139.0,142.0,133.0,111.0,106.0,108.0,117.0,125.0,132.0,134.0,141.0,148.0,152.0,146.0,133.0,116.0,105.0,101.0,102.0,108.0,116.0,126.0,134.0,141.0,143.0,145.0,146.0,147.0,147.0,146.0,142.0,138.0,136.0,134.0,166.0,110.0,66.0,102.0,121.0,136.0,108.0,114.0,127.0,136.0,134.0,118.0,108.0,105.0,107.0,102.0,110.0,121.0,134.0,143.0,151.0,149.0,144.0,132.0,110.0,85.0,72.0,78.0,105.0,150.0,196.0,205.0,205.0,181.0,121.0,68.0,55.0,55.0,99.0,147.0,176.0,178.0,159.0,134.0,116.0,108.0,108.0,112.0,116.0,118.0,0.5243896311909033,0.8514784287928077
183.0,147.0,115.0,138.0,146.0,124.0,97.0,97.0,80.0,80.0,105.0,137.0,139.0,153.0,171.0,150.0,100.0,68.0,56.0,55.0,55.0,94.0,145.0,173.0,189.0,191.0,176.0,154.0,130.0,106.0,86.0,80.0,89.0,111.0,136.0,152.0,156.0,152.0,142.0,130.0,122.0,117.0,115.0,114.0,115.0,117.0,121.0,123.0,126.0,129.0,151.0,105.0,92.0,102.0,121.0,138.0,139.0,143.0,143.0,115.0,91.0,85.0,96.0,102.0,112.0,132.0,150.0,171.0,191.0,193.0,156.0,90.0,55.0,55.0,55.0,55.0,146.0,205.0,205.0,205.0,170.0,135.0,118.0,109.0,94.0,73.0,62.0,71.0,104.0,147.0,179.0,187.0,172.0,146.0,123.0,114.0,118.0,127.0,130.0,123.0,0.7347761398486589,0.6783096817155894
105.0,103.0,66.0,77.0,106.0,101.0,107.0,117.0,152.0,146.0,170.0,169.0,161.0,122.0,132.0,152.0,161.0,161.0,169.0,153.0,124.0,112.0,110.0,104.0,101.0,109.0,122.0,135.0,150.0,159.0,157.0,145.0,125.0,110.0,101.0,103.0,109.0,122.0,133.0,143.0,148.0,151.0,152.0,152.0,149.0,146.0,142.0,138.0,134.0,130.0,134.0,112.0,106.0,107.0,119.0,144.0,152.0,132.0,106.0,93.0,105.0,123.0,137.0,141.0,133.0,125.0,133.0,148.0,151.0,130.0,96.0,61.0,55.0,72.0,135.0,186.0,205.0,196.0,167.0,137.0,118.0,106.0,90.0,75.0,71.0,84.0,116.0,153.0,182.0,190.0,180.0,155.0,129.0,112.0,110.0,116.0,121.0,120.0,112.0,104.0,0.8906055950775402,0.4547765099656978
97.0,55.0,77.0,78.0,100.0,80.0,87.0,119.0,163.0,178.0,179.0,173.0,163.0,156.0,147.0,127.0,83.0,55.0,55.0,86.0,117.0,144.0,159.0,163.0,166.0,172.0,164.0,138.0,106.0,85.0,80.0,98.0,112.0,124.0,134.0,145.0,149.0,146.0,140.0,137.0,138.0,141.0,142.0,140.0,137.0,134.0,132.0,132.0,131.0,129.0,117.0,101.0,104.0,125.0,153.0,140.0,114.0,95.0,95.0,102.0,109.0,115.0,120.0,129.0,143.0,154.0,155.0,143.0,118.0,86.0,62.0,57.0,80.0,125.0,175.0,205.0,205.0,205.0,191.0,124.0,62.0,55.0,55.0,55.0,123.0,185.0,205.0,201.0,172.0,138.0,112.0,99.0,98.0,102.0,106.0,107.0,105.0,104.0,107.0,114.0,0.9803076757230395,0.197476228742834
170.0,109.0,86.0,88.0,127.0,113.0,93.0,101.0,129.0,121.0,110.0,98.0,79.0,62.0,81.0,117.0,142.0,160.0,174.0,175.0,161.0,141.0,115.0,92.0,80.0,84.0,103.0,128.0,147.0,155.0,154.0,147.0,137.0,127.0,119.0,114.0,111.0,112.0,113.0,116.0,118.0,120.0,123.0,127.0,131.0,133.0,135.0,136.0,137.0,138.0,103.0,137.0,140.0,142.0,148.0,152.0,151.0,117.0,89.0,98.0,125.0,153.0,159.0,141.0,124.0,138.0,159.0,162.0,134.0,91.0,55.0,55.0,93.0,162.0,205.0,205.0,205.0,160.0,128.0,109.0,90.0,66.0,55.0,55.0,79.0,148.0,205.0,205.0,205.0,171.0,113.0,73.0,61.0,80.0,113.0,137.0,142.0,129.0,116.0,114.0,0.9972220114477827,-0.07448664231953595
82.0,133.0,80.0,123.0,79.0,142.0,113.0,138.0,159.0,205.0,202.0,193.0,172.0,113.0,55.0,55.0,55.0,55.0,55.0,99.0,172.0,198.0,205.0,205.0,184.0,140.0,103.0,72.0,59.0,66.0,90.0,121.0,149.0,161.0,161.0,154.0,146.0,137.0,132.0,127.0,124.0,122.0,121.0,121.0,121.0,120.0,119.0,120.0,121.0,124.0,205.0,137.0,92.0,93.0,99.0,149.0,154.0,127.0,95.0,106.0,113.0,129.0,129.0,132.0,130.0,131.0,134.0,143.0,145.0,127.0,100.0,69.0,55.0,68.0,123.0,171.0,193.0,192.0,172.0,145.0,128.0,121.0,113.0,104.0,95.0,89.0,92.0,108.0,136.0,167.0,190.0,195.0,181.0,157.0,134.0,119.0,110.0,103.0,97.0,92.0,0.9400927145496474,-0.3409188877881
106.0,55.0,61.0,96.0,120.0,158.0,142.0,188.0,182.0,205.0,178.0,159.0,75.0,55.0,55.0,55.0,100.0,145.0,172.0,191.0,198.0,192.0,169.0,132.0,95.0,69.0,68.0,82.0,107.0,132.0,152.0,156.0,154.0,146.0,137.0,127.0,124.0,123.0,127.0,128.0,130.0,131.0,135.0,134.0,133.0,129.0,127.0,126.0,127.0,128.0,148.0,127.0,122.0,131.0,119.0,112.0,100.0,94.0,99.0,110.0,122.0,128.0,140.0,150.0,154.0,146.0,123.0,90.0,63.0,55.0,73.0,114.0,165.0,205.0,205.0,205.0,205.0,134.0,68.0,55.0,55.0,55.0,103.0,174.0,201.0,200.0,178.0,147.0,118.0,101.0,95.0,99.0,104.0,107.0,106.0,104.0,106.0,111.0,119.0,127.0,0.8131616294955336,-0.5820379406157029
174.0,84.0,88.0,114.0,137.0,90.0,55.0,55.0,55.0,55.0,119.0,163.0,176.0,189.0,190.0,169.0,125.0,80.0,55.0,55.0,55.0,78.0,135.0,171.0,192.0,195.0,187.0,164.0,128.0,95.0,78.0,82.0,99.0,120.0,133.0,139.0,139.0,135.0,131.0,126.0,123.0,122.0,126.0,130.0,134.0,135.0,136.0,137.0,139.0,140.0,154.0,91.0,59.0,112.0,150.0,158.0,131.0,112.0,117.0,125.0,125.0,98.0,84.0,74.0,84.0,111.0,162.0,196.0,200.0,170.0,121.0,84.0,74.0,76.0,70.0,60.0,57.0,79.0,135.0,205.0,205.0,205.0,205.0,205.0,55.0,55.0,55.0,55.0,71.0,166.0,186.0,175.0,152.0,135.0,129.0,131.0,131.0,127.0,121.0,117.0,0.6258533764024051,-0.779940735726574
205.0,197.0,183.0,175.0,152.0,146.0,62.0,55.0,55.0,55.0,55.0,109.0,183.0,205.0,205.0,205.0,177.0,110.0,55.0,55.0,55.0,55.0,70.0,155.0,181.0,191.0,192.0,178.0,153.0,123.0,100.0,88.0,94.0,105.0,121.0,130.0,133.0,130.0,129.0,124.0,121.0,116.0,116.0,118.0,122.0,125.0,127.0,129.0,130.0,132.0,138.0,91.0,105.0,124.0,116.0,117.0,126.0,135.0,135.0,114.0,99.0,99.0,105.0,113.0,122.0,123.0,133.0,156.0,172.0,166.0,155.0,131.0,92.0,61.0,63.0,85.0,116.0,157.0,191.0,202.0,196.0,180.0,151.0,112.0,79.0,63.0,65.0,85.0,113.0,135.0,145.0,142.0,133.0,124.0,122.0,126.0,131.0,136.0,138.0,134.0,0.39207557395501175,-0.9199330107718975
113.0,70.0,55.0,77.0,89.0,106.0,140.0,185.0,205.0,205.0,199.0,115.0,55.0,55.0,55.0,55.0,86.0,141.0,178.0,202.0,205.0,191.0,148.0,99.0,70.0,69.0,89.0,115.0,135.0,144.0,147.0,146.0,141.0,133.0,126.0,121.0,122.0,124.0,124.0,123.0,121.0,122.0,124.0,127.0,127.0,126.0,125.0,126.0,127.0,128.0,94.0,107.0,139.0,135.0,150.0,137.0,130.0,106.0,71.0,71.0,89.0,122.0,139.0,153.0,152.0,167.0,175.0,166.0,124.0,71.0,55.0,55.0,55.0,117.0,205.0,205.0,205.0,205.0,205.0,97.0,55.0,55.0,55.0,55.0,69.0,185.0,205.0,205.0,205.0,152.0,91.0,56.0,55.0,55.0,87.0,107.0,116.0,117.0,115.0,119.0,0.12918620013729057,-0.9916203536102352
55.0,55.0,99.0,188.0,180.0,182.0,129.0,109.0,78.0,63.0,60.0,79.0,112.0,150.0,180.0,176.0,158.0,124.0,94.0,77.0,84.0,97.0,122.0,150.0,169.0,172.0,165.0,143.0,118.0,99.0,94.0,102.0,120.0,136.0,146.0,149.0,147.0,142.0,138.0,134.0,131.0,131.0,132.0,133.0,134.0,134.0,134.0,135.0,136.0,137.0,132.0,131.0,142.0,172.0,141.0,126.0,104.0,103.0,85.0,115.0,132.0,157.0,163.0,159.0,148.0,148.0,137.0,101.0,58.0,55.0,55.0,55.0,167.0,205.0,205.0,205.0,205.0,205.0,55.0,55.0,55.0,55.0,55.0,122.0,205.0,205.0,205.0,205.0,173.0,118.0,77.0,61.0,67.0,84.0,101.0,109.0,110.0,109.0,113.0,123.0,-0.14329523586227796,-0.9896799863487056
55.0,55.0,59.0,91.0,110.0,113.0,187.0,187.0,205.0,169.0,154.0,81.0,57.0,55.0,55.0,55.0,55.0,72.0,174.0,205.0,205.0,205.0,200.0,153.0,112.0,81.0,58.0,55.0,55.0,99.0,141.0,171.0,182.0,176.0,158.0,144.0,131.0,126.0,121.0,122.0,124.0,129.0,131.0,130.0,130.0,131.0,134.0,136.0,138.0,139.0,165.0,160.0,135.0,119.0,133.0,155.0,139.0,97.0,94.0,105.0,124.0,130.0,125.0,126.0,154.0,182.0,182.0,166.0,141.0,105.0,74.0,75.0,97.0,126.0,156.0,183.0,196.0,195.0,180.0,150.0,104.0,64.0,55.0,58.0,112.0,160.0,180.0,164.0,124.0,86.0,68.0,76.0,104.0,133.0,152.0,158.0,153.0,143.0,138.0,138.0,-0.4051370152166911,-0.9142559810585384
162.0,73.0,176.0,128.0,204.0,176.0,204.0,131.0,96.0,55.0,55.0,55.0,90.0,126.0,141.0,171.0,184.0,202.0,189.0,163.0,119.0,90.0,72.0,84.0,101.0,120.0,131.0,139.0,140.0,146.0,146.0,142.0,137.0,134.0,130.0,122.0,114.0,110.0,112.0,118.0,123.0,125.0,127.0,128.0,128.0,129.0,130.0,130.0,131.0,130.0,150.0,137.0,118.0,101.0,107.0,124.0,136.0,136.0,128.0,122.0,124.0,118.0,104.0,91.0,88.0,99.0,123.0,156.0,185.0,204.0,205.0,194.0,160.0,114.0,66.0,55.0,55.0,55.0,70.0,194.0,205.0,205.0,205.0,205.0,106.0,55.0,55.0,55.0,55.0,62.0,94.0,101.0,107.0,115.0,128.0,144.0,158.0,164.0,164.0,161.0,-0.6368974125194963,-0.7709485624384876
132.0,70.0,55.0,55.0,56.0,126.0,142.0,153.0,159.0,152.0,140.0,114.0,76.0,55.0,55.0,55.0,57.0,101.0,132.0,140.0,151.0,165.0,165.0,152.0,144.0,136.0,125.0,120.0,117.0,112.0,107.0,109.0,117.0,132.0,146.0,153.0,153.0,149.0,141.0,134.0,128.0,125.0,124.0,125.0,129.0,132.0,134.0,136.0,137.0,140.0,130.0,98.0,85.0,81.0,134.0,154.0,151.0,132.0,129.0,113.0,112.0,83.0,60.0,55.0,74.0,105.0,159.0,205.0,205.0,205.0,205.0,117.0,55.0,55.0,55.0,55.0,55.0,124.0,205.0,205.0,205.0,205.0,205.0,125.0,55.0,55.0,55.0,55.0,80.0,143.0,159.0,156.0,142.0,131.0,127.0,128.0,133.0,136.0,134.0,129.0,-0.8213682419129542,-0.5703982917022304
103.0,70.0,88.0,143.0,151.0,124.0,88.0,58.0,55.0,55.0,55.0,108.0,146.0,180.0,177.0,152.0,133.0,91.0,58.0,56.0,72.0,100.0,142.0,182.0,198.0,192.0,169.0,133.0,100.0,84.0,85.0,98.0,118.0,136.0,148.0,150.0,145.0,136.0,130.0,128.0,128.0,129.0,131.0,134.0,136.0,139.0,141.0,143.0,144.0,145.0,122.0,119.0,102.0,103.0,114.0,137.0,135.0,114.0,103.0,122.0,143.0,144.0,137.0,129.0,121.0,119.0,127.0,126.0,114.0,105.0,110.0,127.0,147.0,161.0,151.0,114.0,78.0,76.0,116.0,178.0,205.0,205.0,142.0,64.0,55.0,55.0,55.0,143.0,187.0,195.0,175.0,146.0,125.0,120.0,127.0,134.0,132.0,121.0,109.0,106.0,-0.9448525631325625,-0.32749600599370216
109.0,121.0,65.0,63.0,74.0,118.0,144.0,157.0,161.0,145.0,153.0,162.0,169.0,141.0,128.0,108.0,94.0,99.0,125.0,121.0,105.0,107.0,119.0,128.0,148.0,162.0,155.0,139.0,129.0,122.0,114.0,109.0,105.0,108.0,118.0,129.0,137.0,142.0,143.0,142.0,141.0,139.0,136.0,132.0,130.0,129.0,129.0,127.0,124.0,122.0,156.0,143.0,121.0,114.0,129.0,130.0,112.0,100.0,107.0,102.0,103.0,97.0,115.0,157.0,199.0,205.0,205.0,179.0,140.0,105.0,73.0,55.0,55.0,55.0,104.0,189.0,205.0,205.0,205.0,205.0,56.0,55.0,55.0,81.0,118.0,113.0,81.0,56.0,55.0,55.0,118.0,169.0,198.0,201.0,186.0,167.0,156.0,154.0,152.0,143.0,-0.9981816779244654,-0.060277175248170924
75.0,128.0,104.0,161.0,114.0,120.0,79.0,91.0,60.0,81.0,84.0,95.0,98.0,120.0,128.0,117.0,119.0,129.0,131.0,129.0,140.0,142.0,140.0,138.0,137.0,129.0,122.0,116.0,116.0,120.0,130.0,138.0,144.0,144.0,140.0,132.0,127.0,122.0,120.0,119.0,121.0,124.0,128.0,131.0,135.0,138.0,141.0,144.0,146.0,147.0,131.0,110.0,113.0,112.0,123.0,142.0,132.0,114.0,84.0,73.0,86.0,108.0,124.0,143.0,160.0,175.0,189.0,184.0,147.0,94.0,55.0,55.0,55.0,55.0,114.0,205.0,205.0,205.0,205.0,205.0,77.0,55.0,55.0,55.0,55.0,68.0,141.0,170.0,179.0,172.0,157.0,142.0,130.0,125.0,125.0,125.0,123.0,120.0,115.0,109.0,-0.9773959049554922,0.21141722961063114
56.0,55.0,55.0,55.0,63.0,64.0,73.0,124.0,176.0,205.0,178.0,124.0,89.0,70.0,56.0,55.0,56.0,56.0,59.0,148.0,200.0,205.0,205.0,178.0,144.0,117.0,102.0,91.0,86.0,89.0,103.0,123.0,141.0,150.0,153.0,152.0,148.0,141.0,135.0,130.0,129.0,131.0,136.0,139.0,140.0,141.0,141.0,143.0,145.0,145.0,163.0,152.0,128.0,103.0,99.0,118.0,133.0,131.0,122.0,108.0,107.0,131.0,164.0,180.0,162.0,120.0,82.0,67.0,85.0,120.0,136.0,128.0,119.0,132.0,169.0,205.0,205.0,173.0,97.0,55.0,55.0,55.0,69.0,162.0,191.0,185.0,157.0,126.0,113.0,119.0,134.0,142.0,136.0,121.0,109.0,107.0,115.0,124.0,126.0,123.0,-0.8840385857482224,0.4674139267376219
165.0,109.0,130.0,105.0,127.0,140.0,166.0,163.0,162.0,161.0,127.0,108.0,101.0,105.0,91.0,112.0,142.0,158.0,159.0,166.0,152.0,126.0,110.0,105.0,99.0,102.0,113.0,128.0,143.0,156.0,148.0,134.0,121.0,116.0,122.0,127.0,126.0,124.0,126.0,128.0,130.0,128.0,126.0,124.0,123.0,122.0,122.0,123.0,123.0,122.0,157.0,106.0,112.0,91.0,133.0,108.0,93.0,77.0,108.0,143.0,171.0,172.0,166.0,166.0,163.0,156.0,123.0,74.0,55.0,55.0,55.0,100.0,205.0,205.0,205.0,187.0,99.0,60.0,67.0,114.0,159.0,164.0,131.0,71.0,55.0,55.0,55.0,95.0,181.0,205.0,205.0,205.0,190.0,171.0,152.0,132.0,112.0,94.0,83.0,84.0,-0.7250414917303701,0.6887051874854724
76.0,71.0,93.0,100.0,101.0,96.0,117.0,139.0,129.0,123.0,116.0,114.0,105.0,129.0,150.0,152.0,148.0,167.0,173.0,153.0,129.0,113.0,96.0,94.0,112.0,130.0,134.0,138.0,142.0,147.0,148.0,139.0,127.0,116.0,112.0,112.0,120.0,127.0,133.0,138.0,145.0,150.0,151.0,150.0,148.0,147.0,146.0,144.0,141.0,138.0,108.0,99.0,127.0,129.0,118.0,115.0,137.0,146.0,131.0,126.0,125.0,130.0,118.0,103.0,90.0,89.0,93.0,112.0,136.0,162.0,181.0,193.0,178.0,138.0,102.0,73.0,55.0,55.0,100.0,158.0,202.0,205.0,188.0,136.0,97.0,96.0,126.0,159.0,173.0,155.0,117.0,82.0,66.0,70.0,87.0,109.0,124.0,130.0,130.0,132.0,-0.5122101409133814,0.8588601583176938
137.0,186.0,111.0,83.0,55.0,55.0,55.0,76.0,96.0,113.0,136.0,178.0,197.0,181.0,156.0,131.0,124.0,130.0,149.0,156.0,140.0,115.0,105.0,105.0,110.0,118.0,124.0,128.0,139.0,150.0,158.0,152.0,137.0,116.0,102.0,96.0,102.0,105.0,109.0,119.0,135.0,151.0,153.0,146.0,140.0,142.0,148.0,149.0,143.0,137.0,102.0,120.0,121.0,99.0,108.0,130.0,145.0,146.0,143.0,129.0,117.0,105.0,95.0,91.0,98.0,103.0,107.0,119.0,143.0,174.0,195.0,183.0,131.0,71.0,55.0,55.0,55.0,132.0,202.0,205.0,205.0,171.0,111.0,72.0,71.0,102.0,143.0,171.0,175.0,159.0,135.0,117.0,106.0,102.0,101.0,103.0,108.0,114.0,120.0,125.0,-0.26134723938439347,0.9652448500075804
177.0,172.0,155.0,119.0,144.0,143.0,121.0,96.0,98.0,83.0,80.0,107.0,136.0,142.0,153.0,172.0,148.0,99.0,67.0,57.0,55.0,55.0,103.0,144.0,168.0,186.0,191.0,176.0,152.0,125.0,101.0,85.0,83.0,94.0,116.0,138.0,151.0,154.0,149.0,141.0,129.0,122.0,115.0,112.0,114.0,119.0,124.0,124.0,122.0,121.0,163.0,175.0,149.0,116.0,130.0,147.0,153.0,140.0,132.0,132.0,133.0,124.0,119.0,124.0,123.0,119.0,113.0,108.0,116.0,146.0,162.0,146.0,117.0,97.0,94.0,119.0,165.0,191.0,174.0,120.0,62.0,55.0,55.0,82.0,188.0,205.0,205.0,205.0,154.0,106.0,87.0,92.0,105.0,113.0,112.0,107.0,106.0,112.0,121.0,130.0,0.008920668008724915,0.999960210049519
134.0,61.0,67.0,58.0,114.0,106.0,99.0,111.0,128.0,148.0,155.0,180.0,160.0,138.0,134.0,157.0,150.0,140.0,129.0,115.0,98.0,106.0,120.0,126.0,130.0,137.0,144.0,149.0,151.0,142.0,129.0,118.0,109.0,107.0,111.0,117.0,124.0,134.0,142.0,146.0,147.0,146.0,147.0,147.0,147.0,144.0,141.0,137.0,134.0,132.0,163.0,143.0,117.0,105.0,138.0,156.0,144.0,123.0,122.0,128.0,124.0,109.0,93.0,90.0,95.0,118.0,143.0,162.0,176.0,188.0,181.0,148.0,111.0,78.0,56.0,55.0,100.0,160.0,204.0,205.0,187.0,133.0,95.0,96.0,131.0,167.0,180.0,159.0,117.0,79.0,61.0,66.0,86.0,110.0,126.0,132.0,133.0,134.0,140.0,148.0,0.278526216712197,0.9604286265017251
84.0,122.0,56.0,93.0,63.0,111.0,86.0,126.0,117.0,132.0,118.0,145.0,145.0,140.0,134.0,138.0,147.0,157.0,170.0,164.0,136.0,104.0,94.0,97.0,106.0,117.0,126.0,132.0,145.0,156.0,157.0,143.0,126.0,112.0,107.0,107.0,112.0,118.0,127.0,136.0,144.0,150.0,151.0,150.0,148.0,148.0,147.0,145.0,141.0,137.0,169.0,111.0,87.0,119.0,146.0,165.0,148.0,122.0,105.0,100.0,96.0,96.0,101.0,102.0,109.0,126.0,153.0,182.0,195.0,171.0,115.0,59.0,55.0,55.0,56.0,158.0,205.0,205.0,205.0,155.0,98.0,69.0,77.0,114.0,153.0,175.0,173.0,153.0,129.0,113.0,105.0,102.0,102.0,104.0,109.0,116.0,122.0,126.0,129.0,129.0,0.5274512222373882,0.8495853154099859
172.0,135.0,128.0,137.0,133.0,108.0,102.0,87.0,75.0,88.0,131.0,138.0,148.0,163.0,165.0,118.0,78.0,60.0,55.0,55.0,65.0,128.0,159.0,179.0,192.0,187.0,165.0,138.0,112.0,91.0,81.0,85.0,104.0,128.0,147.0,154.0,153.0,145.0,135.0,126.0,119.0,115.0,113.0,114.0,116.0,120.0,123.0,125.0,128.0,130.0,128.0,153.0,134.0,122.0,117.0,119.0,134.0,130.0,123.0,131.0,145.0,150.0,145.0,126.0,100.0,93.0,103.0,110.0,114.0,129.0,145.0,161.0,184.0,196.0,176.0,129.0,70.0,55.0,55.0,55.0,112.0,205.0,205.0,205.0,173.0,120.0,91.0,89.0,103.0,118.0,124.0,119.0,112.0,112.0,116.0,123.0,129.0,132.0,132.0,133.0,0.7372130283170161,0.6756603813156833
102.0,64.0,55.0,69.0,116.0,120.0,152.0,165.0,171.0,150.0,177.0,178.0,169.0,146.0,140.0,102.0,61.0,55.0,55.0,56.0,80.0,124.0,163.0,190.0,205.0,205.0,179.0,140.0,100.0,73.0,62.0,70.0,91.0,121.0,147.0,163.0,166.0,163.0,156.0,148.0,140.0,135.0,131.0,128.0,126.0,124.0,123.0,121.0,120.0,121.0,153.0,140.0,124.0,106.0,117.0,134.0,147.0,130.0,106.0,95.0,106.0,127.0,145.0,146.0,130.0,124.0,136.0,152.0,162.0,157.0,125.0,85.0,75.0,104.0,149.0,183.0,183.0,148.0,103.0,86.0,107.0,149.0,179.0,180.0,147.0,102.0,70.0,63.0,80.0,107.0,134.0,141.0,134.0,121.0,120.0,133.0,149.0,156.0,149.0,134.0,0.8922368422475788,0.4515677328331478
66.0,70.0,79.0,87.0,82.0,96.0,131.0,165.0,181.0,177.0,173.0,157.0,149.0,144.0,123.0,78.0,55.0,55.0,92.0,122.0,148.0,161.0,164.0,167.0,171.0,160.0,132.0,102.0,83.0,83.0,98.0,115.0,128.0,138.0,144.0,146.0,145.0,142.0,138.0,137.0,139.0,141.0,140.0,137.0,133.0,132.0,132.0,130.0,128.0,126.0,168.0,145.0,125.0,126.0,112.0,116.0,113.0,110.0,94.0,111.0,122.0,138.0,140.0,147.0,146.0,147.0,138.0,118.0,92.0,74.0,74.0,95.0,142.0,190.0,205.0,205.0,175.0,122.0,77.0,57.0,68.0,104.0,145.0,170.0,171.0,152.0,125.0,107.0,102.0,107.0,117.0,125.0,128.0,127.0,125.0,122.0,123.0,125.0,126.0,126.0,0.9810121616587909,0.19394622625239802
170.0,133.0,106.0,90.0,106.0,121.0,102.0,96.0,118.0,130.0,114.0,103.0,94.0,73.0,66.0,93.0,127.0,148.0,164.0,177.0,173.0,157.0,133.0,108.0,87.0,80.0,90.0,112.0,136.0,151.0,155.0,153.0,145.0,134.0,125.0,117.0,113.0,112.0,113.0,115.0,117.0,119.0,121.0,125.0,129.0,132.0,134.0,135.0,137.0,138.0,161.0,101.0,107.0,97.0,130.0,128.0,141.0,138.0,153.0,130.0,103.0,83.0,91.0,111.0,116.0,121.0,131.0,153.0,182.0,205.0,188.0,127.0,58.0,55.0,55.0,55.0,79.0,205.0,205.0,205.0,198.0,144.0,119.0,110.0,102.0,87.0,74.0,75.0,95.0,130.0,161.0,175.0,169.0,151.0,130.0,118.0,119.0,127.0,133.0,131.0,0.996947428140381,-0.07807576784303753
139.0,83.0,89.0,100.0,142.0,158.0,202.0,198.0,187.0,173.0,145.0,75.0,55.0,55.0,55.0,55.0,110.0,163.0,176.0,172.0,176.0,175.0,149.0,120.0,98.0,82.0,83.0,105.0,132.0,147.0,146.0,137.0,130.0,132.0,137.0,141.0,142.0,139.0,134.0,129.0,124.0,119.0,116.0,120.0,124.0,126.0,122.0,118.0,121.0,128.0,186.0,145.0,101.0,125.0,104.0,118.0,95.0,98.0,115.0,153.0,152.0,133.0,113.0,123.0,149.0,163.0,156.0,119.0,80.0,72.0,106.0,154.0,183.0,173.0,132.0,85.0,75.0,103.0,151.0,180.0,186.0,168.0,134.0,104.0,85.0,76.0,73.0,78.0,91.0,115.0,146.0,174.0,190.0,188.0,172.0,145.0,121.0,111.0,113.0,120.0,0.9388594497816579,-0.3443006441406734
80.0,124.0,104.0,192.0,174.0,198.0,142.0,125.0,69.0,79.0,74.0,92.0,120.0,163.0,197.0,205.0,205.0,176.0,123.0,76.0,55.0,55.0,74.0,101.0,134.0,163.0,187.0,187.0,169.0,137.0,110.0,97.0,101.0,109.0,120.0,126.0,131.0,135.0,137.0,134.0,130.0,127.0,128.0,129.0,129.0,128.0,126.0,125.0,126.0,127.0,131.0,103.0,111.0,128.0,152.0,132.0,107.0,91.0,96.0,104.0,115.0,119.0,125.0,136.0,150.0,157.0,151.0,130.0,98.0,70.0,57.0,68.0,105.0,156.0,202.0,205.0,205.0,205.0,153.0,86.0,55.0,55.0,55.0,77.0,167.0,204.0,205.0,186.0,152.0,121.0,103.0,98.0,100.0,105.0,107.0,106.0,105.0,106.0,112.0,119.0,0.8110612530501717,-0.584961232733149
55.0,55.0,55.0,123.0,149.0,169.0,180.0,193.0,174.0,127.0,78.0,55.0,55.0,55.0,85.0,131.0,164.0,187.0,193.0,184.0,166.0,133.0,101.0,79.0,78.0,91.0,113.0,132.0,143.0,145.0,143.0,138.0,133.0,130.0,129.0,130.0,132.0,135.0,136.0,137.0,137.0,138.0,139.0,139.0,138.0,137.0,136.0,136.0,136.0,135.0,159.0,143.0,149.0,148.0,150.0,123.0,96.0,96.0,121.0,149.0,160.0,144.0,125.0,136.0,158.0,164.0,139.0,96.0,56.0,55.0,86.0,157.0,205.0,205.0,205.0,164.0,130.0,111.0,93.0,68.0,55.0,55.0,72.0,143.0,205.0,205.0,205.0,174.0,113.0,71.0,63.0,83.0,114.0,136.0,139.0,128.0,117.0,115.0,126.0,140.0,0.6230418410164772,-0.7821885094673782
157.0,172.0,141.0,174.0,141.0,142.0,59.0,55.0,55.0,55.0,66.0,145.0,173.0,188.0,198.0,205.0,159.0,87.0,55.0,55.0,55.0,55.0,102.0,169.0,193.0,203.0,198.0,172.0,143.0,112.0,90.0,81.0,87.0,103.0,124.0,139.0,147.0,147.0,143.0,135.0,128.0,123.0,122.0,123.0,124.0,125.0,126.0,128.0,126.0,133.0,106.0,98.0,115.0,127.0,172.0,123.0,118.0,104.0,118.0,115.0,130.0,134.0,138.0,137.0,133.0,142.0,145.0,132.0,100.0,70.0,55.0,68.0,124.0,176.0,198.0,200.0,179.0,147.0,125.0,117.0,108.0,96.0,84.0,75.0,80.0,105.0,150.0,192.0,205.0,205.0,175.0,134.0,106.0,96.0,97.0,102.0,102.0,100.0,98.0,101.0,0.388761635844121,-0.9213383691650984
184.0,161.0,101.0,70.0,61.0,76.0,87.0,117.0,157.0,198.0,205.0,205.0,165.0,93.0,55.0,55.0,55.0,55.0,109.0,153.0,187.0,205.0,205.0,179.0,130.0,86.0,66.0,74.0,97.0,122.0,138.0,145.0,147.0,144.0,138.0,130.0,123.0,121.0,123.0,124.0,124.0,122.0,120.0,122.0,125.0,127.0,126.0,125.0,125.0,126.0,166.0,144.0,119.0,122.0,107.0,113.0,102.0,96.0,98.0,110.0,122.0,131.0,142.0,149.0,154.0,142.0,117.0,83.0,60.0,55.0,80.0,125.0,174.0,205.0,205.0,205.0,189.0,123.0,61.0,55.0,55.0,55.0,127.0,187.0,205.0,199.0,168.0,133.0,108.0,98.0,99.0,105.0,108.0,106.0,102.0,102.0,111.0,118.0,122.0,123.0,0.12561591886811196,-0.9920789489385005
74.0,72.0,55.0,70.0,132.0,180.0,177.0,164.0,137.0,108.0,87.0,58.0,60.0,77.0,118.0,152.0,181.0,174.0,157.0,125.0,97.0,82.0,87.0,99.0,123.0,149.0,166.0,169.0,161.0,141.0,117.0,101.0,98.0,107.0,122.0,138.0,145.0,148.0,145.0,141.0,137.0,134.0,132.0,132.0,133.0,134.0,134.0,134.0,134.0,135.0,205.0,171.0,103.0,80.0,83.0,139.0,159.0,144.0,122.0,122.0,122.0,134.0,123.0,100.0,81.0,75.0,81.0,119.0,173.0,204.0,202.0,166.0,116.0,83.0,79.0,83.0,77.0,64.0,60.0,80.0,139.0,205.0,205.0,205.0,205.0,200.0,55.0,55.0,55.0,55.0,107.0,168.0,182.0,162.0,135.0,123.0,128.0,138.0,141.0,133.0,-0.14685676726971408,-0.9891577679556932
158.0,55.0,63.0,55.0,104.0,71.0,126.0,126.0,198.0,184.0,190.0,168.0,125.0,77.0,55.0,55.0,55.0,55.0,55.0,109.0,188.0,205.0,205.0,205.0,180.0,141.0,104.0,76.0,56.0,55.0,69.0,112.0,149.0,173.0,178.0,169.0,154.0,142.0,130.0,125.0,122.0,122.0,125.0,128.0,129.0,128.0,128.0,129.0,135.0,140.0,192.0,127.0,96.0,103.0,145.0,139.0,131.0,136.0,129.0,134.0,120.0,112.0,106.0,109.0,93.0,87.0,91.0,113.0,151.0,181.0,173.0,150.0,121.0,101.0,93.0,112.0,132.0,127.0,106.0,92.0,96.0,125.0,174.0,205.0,205.0,205.0,155.0,113.0,95.0,100.0,114.0,121.0,116.0,104.0,93.0,93.0,102.0,115.0,126.0,132.0,-0.4084253534186966,-0.9127917236066576
114.0,111.0,114.0,126.0,153.0,182.0,195.0,179.0,130.0,78.0,55.0,55.0,55.0,96.0,124.0,150.0,175.0,192.0,195.0,174.0,132.0,91.0,69.0,72.0,93.0,118.0,138.0,148.0,151.0,148.0,142.0,133.0,127.0,124.0,125.0,125.0,124.0,122.0,121.0,122.0,123.0,124.0,123.0,123.0,124.0,126.0,128.0,129.0,129.0,129.0,109.0,77.0,66.0,92.0,116.0,130.0,122.0,120.0,129.0,118.0,114.0,94.0,85.0,80.0,93.0,103.0,124.0,144.0,160.0,168.0,168.0,151.0,116.0,77.0,55.0,55.0,55.0,101.0,200.0,205.0,205.0,205.0,205.0,67.0,55.0,55.0,55.0,59.0,153.0,194.0,199.0,176.0,143.0,115.0,100.0,95.0,98.0,103.0,107.0,109.0,-0.6396683987400145,-0.7686509868941729
126.0,135.0,99.0,156.0,112.0,134.0,69.0,73.0,55.0,93.0,109.0,155.0,168.0,182.0,164.0,139.0,107.0,68.0,55.0,55.0,68.0,107.0,155.0,185.0,196.0,192.0,174.0,139.0,108.0,89.0,85.0,94.0,113.0,129.0,141.0,146.0,147.0,143.0,138.0,132.0,127.0,125.0,125.0,126.0,129.0,130.0,132.0,133.0,135.0,136.0,141.0,74.0,78.0,106.0,121.0,126.0,117.0,123.0,144.0,138.0,118.0,97.0,89.0,94.0,113.0,131.0,142.0,150.0,152.0,150.0,145.0,130.0,96.0,57.0,55.0,55.0,55.0,152.0,205.0,205.0,205.0,205.0,144.0,56.0,55.0,55.0,55.0,57.0,138.0,205.0,205.0,205.0,183.0,153.0,129.0,113.0,105.0,102.0,103.0,102.0,-0.8234161307077826,-0.5674379928152712
113.0,56.0,55.0,124.0,166.0,170.0,161.0,153.0,126.0,103.0,75.0,55.0,55.0,55.0,56.0,135.0,194.0,205.0,182.0,163.0,152.0,129.0,108.0,92.0,79.0,84.0,114.0,146.0,158.0,156.0,143.0,132.0,129.0,131.0,132.0,132.0,131.0,128.0,127.0,125.0,123.0,121.0,125.0,130.0,134.0,136.0,136.0,138.0,141.0,144.0,165.0,176.0,104.0,85.0,109.0,130.0,122.0,116.0,120.0,134.0,137.0,118.0,100.0,99.0,105.0,114.0,123.0,124.0,133.0,156.0,172.0,166.0,156.0,131.0,91.0,60.0,62.0,88.0,123.0,163.0,190.0,198.0,192.0,180.0,153.0,115.0,81.0,62.0,64.0,84.0,114.0,137.0,146.0,142.0,132.0,123.0,122.0,126.0,132.0,137.0,-0.9460252989675955,-0.32409278565446603
205.0,165.0,163.0,148.0,121.0,82.0,55.0,55.0,55.0,116.0,139.0,174.0,173.0,190.0,195.0,193.0,161.0,122.0,74.0,55.0,65.0,96.0,116.0,134.0,145.0,148.0,154.0,164.0,164.0,149.0,127.0,106.0,96.0,99.0,109.0,119.0,128.0,131.0,131.0,131.0,131.0,130.0,130.0,130.0,131.0,131.0,131.0,131.0,131.0,130.0,92.0,113.0,137.0,142.0,146.0,139.0,125.0,103.0,68.0,75.0,93.0,127.0,142.0,153.0,154.0,169.0,176.0,162.0,118.0,65.0,55.0,55.0,55.0,123.0,205.0,205.0,205.0,205.0,205.0,79.0,55.0,55.0,55.0,55.0,73.0,196.0,205.0,205.0,205.0,142.0,84.0,55.0,55.0,55.0,89.0,107.0,115.0,121.0,120.0,122.0,-0.9983921852835794,-0.056683722219688
55.0,70.0,151.0,173.0,162.0,143.0,128.0,119.0,87.0,56.0,55.0,55.0,55.0,94.0,128.0,136.0,142.0,156.0,162.0,153.0,145.0,137.0,127.0,121.0,118.0,113.0,106.0,105.0,111.0,125.0,141.0,150.0,153.0,150.0,143.0,134.0,128.0,124.0,122.0,122.0,126.0,129.0,133.0,135.0,136.0,139.0,141.0,144.0,145.0,145.0,205.0,177.0,150.0,122.0,89.0,110.0,99.0,90.0,105.0,148.0,163.0,169.0,148.0,138.0,142.0,131.0,89.0,55.0,55.0,55.0,75.0,203.0,205.0,205.0,205.0,205.0,73.0,55.0,55.0,55.0,55.0,72.0,156.0,205.0,205.0,205.0,205.0,123.0,70.0,55.0,55.0,93.0,125.0,138.0,131.0,115.0,104.0,105.0,119.0,136.0,-0.9766285536887486,0.21493410180756162
189.0,114.0,152.0,75.0,95.0,55.0,55.0,55.0,55.0,60.0,174.0,205.0,205.0,179.0,137.0,90.0,55.0,55.0,55.0,55.0,68.0,163.0,205.0,205.0,205.0,170.0,124.0,99.0,87.0,91.0,99.0,113.0,125.0,138.0,142.0,139.0,134.0,130.0,126.0,124.0,123.0,123.0,126.0,131.0,135.0,139.0,141.0,142.0,142.0,144.0,196.0,145.0,98.0,137.0,111.0,110.0,92.0,96.0,111.0,135.0,134.0,123.0,139.0,165.0,181.0,167.0,142.0,101.0,70.0,70.0,97.0,125.0,148.0,166.0,176.0,179.0,176.0,159.0,115.0,68.0,55.0,75.0,131.0,182.0,196.0,159.0,94.0,55.0,55.0,55.0,120.0,174.0,197.0,190.0,166.0,139.0,124.0,124.0,131.0,133.0,-0.8823503516088977,0.4705930907011434
83.0,55.0,56.0,129.0,130.0,174.0,151.0,164.0,138.0,178.0,160.0,155.0,123.0,123.0,96.0,97.0,113.0,119.0,108.0,117.0,131.0,134.0,147.0,161.0,155.0,137.0,129.0,121.0,111.0,105.0,107.0,114.0,126.0,134.0,139.0,141.0,142.0,139.0,140.0,139.0,136.0,132.0,131.0,131.0,130.0,128.0,125.0,123.0,123.0,124.0,132.0,146.0,126.0,112.0,100.0,115.0,131.0,136.0,132.0,124.0,123.0,123.0,114.0,98.0,89.0,90.0,107.0,136.0,168.0,194.0,205.0,205.0,181.0,142.0,94.0,55.0,55.0,55.0,55.0,114.0,205.0,205.0,205.0,205.0,205.0,69.0,55.0,55.0,55.0,55.0,81.0,100.0,106.0,110.0,119.0,133.0,149.0,162.0,166.0,164.0,-0.7225577259310924,0.691310590615599
104.0,128.0,109.0,146.0,104.0,110.0,64.0,71.0,59.0,105.0,93.0,108.0,114.0,136.0,125.0,122.0,118.0,106.0,98.0,119.0,147.0,154.0,157.0,157.0,149.0,134.0,127.0,117.0,111.0,110.0,120.0,134.0,147.0,150.0,146.0,137.0,131.0,123.0,121.0,120.0,122.0,124.0,130.0,134.0,138.0,140.0,142.0,145.0,148.0,149.0,125.0,104.0,105.0,108.0,101.0,126.0,150.0,153.0,149.0,123.0,110.0,108.0,97.0,72.0,60.0,65.0,96.0,151.0,205.0,205.0,205.0,205.0,129.0,68.0,55.0,55.0,55.0,55.0,77.0,205.0,205.0,205.0,205.0,205.0,91.0,55.0,55.0,55.0,93.0,125.0,132.0,122.0,109.0,101.0,107.0,121.0,136.0,147.0,150.0,147.0,-0.5091152628113791,0.8606983496977907
55.0,55.0,55.0,55.0,113.0,165.0,176.0,152.0,136.0,122.0,90.0,59.0,55.0,55.0,55.0,62.0,161.0,200.0,205.0,194.0,165.0,132.0,112.0,99.0,91.0,89.0,96.0,112.0,130.0,142.0,147.0,148.0,143.0,136.0,129.0,123.0,120.0,121.0,131.0,132.0,130.0,129.0,134.0,143.0,147.0,146.0,142.0,140.0,141.0,143.0,133.0,107.0,103.0,106.0,132.0,141.0,123.0,103.0,118.0,138.0,145.0,139.0,132.0,122.0,118.0,126.0,127.0,118.0,106.0,108.0,124.0,144.0,160.0,155.0,121.0,83.0,74.0,107.0,168.0,205.0,205.0,157.0,77.0,55.0,55.0,55.0,115.0,182.0,196.0,180.0,151.0,127.0,119.0,125.0,133.0,133.0,123.0,111.0,106.0,111.0,-0.2578710433630258,0.966179344115193
92.0,82.0,97.0,140.0,157.0,160.0,138.0,155.0,144.0,132.0,101.0,114.0,105.0,101.0,108.0,125.0,111.0,111.0,125.0,132.0,129.0,133.0,138.0,133.0,132.0,135.0,136.0,128.0,118.0,109.0,109.0,116.0,127.0,136.0,143.0,141.0,137.0,133.0,129.0,124.0,122.0,120.0,120.0,121.0,121.0,121.0,122.0,123.0,124.0,125.0,104.0,120.0,137.0,147.0,137.0,136.0,142.0,129.0,112.0,107.0,99.0,103.0,104.0,110.0,133.0,173.0,203.0,205.0,205.0,177.0,135.0,96.0,62.0,55.0,55.0,65.0,147.0,205.0,205.0,205.0,205.0,204.0,55.0,55.0,55.0,55.0,121.0,135.0,115.0,82.0,59.0,62.0,91.0,132.0,165.0,182.0,182.0,175.0,168.0,163.0,0.012520074749477667,0.9999216207924837
76.0,60.0,86.0,87.0,109.0,88.0,108.0,128.0,144.0,119.0,118.0,113.0,110.0,113.0,140.0,154.0,148.0,155.0,173.0,167.0,141.0,122.0,105.0,92.0,99.0,121.0,128.0,137.0,139.0,145.0,147.0,145.0,135.0,123.0,114.0,107.0,110.0,123.0,133.0,138.0,142.0,145.0,149.0,151.0,149.0,148.0,147.0,146.0,142.0,139.0,131.0,132.0,130.0,129.0,128.0,129.0,130.0,131.0,130.0,129.0,129.0,129.0,130.0,130.0,130.0,130.0,130.0,130.0,130.0,130.0,130.0,130.0,130.0,130.0,130.0,130.0,130.0,130.0,130.0,130.0,130.0,130.0,130.0,130.0,130.0,130.0,130.0,130.0,130.0,130.0,130.0,130.0,130.0,130.0,130.0,130.0,130.0,130.0,130.0,130.0,0.2819815785890059,0.959419819128442
185.0,139.0,188.0,113.0,78.0,55.0,55.0,55.0,58.0,94.0,92.0,140.0,169.0,205.0,182.0,165.0,137.0,127.0,120.0,132.0,133.0,120.0,105.0,105.0,114.0,125.0,134.0,139.0,141.0,144.0,147.0,146.0,138.0,125.0,112.0,105.0,105.0,107.0,113.0,120.0,129.0,135.0,141.0,143.0,145.0,145.0,147.0,147.0,145.0,141.0,165.0,159.0,133.0,109.0,95.0,113.0,132.0,133.0,125.0,110.0,104.0,123.0,159.0,180.0,169.0,130.0,89.0,68.0,79.0,113.0,135.0,130.0,119.0,128.0,162.0,202.0,205.0,187.0,114.0,55.0,55.0,55.0,59.0,151.0,187.0,188.0,163.0,131.0,114.0,117.0,131.0,142.0,139.0,125.0,111.0,107.0,113.0,123.0,127.0,124.0,0.5305059789833936,0.8476811937650093
120.0,130.0,116.0,118.0,108.0,105.0,72.0,76.0,108.0,140.0,144.0,159.0,169.0,136.0,89.0,64.0,55.0,55.0,55.0,108.0,147.0,171.0,188.0,191.0,173.0,147.0,120.0,97.0,82.0,81.0,95.0,117.0,140.0,151.0,154.0,148.0,138.0,128.0,120.0,116.0,113.0,113.0,114.0,118.0,121.0,124.0,126.0,129.0,130.0,132.0,139.0,111.0,83.0,130.0,131.0,123.0,91.0,98.0,121.0,156.0,158.0,142.0,132.0,130.0,142.0,149.0,133.0,88.0,55.0,55.0,55.0,134.0,196.0,205.0,170.0,115.0,78.0,78.0,118.0,167.0,185.0,158.0,102.0,55.0,55.0,55.0,90.0,165.0,201.0,205.0,205.0,184.0,166.0,148.0,131.0,114.0,98.0,86.0,84.0,91.0,0.7396403645554372,0.6730023262369157
57.0,72.0,67.0,115.0,102.0,134.0,149.0,184.0,164.0,172.0,180.0,175.0,152.0,139.0,117.0,72.0,55.0,63.0,86.0,104.0,131.0,155.0,168.0,178.0,182.0,168.0,142.0,109.0,83.0,71.0,81.0,101.0,126.0,144.0,152.0,151.0,149.0,145.0,142.0,139.0,138.0,136.0,134.0,130.0,127.0,126.0,124.0,122.0,121.0,121.0,116.0,136.0,124.0,118.0,111.0,146.0,151.0,135.0,120.0,123.0,130.0,123.0,106.0,90.0,89.0,96.0,117.0,141.0,160.0,175.0,187.0,180.0,146.0,109.0,76.0,55.0,55.0,101.0,161.0,204.0,205.0,184.0,131.0,93.0,96.0,130.0,167.0,179.0,158.0,121.0,77.0,58.0,59.0,82.0,111.0,130.0,134.0,132.0,132.0,138.0,0.8938565285103329,0.4483531046390294
55.0,55.0,126.0,148.0,156.0,159.0,181.0,195.0,195.0,165.0,104.0,55.0,55.0,55.0,90.0,125.0,150.0,162.0,169.0,178.0,175.0,152.0,118.0,94.0,84.0,93.0,108.0,122.0,131.0,138.0,141.0,141.0,137.0,133.0,130.0,132.0,135.0,135.0,133.0,130.0,130.0,131.0,131.0,130.0,127.0,125.0,125.0,127.0,128.0,129.0,162.0,117.0,85.0,104.0,147.0,161.0,154.0,130.0,114.0,106.0,102.0,95.0,98.0,101.0,105.0,116.0,137.0,166.0,191.0,191.0,150.0,89.0,55.0,55.0,55.0,99.0,188.0,205.0,205.0,189.0,127.0,81.0,67.0,89.0,131.0,170.0,183.0,168.0,139.0,117.0,107.0,104.0,104.0,105.0,107.0,112.0,118.0,124.0,129.0,130.0,0.9817039364060861,0.19041371075843072
114.0,74.0,77.0,137.0,156.0,163.0,158.0,154.0,118.0,84.0,62.0,55.0,55.0,55.0,115.0,162.0,188.0,198.0,192.0,168.0,140.0,108.0,84.0,72.0,78.0,98.0,123.0,143.0,152.0,154.0,149.0,140.0,130.0,123.0,120.0,119.0,121.0,121.0,123.0,124.0,126.0,128.0,131.0,133.0,134.0,135.0,136.0,138.0,138.0,139.0,155.0,134.0,122.0,118.0,118.0,133.0,131.0,123.0,129.0,144.0,149.0,146.0,129.0,102.0,93.0,101.0,110.0,113.0,127.0,144.0,159.0,183.0,199.0,182.0,131.0,71.0,55.0,55.0,55.0,107.0,199.0,205.0,205.0,181.0,126.0,94.0,88.0,100.0,116.0,123.0,120.0,114.0,111.0,115.0,121.0,128.0,132.0,133.0,132.0,135.0,0.9966599271678032,-0.08166388172178235
99.0,127.0,108.0,132.0,154.0,169.0,160.0,168.0,156.0,109.0,74.0,61.0,60.0,56.0,92.0,139.0,170.0,190.0,205.0,205.0,182.0,125.0,85.0,55.0,55.0,79.0,112.0,134.0,149.0,159.0,166.0,165.0,154.0,135.0,118.0,109.0,104.0,105.0,108.0,112.0,114.0,119.0,122.0,125.0,125.0,125.0,127.0,128.0,129.0,129.0,166.0,133.0,102.0,112.0,129.0,151.0,134.0,106.0,93.0,105.0,129.0,147.0,146.0,128.0,123.0,136.0,154.0,162.0,156.0,121.0,83.0,76.0,106.0,151.0,182.0,179.0,145.0,105.0,91.0,109.0,147.0,177.0,178.0,147.0,102.0,70.0,64.0,82.0,109.0,131.0,136.0,130.0,124.0,126.0,137.0,149.0,153.0,146.0,134.0,127.0,0.937614020007089,-0.34767793931474283
103.0,97.0,109.0,184.0,184.0,195.0,127.0,98.0,55.0,75.0,77.0,104.0,132.0,178.0,205.0,205.0,205.0,141.0,72.0,55.0,55.0,55.0,91.0,129.0,163.0,189.0,203.0,191.0,158.0,113.0,84.0,78.0,93.0,113.0,130.0,138.0,143.0,143.0,140.0,134.0,128.0,124.0,125.0,126.0,127.0,125.0,123.0,123.0,126.0,127.0,185.0,140.0,89.0,89.0,115.0,137.0,126.0,108.0,122.0,125.0,136.0,128.0,121.0,110.0,111.0,104.0,103.0,114.0,128.0,137.0,144.0,147.0,146.0,147.0,138.0,117.0,92.0,76.0,78.0,105.0,152.0,195.0,205.0,205.0,161.0,109.0,72.0,66.0,87.0,121.0,149.0,158.0,149.0,131.0,117.0,111.0,113.0,117.0,120.0,122.0,0.8089503675073311,-0.5878769453803696
87.0,77.0,144.0,147.0,127.0,84.0,68.0,56.0,75.0,101.0,125.0,139.0,167.0,184.0,169.0,132.0,86.0,55.0,55.0,55.0,103.0,140.0,171.0,186.0,186.0,175.0,146.0,111.0,86.0,79.0,90.0,110.0,130.0,142.0,146.0,145.0,140.0,136.0,130.0,128.0,127.0,131.0,134.0,135.0,135.0,135.0,137.0,138.0,140.0,138.0,183.0,143.0,89.0,113.0,100.0,135.0,130.0,137.0,145.0,151.0,127.0,94.0,83.0,94.0,111.0,117.0,129.0,139.0,159.0,187.0,204.0,177.0,111.0,55.0,55.0,55.0,55.0,130.0,205.0,205.0,205.0,182.0,139.0,116.0,104.0,94.0,84.0,79.0,84.0,102.0,134.0,163.0,176.0,169.0,150.0,128.0,117.0,119.0,128.0,134.0,0.6202222327415863,-0.7844261482211321
120.0,150.0,205.0,205.0,205.0,183.0,134.0,55.0,55.0,55.0,55.0,55.0,118.0,193.0,205.0,205.0,205.0,169.0,108.0,72.0,55.0,55.0,81.0,122.0,146.0,159.0,163.0,160.0,150.0,138.0,123.0,117.0,117.0,121.0,124.0,128.0,127.0,125.0,125.0,126.0,125.0,125.0,124.0,124.0,126.0,128.0,129.0,131.0,132.0,132.0,161.0,136.0,106.0,131.0,102.0,111.0,90.0,101.0,132.0,155.0,150.0,122.0,114.0,127.0,157.0,164.0,151.0,109.0,74.0,75.0,118.0,163.0,183.0,167.0,121.0,79.0,76.0,115.0,162.0,189.0,187.0,159.0,121.0,95.0,82.0,76.0,76.0,82.0,98.0,123.0,152.0,177.0,189.0,183.0,164.0,138.0,118.0,112.0,116.0,122.0,0.385442660463966,-0.9227317895761801
93.0,96.0,122.0,192.0,191.0,183.0,118.0,80.0,57.0,74.0,84.0,110.0,146.0,190.0,205.0,205.0,190.0,117.0,56.0,55.0,55.0,55.0,87.0,143.0,179.0,202.0,205.0,190.0,148.0,101.0,74.0,74.0,93.0,118.0,136.0,144.0,148.0,147.0,142.0,134.0,127.0,123.0,124.0,126.0,126.0,124.0,123.0,124.0,126.0,128.0,205.0,132.0,67.0,93.0,103.0,120.0,116.0,119.0,122.0,141.0,131.0,114.0,100.0,97.0,101.0,107.0,115.0,120.0,130.0,144.0,159.0,159.0,142.0,109.0,78.0,59.0,61.0,89.0,133.0,180.0,205.0,205.0,205.0,178.0,111.0,55.0,55.0,55.0,55.0,145.0,192.0,205.0,191.0,160.0,128.0,108.0,99.0,100.0,104.0,108.0,0.12204400996608587,-0.9925246896835352
173.0,151.0,105.0,59.0,55.0,55.0,55.0,55.0,92.0,156.0,199.0,205.0,205.0,154.0,93.0,55.0,55.0,55.0,55.0,114.0,158.0,187.0,194.0,187.0,165.0,131.0,99.0,83.0,84.0,99.0,119.0,133.0,145.0,142.0,134.0,124.0,121.0,122.0,123.0,124.0,124.0,127.0,129.0,132.0,135.0,138.0,139.0,138.0,136.0,134.0,141.0,100.0,91.0,108.0,131.0,137.0,143.0,146.0,132.0,101.0,81.0,88.0,108.0,118.0,124.0,129.0,143.0,173.0,201.0,194.0,138.0,64.0,55.0,55.0,55.0,72.0,201.0,205.0,205.0,205.0,154.0,127.0,116.0,104.0,85.0,66.0,62.0,82.0,122.0,162.0,185.0,183.0,162.0,136.0,118.0,114.0,121.0,128.0,128.0,119.0,-0.1504163958219995,-0.988622732829829
205.0,176.0,167.0,176.0,169.0,160.0,95.0,55.0,55.0,55.0,55.0,68.0,167.0,204.0,205.0,203.0,194.0,140.0,72.0,55.0,55.0,55.0,80.0,139.0,168.0,178.0,180.0,172.0,151.0,127.0,106.0,97.0,102.0,113.0,123.0,129.0,129.0,125.0,122.0,119.0,117.0,115.0,116.0,118.0,123.0,126.0,127.0,129.0,131.0,133.0,169.0,131.0,106.0,101.0,104.0,127.0,147.0,151.0,122.0,105.0,91.0,109.0,128.0,149.0,143.0,125.0,115.0,130.0,153.0,156.0,130.0,91.0,57.0,55.0,74.0,144.0,191.0,205.0,193.0,162.0,134.0,119.0,108.0,93.0,78.0,73.0,84.0,113.0,150.0,180.0,191.0,183.0,160.0,133.0,115.0,111.0,115.0,119.0,117.0,109.0,-0.4117083995643489,-0.9113156389134132
58.0,55.0,55.0,107.0,142.0,167.0,191.0,205.0,205.0,205.0,127.0,55.0,55.0,55.0,55.0,67.0,140.0,174.0,200.0,205.0,205.0,172.0,122.0,79.0,60.0,68.0,91.0,117.0,135.0,144.0,149.0,148.0,141.0,133.0,127.0,127.0,133.0,136.0,132.0,125.0,122.0,126.0,130.0,131.0,128.0,124.0,123.0,125.0,128.0,130.0,154.0,122.0,107.0,129.0,138.0,133.0,108.0,94.0,92.0,102.0,114.0,121.0,127.0,137.0,150.0,155.0,149.0,125.0,93.0,66.0,56.0,71.0,110.0,161.0,205.0,205.0,205.0,205.0,142.0,77.0,55.0,55.0,55.0,95.0,173.0,205.0,205.0,181.0,147.0,118.0,102.0,97.0,100.0,105.0,106.0,105.0,104.0,106.0,112.0,120.0,-0.6424310966376322,-0.7663434517714426
100.0,101.0,84.0,110.0,72.0,63.0,58.0,102.0,135.0,176.0,181.0,168.0,141.0,117.0,81.0,56.0,55.0,55.0,55.0,108.0,169.0,199.0,205.0,199.0,170.0,132.0,108.0,92.0,85.0,88.0,99.0,117.0,137.0,151.0,156.0,153.0,146.0,137.0,130.0,125.0,122.0,121.0,124.0,131.0,137.0,137.0,133.0,131.0,135.0,140.0,205.0,149.0,87.0,89.0,95.0,153.0,152.0,140.0,122.0,123.0,124.0,129.0,116.0,95.0,85.0,78.0,90.0,130.0,183.0,205.0,196.0,152.0,103.0,78.0,81.0,83.0,75.0,64.0,63.0,93.0,161.0,205.0,205.0,205.0,205.0,101.0,55.0,55.0,55.0,60.0,144.0,171.0,167.0,147.0,130.0,126.0,131.0,138.0,138.0,131.0,-0.8254533503202905,-0.5644703415105241
132.0,79.0,55.0,56.0,141.0,167.0,164.0,155.0,155.0,129.0,106.0,73.0,55.0,55.0,55.0,58.0,141.0,194.0,205.0,183.0,164.0,152.0,129.0,109.0,93.0,79.0,85.0,116.0,147.0,159.0,156.0,144.0,132.0,130.0,132.0,133.0,132.0,131.0,128.0,128.0,126.0,122.0,122.0,126.0,131.0,135.0,137.0,137.0,139.0,142.0,205.0,158.0,101.0,86.0,128.0,143.0,138.0,129.0,129.0,136.0,127.0,115.0,105.0,107.0,97.0,89.0,87.0,101.0,134.0,172.0,180.0,157.0,135.0,108.0,92.0,98.0,120.0,129.0,116.0,99.0,94.0,113.0,158.0,205.0,205.0,205.0,167.0,117.0,89.0,92.0,112.0,129.0,129.0,116.0,100.0,91.0,95.0,107.0,119.0,128.0,-0.9471857769465797,-0.3206853659743521
116.0,184.0,202.0,205.0,176.0,140.0,103.0,68.0,60.0,60.0,91.0,113.0,145.0,161.0,180.0,193.0,201.0,185.0,160.0,132.0,106.0,91.0,93.0,100.0,105.0,113.0,119.0,127.0,140.0,157.0,167.0,165.0,149.0,127.0,108.0,99.0,99.0,106.0,113.0,121.0,127.0,132.0,133.0,134.0,134.0,133.0,133.0,133.0,132.0,131.0,164.0,100.0,68.0,91.0,99.0,126.0,116.0,119.0,125.0,126.0,121.0,112.0,95.0,79.0,80.0,91.0,112.0,137.0,156.0,163.0,166.0,159.0,138.0,106.0,69.0,55.0,55.0,55.0,148.0,205.0,205.0,205.0,205.0,186.0,57.0,55.0,55.0,55.0,105.0,179.0,200.0,184.0,149.0,116.0,99.0,95.0,99.0,105.0,109.0,112.0,-0.9985897562574829,-0.053089534727860974
120.0,115.0,55.0,55.0,55.0,104.0,100.0,151.0,153.0,179.0,152.0,142.0,108.0,72.0,55.0,55.0,55.0,55.0,105.0,142.0,161.0,174.0,185.0,169.0,148.0,131.0,119.0,106.0,106.0,109.0,114.0,117.0,121.0,128.0,141.0,150.0,152.0,147.0,139.0,131.0,126.0,125.0,125.0,126.0,129.0,130.0,133.0,135.0,137.0,138.0,78.0,103.0,107.0,116.0,115.0,128.0,143.0,142.0,124.0,103.0,93.0,92.0,105.0,122.0,137.0,147.0,153.0,152.0,147.0,138.0,112.0,73.0,55.0,55.0,55.0,98.0,201.0,205.0,205.0,205.0,205.0,76.0,55.0,55.0,55.0,55.0,86.0,192.0,205.0,205.0,198.0,166.0,138.0,119.0,107.0,103.0,102.0,103.0,101.0,98.0,-0.9758485480329133,0.21844818905647848
101.0,134.0,105.0,121.0,82.0,61.0,55.0,55.0,62.0,131.0,171.0,184.0,162.0,138.0,111.0,72.0,56.0,58.0,76.0,106.0,157.0,194.0,202.0,188.0,157.0,119.0,93.0,82.0,88.0,103.0,123.0,137.0,148.0,148.0,143.0,135.0,131.0,129.0,128.0,129.0,131.0,133.0,135.0,138.0,141.0,143.0,144.0,145.0,144.0,143.0,170.0,172.0,107.0,89.0,106.0,134.0,123.0,114.0,119.0,136.0,141.0,121.0,101.0,98.0,105.0,113.0,123.0,124.0,131.0,153.0,172.0,169.0,159.0,136.0,97.0,64.0,63.0,83.0,113.0,153.0,188.0,203.0,199.0,184.0,157.0,118.0,84.0,65.0,65.0,83.0,110.0,134.0,145.0,144.0,134.0,125.0,122.0,126.0,131.0,136.0,-0.8806506846637044,0.4737661570873848
58.0,84.0,142.0,136.0,169.0,150.0,162.0,155.0,182.0,156.0,142.0,119.0,108.0,87.0,103.0,122.0,119.0,118.0,142.0,158.0,155.0,158.0,153.0,132.0,113.0,109.0,103.0,100.0,105.0,119.0,134.0,147.0,147.0,142.0,134.0,131.0,128.0,132.0,133.0,133.0,132.0,133.0,133.0,132.0,128.0,124.0,123.0,123.0,124.0,123.0,85.0,89.0,129.0,119.0,146.0,132.0,134.0,111.0,83.0,73.0,81.0,106.0,123.0,142.0,148.0,162.0,170.0,170.0,142.0,97.0,55.0,55.0,55.0,57.0,172.0,205.0,205.0,205.0,205.0,205.0,55.0,55.0,55.0,55.0,55.0,128.0,203.0,205.0,205.0,169.0,124.0,91.0,75.0,76.0,86.0,97.0,104.0,106.0,110.0,116.0,-0.7200645977938263,0.6939070362836907
105.0,132.0,143.0,107.0,100.0,66.0,65.0,68.0,108.0,95.0,111.0,115.0,135.0,118.0,117.0,112.0,106.0,106.0,139.0,167.0,167.0,160.0,150.0,134.0,117.0,111.0,105.0,101.0,109.0,129.0,148.0,160.0,157.0,145.0,131.0,121.0,114.0,113.0,114.0,119.0,124.0,132.0,136.0,139.0,141.0,143.0,146.0,148.0,148.0,146.0,131.0,135.0,146.0,174.0,137.0,124.0,104.0,101.0,88.0,117.0,135.0,158.0,170.0,159.0,145.0,142.0,131.0,99.0,58.0,55.0,55.0,56.0,180.0,205.0,205.0,205.0,205.0,202.0,55.0,55.0,55.0,55.0,55.0,130.0,205.0,205.0,205.0,205.0,168.0,113.0,73.0,58.0,65.0,84.0,100.0,110.0,111.0,110.0,114.0,124.0,-0.5060137879919189,0.8625253888217258
95.0,55.0,55.0,55.0,55.0,117.0,165.0,169.0,150.0,134.0,125.0,91.0,59.0,55.0,55.0,55.0,63.0,162.0,199.0,205.0,194.0,165.0,132.0,112.0,98.0,90.0,88.0,96.0,112.0,129.0,142.0,147.0,148.0,144.0,137.0,128.0,123.0,121.0,121.0,126.0,130.0,133.0,135.0,137.0,141.0,143.0,144.0,143.0,142.0,142.0,92.0,160.0,145.0,136.0,118.0,138.0,157.0,135.0,94.0,94.0,106.0,126.0,134.0,127.0,123.0,149.0,177.0,178.0,171.0,143.0,105.0,70.0,72.0,96.0,127.0,157.0,180.0,192.0,191.0,179.0,149.0,104.0,63.0,55.0,62.0,115.0,163.0,181.0,163.0,121.0,84.0,67.0,77.0,105.0,133.0,151.0,156.0,151.0,142.0,137.0,-0.2543915060503292,0.9671013192264011
137.0,118.0,99.0,126.0,117.0,152.0,144.0,159.0,138.0,168.0,139.0,121.0,101.0,115.0,100.0,101.0,115.0,125.0,117.0,132.0,147.0,139.0,130.0,131.0,129.0,122.0,125.0,129.0,130.0,126.0,122.0,119.0,122.0,127.0,132.0,136.0,137.0,133.0,131.0,129.0,128.0,124.0,123.0,122.0,122.0,122.0,122.0,122.0,123.0,123.0,176.0,166.0,124.0,133.0,131.0,115.0,97.0,91.0,99.0,123.0,141.0,143.0,139.0,143.0,144.0,133.0,115.0,87.0,66.0,69.0,108.0,166.0,205.0,205.0,205.0,205.0,128.0,62.0,55.0,55.0,55.0,70.0,190.0,205.0,205.0,205.0,205.0,98.0,55.0,55.0,55.0,55.0,86.0,107.0,115.0,118.0,122.0,131.0,143.0,155.0,0.01611931926488673,0.9998700753330088
101.0,55.0,55.0,55.0,112.0,99.0,93.0,94.0,126.0,130.0,116.0,117.0,113.0,117.0,130.0,154.0,146.0,122.0,112.0,120.0,118.0,125.0,130.0,130.0,130.0,143.0,154.0,154.0,141.0,126.0,116.0,113.0,114.0,119.0,127.0,135.0,138.0,139.0,138.0,135.0,134.0,137.0,143.0,147.0,148.0,146.0,145.0,145.0,145.0,145.0,202.0,167.0,104.0,97.0,109.0,128.0,108.0,114.0,137.0,153.0,159.0,135.0,113.0,106.0,103.0,81.0,65.0,63.0,85.0,136.0,196.0,205.0,205.0,205.0,152.0,83.0,55.0,55.0,55.0,55.0,71.0,195.0,205.0,205.0,205.0,205.0,138.0,59.0,55.0,55.0,82.0,118.0,132.0,127.0,113.0,102.0,104.0,117.0,134.0,147.0,0.28543328676903523,0.9583985803433902
126.0,112.0,96.0,109.0,87.0,74.0,73.0,73.0,72.0,98.0,146.0,177.0,186.0,177.0,158.0,130.0,116.0,107.0,101.0,96.0,101.0,112.0,129.0,142.0,147.0,147.0,142.0,136.0,128.0,122.0,117.0,115.0,117.0,120.0,124.0,126.0,128.0,131.0,136.0,139.0,140.0,140.0,144.0,147.0,149.0,145.0,140.0,136.0,137.0,137.0,151.0,106.0,118.0,116.0,109.0,113.0,115.0,123.0,132.0,119.0,107.0,120.0,138.0,142.0,136.0,132.0,123.0,118.0,123.0,124.0,114.0,108.0,113.0,128.0,142.0,154.0,151.0,121.0,86.0,76.0,105.0,163.0,205.0,205.0,159.0,80.0,55.0,55.0,55.0,108.0,182.0,196.0,180.0,151.0,127.0,118.0,124.0,133.0,133.0,123.0,0.5335538618477705,0.8457660885299967
173.0,119.0,149.0,136.0,132.0,97.0,105.0,86.0,80.0,97.0,135.0,141.0,149.0,168.0,158.0,109.0,72.0,60.0,55.0,55.0,95.0,141.0,164.0,181.0,189.0,179.0,156.0,130.0,106.0,88.0,84.0,92.0,113.0,135.0,150.0,153.0,149.0,141.0,131.0,123.0,118.0,115.0,114.0,115.0,117.0,121.0,123.0,125.0,128.0,130.0,108.0,101.0,127.0,122.0,147.0,132.0,144.0,131.0,121.0,110.0,106.0,102.0,100.0,101.0,106.0,140.0,176.0,204.0,205.0,205.0,176.0,131.0,84.0,55.0,55.0,55.0,69.0,162.0,205.0,205.0,205.0,205.0,132.0,55.0,55.0,55.0,55.0,116.0,121.0,101.0,75.0,64.0,77.0,109.0,146.0,171.0,181.0,177.0,169.0,164.0,0.742058117112407,0.6703355509202755
99.0,59.0,55.0,88.0,107.0,109.0,128.0,135.0,143.0,153.0,173.0,147.0,123.0,132.0,164.0,169.0,165.0,154.0,118.0,75.0,67.0,85.0,100.0,115.0,135.0,153.0,165.0,173.0,170.0,150.0,119.0,92.0,80.0,86.0,103.0,122.0,140.0,151.0,156.0,155.0,153.0,149.0,146.0,144.0,141.0,137.0,132.0,131.0,131.0,131.0,171.0,120.0,64.0,80.0,115.0,141.0,133.0,124.0,120.0,118.0,106.0,83.0,79.0,93.0,114.0,135.0,158.0,170.0,183.0,188.0,166.0,115.0,63.0,55.0,55.0,55.0,73.0,194.0,205.0,205.0,205.0,205.0,134.0,55.0,55.0,55.0,55.0,55.0,103.0,160.0,178.0,176.0,163.0,147.0,133.0,126.0,125.0,125.0,124.0,121.0,0.8954646328791694,0.44513266703599097
74.0,85.0,74.0,89.0,110.0,155.0,169.0,177.0,171.0,172.0,160.0,152.0,134.0,102.0,61.0,55.0,73.0,105.0,133.0,154.0,163.0,165.0,170.0,169.0,151.0,119.0,92.0,81.0,88.0,105.0,121.0,133.0,141.0,145.0,146.0,144.0,141.0,138.0,138.0,140.0,141.0,139.0,136.0,133.0,132.0,131.0,130.0,128.0,125.0,131.0,145.0,145.0,145.0,129.0,104.0,106.0,118.0,130.0,130.0,122.0,108.0,108.0,135.0,168.0,180.0,158.0,115.0,78.0,68.0,90.0,124.0,137.0,126.0,119.0,136.0,176.0,205.0,205.0,163.0,87.0,55.0,55.0,55.0,91.0,167.0,191.0,182.0,152.0,123.0,112.0,121.0,136.0,143.0,135.0,119.0,108.0,108.0,116.0,125.0,126.0,0.9823829910014494,0.1868787280325025
143.0,57.0,111.0,84.0,167.0,141.0,174.0,159.0,141.0,88.0,67.0,55.0,55.0,55.0,89.0,155.0,181.0,204.0,200.0,178.0,138.0,105.0,82.0,76.0,81.0,99.0,123.0,145.0,156.0,160.0,154.0,142.0,127.0,119.0,116.0,119.0,123.0,126.0,128.0,128.0,128.0,129.0,132.0,132.0,133.0,133.0,135.0,136.0,138.0,139.0,149.0,89.0,123.0,133.0,155.0,108.0,103.0,108.0,125.0,155.0,154.0,149.0,139.0,143.0,141.0,152.0,133.0,94.0,57.0,55.0,66.0,136.0,201.0,205.0,179.0,125.0,86.0,80.0,118.0,166.0,179.0,145.0,87.0,55.0,55.0,55.0,101.0,190.0,205.0,205.0,205.0,152.0,128.0,123.0,120.0,117.0,111.0,100.0,94.0,97.0,0.9963595122552595,-0.08525093746382711
129.0,154.0,81.0,113.0,103.0,176.0,159.0,164.0,156.0,149.0,106.0,68.0,63.0,56.0,65.0,97.0,149.0,162.0,174.0,185.0,182.0,149.0,119.0,92.0,74.0,78.0,105.0,133.0,149.0,151.0,146.0,139.0,137.0,134.0,130.0,125.0,122.0,119.0,118.0,117.0,114.0,114.0,114.0,117.0,120.0,122.0,122.0,125.0,126.0,129.0,123.0,93.0,120.0,119.0,122.0,112.0,129.0,146.0,132.0,129.0,124.0,129.0,120.0,107.0,90.0,90.0,90.0,105.0,129.0,153.0,170.0,186.0,185.0,155.0,114.0,80.0,55.0,55.0,82.0,143.0,195.0,205.0,205.0,156.0,109.0,92.0,110.0,141.0,163.0,159.0,130.0,98.0,77.0,76.0,85.0,101.0,112.0,121.0,129.0,133.0,0.9363564413632499,-0.3510507295499479
134.0,143.0,82.0,115.0,160.0,190.0,193.0,158.0,126.0,70.0,77.0,68.0,95.0,108.0,160.0,190.0,205.0,205.0,183.0,119.0,73.0,55.0,55.0,67.0,102.0,135.0,166.0,189.0,193.0,175.0,139.0,107.0,90.0,94.0,106.0,122.0,129.0,135.0,137.0,139.0,135.0,131.0,127.0,126.0,128.0,128.0,127.0,125.0,124.0,125.0,109.0,119.0,121.0,107.0,102.0,126.0,142.0,145.0,143.0,133.0,121.0,108.0,97.0,90.0,95.0,102.0,106.0,115.0,136.0,166.0,192.0,190.0,147.0,86.0,55.0,55.0,55.0,100.0,189.0,205.0,205.0,186.0,124.0,78.0,68.0,92.0,134.0,166.0,176.0,163.0,139.0,118.0,109.0,107.0,106.0,102.0,102.0,109.0,119.0,127.0,0.8068290002182145,-0.5907850407778421
171.0,154.0,154.0,106.0,64.0,55.0,55.0,55.0,55.0,95.0,161.0,201.0,205.0,205.0,149.0,89.0,55.0,55.0,55.0,55.0,119.0,162.0,188.0,194.0,185.0,163.0,127.0,97.0,82.0,84.0,100.0,120.0,134.0,140.0,140.0,135.0,129.0,124.0,121.0,119.0,122.0,125.0,128.0,130.0,133.0,135.0,137.0,138.0,137.0,136.0,161.0,169.0,147.0,116.0,130.0,147.0,153.0,144.0,136.0,131.0,129.0,121.0,118.0,125.0,125.0,120.0,112.0,107.0,115.0,145.0,163.0,147.0,117.0,97.0,93.0,117.0,164.0,192.0,175.0,121.0,63.0,55.0,55.0,78.0,186.0,205.0,205.0,205.0,156.0,107.0,88.0,92.0,104.0,113.0,112.0,107.0,106.0,112.0,121.0,130.0,0.6173945881120115,-0.7866536229942628
203.0,189.0,153.0,172.0,162.0,142.0,56.0,55.0,55.0,55.0,55.0,115.0,200.0,205.0,205.0,198.0,167.0,100.0,55.0,55.0,55.0,55.0,115.0,157.0,176.0,183.0,179.0,163.0,140.0,115.0,98.0,96.0,106.0,117.0,127.0,129.0,127.0,124.0,121.0,119.0,116.0,115.0,117.0,121.0,125.0,127.0,128.0,130.0,132.0,133.0,162.0,111.0,123.0,141.0,144.0,127.0,129.0,126.0,124.0,109.0,103.0,90.0,90.0,104.0,132.0,159.0,175.0,186.0,183.0,156.0,118.0,85.0,59.0,55.0,85.0,144.0,194.0,205.0,205.0,148.0,102.0,91.0,119.0,158.0,178.0,166.0,128.0,86.0,62.0,62.0,79.0,103.0,122.0,131.0,132.0,133.0,137.0,145.0,152.0,152.0,0.3821186908192161,-0.9241132539502982
126.0,62.0,55.0,68.0,90.0,113.0,142.0,184.0,205.0,205.0,194.0,114.0,55.0,55.0,55.0,55.0,87.0,143.0,179.0,202.0,205.0,189.0,146.0,98.0,69.0,69.0,89.0,115.0,134.0,143.0,146.0,145.0,140.0,132.0,124.0,120.0,122.0,123.0,124.0,122.0,120.0,121.0,124.0,126.0,126.0,126.0,125.0,126.0,127.0,130.0,143.0,117.0,113.0,126.0,133.0,129.0,113.0,104.0,100.0,99.0,111.0,125.0,134.0,141.0,147.0,147.0,144.0,135.0,114.0,91.0,75.0,77.0,100.0,144.0,189.0,205.0,205.0,177.0,120.0,71.0,55.0,67.0,106.0,146.0,168.0,166.0,147.0,126.0,113.0,109.0,111.0,115.0,118.0,120.0,121.0,122.0,123.0,125.0,127.0,127.0,0.11847051971321816,-0.9929575700697789
171.0,181.0,173.0,124.0,87.0,60.0,56.0,68.0,93.0,128.0,163.0,182.0,168.0,141.0,100.0,69.0,63.0,81.0,105.0,139.0,166.0,179.0,175.0,161.0,134.0,105.0,87.0,86.0,100.0,122.0,141.0,151.0,152.0,148.0,142.0,137.0,132.0,128.0,128.0,129.0,131.0,132.0,132.0,133.0,135.0,136.0,136.0,136.0,134.0,133.0,160.0,136.0,120.0,116.0,117.0,134.0,132.0,124.0,129.0,143.0,149.0,146.0,129.0,102.0,92.0,102.0,110.0,113.0,127.0,144.0,160.0,183.0,198.0,180.0,128.0,68.0,55.0,55.0,55.0,104.0,196.0,205.0,205.0,182.0,128.0,95.0,88.0,99.0,115.0,124.0,121.0,114.0,112.0,115.0,121.0,128.0,132.0,133.0,133.0,135.0,-0.1539740753962432,-0.9880748879036811
126.0,107.0,55.0,55.0,103.0,157.0,164.0,156.0,156.0,143.0,113.0,87.0,56.0,55.0,55.0,55.0,90.0,171.0,203.0,196.0,174.0,162.0,138.0,111.0,96.0,86.0,82.0,102.0,133.0,154.0,157.0,148.0,136.0,130.0,131.0,131.0,132.0,131.0,129.0,128.0,126.0,123.0,121.0,123.0,128.0,133.0,135.0,136.0,137.0,139.0,146.0,114.0,111.0,134.0,144.0,130.0,103.0,96.0,109.0,135.0,150.0,142.0,125.0,126.0,143.0,157.0,163.0,147.0,107.0,76.0,83.0,123.0,166.0,188.0,172.0,127.0,91.0,90.0,124.0,164.0,184.0,170.0,128.0,87.0,65.0,70.0,92.0,118.0,131.0,132.0,131.0,129.0,133.0,138.0,146.0,148.0,143.0,134.0,128.0,128.0,-0.4149861111145118,-0.9098277461047526
129.0,95.0,181.0,167.0,205.0,183.0,159.0,112.0,74.0,55.0,55.0,80.0,101.0,139.0,156.0,181.0,192.0,202.0,184.0,159.0,124.0,97.0,82.0,90.0,101.0,111.0,121.0,128.0,132.0,141.0,153.0,159.0,157.0,144.0,126.0,111.0,104.0,104.0,110.0,116.0,122.0,125.0,129.0,131.0,132.0,139.0,135.0,130.0,126.0,129.0,205.0,118.0,67.0,93.0,110.0,127.0,113.0,115.0,121.0,145.0,136.0,119.0,100.0,99.0,102.0,107.0,113.0,120.0,131.0,143.0,154.0,155.0,145.0,121.0,93.0,67.0,59.0,77.0,119.0,172.0,205.0,205.0,205.0,186.0,124.0,65.0,55.0,55.0,55.0,135.0,184.0,204.0,193.0,164.0,132.0,110.0,101.0,101.0,107.0,110.0,-0.6451854704154704,-0.7640259869695325
104.0,64.0,78.0,67.0,73.0,76.0,103.0,136.0,172.0,182.0,163.0,135.0,104.0,69.0,55.0,55.0,55.0,55.0,119.0,175.0,201.0,205.0,194.0,160.0,126.0,104.0,90.0,83.0,87.0,99.0,118.0,138.0,151.0,155.0,152.0,143.0,134.0,128.0,124.0,122.0,122.0,124.0,127.0,130.0,132.0,134.0,136.0,137.0,138.0,139.0,138.0,103.0,92.0,113.0,133.0,139.0,147.0,146.0,122.0,93.0,83.0,93.0,107.0,116.0,126.0,137.0,156.0,185.0,202.0,177.0,111.0,55.0,55.0,55.0,55.0,124.0,205.0,205.0,205.0,178.0,141.0,123.0,115.0,100.0,77.0,62.0,64.0,94.0,137.0,173.0,187.0,178.0,153.0,128.0,115.0,116.0,124.0,129.0,125.0,114.0,-0.8274798743537777,-0.5614953762404961
106.0,172.0,103.0,146.0,107.0,104.0,55.0,61.0,55.0,55.0,55.0,122.0,157.0,189.0,198.0,166.0,134.0,111.0,89.0,78.0,88.0,93.0,108.0,140.0,174.0,183.0,178.0,155.0,127.0,109.0,106.0,111.0,122.0,129.0,132.0,132.0,130.0,124.0,120.0,120.0,122.0,126.0,129.0,132.0,135.0,138.0,142.0,145.0,145.0,145.0,141.0,113.0,104.0,112.0,117.0,120.0,134.0,145.0,137.0,115.0,97.0,100.0,117.0,133.0,142.0,136.0,126.0,129.0,144.0,152.0,137.0,104.0,66.0,55.0,55.0,122.0,177.0,204.0,201.0,175.0,143.0,121.0,108.0,94.0,78.0,70.0,80.0,107.0,145.0,177.0,191.0,183.0,161.0,134.0,113.0,107.0,112.0,118.0,124.0,120.0,-0.94833398203295,-0.31727379110403753
205.0,190.0,205.0,119.0,149.0,58.0,70.0,55.0,84.0,95.0,141.0,151.0,178.0,196.0,205.0,197.0,158.0,117.0,75.0,55.0,67.0,102.0,116.0,132.0,143.0,149.0,153.0,166.0,164.0,149.0,127.0,110.0,100.0,104.0,111.0,120.0,125.0,130.0,130.0,132.0,132.0,131.0,131.0,131.0,132.0,132.0,131.0,130.0,131.0,130.0,114.0,115.0,100.0,104.0,119.0,144.0,146.0,124.0,101.0,95.0,100.0,104.0,111.0,115.0,123.0,135.0,149.0,155.0,152.0,132.0,103.0,73.0,57.0,64.0,98.0,149.0,196.0,205.0,205.0,205.0,160.0,94.0,55.0,55.0,55.0,72.0,164.0,203.0,205.0,184.0,153.0,125.0,107.0,99.0,98.0,102.0,105.0,105.0,105.0,106.0,-0.998774388286206,-0.0494946593433581
55.0,55.0,55.0,97.0,159.0,171.0,155.0,140.0,127.0,113.0,76.0,55.0,55.0,55.0,55.0,108.0,132.0,133.0,140.0,158.0,164.0,154.0,144.0,135.0,124.0,119.0,117.0,112.0,106.0,106.0,113.0,128.0,143.0,152.0,153.0,149.0,141.0,133.0,127.0,123.0,122.0,123.0,127.0,131.0,133.0,135.0,137.0,139.0,142.0,144.0,161.0,145.0,147.0,148.0,150.0,122.0,95.0,97.0,122.0,150.0,160.0,144.0,125.0,136.0,158.0,163.0,138.0,95.0,56.0,55.0,89.0,159.0,205.0,205.0,205.0,163.0,130.0,110.0,92.0,68.0,55.0,55.0,73.0,144.0,205.0,205.0,205.0,172.0,111.0,70.0,63.0,84.0,115.0,136.0,139.0,128.0,116.0,115.0,126.0,140.0,-0.9750558980946904,0.2219594458245845
94.0,55.0,55.0,55.0,64.0,61.0,71.0,106.0,160.0,205.0,192.0,139.0,96.0,77.0,57.0,55.0,55.0,56.0,57.0,130.0,188.0,205.0,205.0,187.0,153.0,124.0,106.0,95.0,86.0,87.0,98.0,118.0,136.0,148.0,153.0,152.0,150.0,143.0,137.0,131.0,129.0,130.0,135.0,139.0,140.0,140.0,141.0,143.0,144.0,145.0,130.0,157.0,161.0,133.0,103.0,124.0,125.0,117.0,123.0,131.0,143.0,143.0,141.0,139.0,146.0,134.0,107.0,73.0,55.0,64.0,122.0,177.0,204.0,205.0,188.0,153.0,126.0,116.0,107.0,94.0,78.0,68.0,70.0,98.0,151.0,204.0,205.0,205.0,183.0,127.0,89.0,78.0,86.0,98.0,106.0,106.0,104.0,106.0,113.0,124.0,-0.8789396069355877,0.4769330847822519
150.0,102.0,106.0,120.0,123.0,126.0,140.0,150.0,151.0,160.0,153.0,126.0,100.0,111.0,109.0,100.0,106.0,123.0,115.0,115.0,132.0,140.0,133.0,133.0,135.0,128.0,127.0,130.0,132.0,127.0,120.0,113.0,114.0,121.0,129.0,136.0,140.0,139.0,134.0,131.0,128.0,125.0,122.0,121.0,121.0,122.0,122.0,122.0,122.0,123.0,168.0,133.0,110.0,130.0,121.0,121.0,103.0,95.0,91.0,106.0,117.0,126.0,133.0,144.0,151.0,150.0,132.0,102.0,77.0,61.0,66.0,92.0,145.0,190.0,205.0,205.0,205.0,166.0,100.0,55.0,55.0,55.0,62.0,156.0,200.0,205.0,189.0,155.0,122.0,103.0,97.0,100.0,105.0,108.0,107.0,104.0,104.0,108.0,116.0,124.0,-0.7175621396225895,0.6964944908470212
162.0,102.0,92.0,65.0,83.0,67.0,92.0,90.0,95.0,98.0,129.0,126.0,116.0,113.0,117.0,114.0,123.0,148.0,151.0,130.0,119.0,125.0,123.0,124.0,127.0,127.0,123.0,134.0,149.0,154.0,146.0,130.0,117.0,113.0,117.0,122.0,126.0,130.0,131.0,133.0,136.0,136.0,136.0,138.0,142.0,146.0,148.0,147.0,145.0,145.0,171.0,149.0,126.0,112.0,97.0,135.0,154.0,158.0,145.0,120.0,115.0,125.0,132.0,115.0,92.0,73.0,81.0,121.0,177.0,205.0,205.0,162.0,115.0,91.0,93.0,101.0,94.0,73.0,58.0,72.0,126.0,199.0,205.0,205.0,205.0,133.0,79.0,55.0,64.0,95.0,123.0,133.0,125.0,113.0,109.0,119.0,135.0,148.0,150.0,144.0,-0.502905756641484,0.8643412520161562
158.0,164.0,165.0,137.0,114.0,72.0,56.0,55.0,55.0,55.0,95.0,173.0,204.0,205.0,186.0,153.0,124.0,110.0,101.0,92.0,87.0,95.0,114.0,136.0,147.0,149.0,146.0,140.0,132.0,126.0,122.0,122.0,123.0,126.0,129.0,132.0,135.0,137.0,140.0,142.0,143.0,142.0,143.0,144.0,145.0,146.0,144.0,141.0,136.0,133.0,163.0,139.0,113.0,86.0,131.0,133.0,127.0,113.0,120.0,136.0,141.0,118.0,99.0,103.0,107.0,118.0,125.0,127.0,132.0,156.0,171.0,167.0,159.0,140.0,102.0,71.0,68.0,85.0,113.0,152.0,187.0,197.0,189.0,172.0,147.0,119.0,97.0,85.0,82.0,89.0,102.0,115.0,124.0,129.0,128.0,127.0,129.0,133.0,137.0,140.0,-0.2509086725314221,0.9680107633949736
124.0,155.0,173.0,169.0,118.0,84.0,98.0,105.0,97.0,103.0,128.0,133.0,144.0,160.0,152.0,106.0,81.0,87.0,98.0,111.0,133.0,146.0,147.0,149.0,149.0,141.0,125.0,109.0,103.0,108.0,120.0,129.0,137.0,139.0,137.0,133.0,128.0,123.0,119.0,117.0,118.0,121.0,121.0,121.0,121.0,124.0,126.0,128.0,128.0,128.0,115.0,79.0,73.0,99.0,127.0,138.0,128.0,118.0,104.0,91.0,79.0,78.0,92.0,109.0,128.0,143.0,153.0,161.0,163.0,146.0,108.0,63.0,55.0,55.0,55.0,113.0,205.0,205.0,205.0,205.0,205.0,68.0,55.0,55.0,55.0,55.0,124.0,183.0,203.0,198.0,174.0,142.0,115.0,97.0,89.0,89.0,94.0,99.0,102.0,104.0,0.019718354918772968,0.9998055743389799
110.0,60.0,87.0,91.0,109.0,91.0,108.0,136.0,149.0,159.0,167.0,167.0,133.0,128.0,146.0,160.0,155.0,159.0,151.0,122.0,105.0,109.0,109.0,107.0,114.0,125.0,135.0,149.0,155.0,153.0,140.0,125.0,109.0,103.0,104.0,109.0,120.0,132.0,142.0,146.0,150.0,150.0,150.0,149.0,146.0,142.0,138.0,135.0,131.0,129.0,115.0,126.0,112.0,109.0,107.0,139.0,155.0,139.0,110.0,93.0,90.0,99.0,116.0,131.0,141.0,151.0,154.0,150.0,144.0,126.0,92.0,56.0,55.0,55.0,56.0,155.0,205.0,205.0,205.0,205.0,135.0,56.0,55.0,55.0,55.0,60.0,142.0,205.0,205.0,205.0,182.0,152.0,129.0,114.0,105.0,102.0,102.0,102.0,100.0,98.0,0.28888129652773875,0.9573649233789865
93.0,55.0,55.0,104.0,113.0,140.0,116.0,118.0,109.0,149.0,145.0,143.0,134.0,150.0,158.0,165.0,162.0,146.0,108.0,80.0,83.0,99.0,116.0,134.0,146.0,150.0,157.0,162.0,155.0,134.0,112.0,97.0,96.0,106.0,120.0,131.0,141.0,147.0,151.0,152.0,150.0,147.0,147.0,147.0,147.0,144.0,140.0,136.0,134.0,133.0,196.0,100.0,71.0,127.0,120.0,138.0,109.0,134.0,129.0,143.0,113.0,105.0,98.0,106.0,115.0,122.0,126.0,136.0,162.0,173.0,166.0,151.0,129.0,91.0,67.0,71.0,95.0,125.0,162.0,190.0,201.0,193.0,172.0,138.0,99.0,70.0,63.0,80.0,107.0,135.0,144.0,137.0,122.0,109.0,106.0,114.0,127.0,137.0,143.0,143.0,0.5365948313384408,0.8438400245193814
146.0,125.0,121.0,113.0,105.0,110.0,80.0,73.0,97.0,136.0,142.0,154.0,168.0,148.0,98.0,68.0,56.0,55.0,55.0,96.0,141.0,167.0,185.0,192.0,178.0,154.0,126.0,102.0,84.0,79.0,89.0,111.0,135.0,150.0,154.0,149.0,140.0,130.0,122.0,116.0,113.0,113.0,114.0,117.0,120.0,123.0,125.0,128.0,130.0,132.0,136.0,154.0,143.0,151.0,131.0,135.0,118.0,88.0,64.0,85.0,115.0,145.0,157.0,157.0,164.0,176.0,172.0,134.0,81.0,55.0,55.0,55.0,104.0,205.0,205.0,205.0,205.0,205.0,156.0,55.0,55.0,55.0,55.0,62.0,150.0,205.0,205.0,205.0,158.0,98.0,55.0,55.0,55.0,56.0,105.0,119.0,122.0,119.0,121.0,129.0,0.7444662546605727,0.667660089919758
117.0,68.0,55.0,74.0,88.0,111.0,102.0,116.0,154.0,183.0,175.0,166.0,178.0,172.0,155.0,140.0,117.0,73.0,55.0,67.0,93.0,110.0,133.0,156.0,169.0,177.0,174.0,160.0,133.0,104.0,84.0,80.0,90.0,107.0,125.0,139.0,148.0,149.0,148.0,144.0,139.0,138.0,137.0,137.0,136.0,132.0,128.0,126.0,124.0,123.0,192.0,173.0,164.0,135.0,113.0,97.0,112.0,87.0,90.0,124.0,155.0,169.0,161.0,143.0,138.0,144.0,117.0,70.0,55.0,55.0,55.0,121.0,205.0,205.0,205.0,205.0,205.0,55.0,55.0,55.0,55.0,55.0,78.0,205.0,205.0,205.0,205.0,205.0,103.0,59.0,55.0,68.0,105.0,130.0,134.0,124.0,110.0,103.0,110.0,126.0,0.8970611345175319,0.4419064617519396
88.0,55.0,73.0,89.0,90.0,86.0,99.0,144.0,169.0,181.0,179.0,175.0,158.0,147.0,133.0,106.0,66.0,55.0,68.0,102.0,130.0,153.0,163.0,165.0,169.0,169.0,152.0,121.0,94.0,80.0,86.0,103.0,120.0,131.0,140.0,144.0,147.0,145.0,141.0,137.0,138.0,140.0,142.0,140.0,136.0,133.0,131.0,131.0,130.0,127.0,205.0,176.0,124.0,108.0,134.0,115.0,103.0,89.0,95.0,125.0,140.0,134.0,119.0,143.0,170.0,183.0,165.0,135.0,93.0,66.0,74.0,103.0,132.0,153.0,169.0,177.0,180.0,175.0,152.0,104.0,62.0,55.0,86.0,145.0,191.0,193.0,147.0,81.0,55.0,55.0,55.0,136.0,183.0,205.0,189.0,158.0,129.0,121.0,128.0,136.0,0.9830493166462262,0.1833413238781362
139.0,140.0,114.0,107.0,98.0,115.0,96.0,100.0,121.0,134.0,112.0,100.0,93.0,76.0,67.0,92.0,125.0,146.0,164.0,177.0,174.0,158.0,134.0,108.0,88.0,80.0,89.0,111.0,135.0,150.0,156.0,153.0,145.0,134.0,125.0,117.0,113.0,112.0,113.0,115.0,117.0,119.0,121.0,125.0,129.0,132.0,133.0,135.0,136.0,137.0,179.0,134.0,122.0,128.0,115.0,106.0,116.0,123.0,132.0,134.0,127.0,124.0,122.0,113.0,98.0,89.0,90.0,105.0,133.0,166.0,192.0,205.0,205.0,183.0,144.0,97.0,55.0,55.0,55.0,55.0,111.0,205.0,205.0,205.0,205.0,205.0,66.0,55.0,55.0,55.0,55.0,82.0,95.0,102.0,109.0,121.0,134.0,149.0,159.0,164.0,0.996046187295294,-0.08883688859087803
137.0,96.0,84.0,103.0,130.0,154.0,192.0,202.0,191.0,175.0,159.0,94.0,55.0,55.0,55.0,55.0,90.0,152.0,176.0,172.0,173.0,175.0,156.0,127.0,104.0,87.0,81.0,98.0,126.0,144.0,147.0,138.0,130.0,130.0,136.0,140.0,142.0,141.0,136.0,131.0,126.0,123.0,119.0,117.0,118.0,120.0,120.0,120.0,123.0,130.0,138.0,86.0,74.0,115.0,126.0,142.0,130.0,122.0,112.0,99.0,81.0,83.0,99.0,115.0,139.0,160.0,173.0,185.0,186.0,158.0,107.0,58.0,55.0,55.0,55.0,73.0,204.0,205.0,205.0,205.0,205.0,102.0,55.0,55.0,55.0,55.0,56.0,128.0,164.0,178.0,174.0,160.0,144.0,132.0,126.0,125.0,125.0,124.0,121.0,116.0,0.9350867301448613,-0.3544189711443101
145.0,193.0,181.0,150.0,97.0,59.0,60.0,76.0,95.0,130.0,172.0,205.0,205.0,205.0,144.0,73.0,55.0,55.0,55.0,56.0,126.0,165.0,194.0,205.0,202.0,165.0,116.0,77.0,65.0,78.0,104.0,127.0,141.0,145.0,146.0,143.0,135.0,128.0,122.0,121.0,122.0,124.0,123.0,121.0,120.0,123.0,125.0,126.0,126.0,125.0,144.0,144.0,146.0,135.0,108.0,103.0,113.0,128.0,131.0,125.0,112.0,106.0,125.0,159.0,180.0,168.0,128.0,86.0,67.0,81.0,116.0,136.0,130.0,120.0,129.0,164.0,203.0,205.0,183.0,109.0,55.0,55.0,55.0,68.0,159.0,192.0,185.0,157.0,128.0,114.0,120.0,134.0,142.0,137.0,123.0,110.0,108.0,115.0,124.0,126.0,0.8046971786698403,-0.5936854812447406
55.0,55.0,107.0,156.0,175.0,182.0,188.0,172.0,129.0,82.0,55.0,55.0,55.0,69.0,129.0,163.0,187.0,192.0,185.0,165.0,135.0,102.0,81.0,77.0,89.0,111.0,131.0,142.0,145.0,143.0,138.0,133.0,130.0,128.0,129.0,132.0,134.0,135.0,136.0,137.0,138.0,138.0,138.0,137.0,136.0,136.0,136.0,135.0,134.0,133.0,158.0,127.0,97.0,99.0,109.0,135.0,101.0,80.0,89.0,121.0,158.0,172.0,169.0,164.0,168.0,161.0,145.0,105.0,55.0,55.0,55.0,55.0,152.0,205.0,205.0,205.0,138.0,79.0,57.0,83.0,136.0,167.0,151.0,102.0,55.0,55.0,55.0,55.0,144.0,199.0,205.0,205.0,205.0,178.0,159.0,141.0,122.0,105.0,91.0,84.0,0.6149612635261078,-0.7885573183747475
176.0,132.0,170.0,140.0,124.0,55.0,55.0,55.0,55.0,87.0,156.0,180.0,188.0,202.0,198.0,142.0,71.0,55.0,55.0,55.0,55.0,113.0,176.0,199.0,205.0,196.0,169.0,137.0,107.0,86.0,78.0,86.0,103.0,125.0,141.0,148.0,149.0,144.0,135.0,128.0,123.0,122.0,122.0,123.0,124.0,126.0,129.0,131.0,132.0,134.0,150.0,136.0,101.0,128.0,114.0,122.0,90.0,85.0,106.0,128.0,150.0,146.0,149.0,149.0,155.0,132.0,112.0,76.0,55.0,55.0,55.0,135.0,199.0,205.0,205.0,205.0,143.0,78.0,55.0,55.0,55.0,73.0,156.0,191.0,195.0,173.0,140.0,117.0,112.0,119.0,133.0,141.0,139.0,129.0,118.0,107.0,101.0,101.0,107.0,115.0,0.3800370782275023,-0.9249712531599581
205.0,127.0,59.0,55.0,70.0,91.0,115.0,146.0,186.0,205.0,205.0,184.0,110.0,55.0,55.0,55.0,55.0,88.0,145.0,180.0,203.0,205.0,183.0,143.0,95.0,68.0,70.0,90.0,116.0,137.0,145.0,142.0,140.0,138.0,134.0,128.0,121.0,120.0,122.0,123.0,122.0,121.0,122.0,125.0,126.0,125.0,125.0,125.0,126.0,127.0,166.0,151.0,113.0,90.0,102.0,148.0,157.0,152.0,132.0,119.0,109.0,104.0,94.0,95.0,100.0,105.0,114.0,133.0,161.0,188.0,194.0,160.0,100.0,55.0,55.0,55.0,75.0,177.0,205.0,205.0,205.0,137.0,86.0,67.0,86.0,126.0,162.0,178.0,169.0,146.0,124.0,110.0,104.0,102.0,102.0,106.0,111.0,118.0,123.0,127.0,0.11722408115707901,-0.9931054902662045
141.0,108.0,126.0,134.0,138.0,107.0,79.0,55.0,57.0,86.0,126.0,149.0,171.0,174.0,159.0,129.0,97.0,64.0,55.0,69.0,97.0,131.0,163.0,181.0,182.0,173.0,150.0,118.0,92.0,83.0,90.0,110.0,131.0,143.0,145.0,142.0,137.0,132.0,127.0,123.0,122.0,124.0,127.0,130.0,131.0,132.0,133.0,135.0,136.0,136.0,183.0,155.0,114.0,127.0,144.0,154.0,146.0,132.0,126.0,129.0,125.0,121.0,125.0,123.0,118.0,112.0,107.0,115.0,144.0,163.0,147.0,117.0,97.0,93.0,116.0,162.0,190.0,174.0,121.0,62.0,55.0,55.0,95.0,183.0,205.0,205.0,205.0,160.0,110.0,88.0,89.0,102.0,112.0,112.0,108.0,106.0,111.0,120.0,129.0,134.0,-0.15422860688089848,-0.9880351900714758
55.0,94.0,75.0,124.0,142.0,189.0,188.0,179.0,169.0,118.0,75.0,55.0,55.0,55.0,55.0,55.0,96.0,179.0,205.0,205.0,205.0,183.0,144.0,107.0,79.0,58.0,55.0,67.0,106.0,142.0,167.0,175.0,168.0,154.0,141.0,135.0,131.0,126.0,119.0,119.0,123.0,129.0,131.0,131.0,131.0,132.0,134.0,137.0,139.0,141.0,100.0,108.0,123.0,127.0,125.0,114.0,138.0,147.0,137.0,120.0,125.0,129.0,125.0,107.0,91.0,87.0,94.0,112.0,137.0,157.0,171.0,186.0,183.0,154.0,115.0,82.0,56.0,55.0,91.0,151.0,199.0,205.0,194.0,140.0,97.0,92.0,123.0,161.0,179.0,163.0,123.0,82.0,61.0,63.0,81.0,105.0,123.0,131.0,132.0,133.0,-0.41444310753439745,-0.9100752225048389
123.0,113.0,125.0,152.0,188.0,201.0,173.0,119.0,67.0,55.0,55.0,55.0,102.0,129.0,154.0,180.0,195.0,194.0,168.0,124.0,85.0,67.0,75.0,98.0,123.0,140.0,149.0,151.0,148.0,140.0,132.0,127.0,124.0,125.0,125.0,123.0,121.0,121.0,122.0,123.0,124.0,123.0,123.0,124.0,127.0,128.0,129.0,129.0,129.0,131.0,182.0,123.0,87.0,112.0,139.0,164.0,153.0,127.0,107.0,101.0,97.0,96.0,100.0,101.0,107.0,122.0,148.0,176.0,195.0,179.0,127.0,68.0,55.0,55.0,55.0,140.0,205.0,205.0,205.0,167.0,107.0,71.0,72.0,105.0,146.0,173.0,175.0,158.0,134.0,116.0,106.0,102.0,101.0,103.0,108.0,115.0,121.0,125.0,128.0,129.0,-0.6442865785114569,-0.7647841556609292
165.0,128.0,92.0,98.0,105.0,87.0,62.0,56.0,84.0,123.0,160.0,179.0,176.0,152.0,130.0,97.0,61.0,55.0,55.0,55.0,59.0,145.0,188.0,205.0,205.0,186.0,149.0,119.0,100.0,88.0,85.0,93.0,107.0,127.0,145.0,155.0,156.0,151.0,142.0,134.0,128.0,125.0,123.0,125.0,127.0,130.0,132.0,134.0,136.0,137.0,144.0,118.0,113.0,127.0,133.0,132.0,135.0,143.0,147.0,145.0,128.0,101.0,93.0,103.0,111.0,116.0,131.0,146.0,162.0,187.0,199.0,177.0,124.0,65.0,55.0,55.0,55.0,112.0,205.0,205.0,205.0,172.0,120.0,92.0,89.0,103.0,118.0,124.0,120.0,113.0,112.0,116.0,123.0,129.0,132.0,132.0,133.0,136.0,141.0,143.0,-0.8267151232406476,-0.5626207470447574
150.0,130.0,157.0,118.0,129.0,112.0,84.0,64.0,56.0,55.0,55.0,58.0,124.0,169.0,192.0,191.0,154.0,132.0,117.0,102.0,94.0,96.0,92.0,104.0,137.0,165.0,174.0,168.0,146.0,125.0,115.0,117.0,122.0,126.0,128.0,126.0,126.0,123.0,119.0,117.0,120.0,123.0,128.0,131.0,133.0,136.0,140.0,143.0,145.0,145.0,164.0,128.0,102.0,112.0,133.0,150.0,132.0,102.0,94.0,107.0,133.0,147.0,145.0,127.0,125.0,138.0,154.0,162.0,153.0,117.0,80.0,78.0,111.0,156.0,186.0,179.0,139.0,97.0,87.0,113.0,154.0,179.0,173.0,141.0,102.0,74.0,67.0,81.0,109.0,130.0,137.0,132.0,125.0,126.0,136.0,148.0,152.0,146.0,134.0,127.0,-0.9480022266241566,-0.3182636930528541
143.0,56.0,56.0,55.0,90.0,112.0,160.0,163.0,186.0,195.0,205.0,180.0,137.0,99.0,69.0,70.0,112.0,153.0,154.0,143.0,129.0,121.0,125.0,140.0,139.0,128.0,118.0,119.0,130.0,136.0,129.0,120.0,114.0,115.0,115.0,118.0,120.0,125.0,131.0,135.0,137.0,136.0,134.0,131.0,131.0,129.0,127.0,124.0,122.0,122.0,121.0,93.0,91.0,96.0,113.0,125.0,133.0,137.0,129.0,113.0,101.0,98.0,101.0,105.0,112.0,119.0,128.0,141.0,152.0,155.0,144.0,119.0,86.0,60.0,55.0,75.0,123.0,177.0,205.0,205.0,205.0,187.0,126.0,67.0,55.0,55.0,55.0,107.0,181.0,205.0,204.0,174.0,139.0,113.0,99.0,97.0,101.0,105.0,106.0,104.0,-0.9987678525724575,-0.04962637068940007
127.0,96.0,79.0,123.0,138.0,129.0,96.0,78.0,58.0,61.0,78.0,95.0,94.0,108.0,129.0,133.0,124.0,120.0,106.0,85.0,85.0,111.0,136.0,152.0,164.0,165.0,154.0,142.0,131.0,118.0,107.0,104.0,111.0,125.0,139.0,146.0,147.0,142.0,135.0,128.0,123.0,121.0,121.0,125.0,130.0,135.0,138.0,141.0,143.0,147.0,78.0,105.0,95.0,142.0,115.0,142.0,124.0,135.0,113.0,90.0,94.0,113.0,142.0,158.0,172.0,161.0,160.0,153.0,139.0,103.0,69.0,55.0,55.0,82.0,151.0,205.0,205.0,205.0,193.0,142.0,113.0,97.0,80.0,59.0,55.0,55.0,55.0,134.0,182.0,204.0,195.0,165.0,132.0,112.0,109.0,118.0,128.0,130.0,125.0,117.0,-0.9747313645931944,0.22338031891437757
55.0,55.0,105.0,163.0,202.0,184.0,142.0,102.0,87.0,58.0,55.0,55.0,55.0,56.0,117.0,180.0,205.0,205.0,191.0,158.0,126.0,107.0,94.0,86.0,85.0,95.0,113.0,132.0,145.0,151.0,152.0,150.0,144.0,137.0,131.0,128.0,128.0,133.0,136.0,138.0,139.0,139.0,142.0,144.0,145.0,144.0,143.0,142.0,143.0,143.0,144.0,89.0,90.0,125.0,156.0,136.0,102.0,99.0,104.0,127.0,130.0,135.0,127.0,129.0,130.0,142.0,144.0,128.0,100.0,70.0,55.0,64.0,116.0,164.0,187.0,189.0,173.0,147.0,129.0,122.0,116.0,106.0,98.0,92.0,92.0,102.0,126.0,157.0,183.0,195.0,187.0,166.0,142.0,124.0,111.0,102.0,94.0,89.0,88.0,93.0,-0.8771242334072893,0.48026355178138913
118.0,89.0,95.0,125.0,133.0,150.0,145.0,147.0,149.0,157.0,128.0,105.0,107.0,111.0,103.0,110.0,120.0,105.0,99.0,122.0,138.0,136.0,135.0,139.0,135.0,132.0,135.0,135.0,128.0,116.0,107.0,107.0,117.0,127.0,137.0,141.0,145.0,142.0,136.0,127.0,120.0,119.0,121.0,123.0,122.0,121.0,120.0,121.0,123.0,125.0,144.0,113.0,113.0,135.0,137.0,121.0,101.0,91.0,96.0,107.0,118.0,123.0,131.0,143.0,154.0,154.0,139.0,110.0,78.0,58.0,58.0,88.0,135.0,184.0,205.0,205.0,205.0,177.0,110.0,55.0,55.0,55.0,55.0,143.0,192.0,205.0,195.0,164.0,131.0,108.0,98.0,98.0,102.0,105.0,106.0,104.0,104.0,108.0,115.0,123.0,-0.7127171388778809,0.7014515521044395
57.0,86.0,55.0,88.0,88.0,101.0,89.0,97.0,127.0,132.0,127.0,109.0,122.0,110.0,122.0,141.0,164.0,141.0,128.0,129.0,133.0,127.0,128.0,122.0,115.0,123.0,142.0,152.0,150.0,139.0,127.0,122.0,122.0,122.0,124.0,125.0,126.0,130.0,134.0,137.0,137.0,140.0,143.0,147.0,148.0,148.0,146.0,146.0,145.0,145.0,186.0,113.0,78.0,81.0,138.0,160.0,148.0,122.0,119.0,119.0,131.0,120.0,97.0,78.0,72.0,84.0,128.0,181.0,204.0,195.0,155.0,106.0,79.0,80.0,82.0,74.0,62.0,60.0,87.0,152.0,205.0,205.0,205.0,205.0,121.0,55.0,55.0,55.0,55.0,135.0,170.0,170.0,151.0,131.0,125.0,129.0,136.0,137.0,131.0,124.0,-0.4934400914828079,0.869779785990361
55.0,79.0,132.0,170.0,134.0,96.0,85.0,77.0,75.0,83.0,80.0,68.0,89.0,139.0,179.0,188.0,181.0,159.0,133.0,115.0,106.0,99.0,96.0,99.0,112.0,129.0,144.0,150.0,149.0,145.0,137.0,129.0,121.0,116.0,115.0,117.0,121.0,125.0,128.0,130.0,133.0,137.0,141.0,143.0,143.0,143.0,144.0,145.0,145.0,144.0,150.0,111.0,104.0,127.0,159.0,133.0,141.0,144.0,137.0,121.0,109.0,106.0,113.0,108.0,90.0,89.0,103.0,138.0,173.0,182.0,154.0,127.0,112.0,107.0,117.0,139.0,139.0,114.0,92.0,87.0,101.0,137.0,180.0,204.0,201.0,179.0,157.0,138.0,127.0,117.0,102.0,82.0,68.0,66.0,78.0,99.0,121.0,134.0,140.0,141.0,-0.2356025166611406,0.9718495017969279
168.0,138.0,123.0,141.0,159.0,174.0,155.0,107.0,85.0,107.0,102.0,95.0,105.0,129.0,137.0,156.0,168.0,139.0,90.0,75.0,90.0,103.0,119.0,138.0,146.0,147.0,150.0,150.0,139.0,122.0,106.0,102.0,109.0,122.0,131.0,138.0,139.0,136.0,132.0,127.0,122.0,118.0,117.0,118.0,121.0,121.0,121.0,121.0,124.0,126.0,205.0,129.0,62.0,78.0,95.0,122.0,119.0,114.0,114.0,133.0,129.0,119.0,102.0,90.0,82.0,85.0,94.0,111.0,141.0,160.0,168.0,163.0,155.0,134.0,105.0,70.0,55.0,55.0,57.0,154.0,205.0,205.0,205.0,205.0,120.0,56.0,55.0,55.0,55.0,124.0,185.0,193.0,173.0,139.0,112.0,98.0,96.0,101.0,107.0,111.0,0.041248842599659385,0.9991489043101577
55.0,57.0,104.0,123.0,145.0,135.0,139.0,150.0,175.0,146.0,124.0,136.0,164.0,168.0,166.0,152.0,114.0,71.0,67.0,83.0,98.0,120.0,143.0,158.0,167.0,172.0,168.0,146.0,115.0,90.0,81.0,89.0,105.0,125.0,142.0,153.0,156.0,155.0,152.0,149.0,145.0,144.0,142.0,139.0,134.0,130.0,128.0,127.0,124.0,122.0,116.0,77.0,100.0,113.0,120.0,115.0,121.0,139.0,147.0,128.0,105.0,90.0,89.0,103.0,124.0,138.0,147.0,152.0,150.0,148.0,139.0,113.0,73.0,55.0,55.0,55.0,91.0,198.0,205.0,205.0,205.0,205.0,78.0,55.0,55.0,55.0,55.0,80.0,190.0,205.0,205.0,202.0,167.0,139.0,119.0,108.0,103.0,102.0,103.0,101.0,0.31576513232989195,0.9488373839624394
93.0,55.0,77.0,80.0,103.0,83.0,83.0,109.0,160.0,178.0,181.0,172.0,164.0,156.0,149.0,132.0,92.0,56.0,55.0,80.0,112.0,140.0,158.0,163.0,165.0,171.0,166.0,143.0,111.0,88.0,80.0,92.0,109.0,125.0,135.0,142.0,145.0,146.0,144.0,140.0,137.0,138.0,141.0,141.0,139.0,134.0,132.0,131.0,131.0,129.0,123.0,102.0,127.0,150.0,122.0,126.0,132.0,127.0,117.0,116.0,122.0,138.0,139.0,120.0,106.0,103.0,111.0,127.0,136.0,128.0,133.0,154.0,168.0,170.0,167.0,147.0,107.0,76.0,71.0,85.0,115.0,153.0,176.0,176.0,166.0,156.0,149.0,141.0,130.0,111.0,88.0,72.0,70.0,80.0,99.0,119.0,132.0,138.0,140.0,142.0,0.5664258466991938,0.8241127108539835
177.0,134.0,112.0,91.0,103.0,119.0,106.0,95.0,113.0,131.0,117.0,105.0,97.0,76.0,61.0,83.0,122.0,147.0,164.0,175.0,173.0,159.0,137.0,112.0,90.0,82.0,87.0,107.0,131.0,149.0,155.0,154.0,146.0,136.0,126.0,118.0,114.0,112.0,113.0,114.0,116.0,118.0,120.0,124.0,128.0,131.0,133.0,135.0,136.0,137.0,133.0,86.0,70.0,92.0,119.0,140.0,131.0,121.0,104.0,91.0,77.0,77.0,89.0,106.0,125.0,142.0,154.0,163.0,167.0,153.0,115.0,67.0,55.0,55.0,55.0,102.0,205.0,205.0,205.0,205.0,205.0,87.0,55.0,55.0,55.0,55.0,103.0,172.0,198.0,198.0,180.0,154.0,125.0,101.0,85.0,85.0,92.0,101.0,106.0,106.0,0.7732433019644308,0.6341094510943234
87.0,94.0,108.0,97.0,145.0,116.0,151.0,174.0,205.0,205.0,195.0,152.0,100.0,55.0,55.0,55.0,55.0,63.0,161.0,205.0,205.0,205.0,205.0,156.0,111.0,78.0,56.0,55.0,73.0,111.0,148.0,170.0,170.0,159.0,143.0,133.0,125.0,124.0,122.0,122.0,123.0,125.0,124.0,125.0,122.0,121.0,122.0,123.0,124.0,125.0,107.0,115.0,111.0,125.0,158.0,157.0,134.0,99.0,100.0,84.0,111.0,123.0,146.0,151.0,158.0,151.0,150.0,142.0,116.0,75.0,55.0,55.0,55.0,102.0,205.0,205.0,205.0,205.0,205.0,67.0,55.0,55.0,55.0,55.0,74.0,191.0,205.0,205.0,205.0,177.0,136.0,105.0,89.0,86.0,93.0,101.0,105.0,104.0,102.0,104.0,0.9194048152501597,0.3933125801380114
165.0,149.0,141.0,108.0,114.0,140.0,177.0,185.0,181.0,150.0,108.0,75.0,72.0,79.0,96.0,132.0,169.0,201.0,205.0,205.0,177.0,126.0,82.0,55.0,55.0,72.0,98.0,130.0,161.0,181.0,182.0,166.0,139.0,116.0,105.0,104.0,109.0,115.0,120.0,125.0,131.0,133.0,133.0,130.0,128.0,128.0,128.0,128.0,126.0,125.0,158.0,160.0,137.0,121.0,129.0,156.0,143.0,101.0,91.0,101.0,123.0,134.0,131.0,123.0,145.0,175.0,183.0,169.0,147.0,111.0,76.0,72.0,91.0,121.0,152.0,181.0,195.0,195.0,183.0,155.0,111.0,68.0,55.0,55.0,103.0,154.0,180.0,169.0,131.0,91.0,67.0,71.0,96.0,128.0,155.0,164.0,156.0,140.0,133.0,135.0,0.9927120092176822,0.12051085741538956
115.0,147.0,137.0,95.0,73.0,58.0,66.0,91.0,121.0,132.0,158.0,179.0,178.0,146.0,103.0,59.0,55.0,55.0,92.0,128.0,162.0,183.0,188.0,180.0,157.0,122.0,92.0,78.0,84.0,102.0,124.0,139.0,145.0,145.0,142.0,137.0,132.0,129.0,127.0,129.0,132.0,135.0,135.0,135.0,136.0,138.0,140.0,139.0,138.0,135.0,178.0,129.0,122.0,125.0,112.0,93.0,94.0,103.0,127.0,141.0,139.0,137.0,143.0,145.0,133.0,113.0,85.0,64.0,69.0,110.0,170.0,205.0,205.0,205.0,205.0,125.0,59.0,55.0,55.0,55.0,69.0,193.0,205.0,205.0,205.0,205.0,95.0,55.0,55.0,55.0,55.0,87.0,107.0,115.0,118.0,122.0,131.0,143.0,155.0,163.0,0.9866849161671842,-0.16264340198162536
148.0,205.0,205.0,205.0,181.0,115.0,55.0,55.0,55.0,55.0,55.0,126.0,199.0,205.0,205.0,205.0,156.0,95.0,65.0,55.0,55.0,88.0,129.0,150.0,160.0,164.0,163.0,153.0,136.0,116.0,109.0,114.0,124.0,130.0,131.0,128.0,125.0,124.0,125.0,126.0,125.0,124.0,124.0,126.0,128.0,130.0,131.0,133.0,132.0,132.0,154.0,93.0,87.0,117.0,111.0,120.0,129.0,144.0,151.0,143.0,119.0,109.0,106.0,87.0,66.0,59.0,72.0,112.0,173.0,205.0,205.0,205.0,177.0,106.0,55.0,55.0,55.0,55.0,55.0,134.0,205.0,205.0,205.0,205.0,205.0,62.0,55.0,55.0,55.0,108.0,129.0,129.0,116.0,103.0,101.0,111.0,127.0,141.0,150.0,150.0,0.9012199365434451,-0.43336200338357844
84.0,107.0,162.0,192.0,187.0,140.0,83.0,55.0,64.0,81.0,103.0,137.0,179.0,205.0,205.0,205.0,131.0,63.0,55.0,55.0,55.0,66.0,134.0,171.0,199.0,205.0,197.0,158.0,108.0,73.0,67.0,84.0,110.0,132.0,142.0,147.0,147.0,142.0,134.0,127.0,122.0,122.0,123.0,124.0,123.0,121.0,121.0,124.0,132.0,129.0,136.0,115.0,118.0,113.0,104.0,106.0,118.0,129.0,133.0,119.0,110.0,122.0,137.0,139.0,137.0,132.0,123.0,118.0,125.0,124.0,113.0,106.0,112.0,128.0,146.0,160.0,149.0,112.0,77.0,77.0,118.0,180.0,205.0,205.0,139.0,61.0,55.0,55.0,55.0,145.0,188.0,194.0,174.0,144.0,123.0,119.0,127.0,134.0,131.0,120.0,0.7420694543987686,-0.6703230003873609
69.0,55.0,55.0,55.0,118.0,141.0,162.0,179.0,194.0,182.0,133.0,84.0,55.0,55.0,55.0,65.0,124.0,159.0,184.0,194.0,186.0,170.0,139.0,105.0,82.0,77.0,87.0,108.0,128.0,140.0,147.0,148.0,144.0,135.0,127.0,124.0,129.0,135.0,137.0,136.0,136.0,136.0,138.0,139.0,140.0,139.0,137.0,136.0,135.0,136.0,131.0,147.0,125.0,108.0,99.0,119.0,137.0,139.0,128.0,120.0,121.0,124.0,115.0,98.0,88.0,90.0,108.0,139.0,172.0,197.0,205.0,205.0,178.0,137.0,90.0,55.0,55.0,55.0,55.0,145.0,205.0,205.0,205.0,205.0,205.0,58.0,55.0,55.0,55.0,55.0,86.0,98.0,104.0,110.0,122.0,136.0,152.0,162.0,165.0,163.0,0.5214919197064598,-0.8532562204173324
205.0,156.0,115.0,76.0,55.0,55.0,55.0,55.0,82.0,149.0,178.0,191.0,203.0,194.0,130.0,63.0,55.0,55.0,55.0,55.0,79.0,172.0,200.0,205.0,205.0,174.0,141.0,109.0,83.0,70.0,72.0,91.0,116.0,138.0,149.0,152.0,147.0,138.0,129.0,123.0,119.0,118.0,119.0,121.0,124.0,127.0,129.0,131.0,132.0,133.0,112.0,102.0,116.0,99.0,109.0,130.0,153.0,153.0,144.0,118.0,109.0,106.0,89.0,67.0,60.0,72.0,110.0,171.0,205.0,205.0,205.0,181.0,108.0,55.0,55.0,55.0,55.0,55.0,132.0,205.0,205.0,205.0,205.0,205.0,64.0,55.0,55.0,55.0,106.0,130.0,131.0,119.0,105.0,101.0,110.0,126.0,141.0,149.0,150.0,145.0,0.25741563960559183,-0.9663007753729912
62.0,97.0,126.0,161.0,194.0,205.0,205.0,205.0,136.0,60.0,55.0,55.0,55.0,57.0,132.0,171.0,198.0,205.0,205.0,179.0,131.0,86.0,61.0,66.0,88.0,114.0,134.0,145.0,149.0,148.0,143.0,136.0,130.0,128.0,130.0,131.0,131.0,128.0,127.0,128.0,129.0,129.0,127.0,126.0,125.0,126.0,129.0,129.0,129.0,130.0,128.0,114.0,114.0,105.0,101.0,119.0,138.0,131.0,110.0,107.0,126.0,145.0,142.0,135.0,128.0,120.0,120.0,127.0,124.0,112.0,105.0,112.0,131.0,150.0,162.0,146.0,106.0,74.0,80.0,127.0,187.0,205.0,205.0,128.0,56.0,55.0,55.0,59.0,154.0,191.0,193.0,169.0,141.0,122.0,120.0,128.0,134.0,130.0,119.0,108.0,-0.028178832040196427,-0.9996028978673733
167.0,99.0,87.0,106.0,156.0,154.0,131.0,88.0,69.0,57.0,74.0,97.0,129.0,152.0,175.0,177.0,157.0,124.0,89.0,61.0,56.0,77.0,105.0,139.0,169.0,184.0,183.0,172.0,146.0,114.0,90.0,83.0,94.0,116.0,135.0,145.0,146.0,143.0,137.0,132.0,127.0,124.0,124.0,125.0,129.0,131.0,132.0,133.0,134.0,136.0,109.0,130.0,121.0,149.0,130.0,147.0,129.0,122.0,105.0,106.0,102.0,103.0,101.0,109.0,143.0,181.0,205.0,205.0,205.0,165.0,124.0,86.0,55.0,55.0,55.0,79.0,163.0,205.0,205.0,205.0,205.0,110.0,55.0,55.0,55.0,63.0,123.0,124.0,100.0,72.0,60.0,75.0,110.0,148.0,173.0,182.0,178.0,170.0,165.0,160.0,-0.3113189026230783,-0.9503054987053176
107.0,65.0,56.0,87.0,146.0,157.0,156.0,155.0,155.0,125.0,95.0,66.0,55.0,55.0,55.0,64.0,151.0,198.0,205.0,182.0,164.0,148.0,123.0,103.0,89.0,78.0,89.0,120.0,149.0,158.0,155.0,142.0,132.0,131.0,131.0,131.0,131.0,130.0,127.0,127.0,124.0,122.0,123.0,127.0,133.0,135.0,135.0,136.0,138.0,142.0,111.0,94.0,106.0,113.0,135.0,142.0,130.0,110.0,88.0,74.0,88.0,105.0,122.0,142.0,161.0,175.0,188.0,185.0,149.0,96.0,55.0,55.0,55.0,55.0,108.0,205.0,205.0,205.0,205.0,205.0,79.0,55.0,55.0,55.0,55.0,68.0,140.0,169.0,178.0,172.0,157.0,142.0,130.0,126.0,125.0,125.0,123.0,120.0,115.0,109.0,-0.568309605327191,-0.8228147984162976
169.0,188.0,189.0,189.0,146.0,108.0,59.0,55.0,55.0,93.0,112.0,145.0,158.0,181.0,194.0,200.0,179.0,151.0,119.0,92.0,83.0,91.0,103.0,111.0,121.0,127.0,132.0,142.0,155.0,159.0,155.0,139.0,122.0,107.0,102.0,103.0,109.0,116.0,122.0,126.0,130.0,131.0,132.0,132.0,131.0,131.0,131.0,131.0,131.0,130.0,169.0,166.0,131.0,106.0,93.0,114.0,134.0,135.0,122.0,108.0,104.0,128.0,162.0,181.0,165.0,124.0,85.0,67.0,82.0,116.0,136.0,129.0,120.0,130.0,166.0,204.0,205.0,178.0,105.0,55.0,55.0,55.0,69.0,157.0,189.0,187.0,160.0,128.0,113.0,118.0,133.0,142.0,138.0,122.0,109.0,107.0,114.0,123.0,127.0,123.0,-0.7779552688284862,-0.628319663628314
74.0,55.0,55.0,77.0,107.0,131.0,157.0,173.0,168.0,147.0,118.0,79.0,55.0,55.0,55.0,55.0,88.0,159.0,194.0,205.0,201.0,172.0,135.0,109.0,92.0,84.0,84.0,94.0,110.0,130.0,150.0,159.0,158.0,145.0,132.0,126.0,125.0,124.0,123.0,123.0,125.0,128.0,131.0,134.0,136.0,138.0,138.0,138.0,138.0,139.0,136.0,122.0,113.0,114.0,108.0,133.0,110.0,87.0,92.0,107.0,146.0,167.0,175.0,169.0,172.0,163.0,154.0,124.0,74.0,55.0,55.0,55.0,103.0,205.0,205.0,205.0,205.0,99.0,58.0,67.0,114.0,157.0,156.0,112.0,58.0,55.0,55.0,55.0,137.0,195.0,205.0,205.0,191.0,170.0,155.0,143.0,130.0,120.0,105.0,92.0,-0.9234863775847751,-0.3836312166851782
122.0,100.0,118.0,95.0,74.0,55.0,55.0,55.0,55.0,96.0,151.0,187.0,198.0,173.0,134.0,110.0,76.0,56.0,55.0,80.0,104.0,144.0,182.0,197.0,191.0,168.0,134.0,104.0,91.0,92.0,105.0,120.0,132.0,138.0,138.0,132.0,124.0,120.0,120.0,122.0,125.0,128.0,132.0,135.0,139.0,141.0,143.0,143.0,145.0,144.0,181.0,128.0,97.0,107.0,110.0,110.0,85.0,82.0,116.0,147.0,158.0,146.0,145.0,145.0,141.0,119.0,89.0,55.0,55.0,55.0,96.0,180.0,205.0,205.0,205.0,159.0,92.0,55.0,55.0,55.0,59.0,149.0,196.0,205.0,193.0,149.0,103.0,83.0,92.0,121.0,152.0,167.0,161.0,140.0,116.0,101.0,97.0,100.0,103.0,110.0,-0.9939878376779547,-0.10949054090789762
201.0,115.0,129.0,55.0,56.0,55.0,94.0,114.0,155.0,165.0,183.0,202.0,205.0,177.0,128.0,93.0,64.0,77.0,109.0,131.0,124.0,131.0,135.0,136.0,142.0,153.0,147.0,133.0,120.0,116.0,115.0,120.0,120.0,119.0,118.0,120.0,121.0,124.0,127.0,128.0,132.0,133.0,134.0,132.0,131.0,130.0,130.0,128.0,126.0,123.0,121.0,92.0,108.0,125.0,111.0,93.0,95.0,117.0,143.0,155.0,148.0,134.0,127.0,125.0,122.0,115.0,92.0,62.0,55.0,88.0,153.0,205.0,205.0,205.0,131.0,56.0,55.0,55.0,68.0,171.0,205.0,205.0,166.0,105.0,62.0,56.0,90.0,136.0,169.0,180.0,170.0,151.0,134.0,121.0,112.0,105.0,101.0,102.0,108.0,117.0,-0.9850717138866028,0.17214446985166562
95.0,55.0,78.0,99.0,151.0,176.0,164.0,145.0,112.0,97.0,56.0,55.0,55.0,55.0,77.0,124.0,144.0,146.0,140.0,139.0,118.0,109.0,120.0,134.0,139.0,145.0,146.0,137.0,127.0,121.0,117.0,115.0,120.0,127.0,139.0,147.0,150.0,147.0,142.0,135.0,130.0,127.0,126.0,127.0,128.0,132.0,135.0,138.0,141.0,143.0,189.0,122.0,117.0,133.0,150.0,149.0,145.0,131.0,129.0,120.0,117.0,122.0,127.0,121.0,114.0,107.0,108.0,134.0,160.0,156.0,126.0,102.0,91.0,105.0,148.0,186.0,184.0,140.0,78.0,55.0,55.0,55.0,165.0,205.0,205.0,205.0,177.0,122.0,93.0,89.0,98.0,109.0,112.0,109.0,106.0,110.0,118.0,127.0,132.0,134.0,-0.8985717048592078,0.4388267211855002
134.0,88.0,62.0,55.0,55.0,55.0,55.0,100.0,161.0,181.0,161.0,135.0,123.0,92.0,65.0,55.0,55.0,55.0,58.0,155.0,200.0,205.0,197.0,168.0,135.0,114.0,100.0,91.0,89.0,95.0,110.0,129.0,142.0,148.0,148.0,145.0,137.0,130.0,124.0,121.0,122.0,126.0,130.0,133.0,135.0,138.0,141.0,143.0,144.0,143.0,160.0,145.0,103.0,120.0,146.0,154.0,130.0,126.0,123.0,122.0,109.0,100.0,93.0,95.0,106.0,129.0,152.0,168.0,184.0,188.0,166.0,125.0,91.0,62.0,55.0,77.0,134.0,188.0,205.0,205.0,157.0,108.0,91.0,111.0,150.0,175.0,173.0,142.0,99.0,66.0,56.0,71.0,98.0,123.0,134.0,133.0,132.0,134.0,143.0,152.0,-0.7424741154323394,0.6698747553930996
127.0,123.0,96.0,132.0,115.0,148.0,141.0,163.0,144.0,172.0,135.0,116.0,101.0,116.0,100.0,101.0,117.0,125.0,117.0,133.0,149.0,140.0,131.0,130.0,128.0,121.0,125.0,129.0,130.0,126.0,122.0,120.0,123.0,128.0,132.0,135.0,137.0,133.0,131.0,128.0,127.0,124.0,123.0,122.0,122.0,122.0,122.0,122.0,123.0,124.0,164.0,124.0,106.0,122.0,130.0,139.0,120.0,107.0,102.0,101.0,104.0,117.0,128.0,136.0,145.0,148.0,147.0,141.0,129.0,105.0,84.0,73.0,83.0,115.0,163.0,204.0,205.0,205.0,156.0,99.0,59.0,55.0,81.0,123.0,157.0,170.0,160.0,139.0,120.0,110.0,109.0,112.0,116.0,119.0,120.0,121.0,122.0,124.0,126.0,127.0,-0.530026436468673,0.8479811180942177
82.0,82.0,55.0,92.0,79.0,116.0,78.0,109.0,117.0,150.0,121.0,120.0,114.0,114.0,112.0,137.0,157.0,149.0,146.0,159.0,160.0,137.0,123.0,112.0,101.0,105.0,126.0,139.0,143.0,141.0,141.0,139.0,139.0,131.0,123.0,117.0,117.0,119.0,126.0,132.0,136.0,141.0,145.0,149.0,150.0,149.0,148.0,146.0,146.0,144.0,160.0,135.0,117.0,113.0,124.0,143.0,133.0,124.0,134.0,144.0,151.0,140.0,111.0,91.0,97.0,108.0,113.0,125.0,141.0,156.0,176.0,196.0,190.0,146.0,85.0,55.0,55.0,55.0,93.0,186.0,205.0,205.0,202.0,141.0,103.0,89.0,95.0,110.0,122.0,122.0,116.0,113.0,114.0,120.0,126.0,131.0,133.0,133.0,134.0,138.0,-0.2784601731728447,0.9604477767981711
59.0,66.0,117.0,166.0,134.0,101.0,84.0,82.0,76.0,83.0,78.0,68.0,84.0,136.0,177.0,189.0,182.0,160.0,133.0,115.0,106.0,100.0,95.0,98.0,109.0,128.0,144.0,150.0,149.0,144.0,143.0,130.0,121.0,111.0,110.0,118.0,125.0,128.0,127.0,128.0,131.0,137.0,141.0,143.0,144.0,143.0,143.0,144.0,145.0,145.0,166.0,132.0,103.0,112.0,128.0,150.0,136.0,107.0,94.0,105.0,128.0,146.0,147.0,129.0,123.0,136.0,152.0,162.0,157.0,125.0,86.0,76.0,104.0,149.0,182.0,183.0,148.0,103.0,86.0,107.0,149.0,179.0,180.0,147.0,103.0,71.0,65.0,82.0,109.0,130.0,135.0,130.0,124.0,126.0,136.0,148.0,152.0,146.0,135.0,127.0,-0.007468558895945631,0.9999721099250808
118.0,104.0,130.0,162.0,180.0,170.0,119.0,90.0,97.0,113.0,100.0,98.0,122.0,136.0,143.0,161.0,158.0,116.0,83.0,85.0,98.0,110.0,129.0,146.0,149.0,150.0,151.0,145.0,130.0,113.0,104.0,107.0,118.0,129.0,137.0,140.0,139.0,135.0,130.0,125.0,121.0,118.0,119.0,121.0,122.0,122.0,122.0,124.0,126.0,128.0,178.0,119.0,56.0,108.0,107.0,132.0,110.0,119.0,128.0,138.0,131.0,110.0,103.0,100.0,105.0,104.0,115.0,122.0,135.0,146.0,155.0,151.0,138.0,115.0,88.0,67.0,66.0,89.0,130.0,178.0,205.0,205.0,205.0,166.0,102.0,56.0,55.0,55.0,84.0,154.0,190.0,196.0,176.0,145.0,118.0,104.0,102.0,106.0,111.0,113.0,0.2624128423914514,0.9649556985416684
112.0,89.0,95.0,102.0,67.0,110.0,91.0,112.0,122.0,156.0,150.0,168.0,173.0,158.0,126.0,129.0,152.0,158.0,165.0,174.0,170.0,137.0,115.0,105.0,98.0,99.0,106.0,116.0,130.0,146.0,159.0,161.0,153.0,133.0,115.0,102.0,99.0,104.0,118.0,131.0,142.0,148.0,151.0,153.0,152.0,150.0,146.0,142.0,137.0,133.0,91.0,123.0,140.0,126.0,140.0,138.0,136.0,110.0,89.0,93.0,122.0,155.0,176.0,178.0,160.0,155.0,151.0,130.0,91.0,58.0,55.0,55.0,116.0,192.0,205.0,205.0,205.0,165.0,122.0,101.0,85.0,62.0,55.0,55.0,55.0,75.0,179.0,205.0,205.0,202.0,136.0,93.0,79.0,92.0,117.0,137.0,139.0,128.0,114.0,110.0,0.5113825989223355,0.8593531506426434
106.0,87.0,55.0,74.0,89.0,89.0,84.0,98.0,145.0,171.0,180.0,175.0,171.0,159.0,152.0,137.0,107.0,64.0,55.0,62.0,101.0,127.0,153.0,162.0,164.0,169.0,170.0,154.0,123.0,94.0,76.0,81.0,103.0,123.0,134.0,138.0,142.0,148.0,149.0,144.0,136.0,135.0,138.0,142.0,141.0,137.0,133.0,131.0,130.0,130.0,133.0,115.0,107.0,105.0,133.0,154.0,147.0,117.0,95.0,95.0,116.0,133.0,142.0,137.0,127.0,128.0,143.0,153.0,142.0,111.0,74.0,55.0,55.0,110.0,168.0,202.0,204.0,181.0,149.0,125.0,111.0,98.0,81.0,71.0,77.0,101.0,138.0,172.0,190.0,187.0,166.0,139.0,117.0,109.0,113.0,120.0,122.0,116.0,107.0,102.0,0.7217869556027472,0.6921153016092896
77.0,106.0,137.0,138.0,128.0,144.0,152.0,140.0,136.0,126.0,83.0,55.0,55.0,67.0,70.0,91.0,132.0,159.0,176.0,186.0,184.0,164.0,137.0,110.0,88.0,76.0,78.0,95.0,120.0,144.0,155.0,158.0,153.0,145.0,135.0,128.0,122.0,120.0,119.0,120.0,123.0,124.0,125.0,126.0,128.0,130.0,133.0,135.0,136.0,137.0,125.0,107.0,104.0,108.0,136.0,150.0,134.0,107.0,96.0,97.0,104.0,109.0,115.0,120.0,131.0,146.0,155.0,155.0,140.0,113.0,80.0,60.0,57.0,86.0,134.0,184.0,205.0,205.0,205.0,179.0,113.0,56.0,55.0,55.0,55.0,141.0,192.0,205.0,196.0,166.0,132.0,109.0,99.0,98.0,102.0,106.0,106.0,105.0,105.0,109.0,0.8801363493073403,0.47472097765734717
67.0,55.0,55.0,112.0,134.0,154.0,167.0,157.0,155.0,178.0,179.0,156.0,139.0,135.0,97.0,61.0,55.0,55.0,55.0,57.0,122.0,165.0,196.0,205.0,205.0,179.0,139.0,100.0,71.0,58.0,64.0,86.0,118.0,147.0,166.0,174.0,171.0,158.0,145.0,137.0,134.0,131.0,128.0,124.0,122.0,121.0,120.0,120.0,122.0,124.0,141.0,147.0,137.0,151.0,148.0,152.0,130.0,101.0,89.0,115.0,144.0,161.0,150.0,128.0,130.0,152.0,165.0,147.0,107.0,61.0,55.0,55.0,141.0,201.0,205.0,205.0,174.0,133.0,112.0,98.0,78.0,56.0,55.0,55.0,119.0,187.0,205.0,205.0,205.0,133.0,82.0,61.0,74.0,104.0,131.0,140.0,132.0,118.0,113.0,121.0,0.9745219400709964,0.2242921940689453
70.0,55.0,55.0,117.0,143.0,153.0,154.0,178.0,193.0,199.0,176.0,123.0,59.0,55.0,55.0,71.0,117.0,145.0,160.0,167.0,177.0,178.0,159.0,127.0,99.0,86.0,90.0,104.0,118.0,129.0,137.0,141.0,141.0,138.0,134.0,131.0,132.0,134.0,135.0,134.0,131.0,130.0,131.0,131.0,130.0,127.0,126.0,125.0,126.0,128.0,104.0,78.0,131.0,151.0,155.0,114.0,115.0,116.0,116.0,120.0,130.0,139.0,140.0,139.0,136.0,145.0,140.0,116.0,84.0,57.0,55.0,97.0,157.0,196.0,205.0,195.0,160.0,128.0,119.0,115.0,103.0,85.0,71.0,67.0,85.0,129.0,183.0,205.0,205.0,205.0,147.0,105.0,85.0,86.0,95.0,103.0,105.0,102.0,102.0,108.0,0.999164718813744,-0.04086397775366355
110.0,59.0,68.0,116.0,166.0,159.0,154.0,155.0,134.0,98.0,71.0,55.0,55.0,55.0,81.0,151.0,180.0,196.0,196.0,178.0,151.0,120.0,92.0,74.0,74.0,90.0,115.0,138.0,149.0,154.0,151.0,144.0,134.0,126.0,121.0,119.0,120.0,121.0,123.0,124.0,125.0,127.0,130.0,133.0,134.0,134.0,135.0,137.0,138.0,139.0,181.0,120.0,95.0,74.0,106.0,103.0,99.0,101.0,124.0,129.0,137.0,139.0,145.0,149.0,132.0,96.0,61.0,55.0,55.0,109.0,161.0,200.0,205.0,205.0,190.0,139.0,85.0,55.0,55.0,55.0,98.0,190.0,205.0,205.0,178.0,113.0,70.0,62.0,86.0,124.0,152.0,158.0,141.0,117.0,100.0,96.0,102.0,113.0,121.0,124.0,0.9533564830188713,-0.3018466767845698
112.0,73.0,125.0,84.0,146.0,117.0,162.0,184.0,205.0,195.0,189.0,148.0,80.0,55.0,55.0,55.0,55.0,94.0,177.0,205.0,205.0,205.0,197.0,146.0,102.0,71.0,55.0,55.0,81.0,123.0,157.0,175.0,169.0,156.0,141.0,131.0,125.0,123.0,122.0,122.0,124.0,125.0,125.0,123.0,122.0,122.0,123.0,124.0,124.0,126.0,164.0,140.0,125.0,112.0,112.0,141.0,159.0,156.0,136.0,115.0,118.0,131.0,132.0,110.0,82.0,71.0,89.0,138.0,190.0,205.0,197.0,152.0,109.0,87.0,93.0,103.0,94.0,71.0,58.0,80.0,142.0,205.0,205.0,205.0,205.0,123.0,77.0,62.0,77.0,100.0,118.0,124.0,118.0,111.0,112.0,124.0,140.0,150.0,150.0,144.0,0.8413368582813141,-0.5405111385506575
151.0,123.0,107.0,119.0,165.0,190.0,193.0,166.0,122.0,80.0,72.0,78.0,90.0,114.0,152.0,186.0,205.0,205.0,205.0,151.0,101.0,63.0,55.0,62.0,86.0,115.0,148.0,175.0,184.0,175.0,152.0,127.0,109.0,104.0,106.0,112.0,118.0,124.0,129.0,133.0,133.0,131.0,130.0,129.0,129.0,129.0,128.0,126.0,125.0,125.0,196.0,146.0,97.0,83.0,117.0,123.0,113.0,124.0,138.0,148.0,139.0,132.0,133.0,142.0,124.0,90.0,56.0,55.0,75.0,151.0,205.0,205.0,189.0,152.0,118.0,109.0,113.0,109.0,94.0,81.0,82.0,102.0,147.0,196.0,205.0,205.0,161.0,114.0,92.0,99.0,124.0,143.0,143.0,126.0,104.0,92.0,93.0,104.0,118.0,129.0,0.6718285327476282,-0.7407067048340855
141.0,85.0,55.0,55.0,55.0,55.0,55.0,122.0,163.0,205.0,205.0,205.0,137.0,79.0,55.0,55.0,55.0,57.0,129.0,168.0,191.0,194.0,184.0,158.0,122.0,94.0,82.0,87.0,103.0,123.0,136.0,141.0,140.0,134.0,128.0,123.0,120.0,120.0,123.0,126.0,129.0,130.0,133.0,135.0,138.0,139.0,138.0,136.0,135.0,136.0,158.0,112.0,59.0,90.0,89.0,133.0,116.0,127.0,124.0,126.0,113.0,98.0,81.0,77.0,91.0,103.0,125.0,141.0,158.0,165.0,169.0,154.0,121.0,78.0,55.0,55.0,55.0,98.0,197.0,205.0,205.0,205.0,205.0,90.0,55.0,55.0,55.0,55.0,120.0,189.0,203.0,186.0,155.0,124.0,104.0,95.0,95.0,99.0,103.0,107.0,0.45728137171368194,-0.8893220716274017
160.0,175.0,180.0,173.0,142.0,69.0,55.0,55.0,55.0,55.0,96.0,180.0,205.0,205.0,205.0,183.0,118.0,59.0,55.0,55.0,55.0,101.0,148.0,171.0,178.0,178.0,167.0,144.0,119.0,103.0,102.0,111.0,119.0,122.0,125.0,127.0,126.0,124.0,120.0,117.0,114.0,116.0,120.0,125.0,128.0,129.0,130.0,132.0,133.0,134.0,95.0,91.0,99.0,114.0,119.0,121.0,129.0,144.0,137.0,117.0,99.0,90.0,94.0,111.0,129.0,141.0,150.0,153.0,150.0,146.0,136.0,101.0,57.0,55.0,55.0,55.0,146.0,205.0,205.0,205.0,205.0,153.0,62.0,55.0,55.0,55.0,55.0,132.0,204.0,205.0,205.0,186.0,161.0,137.0,116.0,101.0,97.0,100.0,104.0,103.0,0.21289337537535558,-0.9770754375795596
106.0,137.0,183.0,185.0,164.0,112.0,71.0,55.0,68.0,85.0,115.0,156.0,196.0,205.0,205.0,171.0,98.0,55.0,55.0,55.0,55.0,107.0,151.0,183.0,204.0,205.0,181.0,133.0,89.0,66.0,71.0,93.0,119.0,137.0,144.0,146.0,145.0,138.0,130.0,123.0,121.0,122.0,124.0,123.0,121.0,120.0,121.0,124.0,126.0,126.0,172.0,133.0,90.0,95.0,128.0,127.0,117.0,113.0,129.0,141.0,133.0,107.0,98.0,101.0,109.0,120.0,125.0,126.0,143.0,167.0,172.0,163.0,148.0,115.0,75.0,60.0,73.0,99.0,135.0,175.0,200.0,202.0,192.0,170.0,135.0,97.0,71.0,62.0,73.0,97.0,123.0,142.0,151.0,144.0,129.0,118.0,120.0,128.0,136.0,141.0,-0.04451227276080353,-0.9990088375853678
134.0,69.0,55.0,55.0,92.0,130.0,147.0,161.0,171.0,161.0,137.0,101.0,66.0,55.0,65.0,94.0,128.0,158.0,179.0,182.0,175.0,153.0,122.0,94.0,82.0,87.0,105.0,126.0,140.0,148.0,148.0,140.0,129.0,122.0,121.0,123.0,126.0,127.0,128.0,129.0,129.0,132.0,134.0,137.0,137.0,137.0,135.0,135.0,135.0,135.0,75.0,95.0,113.0,119.0,141.0,135.0,145.0,115.0,104.0,70.0,79.0,90.0,119.0,133.0,146.0,154.0,167.0,174.0,160.0,122.0,70.0,55.0,55.0,55.0,107.0,205.0,205.0,205.0,205.0,205.0,95.0,55.0,55.0,55.0,55.0,74.0,184.0,205.0,205.0,193.0,147.0,104.0,78.0,72.0,80.0,93.0,104.0,109.0,109.0,110.0,-0.29766986644576787,-0.9546688696140452
55.0,55.0,55.0,55.0,92.0,150.0,178.0,195.0,205.0,176.0,117.0,58.0,55.0,55.0,55.0,55.0,59.0,133.0,205.0,205.0,205.0,205.0,162.0,125.0,92.0,65.0,55.0,57.0,90.0,125.0,152.0,166.0,164.0,153.0,141.0,129.0,121.0,116.0,113.0,116.0,119.0,124.0,125.0,128.0,129.0,132.0,134.0,137.0,140.0,142.0,120.0,154.0,155.0,179.0,127.0,119.0,107.0,103.0,96.0,126.0,144.0,159.0,163.0,155.0,151.0,149.0,131.0,87.0,55.0,55.0,55.0,79.0,205.0,205.0,205.0,205.0,205.0,101.0,55.0,55.0,55.0,55.0,59.0,143.0,205.0,205.0,205.0,205.0,161.0,104.0,63.0,55.0,55.0,81.0,100.0,112.0,115.0,116.0,120.0,131.0,-0.5300305664122961,-0.8479785366792373
133.0,123.0,134.0,144.0,169.0,196.0,190.0,145.0,87.0,55.0,55.0,55.0,92.0,122.0,146.0,171.0,190.0,198.0,182.0,144.0,100.0,73.0,72.0,89.0,114.0,135.0,146.0,150.0,149.0,143.0,136.0,130.0,127.0,126.0,126.0,124.0,122.0,121.0,121.0,123.0,124.0,124.0,123.0,124.0,126.0,128.0,129.0,129.0,129.0,130.0,151.0,142.0,106.0,150.0,135.0,126.0,87.0,94.0,113.0,132.0,136.0,123.0,132.0,159.0,186.0,175.0,159.0,124.0,87.0,67.0,84.0,110.0,140.0,167.0,186.0,192.0,186.0,169.0,132.0,87.0,56.0,55.0,92.0,145.0,179.0,175.0,136.0,91.0,63.0,65.0,96.0,133.0,159.0,167.0,161.0,146.0,136.0,133.0,137.0,141.0,-0.7268223536479362,-0.6868254991172607
93.0,64.0,59.0,65.0,79.0,101.0,122.0,159.0,176.0,173.0,146.0,118.0,78.0,55.0,55.0,55.0,55.0,89.0,158.0,194.0,205.0,202.0,173.0,136.0,109.0,93.0,84.0,85.0,95.0,111.0,131.0,147.0,154.0,153.0,147.0,137.0,130.0,125.0,122.0,121.0,123.0,126.0,129.0,132.0,133.0,135.0,136.0,138.0,138.0,139.0,116.0,147.0,128.0,112.0,100.0,114.0,132.0,137.0,132.0,119.0,119.0,124.0,117.0,101.0,89.0,89.0,106.0,136.0,170.0,196.0,205.0,205.0,180.0,139.0,92.0,55.0,55.0,55.0,55.0,125.0,205.0,205.0,205.0,205.0,205.0,62.0,55.0,55.0,55.0,55.0,86.0,97.0,104.0,110.0,121.0,136.0,151.0,161.0,165.0,163.0,-0.8759458691006938,-0.48240940538657645
167.0,116.0,115.0,100.0,135.0,105.0,73.0,55.0,55.0,55.0,55.0,88.0,144.0,180.0,205.0,184.0,139.0,106.0,74.0,55.0,55.0,76.0,99.0,138.0,179.0,201.0,198.0,178.0,143.0,109.0,88.0,86.0,97.0,116.0,132.0,140.0,141.0,136.0,128.0,123.0,121.0,122.0,123.0,126.0,131.0,135.0,139.0,142.0,143.0,144.0,203.0,115.0,87.0,78.0,95.0,145.0,151.0,140.0,129.0,125.0,117.0,106.0,74.0,55.0,55.0,80.0,120.0,174.0,205.0,205.0,205.0,176.0,95.0,55.0,55.0,55.0,55.0,55.0,154.0,205.0,205.0,205.0,205.0,205.0,82.0,55.0,55.0,55.0,55.0,98.0,145.0,160.0,158.0,148.0,138.0,131.0,128.0,130.0,131.0,130.0,-0.968656463988462,-0.24840421649676048
192.0,115.0,133.0,55.0,63.0,55.0,94.0,110.0,157.0,163.0,185.0,199.0,205.0,179.0,136.0,103.0,69.0,69.0,98.0,130.0,130.0,136.0,135.0,139.0,141.0,150.0,142.0,132.0,125.0,121.0,117.0,118.0,118.0,119.0,119.0,120.0,121.0,125.0,127.0,128.0,131.0,134.0,135.0,133.0,131.0,130.0,130.0,129.0,126.0,124.0,141.0,116.0,101.0,106.0,127.0,141.0,124.0,106.0,119.0,139.0,145.0,138.0,132.0,122.0,119.0,127.0,128.0,117.0,106.0,109.0,125.0,145.0,160.0,155.0,121.0,83.0,74.0,107.0,169.0,205.0,205.0,156.0,76.0,55.0,55.0,55.0,125.0,183.0,196.0,180.0,151.0,127.0,119.0,125.0,133.0,133.0,123.0,111.0,106.0,111.0,-1.0,-1.8369701987210297e-16
