Feat_1,Feat_2,Feat_3,Feat_4,Feat_5,Feat_6,Feat_7,Feat_8,Feat_9,Feat_10,Feat_11,Feat_12,Feat_13,Feat_14,Feat_15,Feat_16,Feat_17,Feat_18,Feat_19,Feat_20,Feat_21,Feat_22,Feat_23,Feat_24,Feat_25,Feat_26,Feat_27,Feat_28,Feat_29,Feat_30,Feat_31,Feat_32,Feat_33,Feat_34,Feat_35,Feat_36,Feat_37,Feat_38,Feat_39,Feat_40,Feat_41,Feat_42,Feat_43,Feat_44,Feat_45,Feat_46,Feat_47,Feat_48,Feat_49,Feat_50,Feat_51,Feat_52,Feat_53,Feat_54,Feat_55,Feat_56,Feat_57,Feat_58,Feat_59,Feat_60,Feat_61,Feat_62,Feat_63,Feat_64,Feat_65,Feat_66,Feat_67,Feat_68,Feat_69,Feat_70,Feat_71,Feat_72,Feat_73,Feat_74,Feat_75,Feat_76,Feat_77,Feat_78,Feat_79,Feat_80,Feat_81,Feat_82,Feat_83,Feat_84,Feat_85,Feat_86,Feat_87,Feat_88,Feat_89,Feat_90,Feat_91,Feat_92,Feat_93,Feat_94,Feat_95,Feat_96,Feat_97,Feat_98,Feat_99,Feat_100,Label_Sin,Label_Cos
91.0,131.0,189.0,193.0,175.0,114.0,70.0,59.0,76.0,90.0,116.0,153.0,193.0,205.0,205.0,176.0,106.0,55.0,55.0,55.0,55.0,104.0,149.0,184.0,205.0,205.0,186.0,140.0,95.0,71.0,74.0,96.0,121.0,138.0,146.0,148.0,146.0,141.0,134.0,126.0,123.0,124.0,125.0,126.0,124.0,123.0,124.0,127.0,129.0,129.0,95.0,114.0,121.0,165.0,145.0,142.0,146.0,137.0,113.0,87.0,93.0,110.0,124.0,124.0,137.0,150.0,179.0,204.0,203.0,138.0,75.0,55.0,55.0,55.0,138.0,197.0,205.0,194.0,166.0,136.0,115.0,113.0,114.0,109.0,103.0,107.0,120.0,135.0,143.0,134.0,114.0,97.0,92.0,101.0,123.0,145.0,156.0,155.0,146.0,136.0,0.398401089846241,-0.9172113015054533
125.0,69.0,55.0,55.0,55.0,101.0,124.0,151.0,173.0,194.0,194.0,155.0,102.0,60.0,55.0,55.0,55.0,109.0,145.0,174.0,192.0,191.0,179.0,153.0,119.0,91.0,79.0,84.0,101.0,123.0,138.0,145.0,145.0,141.0,136.0,133.0,131.0,130.0,132.0,133.0,134.0,135.0,139.0,143.0,146.0,142.0,136.0,133.0,136.0,139.0,178.0,126.0,132.0,139.0,126.0,125.0,129.0,114.0,83.0,98.0,113.0,154.0,161.0,158.0,145.0,147.0,136.0,124.0,94.0,55.0,55.0,55.0,101.0,194.0,205.0,205.0,205.0,205.0,87.0,55.0,55.0,55.0,84.0,105.0,126.0,154.0,184.0,203.0,203.0,180.0,142.0,108.0,89.0,88.0,98.0,110.0,114.0,109.0,104.0,104.0,0.13069120267614948,-0.9914231233651258
164.0,177.0,90.0,63.0,55.0,55.0,55.0,111.0,145.0,182.0,182.0,202.0,191.0,135.0,72.0,55.0,55.0,55.0,70.0,147.0,175.0,186.0,189.0,176.0,153.0,125.0,102.0,90.0,94.0,105.0,121.0,133.0,141.0,139.0,139.0,134.0,129.0,124.0,123.0,123.0,126.0,126.0,127.0,129.0,131.0,133.0,134.0,134.0,133.0,132.0,144.0,169.0,169.0,144.0,109.0,117.0,122.0,129.0,133.0,138.0,145.0,142.0,146.0,158.0,161.0,144.0,127.0,106.0,86.0,97.0,141.0,174.0,184.0,181.0,165.0,134.0,111.0,103.0,96.0,88.0,87.0,97.0,116.0,144.0,170.0,181.0,165.0,130.0,93.0,69.0,71.0,91.0,119.0,141.0,153.0,154.0,151.0,149.0,150.0,151.0,-0.14583680893727496,-0.9893086602062031
205.0,147.0,80.0,55.0,64.0,86.0,103.0,127.0,169.0,204.0,205.0,205.0,144.0,73.0,55.0,55.0,55.0,59.0,127.0,165.0,194.0,205.0,202.0,166.0,116.0,79.0,68.0,82.0,107.0,129.0,141.0,146.0,146.0,143.0,137.0,129.0,123.0,127.0,126.0,122.0,118.0,120.0,125.0,128.0,128.0,126.0,125.0,125.0,126.0,128.0,152.0,129.0,125.0,160.0,117.0,119.0,117.0,131.0,118.0,127.0,126.0,140.0,139.0,142.0,150.0,150.0,136.0,123.0,108.0,87.0,94.0,128.0,155.0,160.0,167.0,160.0,136.0,118.0,117.0,119.0,118.0,119.0,115.0,106.0,104.0,116.0,135.0,148.0,151.0,141.0,125.0,116.0,115.0,122.0,130.0,137.0,137.0,134.0,131.0,130.0,-0.41004349640692545,-0.912065968586913
63.0,86.0,147.0,181.0,190.0,147.0,109.0,78.0,64.0,61.0,78.0,101.0,140.0,172.0,180.0,162.0,129.0,91.0,67.0,71.0,90.0,118.0,148.0,172.0,179.0,174.0,155.0,126.0,100.0,87.0,91.0,108.0,130.0,146.0,152.0,151.0,147.0,142.0,137.0,133.0,130.0,130.0,131.0,133.0,133.0,134.0,135.0,137.0,138.0,138.0,152.0,104.0,98.0,135.0,152.0,136.0,132.0,135.0,114.0,111.0,97.0,104.0,99.0,97.0,96.0,126.0,158.0,196.0,205.0,205.0,136.0,92.0,69.0,59.0,74.0,108.0,136.0,151.0,173.0,190.0,193.0,184.0,168.0,140.0,108.0,87.0,83.0,94.0,109.0,114.0,104.0,91.0,90.0,101.0,120.0,140.0,151.0,153.0,151.0,148.0,-0.6421984141352651,-0.7665384510134834
87.0,149.0,76.0,112.0,55.0,101.0,109.0,168.0,144.0,170.0,158.0,148.0,106.0,76.0,55.0,55.0,55.0,55.0,113.0,194.0,205.0,205.0,205.0,172.0,130.0,95.0,72.0,56.0,58.0,93.0,136.0,163.0,177.0,171.0,156.0,140.0,128.0,120.0,118.0,117.0,118.0,123.0,126.0,126.0,127.0,130.0,134.0,136.0,138.0,138.0,133.0,133.0,137.0,139.0,150.0,149.0,149.0,142.0,137.0,126.0,129.0,128.0,111.0,107.0,126.0,149.0,168.0,186.0,181.0,147.0,108.0,82.0,67.0,64.0,79.0,108.0,140.0,170.0,191.0,192.0,170.0,136.0,101.0,78.0,75.0,89.0,111.0,134.0,148.0,151.0,148.0,145.0,145.0,146.0,147.0,146.0,142.0,135.0,129.0,124.0,-0.8254178272056703,-0.5645222852386522
120.0,115.0,193.0,145.0,203.0,160.0,157.0,85.0,68.0,55.0,55.0,85.0,118.0,143.0,160.0,183.0,201.0,205.0,178.0,142.0,99.0,66.0,59.0,83.0,104.0,121.0,134.0,142.0,146.0,158.0,165.0,161.0,143.0,120.0,103.0,98.0,103.0,113.0,121.0,127.0,129.0,130.0,131.0,131.0,130.0,130.0,131.0,131.0,131.0,131.0,124.0,115.0,140.0,112.0,107.0,109.0,126.0,136.0,126.0,126.0,123.0,132.0,143.0,156.0,135.0,119.0,109.0,98.0,89.0,111.0,137.0,142.0,142.0,145.0,138.0,124.0,122.0,126.0,130.0,137.0,146.0,141.0,122.0,98.0,83.0,84.0,104.0,135.0,159.0,173.0,173.0,160.0,141.0,127.0,118.0,118.0,121.0,121.0,114.0,108.0,-0.9468311013618427,-0.32173104527527346
106.0,55.0,55.0,55.0,116.0,143.0,159.0,150.0,150.0,136.0,123.0,82.0,57.0,55.0,56.0,57.0,97.0,128.0,136.0,144.0,157.0,164.0,154.0,147.0,140.0,131.0,124.0,122.0,115.0,108.0,106.0,112.0,127.0,143.0,152.0,155.0,152.0,145.0,137.0,131.0,127.0,125.0,125.0,128.0,132.0,135.0,136.0,138.0,140.0,143.0,151.0,140.0,134.0,130.0,98.0,127.0,118.0,106.0,96.0,114.0,132.0,145.0,147.0,154.0,165.0,162.0,156.0,135.0,98.0,69.0,77.0,99.0,125.0,162.0,193.0,188.0,166.0,148.0,128.0,109.0,104.0,105.0,106.0,107.0,112.0,116.0,113.0,108.0,105.0,109.0,123.0,141.0,156.0,164.0,164.0,155.0,142.0,132.0,126.0,123.0,-0.9984019335475177,-0.05651176062182161
87.0,100.0,140.0,138.0,117.0,81.0,55.0,55.0,55.0,80.0,124.0,166.0,177.0,164.0,140.0,116.0,76.0,59.0,66.0,83.0,109.0,153.0,190.0,199.0,187.0,156.0,119.0,93.0,83.0,90.0,108.0,127.0,141.0,148.0,148.0,142.0,135.0,130.0,128.0,128.0,130.0,132.0,135.0,138.0,140.0,142.0,144.0,145.0,145.0,145.0,142.0,166.0,162.0,155.0,133.0,129.0,134.0,123.0,114.0,133.0,158.0,169.0,167.0,162.0,157.0,149.0,131.0,101.0,66.0,55.0,72.0,128.0,187.0,205.0,205.0,205.0,146.0,92.0,58.0,55.0,55.0,61.0,85.0,113.0,149.0,185.0,205.0,202.0,170.0,129.0,100.0,91.0,103.0,122.0,138.0,143.0,139.0,131.0,125.0,127.0,-0.9773606386415585,0.21158020236819158
132.0,82.0,60.0,55.0,112.0,135.0,161.0,157.0,153.0,143.0,164.0,166.0,152.0,130.0,118.0,102.0,100.0,118.0,116.0,94.0,88.0,105.0,123.0,148.0,170.0,171.0,154.0,140.0,134.0,123.0,111.0,96.0,92.0,105.0,126.0,143.0,151.0,151.0,147.0,145.0,142.0,139.0,134.0,131.0,129.0,129.0,128.0,126.0,124.0,124.0,96.0,112.0,133.0,145.0,144.0,125.0,128.0,121.0,114.0,112.0,124.0,139.0,140.0,134.0,138.0,150.0,146.0,138.0,116.0,83.0,66.0,90.0,131.0,157.0,175.0,180.0,163.0,145.0,147.0,152.0,141.0,112.0,74.0,55.0,55.0,73.0,154.0,205.0,205.0,205.0,155.0,109.0,87.0,89.0,103.0,118.0,122.0,117.0,111.0,111.0,-0.8862350564066759,0.4632358198540524
77.0,83.0,110.0,149.0,121.0,97.0,64.0,56.0,59.0,93.0,96.0,98.0,111.0,131.0,131.0,125.0,119.0,98.0,82.0,92.0,124.0,146.0,163.0,166.0,159.0,146.0,139.0,130.0,118.0,108.0,106.0,116.0,131.0,144.0,149.0,147.0,141.0,133.0,127.0,124.0,123.0,123.0,127.0,132.0,137.0,140.0,143.0,146.0,149.0,151.0,178.0,157.0,122.0,83.0,105.0,124.0,125.0,112.0,127.0,138.0,146.0,138.0,140.0,144.0,136.0,125.0,108.0,86.0,84.0,119.0,155.0,164.0,163.0,153.0,126.0,104.0,107.0,119.0,122.0,125.0,126.0,124.0,126.0,137.0,146.0,139.0,119.0,100.0,94.0,108.0,137.0,163.0,174.0,169.0,152.0,132.0,120.0,117.0,118.0,122.0,-0.7324978338130206,0.680769361428107
97.0,55.0,55.0,55.0,88.0,195.0,181.0,144.0,122.0,119.0,97.0,68.0,55.0,55.0,55.0,68.0,169.0,203.0,205.0,190.0,161.0,132.0,115.0,102.0,93.0,91.0,98.0,114.0,131.0,144.0,149.0,148.0,144.0,137.0,130.0,124.0,123.0,124.0,128.0,131.0,134.0,136.0,138.0,141.0,144.0,146.0,144.0,144.0,144.0,146.0,193.0,142.0,90.0,94.0,142.0,150.0,147.0,139.0,131.0,140.0,132.0,120.0,104.0,104.0,96.0,102.0,117.0,140.0,167.0,189.0,177.0,137.0,100.0,67.0,55.0,55.0,81.0,124.0,160.0,184.0,187.0,170.0,150.0,137.0,126.0,112.0,101.0,96.0,104.0,124.0,148.0,162.0,163.0,154.0,141.0,130.0,125.0,123.0,123.0,124.0,-0.5278747118368563,0.8493222525067596
105.0,129.0,160.0,181.0,167.0,121.0,88.0,99.0,112.0,101.0,98.0,122.0,134.0,144.0,160.0,156.0,116.0,85.0,87.0,98.0,111.0,130.0,145.0,148.0,149.0,152.0,146.0,131.0,114.0,105.0,107.0,118.0,129.0,137.0,141.0,139.0,135.0,131.0,126.0,121.0,119.0,119.0,121.0,123.0,123.0,123.0,124.0,126.0,128.0,129.0,132.0,128.0,100.0,129.0,121.0,123.0,106.0,110.0,135.0,147.0,147.0,113.0,104.0,116.0,145.0,147.0,146.0,128.0,111.0,117.0,152.0,176.0,170.0,135.0,88.0,55.0,56.0,113.0,175.0,205.0,205.0,182.0,130.0,91.0,73.0,78.0,89.0,100.0,107.0,113.0,124.0,140.0,151.0,150.0,145.0,141.0,140.0,137.0,134.0,131.0,-0.28738026856625304,0.9578165697244897
159.0,106.0,108.0,70.0,82.0,96.0,103.0,105.0,124.0,149.0,151.0,168.0,173.0,159.0,125.0,133.0,153.0,167.0,167.0,168.0,150.0,124.0,115.0,115.0,104.0,99.0,106.0,120.0,135.0,151.0,163.0,160.0,148.0,127.0,111.0,102.0,103.0,109.0,122.0,134.0,143.0,148.0,152.0,153.0,152.0,150.0,146.0,143.0,139.0,135.0,131.0,142.0,146.0,145.0,107.0,117.0,129.0,125.0,127.0,121.0,134.0,139.0,143.0,145.0,155.0,141.0,129.0,116.0,98.0,85.0,111.0,145.0,159.0,165.0,167.0,150.0,123.0,115.0,115.0,120.0,123.0,123.0,109.0,97.0,103.0,125.0,147.0,158.0,151.0,132.0,117.0,111.0,116.0,125.0,135.0,138.0,136.0,132.0,130.0,130.0,-0.028163125738469873,0.999603340504942
126.0,112.0,83.0,80.0,61.0,106.0,89.0,114.0,109.0,134.0,116.0,146.0,143.0,147.0,131.0,136.0,143.0,154.0,167.0,171.0,151.0,115.0,97.0,97.0,105.0,114.0,125.0,129.0,135.0,146.0,157.0,154.0,141.0,121.0,108.0,104.0,109.0,116.0,126.0,134.0,141.0,147.0,151.0,151.0,150.0,149.0,149.0,147.0,144.0,140.0,151.0,119.0,108.0,120.0,103.0,129.0,122.0,126.0,123.0,130.0,136.0,138.0,129.0,123.0,121.0,110.0,114.0,118.0,111.0,103.0,113.0,122.0,126.0,138.0,147.0,131.0,110.0,101.0,102.0,112.0,138.0,165.0,172.0,156.0,126.0,95.0,79.0,90.0,124.0,162.0,189.0,195.0,181.0,156.0,134.0,116.0,105.0,101.0,100.0,103.0,0.23174874106356147,0.9727756786718377
130.0,123.0,123.0,125.0,109.0,110.0,80.0,74.0,92.0,133.0,138.0,150.0,166.0,157.0,110.0,76.0,57.0,55.0,55.0,83.0,138.0,164.0,181.0,191.0,181.0,160.0,133.0,108.0,89.0,81.0,87.0,107.0,132.0,148.0,154.0,151.0,143.0,132.0,125.0,118.0,116.0,114.0,115.0,117.0,121.0,123.0,126.0,129.0,131.0,133.0,133.0,120.0,114.0,112.0,112.0,130.0,134.0,115.0,94.0,92.0,109.0,131.0,149.0,161.0,164.0,159.0,155.0,141.0,112.0,75.0,55.0,55.0,56.0,130.0,192.0,205.0,205.0,199.0,157.0,126.0,109.0,95.0,75.0,58.0,55.0,57.0,102.0,146.0,179.0,192.0,184.0,164.0,143.0,128.0,125.0,127.0,127.0,122.0,111.0,102.0,0.47471033335696156,0.8801420904627403
87.0,55.0,80.0,76.0,106.0,97.0,111.0,146.0,182.0,178.0,167.0,177.0,173.0,158.0,142.0,125.0,80.0,56.0,63.0,92.0,109.0,128.0,146.0,159.0,171.0,179.0,171.0,144.0,110.0,84.0,78.0,89.0,106.0,124.0,136.0,145.0,147.0,147.0,145.0,142.0,139.0,137.0,137.0,136.0,134.0,130.0,128.0,126.0,124.0,122.0,155.0,143.0,127.0,148.0,102.0,121.0,119.0,129.0,113.0,128.0,133.0,142.0,138.0,141.0,151.0,145.0,130.0,113.0,95.0,81.0,111.0,149.0,162.0,158.0,159.0,146.0,124.0,117.0,119.0,118.0,117.0,118.0,115.0,110.0,114.0,126.0,138.0,141.0,136.0,126.0,119.0,121.0,128.0,136.0,141.0,141.0,135.0,129.0,127.0,126.0,0.6837891548054313,0.7296796501002847
122.0,67.0,66.0,75.0,93.0,86.0,84.0,97.0,148.0,170.0,180.0,172.0,170.0,163.0,158.0,140.0,104.0,60.0,55.0,70.0,106.0,132.0,152.0,159.0,162.0,169.0,172.0,156.0,124.0,95.0,81.0,87.0,105.0,122.0,133.0,140.0,143.0,145.0,145.0,142.0,139.0,139.0,140.0,142.0,140.0,137.0,134.0,133.0,132.0,131.0,170.0,132.0,118.0,141.0,120.0,146.0,139.0,142.0,116.0,130.0,128.0,139.0,121.0,115.0,113.0,115.0,112.0,120.0,127.0,123.0,133.0,146.0,143.0,121.0,116.0,113.0,113.0,130.0,159.0,169.0,152.0,118.0,83.0,65.0,85.0,138.0,190.0,205.0,205.0,174.0,131.0,103.0,93.0,97.0,105.0,111.0,111.0,107.0,108.0,113.0,0.8467050891464314,0.5320624888239479
147.0,139.0,131.0,116.0,95.0,108.0,104.0,99.0,107.0,132.0,121.0,105.0,98.0,89.0,70.0,78.0,108.0,135.0,155.0,171.0,178.0,167.0,148.0,123.0,100.0,84.0,83.0,99.0,123.0,149.0,155.0,150.0,142.0,140.0,138.0,130.0,116.0,108.0,109.0,114.0,119.0,120.0,121.0,123.0,125.0,129.0,133.0,136.0,137.0,137.0,165.0,172.0,141.0,118.0,95.0,117.0,111.0,112.0,140.0,151.0,149.0,133.0,135.0,144.0,156.0,130.0,90.0,55.0,55.0,91.0,167.0,205.0,205.0,205.0,159.0,121.0,103.0,96.0,80.0,61.0,56.0,78.0,129.0,192.0,205.0,205.0,205.0,126.0,73.0,57.0,76.0,112.0,140.0,146.0,134.0,118.0,111.0,118.0,132.0,144.0,0.9536582129162297,0.3008920287036915
90.0,110.0,101.0,90.0,117.0,121.0,133.0,129.0,193.0,197.0,205.0,180.0,159.0,83.0,55.0,55.0,55.0,55.0,55.0,142.0,187.0,205.0,205.0,205.0,163.0,123.0,88.0,65.0,60.0,77.0,105.0,137.0,157.0,163.0,157.0,149.0,139.0,134.0,129.0,127.0,124.0,124.0,123.0,123.0,122.0,121.0,120.0,121.0,123.0,124.0,179.0,135.0,142.0,137.0,110.0,104.0,123.0,125.0,113.0,126.0,132.0,144.0,136.0,138.0,145.0,148.0,132.0,118.0,98.0,81.0,98.0,138.0,160.0,161.0,161.0,148.0,121.0,110.0,116.0,120.0,119.0,121.0,120.0,115.0,118.0,129.0,137.0,135.0,126.0,117.0,114.0,123.0,138.0,148.0,150.0,146.0,136.0,127.0,123.0,124.0,0.9986724296226714,0.051510953316264645
56.0,105.0,55.0,142.0,103.0,169.0,136.0,198.0,184.0,205.0,177.0,142.0,72.0,55.0,55.0,55.0,113.0,148.0,178.0,189.0,197.0,189.0,167.0,128.0,93.0,70.0,75.0,89.0,111.0,127.0,147.0,159.0,161.0,150.0,135.0,123.0,123.0,125.0,130.0,131.0,132.0,132.0,134.0,134.0,134.0,132.0,128.0,127.0,128.0,129.0,134.0,128.0,164.0,126.0,107.0,110.0,137.0,126.0,116.0,108.0,128.0,145.0,154.0,154.0,142.0,118.0,102.0,96.0,87.0,94.0,127.0,162.0,179.0,197.0,204.0,178.0,127.0,84.0,57.0,55.0,84.0,125.0,155.0,164.0,165.0,162.0,158.0,149.0,134.0,113.0,95.0,86.0,86.0,94.0,109.0,123.0,132.0,136.0,136.0,135.0,0.9797936163810376,-0.20001117293533424
146.0,136.0,140.0,133.0,119.0,118.0,74.0,56.0,55.0,55.0,59.0,114.0,148.0,179.0,180.0,184.0,166.0,143.0,113.0,89.0,76.0,78.0,91.0,114.0,141.0,158.0,167.0,166.0,154.0,135.0,119.0,111.0,111.0,115.0,120.0,121.0,123.0,122.0,124.0,124.0,125.0,125.0,127.0,130.0,134.0,137.0,139.0,139.0,139.0,139.0,184.0,121.0,96.0,123.0,97.0,120.0,124.0,136.0,122.0,133.0,122.0,135.0,129.0,117.0,103.0,99.0,101.0,121.0,146.0,153.0,156.0,156.0,149.0,135.0,125.0,103.0,71.0,55.0,62.0,110.0,176.0,205.0,205.0,205.0,139.0,73.0,55.0,55.0,55.0,120.0,154.0,166.0,158.0,142.0,131.0,128.0,130.0,131.0,130.0,127.0,0.8990396609474873,-0.4378672036627395
141.0,117.0,165.0,153.0,171.0,166.0,148.0,95.0,66.0,65.0,56.0,68.0,101.0,150.0,170.0,200.0,205.0,205.0,168.0,118.0,77.0,55.0,55.0,88.0,117.0,137.0,149.0,160.0,166.0,166.0,152.0,134.0,116.0,106.0,103.0,106.0,110.0,112.0,117.0,120.0,124.0,125.0,126.0,125.0,128.0,129.0,130.0,131.0,132.0,133.0,168.0,109.0,120.0,121.0,156.0,132.0,136.0,139.0,128.0,128.0,112.0,118.0,115.0,118.0,109.0,125.0,129.0,147.0,166.0,167.0,129.0,102.0,93.0,89.0,94.0,122.0,143.0,141.0,138.0,136.0,134.0,134.0,142.0,144.0,137.0,126.0,121.0,123.0,130.0,137.0,135.0,128.0,120.0,117.0,117.0,123.0,130.0,133.0,132.0,129.0,0.7621303956844485,-0.6474235553127997
190.0,186.0,159.0,109.0,70.0,58.0,73.0,86.0,113.0,153.0,194.0,205.0,205.0,169.0,99.0,55.0,55.0,55.0,55.0,102.0,149.0,183.0,204.0,205.0,182.0,135.0,89.0,65.0,72.0,98.0,127.0,141.0,142.0,141.0,140.0,139.0,134.0,126.0,121.0,121.0,123.0,123.0,123.0,122.0,123.0,125.0,126.0,126.0,125.0,125.0,160.0,124.0,81.0,104.0,137.0,152.0,135.0,132.0,124.0,117.0,101.0,93.0,100.0,112.0,123.0,135.0,144.0,162.0,193.0,198.0,152.0,89.0,55.0,55.0,55.0,81.0,172.0,203.0,200.0,178.0,150.0,133.0,137.0,145.0,136.0,112.0,84.0,70.0,80.0,108.0,140.0,157.0,158.0,147.0,133.0,128.0,132.0,136.0,137.0,133.0,0.5780338905085677,-0.8160127581254654
128.0,66.0,55.0,55.0,73.0,78.0,97.0,127.0,162.0,188.0,200.0,181.0,131.0,86.0,56.0,55.0,55.0,70.0,121.0,157.0,183.0,194.0,188.0,171.0,141.0,108.0,85.0,78.0,89.0,110.0,130.0,142.0,145.0,143.0,139.0,135.0,132.0,130.0,130.0,132.0,135.0,137.0,138.0,139.0,140.0,140.0,140.0,139.0,137.0,137.0,157.0,118.0,77.0,101.0,124.0,144.0,119.0,108.0,94.0,98.0,100.0,112.0,132.0,146.0,150.0,150.0,143.0,125.0,115.0,94.0,59.0,55.0,55.0,89.0,167.0,205.0,205.0,205.0,171.0,105.0,61.0,55.0,67.0,100.0,120.0,126.0,128.0,138.0,157.0,180.0,191.0,184.0,160.0,131.0,107.0,95.0,94.0,96.0,97.0,95.0,0.3587710028998759,-0.9334256089685011
108.0,180.0,123.0,182.0,153.0,133.0,62.0,55.0,55.0,55.0,90.0,139.0,182.0,181.0,203.0,198.0,157.0,84.0,55.0,55.0,55.0,55.0,133.0,170.0,188.0,193.0,185.0,165.0,141.0,115.0,93.0,85.0,93.0,113.0,132.0,144.0,145.0,143.0,137.0,132.0,127.0,125.0,125.0,126.0,126.0,126.0,128.0,131.0,133.0,135.0,153.0,164.0,122.0,115.0,130.0,152.0,150.0,136.0,125.0,129.0,132.0,129.0,125.0,114.0,106.0,116.0,135.0,141.0,154.0,166.0,153.0,123.0,111.0,107.0,102.0,108.0,125.0,135.0,135.0,133.0,126.0,119.0,121.0,137.0,157.0,168.0,164.0,144.0,120.0,102.0,95.0,98.0,115.0,130.0,136.0,133.0,131.0,132.0,135.0,139.0,0.11783842727951133,-0.993032781461061
103.0,63.0,55.0,82.0,93.0,111.0,143.0,185.0,205.0,205.0,184.0,112.0,55.0,55.0,55.0,55.0,86.0,144.0,179.0,203.0,205.0,189.0,145.0,98.0,71.0,72.0,92.0,118.0,136.0,144.0,147.0,145.0,141.0,133.0,126.0,122.0,123.0,124.0,125.0,123.0,122.0,123.0,125.0,127.0,127.0,127.0,126.0,127.0,129.0,131.0,174.0,158.0,129.0,92.0,97.0,126.0,120.0,95.0,101.0,117.0,143.0,147.0,150.0,157.0,163.0,158.0,146.0,112.0,74.0,68.0,89.0,114.0,146.0,181.0,190.0,171.0,150.0,135.0,117.0,107.0,107.0,109.0,111.0,118.0,124.0,119.0,106.0,93.0,90.0,103.0,131.0,159.0,177.0,181.0,171.0,152.0,133.0,122.0,116.0,115.0,-0.13022309002112503,-0.9914847184023312
110.0,90.0,138.0,145.0,146.0,103.0,75.0,55.0,67.0,89.0,119.0,139.0,164.0,177.0,165.0,136.0,101.0,68.0,56.0,69.0,95.0,128.0,159.0,179.0,182.0,175.0,155.0,124.0,97.0,85.0,89.0,108.0,129.0,142.0,146.0,143.0,137.0,133.0,129.0,125.0,123.0,124.0,127.0,130.0,132.0,133.0,134.0,135.0,137.0,137.0,151.0,105.0,141.0,124.0,151.0,97.0,107.0,123.0,149.0,149.0,134.0,118.0,114.0,115.0,109.0,111.0,97.0,88.0,95.0,127.0,156.0,192.0,205.0,197.0,142.0,102.0,77.0,65.0,74.0,98.0,124.0,147.0,173.0,189.0,191.0,180.0,165.0,147.0,128.0,113.0,99.0,89.0,85.0,86.0,89.0,94.0,104.0,116.0,130.0,141.0,-0.3705287196668031,-0.9288210096149202
71.0,80.0,55.0,123.0,144.0,168.0,148.0,165.0,146.0,121.0,89.0,56.0,55.0,55.0,55.0,73.0,173.0,205.0,205.0,183.0,172.0,146.0,119.0,95.0,78.0,69.0,91.0,126.0,152.0,162.0,157.0,145.0,136.0,133.0,130.0,129.0,127.0,125.0,125.0,125.0,124.0,123.0,126.0,130.0,140.0,139.0,134.0,132.0,137.0,146.0,177.0,155.0,124.0,126.0,131.0,149.0,148.0,142.0,136.0,133.0,128.0,131.0,132.0,118.0,111.0,120.0,131.0,147.0,174.0,183.0,159.0,130.0,112.0,99.0,94.0,104.0,114.0,108.0,103.0,107.0,125.0,152.0,182.0,198.0,186.0,151.0,107.0,74.0,64.0,75.0,97.0,118.0,135.0,144.0,147.0,149.0,152.0,154.0,153.0,149.0,-0.588546536931141,-0.8084633410776033
117.0,145.0,155.0,168.0,196.0,179.0,148.0,79.0,60.0,55.0,55.0,90.0,131.0,141.0,172.0,188.0,204.0,188.0,157.0,113.0,83.0,74.0,87.0,108.0,125.0,136.0,141.0,142.0,143.0,144.0,143.0,140.0,134.0,127.0,119.0,116.0,115.0,118.0,121.0,124.0,125.0,127.0,127.0,129.0,130.0,131.0,131.0,131.0,131.0,132.0,178.0,157.0,128.0,104.0,100.0,135.0,148.0,136.0,123.0,133.0,135.0,130.0,117.0,114.0,108.0,106.0,113.0,127.0,135.0,153.0,170.0,154.0,118.0,98.0,90.0,82.0,95.0,122.0,140.0,142.0,143.0,143.0,144.0,151.0,161.0,158.0,137.0,111.0,94.0,97.0,117.0,142.0,157.0,158.0,149.0,133.0,122.0,119.0,121.0,124.0,-0.7707838265027,-0.6370967687893697
69.0,78.0,74.0,69.0,76.0,103.0,140.0,172.0,181.0,159.0,135.0,103.0,70.0,55.0,55.0,55.0,55.0,124.0,176.0,201.0,205.0,192.0,159.0,127.0,105.0,92.0,85.0,89.0,100.0,119.0,139.0,151.0,155.0,151.0,143.0,135.0,129.0,125.0,123.0,123.0,125.0,129.0,131.0,133.0,135.0,137.0,138.0,139.0,139.0,140.0,105.0,124.0,122.0,162.0,120.0,107.0,112.0,146.0,145.0,139.0,119.0,117.0,118.0,114.0,108.0,100.0,90.0,95.0,121.0,148.0,180.0,205.0,205.0,160.0,117.0,90.0,72.0,70.0,89.0,114.0,137.0,160.0,177.0,180.0,172.0,166.0,161.0,153.0,137.0,114.0,88.0,69.0,63.0,67.0,81.0,99.0,117.0,133.0,144.0,151.0,-0.9049293669724444,-0.4255617943270413
108.0,172.0,117.0,162.0,107.0,136.0,107.0,94.0,57.0,57.0,55.0,55.0,58.0,123.0,169.0,192.0,196.0,158.0,133.0,106.0,85.0,77.0,91.0,95.0,112.0,146.0,177.0,185.0,177.0,152.0,124.0,109.0,106.0,113.0,123.0,131.0,133.0,133.0,130.0,125.0,121.0,121.0,123.0,126.0,130.0,132.0,136.0,139.0,143.0,145.0,145.0,138.0,142.0,141.0,115.0,114.0,121.0,136.0,138.0,141.0,143.0,139.0,141.0,153.0,153.0,139.0,132.0,124.0,111.0,113.0,138.0,155.0,157.0,151.0,135.0,107.0,87.0,87.0,105.0,133.0,162.0,177.0,166.0,135.0,98.0,72.0,64.0,76.0,98.0,122.0,143.0,156.0,160.0,160.0,158.0,154.0,150.0,146.0,141.0,135.0,-0.9823768171758648,-0.18691117964267823
125.0,163.0,59.0,72.0,55.0,73.0,85.0,141.0,145.0,175.0,188.0,205.0,200.0,165.0,124.0,83.0,58.0,65.0,99.0,115.0,129.0,137.0,144.0,148.0,162.0,164.0,153.0,131.0,113.0,102.0,104.0,111.0,119.0,123.0,127.0,127.0,130.0,131.0,130.0,130.0,132.0,132.0,132.0,131.0,130.0,130.0,130.0,128.0,126.0,125.0,158.0,145.0,127.0,90.0,120.0,124.0,125.0,119.0,130.0,138.0,141.0,138.0,143.0,150.0,137.0,124.0,107.0,87.0,87.0,125.0,155.0,161.0,162.0,157.0,131.0,112.0,114.0,120.0,120.0,121.0,122.0,117.0,116.0,125.0,136.0,137.0,131.0,121.0,115.0,119.0,132.0,145.0,150.0,149.0,140.0,130.0,124.0,124.0,125.0,127.0,-0.9979494640674225,0.06400677438790653
55.0,55.0,55.0,99.0,158.0,167.0,154.0,139.0,129.0,114.0,80.0,55.0,55.0,55.0,56.0,102.0,130.0,137.0,146.0,160.0,162.0,152.0,144.0,136.0,126.0,122.0,118.0,113.0,106.0,106.0,114.0,129.0,144.0,152.0,153.0,148.0,141.0,134.0,129.0,125.0,123.0,124.0,127.0,131.0,134.0,136.0,138.0,140.0,143.0,145.0,76.0,110.0,135.0,156.0,127.0,113.0,120.0,118.0,116.0,105.0,112.0,122.0,130.0,133.0,149.0,161.0,168.0,167.0,146.0,109.0,97.0,115.0,131.0,138.0,144.0,144.0,139.0,149.0,168.0,178.0,167.0,145.0,113.0,81.0,68.0,81.0,107.0,128.0,132.0,117.0,97.0,86.0,92.0,111.0,134.0,152.0,158.0,156.0,151.0,147.0,-0.9502718058409313,0.3114217317783319
153.0,74.0,59.0,62.0,55.0,55.0,55.0,55.0,69.0,183.0,205.0,205.0,165.0,129.0,84.0,56.0,55.0,56.0,56.0,57.0,122.0,203.0,205.0,205.0,182.0,146.0,122.0,107.0,97.0,89.0,91.0,104.0,123.0,139.0,146.0,147.0,144.0,139.0,133.0,128.0,125.0,125.0,129.0,134.0,139.0,141.0,142.0,142.0,144.0,146.0,142.0,142.0,143.0,144.0,135.0,117.0,120.0,133.0,138.0,142.0,141.0,131.0,131.0,155.0,174.0,172.0,156.0,130.0,97.0,83.0,95.0,115.0,125.0,129.0,133.0,138.0,151.0,169.0,177.0,162.0,128.0,90.0,61.0,55.0,69.0,98.0,128.0,149.0,155.0,154.0,154.0,157.0,160.0,160.0,155.0,146.0,135.0,127.0,122.0,119.0,-0.8419247276704621,0.5395949897256443
99.0,55.0,93.0,124.0,178.0,165.0,156.0,137.0,158.0,169.0,153.0,134.0,113.0,101.0,98.0,121.0,117.0,96.0,85.0,102.0,117.0,146.0,169.0,173.0,157.0,145.0,134.0,121.0,108.0,97.0,95.0,106.0,123.0,138.0,148.0,151.0,150.0,148.0,144.0,139.0,133.0,129.0,129.0,129.0,128.0,126.0,123.0,123.0,124.0,125.0,142.0,123.0,110.0,96.0,97.0,119.0,123.0,120.0,131.0,130.0,132.0,124.0,135.0,146.0,142.0,120.0,106.0,90.0,84.0,109.0,142.0,148.0,139.0,135.0,125.0,112.0,115.0,127.0,134.0,142.0,153.0,156.0,143.0,120.0,96.0,77.0,74.0,94.0,130.0,167.0,194.0,197.0,181.0,155.0,130.0,113.0,106.0,106.0,106.0,105.0,-0.6793647336617478,0.7338007622350242
161.0,126.0,145.0,91.0,83.0,55.0,73.0,97.0,108.0,106.0,111.0,133.0,124.0,120.0,110.0,109.0,105.0,138.0,176.0,191.0,179.0,162.0,140.0,116.0,102.0,95.0,91.0,97.0,117.0,147.0,169.0,175.0,162.0,147.0,125.0,109.0,102.0,106.0,117.0,125.0,131.0,135.0,140.0,143.0,144.0,147.0,150.0,151.0,149.0,146.0,151.0,103.0,107.0,133.0,127.0,108.0,109.0,110.0,134.0,130.0,128.0,123.0,128.0,133.0,150.0,152.0,132.0,116.0,106.0,92.0,92.0,119.0,141.0,145.0,147.0,148.0,136.0,124.0,122.0,124.0,127.0,135.0,139.0,130.0,111.0,94.0,89.0,98.0,122.0,146.0,160.0,164.0,159.0,146.0,133.0,126.0,121.0,119.0,119.0,119.0,-0.472600370812718,0.8812768517938512
55.0,55.0,147.0,200.0,169.0,130.0,122.0,106.0,83.0,58.0,55.0,55.0,56.0,108.0,192.0,205.0,202.0,176.0,146.0,122.0,108.0,97.0,91.0,92.0,104.0,123.0,138.0,147.0,148.0,146.0,141.0,133.0,126.0,123.0,122.0,125.0,129.0,132.0,135.0,136.0,139.0,143.0,145.0,145.0,144.0,144.0,145.0,146.0,146.0,145.0,119.0,135.0,112.0,159.0,123.0,131.0,133.0,170.0,146.0,144.0,125.0,126.0,119.0,106.0,88.0,86.0,102.0,128.0,161.0,175.0,171.0,157.0,136.0,104.0,83.0,76.0,72.0,70.0,83.0,108.0,143.0,179.0,203.0,200.0,169.0,133.0,110.0,108.0,119.0,133.0,135.0,129.0,119.0,112.0,112.0,119.0,128.0,135.0,138.0,136.0,-0.23463355634041716,0.9720838925931488
101.0,100.0,117.0,169.0,168.0,173.0,145.0,111.0,92.0,115.0,108.0,96.0,103.0,129.0,138.0,149.0,164.0,146.0,106.0,88.0,97.0,104.0,117.0,134.0,144.0,145.0,149.0,149.0,141.0,126.0,112.0,108.0,113.0,124.0,132.0,138.0,139.0,136.0,133.0,128.0,124.0,121.0,120.0,121.0,122.0,123.0,123.0,123.0,125.0,128.0,158.0,127.0,134.0,142.0,131.0,130.0,126.0,131.0,123.0,119.0,117.0,117.0,111.0,120.0,128.0,125.0,130.0,144.0,142.0,125.0,119.0,118.0,117.0,130.0,155.0,167.0,152.0,118.0,80.0,58.0,74.0,128.0,190.0,205.0,205.0,200.0,135.0,96.0,78.0,81.0,94.0,108.0,113.0,112.0,112.0,115.0,124.0,133.0,140.0,141.0,0.019310774547090456,0.9998135296075921
80.0,70.0,60.0,113.0,98.0,106.0,101.0,144.0,142.0,167.0,168.0,166.0,130.0,130.0,152.0,161.0,157.0,158.0,146.0,116.0,106.0,110.0,111.0,109.0,117.0,126.0,139.0,151.0,157.0,151.0,140.0,122.0,109.0,104.0,106.0,112.0,124.0,135.0,143.0,147.0,150.0,149.0,149.0,147.0,147.0,146.0,144.0,135.0,129.0,126.0,124.0,111.0,132.0,156.0,133.0,128.0,141.0,127.0,130.0,113.0,120.0,114.0,112.0,105.0,124.0,134.0,152.0,169.0,163.0,124.0,99.0,93.0,90.0,97.0,122.0,141.0,139.0,138.0,137.0,136.0,136.0,144.0,145.0,136.0,125.0,119.0,121.0,128.0,136.0,135.0,129.0,122.0,119.0,118.0,123.0,129.0,132.0,132.0,130.0,127.0,0.27272746776310214,0.962091330554187
79.0,57.0,55.0,107.0,125.0,140.0,113.0,109.0,128.0,150.0,147.0,137.0,140.0,152.0,166.0,169.0,154.0,109.0,68.0,62.0,87.0,111.0,134.0,149.0,157.0,164.0,173.0,165.0,139.0,108.0,90.0,88.0,100.0,117.0,132.0,143.0,150.0,153.0,155.0,158.0,150.0,143.0,139.0,142.0,147.0,145.0,139.0,134.0,133.0,132.0,133.0,137.0,164.0,116.0,125.0,126.0,140.0,136.0,128.0,120.0,128.0,133.0,129.0,137.0,141.0,142.0,140.0,135.0,118.0,117.0,123.0,118.0,108.0,115.0,128.0,139.0,156.0,166.0,155.0,126.0,101.0,85.0,80.0,93.0,121.0,148.0,162.0,161.0,146.0,127.0,118.0,118.0,125.0,133.0,137.0,136.0,134.0,133.0,131.0,128.0,0.5088924537669415,0.8608301054790436
95.0,81.0,92.0,128.0,139.0,125.0,129.0,154.0,150.0,136.0,132.0,108.0,70.0,55.0,61.0,66.0,77.0,110.0,146.0,167.0,181.0,187.0,176.0,154.0,127.0,103.0,82.0,76.0,85.0,106.0,132.0,150.0,157.0,155.0,149.0,140.0,133.0,126.0,122.0,120.0,120.0,122.0,124.0,126.0,126.0,128.0,130.0,132.0,134.0,135.0,174.0,133.0,95.0,114.0,99.0,118.0,109.0,115.0,137.0,154.0,137.0,105.0,102.0,122.0,147.0,149.0,138.0,112.0,105.0,130.0,170.0,183.0,157.0,106.0,58.0,55.0,55.0,143.0,203.0,205.0,205.0,168.0,124.0,100.0,90.0,83.0,75.0,71.0,78.0,103.0,142.0,175.0,191.0,184.0,162.0,137.0,121.0,119.0,126.0,132.0,0.7119763350266438,0.7022034593777137
67.0,76.0,121.0,126.0,165.0,167.0,162.0,157.0,181.0,179.0,157.0,145.0,124.0,84.0,55.0,55.0,55.0,61.0,94.0,141.0,173.0,198.0,205.0,200.0,168.0,127.0,86.0,62.0,62.0,80.0,106.0,132.0,153.0,163.0,165.0,161.0,153.0,146.0,139.0,133.0,129.0,127.0,126.0,125.0,123.0,121.0,121.0,122.0,124.0,125.0,163.0,141.0,137.0,136.0,96.0,124.0,124.0,119.0,108.0,128.0,140.0,147.0,138.0,139.0,146.0,140.0,127.0,111.0,91.0,83.0,114.0,150.0,161.0,162.0,159.0,136.0,112.0,111.0,118.0,119.0,121.0,122.0,118.0,115.0,122.0,134.0,137.0,131.0,121.0,113.0,116.0,130.0,144.0,151.0,151.0,142.0,132.0,124.0,123.0,123.0,0.8681355152429702,0.496327237993063
147.0,109.0,66.0,55.0,75.0,119.0,138.0,147.0,158.0,180.0,197.0,196.0,171.0,116.0,58.0,55.0,55.0,84.0,120.0,145.0,159.0,167.0,177.0,177.0,158.0,126.0,97.0,84.0,90.0,110.0,126.0,135.0,135.0,135.0,138.0,139.0,137.0,133.0,132.0,133.0,134.0,134.0,132.0,132.0,132.0,132.0,130.0,128.0,126.0,126.0,128.0,113.0,105.0,143.0,113.0,127.0,118.0,131.0,133.0,126.0,125.0,134.0,138.0,132.0,136.0,113.0,109.0,118.0,126.0,112.0,107.0,111.0,117.0,132.0,154.0,154.0,132.0,111.0,100.0,100.0,117.0,145.0,160.0,151.0,124.0,100.0,89.0,103.0,136.0,167.0,183.0,179.0,160.0,137.0,124.0,116.0,113.0,111.0,110.0,107.0,0.9665025460104422,0.25665702514315303
56.0,58.0,94.0,159.0,157.0,147.0,147.0,156.0,125.0,90.0,60.0,55.0,55.0,55.0,121.0,163.0,186.0,196.0,191.0,170.0,141.0,110.0,85.0,73.0,79.0,100.0,125.0,143.0,152.0,154.0,150.0,141.0,132.0,125.0,121.0,120.0,121.0,123.0,124.0,125.0,126.0,129.0,132.0,134.0,134.0,135.0,136.0,138.0,139.0,140.0,137.0,117.0,108.0,111.0,116.0,136.0,136.0,113.0,90.0,91.0,112.0,135.0,152.0,162.0,163.0,158.0,155.0,141.0,111.0,75.0,55.0,55.0,69.0,129.0,192.0,205.0,205.0,204.0,156.0,123.0,106.0,94.0,76.0,58.0,55.0,61.0,103.0,148.0,181.0,192.0,184.0,163.0,141.0,128.0,125.0,127.0,127.0,121.0,111.0,102.0,0.9999996229321153,-0.0008684098267709588
100.0,129.0,96.0,96.0,98.0,105.0,134.0,117.0,144.0,171.0,205.0,201.0,194.0,150.0,99.0,55.0,55.0,55.0,55.0,63.0,153.0,190.0,201.0,204.0,195.0,161.0,120.0,89.0,65.0,60.0,79.0,113.0,143.0,161.0,158.0,150.0,140.0,134.0,129.0,131.0,131.0,130.0,124.0,121.0,120.0,123.0,124.0,122.0,122.0,122.0,141.0,127.0,163.0,115.0,113.0,116.0,137.0,125.0,126.0,124.0,137.0,140.0,144.0,152.0,150.0,136.0,122.0,109.0,88.0,94.0,127.0,154.0,161.0,168.0,161.0,136.0,117.0,121.0,122.0,119.0,114.0,109.0,101.0,102.0,117.0,136.0,151.0,155.0,144.0,126.0,114.0,112.0,118.0,127.0,134.0,137.0,135.0,132.0,131.0,130.0,0.9659077295829674,-0.258886573487072
149.0,116.0,113.0,110.0,164.0,171.0,190.0,164.0,147.0,88.0,79.0,67.0,86.0,100.0,147.0,184.0,205.0,205.0,205.0,148.0,103.0,71.0,56.0,63.0,85.0,113.0,144.0,175.0,187.0,180.0,155.0,126.0,106.0,102.0,106.0,115.0,121.0,126.0,130.0,134.0,135.0,133.0,130.0,129.0,129.0,129.0,129.0,127.0,126.0,126.0,94.0,120.0,121.0,165.0,133.0,133.0,133.0,144.0,121.0,105.0,103.0,117.0,124.0,119.0,118.0,117.0,126.0,145.0,156.0,134.0,109.0,101.0,105.0,117.0,154.0,184.0,176.0,138.0,98.0,71.0,71.0,105.0,149.0,176.0,180.0,177.0,168.0,158.0,142.0,123.0,101.0,83.0,74.0,74.0,85.0,105.0,123.0,139.0,139.0,137.0,0.8661387322651962,-0.49980365791982634
55.0,55.0,55.0,61.0,114.0,142.0,159.0,184.0,195.0,181.0,128.0,81.0,55.0,55.0,55.0,80.0,127.0,160.0,185.0,193.0,186.0,168.0,137.0,104.0,82.0,79.0,91.0,113.0,132.0,142.0,145.0,143.0,138.0,134.0,132.0,130.0,130.0,132.0,135.0,136.0,138.0,138.0,139.0,140.0,140.0,139.0,138.0,137.0,137.0,137.0,174.0,125.0,93.0,96.0,92.0,140.0,130.0,124.0,116.0,129.0,135.0,134.0,113.0,97.0,97.0,101.0,119.0,138.0,150.0,152.0,158.0,155.0,139.0,122.0,99.0,64.0,55.0,55.0,106.0,172.0,205.0,205.0,205.0,199.0,97.0,55.0,55.0,55.0,58.0,138.0,170.0,180.0,171.0,155.0,142.0,133.0,127.0,123.0,120.0,117.0,0.7071780825111748,-0.7070354726715047
92.0,107.0,55.0,68.0,55.0,55.0,55.0,122.0,173.0,190.0,203.0,198.0,161.0,92.0,57.0,55.0,55.0,55.0,56.0,98.0,186.0,205.0,205.0,205.0,180.0,143.0,111.0,82.0,65.0,66.0,86.0,117.0,143.0,160.0,162.0,157.0,145.0,135.0,127.0,122.0,119.0,119.0,122.0,126.0,128.0,130.0,133.0,135.0,136.0,138.0,160.0,111.0,121.0,125.0,160.0,132.0,138.0,138.0,131.0,124.0,113.0,120.0,117.0,114.0,105.0,123.0,134.0,154.0,170.0,163.0,122.0,98.0,93.0,92.0,100.0,127.0,143.0,139.0,136.0,135.0,133.0,133.0,139.0,139.0,131.0,123.0,125.0,131.0,138.0,141.0,133.0,120.0,111.0,109.0,113.0,123.0,131.0,135.0,134.0,132.0,0.49969036936845634,-0.8662040953265089
134.0,58.0,55.0,55.0,100.0,128.0,150.0,173.0,205.0,205.0,205.0,164.0,84.0,55.0,55.0,55.0,55.0,102.0,158.0,188.0,205.0,205.0,192.0,150.0,100.0,68.0,64.0,82.0,108.0,129.0,141.0,147.0,149.0,146.0,139.0,133.0,129.0,131.0,132.0,133.0,130.0,129.0,128.0,130.0,131.0,129.0,127.0,126.0,127.0,129.0,123.0,136.0,111.0,101.0,153.0,132.0,151.0,141.0,140.0,105.0,97.0,92.0,110.0,118.0,119.0,128.0,146.0,169.0,196.0,205.0,154.0,88.0,55.0,55.0,55.0,104.0,178.0,205.0,196.0,174.0,144.0,121.0,117.0,121.0,119.0,111.0,106.0,107.0,114.0,123.0,127.0,121.0,114.0,110.0,113.0,125.0,140.0,149.0,149.0,143.0,0.25780689114476363,-0.9661964639131485
111.0,142.0,134.0,134.0,90.0,75.0,55.0,75.0,96.0,137.0,152.0,177.0,173.0,159.0,126.0,87.0,57.0,55.0,70.0,100.0,139.0,171.0,187.0,187.0,176.0,150.0,118.0,95.0,86.0,92.0,110.0,129.0,142.0,146.0,145.0,140.0,136.0,131.0,127.0,125.0,126.0,127.0,130.0,131.0,133.0,134.0,136.0,137.0,138.0,137.0,149.0,145.0,131.0,132.0,108.0,138.0,124.0,97.0,90.0,106.0,144.0,163.0,163.0,148.0,148.0,137.0,128.0,103.0,63.0,55.0,55.0,90.0,178.0,205.0,205.0,205.0,205.0,83.0,56.0,55.0,55.0,74.0,99.0,118.0,145.0,177.0,202.0,205.0,191.0,153.0,114.0,89.0,84.0,92.0,106.0,113.0,112.0,106.0,104.0,110.0,-0.0018586359639005542,-0.9999982727346851
55.0,81.0,148.0,171.0,163.0,160.0,136.0,113.0,88.0,58.0,55.0,55.0,55.0,80.0,171.0,203.0,193.0,169.0,159.0,142.0,120.0,102.0,86.0,78.0,98.0,132.0,154.0,158.0,147.0,134.0,129.0,134.0,138.0,135.0,129.0,124.0,125.0,129.0,127.0,123.0,123.0,126.0,132.0,135.0,137.0,138.0,140.0,143.0,145.0,145.0,144.0,169.0,170.0,145.0,110.0,115.0,123.0,130.0,134.0,139.0,145.0,142.0,146.0,159.0,161.0,144.0,127.0,106.0,86.0,97.0,141.0,175.0,183.0,182.0,166.0,134.0,112.0,103.0,97.0,88.0,86.0,97.0,116.0,144.0,171.0,180.0,165.0,130.0,93.0,69.0,71.0,91.0,118.0,141.0,153.0,154.0,151.0,149.0,150.0,151.0,-0.26139569671352686,-0.9652317285189344
127.0,124.0,80.0,62.0,55.0,55.0,95.0,132.0,157.0,174.0,193.0,205.0,202.0,162.0,115.0,65.0,55.0,55.0,87.0,115.0,132.0,146.0,155.0,166.0,176.0,172.0,150.0,120.0,96.0,86.0,94.0,109.0,124.0,132.0,135.0,135.0,134.0,132.0,130.0,128.0,128.0,129.0,130.0,131.0,130.0,130.0,130.0,128.0,127.0,126.0,143.0,132.0,158.0,114.0,118.0,119.0,133.0,121.0,124.0,129.0,140.0,141.0,143.0,152.0,147.0,134.0,121.0,106.0,86.0,99.0,134.0,157.0,161.0,168.0,158.0,133.0,118.0,118.0,118.0,117.0,118.0,113.0,104.0,104.0,119.0,138.0,152.0,152.0,139.0,122.0,114.0,115.0,122.0,131.0,137.0,137.0,134.0,131.0,130.0,130.0,-0.502894014856106,-0.864348083715066
55.0,55.0,55.0,97.0,163.0,167.0,155.0,135.0,129.0,109.0,75.0,55.0,55.0,55.0,56.0,107.0,132.0,138.0,147.0,161.0,160.0,151.0,142.0,135.0,125.0,121.0,117.0,111.0,105.0,106.0,115.0,131.0,145.0,152.0,152.0,148.0,140.0,133.0,128.0,125.0,123.0,125.0,127.0,131.0,134.0,136.0,137.0,140.0,143.0,145.0,123.0,139.0,126.0,144.0,96.0,119.0,132.0,151.0,141.0,125.0,118.0,118.0,118.0,108.0,106.0,92.0,90.0,105.0,137.0,164.0,198.0,205.0,184.0,135.0,101.0,78.0,67.0,78.0,103.0,128.0,150.0,173.0,184.0,180.0,171.0,163.0,154.0,139.0,121.0,98.0,79.0,70.0,71.0,78.0,92.0,108.0,123.0,137.0,147.0,151.0,-0.7097499701069878,-0.7044536747956744
160.0,81.0,65.0,64.0,56.0,55.0,55.0,55.0,63.0,168.0,205.0,205.0,172.0,137.0,92.0,57.0,55.0,55.0,56.0,56.0,116.0,198.0,205.0,205.0,187.0,150.0,124.0,108.0,98.0,90.0,91.0,102.0,121.0,137.0,145.0,146.0,143.0,139.0,133.0,128.0,125.0,124.0,128.0,133.0,138.0,141.0,142.0,142.0,144.0,145.0,153.0,150.0,130.0,137.0,136.0,122.0,123.0,119.0,133.0,134.0,139.0,143.0,143.0,140.0,150.0,155.0,142.0,133.0,127.0,115.0,110.0,130.0,152.0,158.0,153.0,141.0,115.0,90.0,85.0,99.0,124.0,155.0,176.0,172.0,145.0,108.0,77.0,64.0,71.0,91.0,115.0,138.0,153.0,160.0,160.0,158.0,155.0,151.0,147.0,143.0,-0.8678770565251368,-0.4967790401750707
128.0,61.0,55.0,92.0,147.0,154.0,169.0,151.0,158.0,162.0,186.0,162.0,141.0,119.0,105.0,89.0,104.0,123.0,120.0,126.0,152.0,167.0,164.0,164.0,154.0,129.0,109.0,104.0,98.0,98.0,107.0,125.0,142.0,154.0,153.0,145.0,135.0,129.0,127.0,130.0,132.0,133.0,134.0,136.0,136.0,134.0,130.0,126.0,125.0,126.0,155.0,155.0,135.0,106.0,96.0,126.0,127.0,115.0,124.0,136.0,148.0,140.0,136.0,141.0,144.0,132.0,120.0,99.0,82.0,100.0,140.0,160.0,162.0,162.0,147.0,119.0,110.0,117.0,121.0,121.0,122.0,120.0,115.0,120.0,131.0,138.0,134.0,125.0,115.0,114.0,125.0,140.0,150.0,152.0,146.0,135.0,126.0,123.0,124.0,126.0,-0.9668731367892274,-0.25525739432063466
133.0,110.0,159.0,88.0,107.0,55.0,74.0,70.0,111.0,94.0,109.0,120.0,131.0,121.0,117.0,116.0,103.0,111.0,141.0,167.0,163.0,160.0,150.0,134.0,119.0,114.0,107.0,103.0,111.0,130.0,148.0,159.0,155.0,144.0,130.0,122.0,116.0,116.0,117.0,121.0,126.0,132.0,137.0,139.0,142.0,143.0,146.0,149.0,149.0,148.0,125.0,140.0,133.0,124.0,94.0,123.0,114.0,107.0,108.0,114.0,125.0,124.0,127.0,137.0,162.0,167.0,167.0,145.0,112.0,97.0,113.0,128.0,129.0,135.0,138.0,131.0,138.0,162.0,178.0,173.0,157.0,132.0,104.0,87.0,89.0,97.0,101.0,98.0,93.0,92.0,102.0,122.0,144.0,158.0,162.0,156.0,147.0,142.0,140.0,138.0,-0.9999933179592898,0.003655685540460109
125.0,77.0,55.0,55.0,55.0,55.0,110.0,160.0,173.0,153.0,136.0,124.0,94.0,63.0,55.0,55.0,55.0,60.0,158.0,199.0,205.0,194.0,165.0,134.0,115.0,103.0,93.0,90.0,95.0,111.0,129.0,142.0,148.0,148.0,144.0,137.0,130.0,124.0,122.0,122.0,126.0,130.0,133.0,136.0,138.0,141.0,144.0,145.0,143.0,143.0,147.0,140.0,145.0,142.0,124.0,119.0,131.0,134.0,141.0,142.0,133.0,131.0,153.0,174.0,172.0,157.0,131.0,100.0,83.0,94.0,114.0,125.0,130.0,133.0,138.0,150.0,168.0,176.0,163.0,130.0,92.0,62.0,55.0,67.0,96.0,126.0,147.0,155.0,154.0,154.0,157.0,160.0,160.0,156.0,146.0,136.0,127.0,122.0,120.0,117.0,-0.9649810250724647,0.26231969283699463
96.0,133.0,98.0,127.0,129.0,151.0,153.0,151.0,164.0,151.0,127.0,99.0,117.0,104.0,101.0,106.0,127.0,119.0,130.0,148.0,152.0,134.0,130.0,127.0,120.0,120.0,126.0,128.0,127.0,124.0,123.0,125.0,130.0,132.0,134.0,135.0,132.0,130.0,128.0,128.0,125.0,125.0,123.0,123.0,123.0,123.0,122.0,123.0,123.0,124.0,139.0,116.0,115.0,88.0,105.0,119.0,127.0,121.0,133.0,127.0,130.0,125.0,138.0,148.0,137.0,117.0,103.0,89.0,86.0,117.0,145.0,146.0,138.0,134.0,122.0,111.0,117.0,129.0,135.0,144.0,155.0,155.0,138.0,115.0,90.0,74.0,76.0,101.0,138.0,174.0,195.0,195.0,176.0,150.0,126.0,111.0,105.0,105.0,105.0,104.0,-0.8642217482054813,0.5031110910411951
117.0,100.0,55.0,72.0,67.0,106.0,86.0,101.0,88.0,138.0,125.0,126.0,111.0,120.0,113.0,125.0,148.0,155.0,136.0,127.0,134.0,129.0,125.0,124.0,123.0,119.0,131.0,147.0,155.0,148.0,136.0,123.0,120.0,121.0,123.0,126.0,128.0,129.0,133.0,136.0,138.0,138.0,140.0,143.0,147.0,149.0,148.0,147.0,146.0,146.0,137.0,115.0,112.0,159.0,127.0,127.0,116.0,122.0,100.0,105.0,107.0,136.0,148.0,153.0,155.0,161.0,158.0,156.0,142.0,101.0,71.0,73.0,94.0,122.0,169.0,202.0,199.0,174.0,149.0,124.0,105.0,98.0,96.0,91.0,88.0,96.0,111.0,126.0,136.0,135.0,125.0,118.0,117.0,123.0,135.0,146.0,151.0,147.0,140.0,132.0,-0.7045805120478421,0.7096240568374219
93.0,139.0,144.0,114.0,95.0,79.0,73.0,79.0,87.0,74.0,78.0,115.0,165.0,187.0,188.0,168.0,140.0,118.0,108.0,103.0,98.0,98.0,106.0,123.0,139.0,148.0,150.0,146.0,140.0,131.0,124.0,118.0,116.0,117.0,120.0,125.0,127.0,129.0,131.0,135.0,139.0,142.0,143.0,143.0,144.0,145.0,146.0,145.0,143.0,139.0,92.0,143.0,170.0,155.0,146.0,125.0,131.0,129.0,114.0,115.0,136.0,162.0,166.0,162.0,154.0,154.0,146.0,132.0,99.0,62.0,55.0,70.0,135.0,194.0,205.0,205.0,205.0,132.0,83.0,55.0,55.0,55.0,69.0,90.0,119.0,155.0,188.0,201.0,189.0,157.0,120.0,99.0,98.0,111.0,129.0,140.0,141.0,134.0,127.0,122.0,-0.49693414165985295,0.867788256922612
159.0,137.0,99.0,146.0,151.0,179.0,164.0,145.0,98.0,106.0,111.0,104.0,93.0,115.0,131.0,136.0,156.0,168.0,144.0,113.0,109.0,110.0,108.0,116.0,128.0,131.0,134.0,139.0,143.0,138.0,130.0,122.0,122.0,124.0,126.0,128.0,131.0,131.0,130.0,128.0,126.0,124.0,122.0,122.0,123.0,124.0,124.0,123.0,124.0,126.0,121.0,107.0,109.0,150.0,147.0,152.0,139.0,134.0,108.0,111.0,114.0,126.0,112.0,99.0,105.0,129.0,151.0,173.0,171.0,127.0,84.0,70.0,78.0,92.0,125.0,153.0,160.0,160.0,168.0,169.0,154.0,127.0,96.0,70.0,71.0,105.0,157.0,198.0,205.0,189.0,145.0,106.0,87.0,88.0,99.0,113.0,118.0,115.0,110.0,110.0,-0.2554301925195231,0.9668275010307885
78.0,98.0,86.0,110.0,127.0,147.0,122.0,119.0,115.0,114.0,113.0,134.0,153.0,150.0,155.0,171.0,170.0,145.0,126.0,109.0,95.0,98.0,119.0,133.0,137.0,140.0,144.0,148.0,148.0,138.0,126.0,116.0,112.0,116.0,123.0,130.0,135.0,141.0,147.0,151.0,152.0,150.0,149.0,148.0,147.0,145.0,143.0,139.0,137.0,134.0,163.0,129.0,92.0,119.0,136.0,131.0,104.0,100.0,120.0,135.0,134.0,125.0,125.0,125.0,140.0,153.0,146.0,126.0,114.0,102.0,89.0,99.0,127.0,140.0,142.0,152.0,152.0,135.0,119.0,118.0,124.0,133.0,143.0,142.0,124.0,100.0,85.0,87.0,107.0,135.0,158.0,168.0,166.0,155.0,140.0,128.0,122.0,119.0,119.0,119.0,0.0034769638749286625,0.9999939553428373
145.0,182.0,135.0,100.0,55.0,55.0,55.0,55.0,83.0,107.0,117.0,162.0,191.0,194.0,167.0,141.0,126.0,127.0,142.0,155.0,148.0,123.0,106.0,104.0,109.0,116.0,123.0,126.0,133.0,144.0,157.0,156.0,150.0,126.0,106.0,96.0,99.0,107.0,113.0,120.0,128.0,139.0,146.0,147.0,147.0,147.0,148.0,147.0,144.0,139.0,119.0,142.0,109.0,131.0,144.0,150.0,123.0,137.0,163.0,150.0,141.0,128.0,134.0,127.0,113.0,84.0,83.0,97.0,129.0,161.0,178.0,171.0,158.0,140.0,112.0,90.0,83.0,77.0,70.0,79.0,103.0,137.0,172.0,198.0,196.0,170.0,138.0,120.0,119.0,129.0,137.0,133.0,121.0,109.0,104.0,108.0,118.0,130.0,138.0,141.0,0.2621472245354251,0.9650278921711918
157.0,120.0,160.0,146.0,144.0,95.0,102.0,96.0,88.0,91.0,125.0,139.0,144.0,166.0,166.0,126.0,80.0,65.0,57.0,59.0,89.0,133.0,157.0,174.0,185.0,182.0,162.0,138.0,112.0,94.0,88.0,94.0,111.0,132.0,147.0,152.0,150.0,143.0,134.0,126.0,120.0,117.0,116.0,117.0,118.0,121.0,124.0,126.0,128.0,130.0,168.0,139.0,126.0,138.0,143.0,129.0,129.0,127.0,129.0,120.0,112.0,113.0,114.0,116.0,125.0,128.0,123.0,133.0,144.0,137.0,123.0,120.0,117.0,117.0,137.0,161.0,166.0,143.0,106.0,69.0,57.0,86.0,148.0,204.0,205.0,205.0,172.0,120.0,87.0,77.0,84.0,99.0,110.0,113.0,111.0,112.0,117.0,127.0,136.0,141.0,0.5029566268741924,0.8643116518266628
120.0,108.0,82.0,87.0,91.0,105.0,126.0,151.0,154.0,160.0,173.0,166.0,136.0,128.0,149.0,159.0,165.0,174.0,170.0,141.0,120.0,113.0,105.0,98.0,102.0,114.0,128.0,146.0,160.0,165.0,157.0,138.0,119.0,105.0,101.0,105.0,116.0,129.0,140.0,147.0,153.0,154.0,153.0,151.0,148.0,144.0,141.0,136.0,132.0,130.0,132.0,129.0,144.0,150.0,118.0,117.0,127.0,129.0,121.0,121.0,132.0,142.0,144.0,146.0,152.0,144.0,131.0,120.0,102.0,86.0,104.0,140.0,158.0,166.0,170.0,156.0,128.0,116.0,117.0,117.0,116.0,115.0,106.0,97.0,103.0,124.0,148.0,162.0,157.0,137.0,115.0,104.0,106.0,117.0,131.0,139.0,139.0,135.0,132.0,131.0,0.7094981209011655,0.7047073267944042
55.0,82.0,88.0,98.0,76.0,82.0,120.0,164.0,182.0,178.0,174.0,165.0,160.0,150.0,130.0,87.0,56.0,55.0,87.0,117.0,143.0,158.0,162.0,166.0,173.0,168.0,143.0,111.0,88.0,83.0,96.0,113.0,128.0,137.0,143.0,145.0,147.0,145.0,141.0,139.0,140.0,142.0,142.0,140.0,136.0,134.0,133.0,132.0,129.0,126.0,192.0,137.0,114.0,107.0,140.0,132.0,126.0,130.0,152.0,159.0,147.0,132.0,118.0,112.0,102.0,92.0,86.0,96.0,120.0,155.0,178.0,177.0,158.0,131.0,101.0,78.0,71.0,68.0,70.0,84.0,110.0,148.0,189.0,205.0,205.0,179.0,126.0,88.0,79.0,98.0,131.0,156.0,161.0,151.0,132.0,118.0,112.0,116.0,123.0,128.0,0.8676994296013376,0.49708922727163724
98.0,85.0,92.0,126.0,138.0,130.0,141.0,153.0,142.0,132.0,133.0,103.0,66.0,55.0,64.0,66.0,82.0,117.0,152.0,170.0,183.0,186.0,172.0,149.0,122.0,98.0,80.0,76.0,88.0,111.0,137.0,152.0,158.0,155.0,148.0,138.0,131.0,125.0,122.0,121.0,120.0,123.0,125.0,126.0,126.0,128.0,131.0,133.0,135.0,136.0,150.0,153.0,138.0,120.0,138.0,145.0,139.0,129.0,126.0,132.0,130.0,121.0,117.0,118.0,113.0,120.0,129.0,127.0,128.0,143.0,146.0,130.0,121.0,120.0,118.0,128.0,153.0,168.0,158.0,126.0,87.0,60.0,68.0,116.0,180.0,205.0,205.0,205.0,146.0,102.0,81.0,81.0,93.0,107.0,114.0,114.0,112.0,115.0,123.0,133.0,0.9667818343901005,0.2556029825595007
67.0,55.0,64.0,117.0,110.0,144.0,153.0,182.0,152.0,174.0,177.0,180.0,152.0,144.0,114.0,74.0,55.0,55.0,68.0,82.0,116.0,153.0,179.0,198.0,205.0,186.0,152.0,112.0,82.0,67.0,73.0,91.0,117.0,141.0,157.0,162.0,161.0,155.0,149.0,142.0,138.0,134.0,132.0,128.0,127.0,125.0,123.0,122.0,122.0,123.0,133.0,119.0,113.0,165.0,133.0,142.0,132.0,139.0,119.0,120.0,114.0,120.0,114.0,108.0,119.0,133.0,149.0,165.0,168.0,132.0,101.0,92.0,94.0,97.0,120.0,143.0,144.0,137.0,135.0,134.0,131.0,135.0,138.0,131.0,124.0,124.0,131.0,141.0,144.0,137.0,123.0,110.0,106.0,109.0,117.0,127.0,135.0,140.0,138.0,131.0,0.9999945607847378,-0.003298242098335935
160.0,128.0,75.0,55.0,55.0,108.0,136.0,147.0,152.0,174.0,193.0,199.0,182.0,134.0,71.0,55.0,55.0,58.0,112.0,140.0,157.0,165.0,174.0,179.0,166.0,136.0,106.0,88.0,88.0,102.0,118.0,129.0,137.0,140.0,141.0,139.0,136.0,132.0,132.0,133.0,136.0,135.0,132.0,129.0,129.0,132.0,135.0,135.0,129.0,123.0,123.0,108.0,110.0,175.0,137.0,142.0,139.0,152.0,134.0,128.0,107.0,109.0,110.0,102.0,104.0,124.0,153.0,180.0,193.0,166.0,123.0,90.0,67.0,55.0,69.0,101.0,138.0,164.0,182.0,178.0,154.0,131.0,115.0,106.0,100.0,111.0,131.0,147.0,153.0,147.0,132.0,120.0,116.0,119.0,127.0,134.0,135.0,133.0,130.0,129.0,0.9650747284451524,-0.261974747860391
107.0,63.0,55.0,83.0,151.0,160.0,150.0,145.0,158.0,132.0,97.0,65.0,55.0,55.0,55.0,97.0,158.0,182.0,196.0,194.0,175.0,148.0,116.0,89.0,75.0,77.0,95.0,121.0,141.0,151.0,154.0,151.0,143.0,134.0,126.0,122.0,120.0,121.0,122.0,124.0,125.0,126.0,129.0,132.0,133.0,133.0,133.0,134.0,139.0,144.0,156.0,133.0,106.0,111.0,125.0,155.0,148.0,130.0,120.0,121.0,130.0,143.0,124.0,85.0,70.0,91.0,127.0,162.0,190.0,188.0,159.0,135.0,127.0,119.0,105.0,85.0,65.0,60.0,88.0,146.0,201.0,205.0,205.0,193.0,133.0,95.0,81.0,88.0,105.0,118.0,117.0,109.0,104.0,107.0,119.0,132.0,141.0,143.0,141.0,139.0,0.8644015278401356,-0.5028021466418369
98.0,141.0,90.0,137.0,107.0,145.0,167.0,205.0,205.0,205.0,169.0,115.0,55.0,55.0,55.0,55.0,55.0,144.0,203.0,205.0,205.0,205.0,172.0,121.0,82.0,56.0,55.0,55.0,101.0,144.0,174.0,180.0,168.0,149.0,135.0,125.0,122.0,121.0,122.0,124.0,127.0,128.0,127.0,125.0,123.0,123.0,125.0,125.0,125.0,126.0,110.0,74.0,116.0,128.0,165.0,142.0,140.0,138.0,139.0,125.0,110.0,115.0,119.0,119.0,111.0,120.0,131.0,151.0,172.0,172.0,131.0,99.0,90.0,92.0,100.0,129.0,151.0,148.0,138.0,133.0,131.0,128.0,132.0,130.0,122.0,115.0,123.0,142.0,158.0,161.0,144.0,116.0,94.0,86.0,94.0,112.0,131.0,141.0,142.0,138.0,0.7048341190313254,-0.7093721623022258
99.0,200.0,171.0,195.0,124.0,105.0,63.0,80.0,80.0,96.0,132.0,174.0,205.0,205.0,205.0,144.0,89.0,55.0,55.0,55.0,91.0,122.0,155.0,183.0,198.0,189.0,159.0,118.0,92.0,86.0,98.0,115.0,129.0,135.0,139.0,140.0,139.0,134.0,130.0,126.0,126.0,128.0,128.0,127.0,125.0,125.0,126.0,128.0,129.0,127.0,126.0,111.0,120.0,106.0,119.0,126.0,127.0,120.0,130.0,129.0,141.0,132.0,126.0,122.0,115.0,111.0,118.0,116.0,104.0,108.0,120.0,124.0,132.0,145.0,140.0,117.0,103.0,101.0,106.0,127.0,155.0,173.0,165.0,139.0,107.0,83.0,82.0,108.0,148.0,181.0,196.0,189.0,168.0,143.0,124.0,109.0,103.0,100.0,100.0,100.0,0.4980917260446317,-0.8671243465881232
170.0,171.0,137.0,86.0,55.0,55.0,55.0,55.0,55.0,124.0,169.0,205.0,205.0,192.0,135.0,76.0,55.0,55.0,55.0,60.0,131.0,168.0,190.0,193.0,182.0,157.0,121.0,94.0,82.0,88.0,106.0,125.0,137.0,141.0,139.0,134.0,128.0,124.0,121.0,120.0,123.0,127.0,129.0,131.0,134.0,136.0,138.0,139.0,138.0,137.0,128.0,114.0,106.0,117.0,117.0,120.0,126.0,130.0,115.0,96.0,93.0,108.0,129.0,146.0,161.0,164.0,160.0,154.0,143.0,115.0,79.0,56.0,55.0,55.0,118.0,182.0,205.0,205.0,205.0,162.0,127.0,108.0,95.0,78.0,60.0,55.0,56.0,96.0,141.0,177.0,192.0,186.0,167.0,144.0,129.0,125.0,127.0,128.0,122.0,112.0,0.25827112304948563,-0.9660724750238759
98.0,131.0,174.0,205.0,205.0,205.0,141.0,68.0,55.0,55.0,55.0,55.0,73.0,185.0,205.0,205.0,205.0,171.0,101.0,58.0,55.0,55.0,73.0,126.0,158.0,172.0,175.0,169.0,152.0,131.0,112.0,103.0,108.0,120.0,131.0,137.0,138.0,134.0,130.0,127.0,126.0,123.0,122.0,123.0,126.0,128.0,129.0,131.0,133.0,134.0,95.0,119.0,111.0,168.0,147.0,141.0,133.0,147.0,126.0,118.0,110.0,121.0,121.0,114.0,115.0,127.0,144.0,166.0,177.0,146.0,107.0,90.0,92.0,96.0,120.0,147.0,151.0,139.0,133.0,130.0,127.0,131.0,138.0,131.0,118.0,115.0,131.0,152.0,164.0,155.0,127.0,99.0,86.0,90.0,106.0,127.0,139.0,142.0,139.0,134.0,0.001370882138457672,-0.9999990603406398
205.0,128.0,79.0,55.0,73.0,86.0,106.0,134.0,178.0,205.0,205.0,205.0,129.0,62.0,55.0,55.0,55.0,76.0,135.0,171.0,199.0,205.0,196.0,158.0,108.0,75.0,69.0,86.0,112.0,133.0,143.0,147.0,147.0,143.0,135.0,128.0,123.0,123.0,125.0,126.0,124.0,123.0,122.0,125.0,127.0,128.0,127.0,126.0,127.0,129.0,115.0,127.0,133.0,140.0,127.0,139.0,147.0,138.0,130.0,121.0,130.0,130.0,124.0,115.0,118.0,111.0,114.0,124.0,129.0,125.0,136.0,145.0,134.0,121.0,119.0,118.0,121.0,142.0,163.0,164.0,139.0,102.0,67.0,58.0,92.0,154.0,205.0,205.0,205.0,168.0,117.0,86.0,77.0,85.0,99.0,110.0,113.0,112.0,113.0,119.0,-0.25561908530368144,-0.9667775769164846
71.0,55.0,55.0,125.0,190.0,184.0,166.0,128.0,105.0,80.0,66.0,63.0,84.0,117.0,157.0,184.0,176.0,153.0,115.0,82.0,67.0,80.0,100.0,130.0,160.0,179.0,180.0,171.0,148.0,117.0,95.0,88.0,98.0,118.0,139.0,151.0,155.0,152.0,146.0,142.0,137.0,133.0,131.0,132.0,133.0,134.0,135.0,135.0,136.0,138.0,176.0,151.0,164.0,146.0,122.0,101.0,114.0,109.0,109.0,138.0,148.0,150.0,134.0,135.0,143.0,156.0,139.0,94.0,55.0,55.0,61.0,160.0,205.0,205.0,205.0,164.0,124.0,105.0,98.0,82.0,63.0,55.0,73.0,120.0,183.0,205.0,205.0,205.0,138.0,83.0,59.0,72.0,104.0,133.0,142.0,133.0,119.0,112.0,118.0,131.0,-0.4956831458976761,-0.8685034363046488
72.0,55.0,94.0,151.0,167.0,157.0,159.0,140.0,116.0,87.0,57.0,55.0,55.0,55.0,98.0,176.0,204.0,191.0,168.0,158.0,141.0,118.0,101.0,89.0,85.0,103.0,132.0,151.0,157.0,151.0,139.0,130.0,131.0,132.0,133.0,133.0,130.0,129.0,127.0,125.0,122.0,125.0,129.0,134.0,136.0,136.0,137.0,140.0,144.0,146.0,104.0,122.0,117.0,156.0,142.0,122.0,114.0,132.0,122.0,126.0,118.0,134.0,140.0,146.0,147.0,151.0,139.0,128.0,118.0,97.0,86.0,109.0,144.0,157.0,167.0,169.0,153.0,125.0,116.0,116.0,116.0,115.0,113.0,104.0,96.0,104.0,127.0,151.0,163.0,157.0,135.0,113.0,103.0,105.0,117.0,130.0,138.0,138.0,135.0,132.0,-0.7027684232609376,-0.711418683524221
161.0,197.0,145.0,184.0,109.0,93.0,55.0,55.0,63.0,118.0,131.0,159.0,171.0,195.0,205.0,193.0,161.0,122.0,87.0,68.0,81.0,100.0,114.0,125.0,135.0,138.0,149.0,160.0,165.0,154.0,136.0,116.0,105.0,102.0,108.0,115.0,123.0,126.0,127.0,128.0,133.0,136.0,137.0,132.0,129.0,128.0,132.0,135.0,134.0,131.0,156.0,155.0,127.0,98.0,92.0,128.0,124.0,106.0,117.0,131.0,149.0,143.0,141.0,137.0,132.0,112.0,99.0,85.0,81.0,108.0,152.0,178.0,188.0,196.0,181.0,135.0,93.0,67.0,58.0,74.0,117.0,159.0,183.0,187.0,176.0,153.0,123.0,102.0,92.0,95.0,109.0,124.0,131.0,132.0,129.0,126.0,124.0,125.0,126.0,129.0,-0.8627570162003111,-0.5056187605272733
118.0,136.0,55.0,81.0,55.0,96.0,91.0,140.0,147.0,180.0,163.0,150.0,123.0,85.0,57.0,55.0,55.0,55.0,93.0,139.0,171.0,185.0,195.0,178.0,152.0,130.0,116.0,103.0,101.0,102.0,108.0,117.0,130.0,141.0,149.0,151.0,147.0,142.0,136.0,130.0,125.0,124.0,127.0,132.0,135.0,132.0,130.0,132.0,137.0,142.0,205.0,125.0,99.0,87.0,92.0,127.0,136.0,120.0,114.0,127.0,136.0,139.0,117.0,97.0,94.0,100.0,114.0,134.0,147.0,151.0,164.0,160.0,140.0,119.0,101.0,73.0,55.0,55.0,89.0,154.0,205.0,205.0,205.0,205.0,118.0,56.0,55.0,55.0,55.0,111.0,162.0,182.0,181.0,168.0,151.0,138.0,128.0,122.0,118.0,116.0,-0.9643757495823229,-0.2645362236396614
205.0,112.0,126.0,60.0,75.0,55.0,55.0,55.0,55.0,79.0,188.0,205.0,205.0,169.0,120.0,78.0,55.0,55.0,55.0,56.0,98.0,181.0,205.0,205.0,194.0,159.0,122.0,102.0,91.0,91.0,101.0,117.0,133.0,140.0,140.0,136.0,136.0,134.0,131.0,126.0,124.0,123.0,127.0,133.0,139.0,142.0,143.0,143.0,144.0,145.0,140.0,138.0,145.0,110.0,110.0,123.0,132.0,115.0,127.0,129.0,144.0,138.0,142.0,147.0,149.0,133.0,120.0,102.0,82.0,96.0,134.0,162.0,168.0,170.0,152.0,122.0,110.0,117.0,122.0,122.0,121.0,116.0,108.0,110.0,124.0,138.0,143.0,139.0,128.0,119.0,120.0,128.0,136.0,141.0,141.0,136.0,130.0,127.0,127.0,128.0,-0.9999911534924422,-0.004206297285623925
113.0,55.0,62.0,95.0,133.0,164.0,157.0,165.0,139.0,173.0,169.0,166.0,125.0,118.0,94.0,100.0,116.0,129.0,108.0,107.0,123.0,133.0,145.0,161.0,161.0,143.0,130.0,123.0,115.0,110.0,108.0,111.0,122.0,132.0,139.0,142.0,143.0,140.0,140.0,140.0,139.0,135.0,133.0,132.0,132.0,130.0,127.0,125.0,124.0,125.0,87.0,116.0,145.0,157.0,122.0,106.0,117.0,126.0,133.0,126.0,130.0,127.0,124.0,123.0,137.0,143.0,141.0,134.0,120.0,107.0,129.0,168.0,181.0,162.0,132.0,101.0,87.0,98.0,136.0,166.0,176.0,166.0,133.0,97.0,82.0,98.0,129.0,149.0,148.0,123.0,95.0,80.0,86.0,105.0,127.0,141.0,144.0,143.0,143.0,144.0,-0.9662336410737119,0.25766751998930176
154.0,112.0,145.0,95.0,94.0,55.0,62.0,84.0,104.0,107.0,105.0,130.0,123.0,123.0,115.0,116.0,101.0,117.0,144.0,163.0,159.0,158.0,148.0,132.0,121.0,115.0,108.0,106.0,116.0,134.0,149.0,157.0,152.0,141.0,130.0,122.0,118.0,117.0,119.0,122.0,129.0,134.0,138.0,140.0,142.0,144.0,147.0,149.0,149.0,148.0,182.0,97.0,102.0,107.0,124.0,120.0,132.0,130.0,126.0,129.0,106.0,100.0,93.0,105.0,120.0,147.0,148.0,153.0,154.0,148.0,132.0,115.0,84.0,55.0,55.0,55.0,125.0,197.0,205.0,205.0,205.0,137.0,83.0,55.0,55.0,55.0,83.0,130.0,158.0,172.0,176.0,172.0,163.0,151.0,136.0,122.0,112.0,107.0,108.0,110.0,-0.8643949182319363,0.5028135094991026
55.0,55.0,55.0,55.0,120.0,168.0,168.0,148.0,134.0,124.0,92.0,61.0,55.0,55.0,55.0,67.0,165.0,201.0,205.0,191.0,162.0,131.0,114.0,101.0,93.0,90.0,97.0,113.0,130.0,143.0,148.0,148.0,144.0,136.0,129.0,124.0,122.0,123.0,127.0,130.0,134.0,136.0,138.0,142.0,144.0,145.0,144.0,143.0,143.0,145.0,151.0,166.0,130.0,109.0,119.0,134.0,129.0,123.0,124.0,137.0,145.0,147.0,153.0,150.0,137.0,126.0,113.0,90.0,93.0,125.0,154.0,163.0,171.0,167.0,142.0,121.0,116.0,117.0,116.0,116.0,111.0,101.0,98.0,114.0,140.0,159.0,163.0,149.0,125.0,108.0,104.0,111.0,125.0,136.0,141.0,138.0,134.0,131.0,131.0,134.0,-0.7005477984351804,0.7136054807157957
83.0,112.0,92.0,154.0,146.0,165.0,135.0,161.0,141.0,122.0,102.0,113.0,106.0,101.0,114.0,122.0,112.0,113.0,132.0,133.0,131.0,134.0,137.0,131.0,134.0,136.0,135.0,128.0,118.0,110.0,112.0,120.0,130.0,139.0,143.0,140.0,136.0,132.0,129.0,125.0,122.0,120.0,121.0,121.0,122.0,122.0,123.0,124.0,124.0,126.0,154.0,160.0,100.0,115.0,114.0,126.0,104.0,106.0,113.0,136.0,147.0,154.0,165.0,162.0,159.0,148.0,121.0,80.0,71.0,85.0,108.0,143.0,186.0,201.0,184.0,161.0,139.0,115.0,102.0,101.0,100.0,96.0,98.0,107.0,115.0,121.0,124.0,122.0,120.0,124.0,132.0,141.0,150.0,153.0,149.0,141.0,133.0,127.0,125.0,126.0,-0.4853487842221664,0.8743206263460018
82.0,99.0,55.0,95.0,75.0,111.0,85.0,107.0,127.0,138.0,121.0,114.0,117.0,109.0,118.0,138.0,157.0,145.0,150.0,162.0,158.0,134.0,121.0,108.0,99.0,107.0,125.0,138.0,141.0,140.0,141.0,141.0,141.0,131.0,120.0,110.0,113.0,125.0,133.0,133.0,131.0,137.0,145.0,152.0,152.0,150.0,148.0,146.0,144.0,143.0,181.0,143.0,138.0,131.0,110.0,119.0,120.0,95.0,79.0,111.0,144.0,168.0,157.0,143.0,140.0,143.0,131.0,106.0,64.0,55.0,55.0,66.0,171.0,205.0,205.0,205.0,205.0,102.0,60.0,55.0,55.0,80.0,108.0,131.0,159.0,184.0,196.0,186.0,162.0,132.0,111.0,107.0,114.0,125.0,129.0,123.0,109.0,97.0,94.0,101.0,-0.23350145360990737,0.9723564527281445
55.0,64.0,114.0,167.0,138.0,99.0,86.0,94.0,91.0,83.0,74.0,63.0,73.0,118.0,168.0,187.0,186.0,168.0,145.0,123.0,114.0,105.0,99.0,97.0,104.0,121.0,138.0,149.0,151.0,148.0,141.0,133.0,126.0,120.0,117.0,117.0,120.0,125.0,128.0,130.0,132.0,136.0,140.0,143.0,144.0,144.0,145.0,146.0,147.0,146.0,137.0,164.0,168.0,154.0,115.0,115.0,121.0,129.0,132.0,137.0,145.0,144.0,146.0,157.0,162.0,146.0,130.0,110.0,88.0,92.0,134.0,171.0,183.0,183.0,170.0,139.0,114.0,104.0,98.0,88.0,86.0,94.0,112.0,139.0,167.0,181.0,169.0,137.0,99.0,72.0,69.0,87.0,115.0,138.0,152.0,155.0,152.0,149.0,150.0,151.0,0.03711744439429544,0.9993109102384685
131.0,119.0,131.0,160.0,176.0,167.0,122.0,86.0,100.0,109.0,100.0,100.0,124.0,133.0,145.0,161.0,155.0,112.0,84.0,87.0,100.0,113.0,131.0,146.0,147.0,149.0,151.0,145.0,130.0,113.0,104.0,108.0,119.0,130.0,138.0,140.0,138.0,134.0,130.0,125.0,121.0,119.0,118.0,121.0,122.0,123.0,123.0,125.0,127.0,128.0,118.0,129.0,154.0,150.0,120.0,110.0,130.0,126.0,130.0,120.0,132.0,139.0,145.0,147.0,155.0,143.0,131.0,120.0,101.0,86.0,105.0,141.0,157.0,166.0,171.0,157.0,130.0,118.0,116.0,116.0,116.0,115.0,107.0,97.0,102.0,123.0,148.0,163.0,158.0,137.0,115.0,108.0,110.0,119.0,126.0,133.0,136.0,136.0,136.0,134.0,0.3066384274062836,0.9518260738379682
134.0,67.0,89.0,61.0,103.0,92.0,104.0,96.0,130.0,137.0,151.0,171.0,171.0,145.0,130.0,149.0,155.0,146.0,136.0,126.0,103.0,101.0,112.0,122.0,125.0,131.0,138.0,146.0,151.0,148.0,137.0,125.0,113.0,107.0,108.0,113.0,119.0,128.0,137.0,144.0,146.0,147.0,147.0,148.0,148.0,146.0,142.0,138.0,135.0,132.0,148.0,139.0,121.0,83.0,107.0,141.0,150.0,128.0,129.0,118.0,124.0,111.0,103.0,96.0,94.0,91.0,106.0,136.0,165.0,201.0,205.0,181.0,126.0,90.0,66.0,57.0,75.0,107.0,134.0,157.0,181.0,195.0,195.0,187.0,172.0,146.0,113.0,87.0,73.0,73.0,86.0,101.0,111.0,116.0,119.0,123.0,130.0,139.0,145.0,148.0,0.5546238351033841,0.8321011966913725
85.0,111.0,104.0,90.0,65.0,90.0,90.0,115.0,125.0,133.0,121.0,135.0,148.0,149.0,137.0,133.0,139.0,150.0,168.0,180.0,170.0,137.0,109.0,98.0,99.0,105.0,114.0,119.0,127.0,139.0,156.0,161.0,154.0,134.0,116.0,105.0,104.0,109.0,118.0,128.0,137.0,146.0,151.0,152.0,151.0,150.0,149.0,148.0,144.0,140.0,156.0,173.0,138.0,126.0,128.0,135.0,148.0,146.0,141.0,138.0,129.0,129.0,132.0,125.0,112.0,116.0,128.0,138.0,161.0,184.0,173.0,142.0,119.0,105.0,94.0,99.0,111.0,112.0,105.0,104.0,116.0,139.0,170.0,194.0,195.0,168.0,125.0,86.0,65.0,69.0,87.0,110.0,129.0,141.0,146.0,148.0,152.0,154.0,154.0,151.0,0.7616427407191269,0.6479971724551403
153.0,135.0,121.0,112.0,100.0,111.0,87.0,74.0,92.0,132.0,141.0,152.0,167.0,152.0,105.0,71.0,58.0,55.0,55.0,88.0,135.0,163.0,181.0,191.0,181.0,159.0,131.0,107.0,88.0,81.0,88.0,108.0,132.0,148.0,153.0,151.0,142.0,132.0,124.0,118.0,115.0,114.0,114.0,117.0,120.0,123.0,125.0,128.0,130.0,132.0,138.0,111.0,112.0,159.0,143.0,140.0,131.0,139.0,117.0,121.0,118.0,128.0,116.0,104.0,108.0,128.0,147.0,168.0,174.0,141.0,104.0,90.0,93.0,95.0,117.0,142.0,146.0,137.0,136.0,134.0,132.0,134.0,137.0,132.0,123.0,123.0,131.0,141.0,146.0,140.0,124.0,109.0,103.0,106.0,116.0,128.0,136.0,136.0,134.0,131.0,0.9108752554873105,0.41268180107793306
204.0,175.0,116.0,85.0,73.0,95.0,78.0,94.0,93.0,111.0,131.0,181.0,180.0,171.0,168.0,184.0,171.0,153.0,134.0,102.0,65.0,59.0,84.0,104.0,121.0,138.0,155.0,167.0,181.0,183.0,163.0,124.0,91.0,78.0,86.0,103.0,119.0,133.0,142.0,147.0,149.0,148.0,146.0,143.0,140.0,139.0,138.0,136.0,133.0,130.0,110.0,106.0,124.0,161.0,135.0,138.0,134.0,121.0,105.0,98.0,102.0,103.0,99.0,96.0,122.0,155.0,195.0,205.0,205.0,141.0,94.0,70.0,61.0,74.0,108.0,138.0,152.0,171.0,188.0,192.0,183.0,166.0,138.0,107.0,88.0,88.0,100.0,112.0,115.0,105.0,90.0,84.0,91.0,110.0,134.0,151.0,157.0,155.0,151.0,146.0,0.9896063719188001,0.14380274217729455
62.0,79.0,135.0,174.0,184.0,172.0,171.0,165.0,163.0,149.0,126.0,82.0,56.0,55.0,91.0,120.0,145.0,159.0,163.0,167.0,173.0,166.0,140.0,109.0,87.0,84.0,97.0,114.0,128.0,138.0,143.0,146.0,147.0,145.0,141.0,139.0,141.0,142.0,141.0,137.0,136.0,137.0,138.0,133.0,127.0,125.0,126.0,129.0,130.0,129.0,117.0,144.0,141.0,139.0,144.0,129.0,125.0,125.0,133.0,133.0,141.0,140.0,131.0,137.0,161.0,175.0,167.0,150.0,121.0,92.0,84.0,100.0,119.0,127.0,130.0,134.0,141.0,156.0,173.0,175.0,154.0,118.0,80.0,57.0,55.0,76.0,106.0,135.0,151.0,155.0,154.0,154.0,158.0,161.0,159.0,153.0,143.0,132.0,125.0,121.0,0.9904628605231305,-0.13777997649999005
117.0,87.0,88.0,137.0,140.0,161.0,156.0,169.0,119.0,92.0,58.0,55.0,55.0,55.0,117.0,163.0,185.0,198.0,190.0,170.0,143.0,113.0,86.0,72.0,79.0,102.0,130.0,148.0,156.0,156.0,149.0,138.0,130.0,123.0,121.0,121.0,123.0,125.0,127.0,127.0,129.0,130.0,132.0,133.0,133.0,135.0,136.0,138.0,139.0,145.0,122.0,105.0,143.0,123.0,108.0,101.0,122.0,129.0,135.0,122.0,125.0,125.0,136.0,150.0,150.0,129.0,115.0,106.0,92.0,94.0,120.0,142.0,142.0,145.0,144.0,134.0,120.0,122.0,130.0,137.0,143.0,140.0,127.0,107.0,92.0,86.0,96.0,120.0,148.0,165.0,171.0,165.0,149.0,133.0,123.0,118.0,118.0,118.0,117.0,115.0,0.9122554437181204,-0.4096217833644291
148.0,105.0,128.0,96.0,158.0,153.0,172.0,150.0,174.0,117.0,90.0,58.0,66.0,56.0,80.0,124.0,160.0,171.0,188.0,199.0,173.0,135.0,102.0,78.0,67.0,87.0,118.0,141.0,151.0,152.0,148.0,145.0,141.0,135.0,127.0,122.0,116.0,117.0,116.0,117.0,115.0,117.0,118.0,121.0,122.0,123.0,125.0,127.0,129.0,130.0,101.0,112.0,114.0,157.0,143.0,125.0,112.0,126.0,109.0,110.0,101.0,121.0,138.0,151.0,157.0,166.0,162.0,158.0,150.0,115.0,77.0,69.0,86.0,110.0,153.0,195.0,205.0,186.0,160.0,132.0,110.0,97.0,94.0,89.0,82.0,88.0,106.0,128.0,143.0,144.0,131.0,116.0,107.0,110.0,123.0,140.0,151.0,152.0,146.0,137.0,0.7603140631207661,-0.6495556368940167
126.0,152.0,80.0,121.0,140.0,185.0,183.0,171.0,141.0,92.0,78.0,67.0,87.0,96.0,142.0,173.0,205.0,205.0,205.0,154.0,104.0,65.0,55.0,56.0,85.0,114.0,146.0,174.0,188.0,182.0,156.0,125.0,103.0,98.0,104.0,115.0,123.0,129.0,132.0,135.0,134.0,130.0,129.0,131.0,132.0,129.0,125.0,123.0,131.0,130.0,205.0,180.0,143.0,133.0,104.0,127.0,126.0,115.0,106.0,149.0,164.0,169.0,154.0,152.0,152.0,148.0,121.0,83.0,55.0,55.0,86.0,150.0,202.0,205.0,205.0,175.0,116.0,74.0,56.0,55.0,55.0,79.0,107.0,143.0,178.0,199.0,192.0,160.0,121.0,97.0,97.0,121.0,147.0,163.0,161.0,147.0,129.0,117.0,115.0,121.0,0.5462459713755463,-0.8376248198065681
161.0,66.0,55.0,55.0,55.0,55.0,89.0,133.0,178.0,205.0,205.0,176.0,114.0,57.0,55.0,55.0,55.0,87.0,145.0,177.0,192.0,191.0,175.0,144.0,110.0,88.0,84.0,95.0,113.0,130.0,139.0,141.0,138.0,132.0,127.0,122.0,119.0,123.0,128.0,133.0,130.0,129.0,130.0,137.0,141.0,142.0,139.0,137.0,136.0,136.0,171.0,145.0,119.0,136.0,141.0,139.0,132.0,124.0,131.0,126.0,120.0,117.0,118.0,111.0,119.0,128.0,127.0,129.0,143.0,144.0,128.0,121.0,119.0,117.0,128.0,153.0,168.0,155.0,122.0,83.0,59.0,69.0,121.0,184.0,205.0,205.0,205.0,142.0,100.0,80.0,81.0,93.0,107.0,114.0,113.0,112.0,115.0,123.0,133.0,140.0,0.2871016205478669,-0.9579001302217203
132.0,149.0,130.0,110.0,55.0,55.0,55.0,55.0,94.0,161.0,183.0,194.0,203.0,189.0,126.0,65.0,55.0,55.0,55.0,55.0,118.0,178.0,201.0,205.0,197.0,169.0,138.0,108.0,85.0,77.0,83.0,102.0,125.0,142.0,150.0,151.0,146.0,137.0,129.0,124.0,123.0,122.0,123.0,125.0,128.0,130.0,132.0,134.0,134.0,135.0,143.0,106.0,121.0,111.0,167.0,136.0,143.0,131.0,138.0,122.0,119.0,117.0,121.0,115.0,107.0,119.0,132.0,150.0,168.0,171.0,134.0,102.0,93.0,93.0,96.0,121.0,144.0,144.0,137.0,136.0,134.0,131.0,136.0,144.0,140.0,128.0,121.0,125.0,135.0,142.0,140.0,126.0,114.0,108.0,111.0,120.0,131.0,136.0,136.0,133.0,0.003996472585567152,-0.9999920140715489
80.0,57.0,67.0,84.0,103.0,130.0,171.0,205.0,205.0,205.0,138.0,68.0,55.0,55.0,55.0,63.0,129.0,166.0,195.0,205.0,199.0,163.0,113.0,76.0,68.0,83.0,108.0,130.0,141.0,146.0,146.0,142.0,136.0,129.0,123.0,122.0,123.0,124.0,123.0,122.0,122.0,124.0,126.0,127.0,127.0,126.0,126.0,128.0,130.0,131.0,155.0,118.0,132.0,158.0,116.0,119.0,125.0,143.0,130.0,133.0,117.0,129.0,129.0,129.0,132.0,143.0,141.0,138.0,133.0,118.0,116.0,124.0,121.0,107.0,111.0,123.0,134.0,151.0,166.0,157.0,130.0,106.0,90.0,86.0,98.0,123.0,144.0,152.0,149.0,136.0,124.0,121.0,132.0,142.0,146.0,139.0,132.0,128.0,129.0,131.0,-0.2796994622251145,-0.9600876058105228
124.0,91.0,98.0,142.0,155.0,139.0,100.0,71.0,58.0,68.0,91.0,123.0,146.0,168.0,177.0,162.0,133.0,100.0,68.0,57.0,72.0,98.0,130.0,161.0,181.0,184.0,176.0,154.0,123.0,96.0,85.0,92.0,111.0,131.0,143.0,147.0,144.0,138.0,134.0,129.0,126.0,124.0,125.0,128.0,131.0,133.0,134.0,135.0,136.0,137.0,139.0,123.0,139.0,126.0,110.0,109.0,120.0,140.0,147.0,144.0,115.0,114.0,123.0,141.0,142.0,144.0,135.0,118.0,121.0,149.0,173.0,169.0,139.0,93.0,59.0,64.0,111.0,173.0,205.0,205.0,181.0,127.0,87.0,71.0,79.0,96.0,111.0,116.0,116.0,119.0,128.0,140.0,148.0,149.0,144.0,136.0,132.0,134.0,138.0,140.0,-0.5404368304983178,-0.8413845923481915
155.0,63.0,83.0,55.0,126.0,146.0,167.0,151.0,164.0,149.0,119.0,91.0,56.0,55.0,55.0,55.0,76.0,177.0,205.0,205.0,188.0,176.0,146.0,116.0,92.0,74.0,67.0,90.0,126.0,153.0,164.0,161.0,149.0,138.0,133.0,129.0,127.0,126.0,123.0,124.0,125.0,125.0,124.0,127.0,131.0,135.0,137.0,137.0,139.0,141.0,133.0,121.0,117.0,160.0,122.0,124.0,115.0,127.0,116.0,124.0,128.0,140.0,140.0,141.0,149.0,147.0,135.0,122.0,107.0,86.0,95.0,129.0,154.0,160.0,167.0,160.0,134.0,117.0,117.0,117.0,117.0,118.0,113.0,104.0,102.0,116.0,136.0,150.0,152.0,141.0,123.0,114.0,114.0,121.0,129.0,136.0,136.0,134.0,131.0,129.0,-0.7566199595470002,-0.6538549050172336
168.0,76.0,178.0,140.0,202.0,178.0,187.0,131.0,90.0,55.0,55.0,55.0,91.0,130.0,141.0,171.0,183.0,203.0,191.0,168.0,126.0,97.0,77.0,85.0,101.0,116.0,125.0,133.0,135.0,140.0,147.0,152.0,150.0,142.0,129.0,116.0,110.0,108.0,112.0,117.0,122.0,124.0,126.0,126.0,129.0,134.0,137.0,136.0,130.0,127.0,156.0,116.0,106.0,125.0,104.0,129.0,123.0,127.0,122.0,130.0,133.0,140.0,132.0,125.0,123.0,112.0,112.0,119.0,115.0,104.0,111.0,121.0,124.0,135.0,148.0,137.0,115.0,103.0,102.0,109.0,132.0,159.0,172.0,159.0,132.0,100.0,81.0,88.0,119.0,157.0,186.0,195.0,182.0,159.0,136.0,119.0,108.0,103.0,102.0,101.0,-0.9105745666572379,-0.41334484218021084
55.0,56.0,55.0,98.0,131.0,142.0,172.0,160.0,160.0,126.0,106.0,58.0,55.0,55.0,55.0,74.0,123.0,150.0,168.0,181.0,183.0,162.0,143.0,130.0,117.0,109.0,108.0,109.0,111.0,119.0,127.0,139.0,148.0,152.0,149.0,145.0,138.0,132.0,128.0,127.0,126.0,128.0,130.0,133.0,135.0,137.0,138.0,140.0,142.0,144.0,137.0,144.0,167.0,139.0,129.0,106.0,115.0,102.0,129.0,142.0,158.0,144.0,134.0,135.0,152.0,150.0,123.0,84.0,55.0,55.0,109.0,176.0,205.0,205.0,203.0,157.0,124.0,109.0,94.0,75.0,58.0,57.0,83.0,133.0,189.0,205.0,205.0,198.0,137.0,92.0,73.0,80.0,101.0,119.0,124.0,120.0,114.0,115.0,125.0,137.0,-0.9901380460276361,-0.1400951455567779
83.0,116.0,137.0,135.0,102.0,75.0,55.0,55.0,55.0,99.0,130.0,172.0,177.0,160.0,135.0,106.0,68.0,58.0,70.0,88.0,121.0,165.0,195.0,197.0,181.0,147.0,111.0,88.0,83.0,93.0,112.0,131.0,144.0,149.0,147.0,140.0,133.0,130.0,128.0,128.0,130.0,133.0,136.0,138.0,141.0,143.0,145.0,146.0,146.0,145.0,145.0,106.0,123.0,114.0,169.0,133.0,141.0,128.0,136.0,122.0,118.0,120.0,126.0,120.0,106.0,115.0,129.0,150.0,171.0,173.0,133.0,101.0,92.0,92.0,97.0,124.0,144.0,144.0,137.0,136.0,135.0,133.0,138.0,140.0,134.0,124.0,125.0,130.0,139.0,143.0,137.0,123.0,113.0,109.0,112.0,121.0,130.0,135.0,135.0,133.0,-0.9895045577425458,0.1445016616054258
79.0,93.0,55.0,102.0,116.0,154.0,161.0,163.0,153.0,161.0,173.0,152.0,133.0,113.0,104.0,94.0,117.0,132.0,126.0,116.0,122.0,123.0,133.0,150.0,153.0,139.0,128.0,123.0,120.0,119.0,117.0,116.0,118.0,124.0,130.0,136.0,138.0,138.0,139.0,141.0,139.0,137.0,133.0,132.0,131.0,130.0,127.0,125.0,123.0,123.0,145.0,121.0,119.0,153.0,135.0,128.0,128.0,145.0,120.0,114.0,102.0,118.0,119.0,118.0,114.0,120.0,123.0,139.0,154.0,139.0,114.0,104.0,106.0,111.0,140.0,173.0,174.0,143.0,105.0,75.0,75.0,107.0,154.0,182.0,187.0,177.0,160.0,144.0,131.0,120.0,107.0,97.0,91.0,90.0,95.0,106.0,118.0,128.0,133.0,134.0,-0.9087254116569063,0.417394449183247
119.0,94.0,108.0,139.0,129.0,122.0,86.0,87.0,58.0,80.0,83.0,103.0,92.0,118.0,126.0,127.0,119.0,126.0,119.0,116.0,126.0,138.0,141.0,147.0,152.0,146.0,134.0,125.0,118.0,115.0,119.0,126.0,137.0,143.0,145.0,140.0,136.0,130.0,126.0,123.0,122.0,123.0,126.0,130.0,135.0,139.0,141.0,144.0,146.0,148.0,188.0,171.0,116.0,102.0,104.0,138.0,129.0,134.0,144.0,146.0,135.0,118.0,112.0,116.0,116.0,96.0,82.0,84.0,118.0,169.0,205.0,196.0,159.0,118.0,94.0,88.0,101.0,107.0,91.0,73.0,77.0,116.0,180.0,205.0,205.0,205.0,176.0,87.0,55.0,55.0,87.0,131.0,151.0,144.0,125.0,110.0,110.0,122.0,137.0,145.0,-0.7543433748039217,0.6564800628270672
90.0,55.0,55.0,55.0,55.0,64.0,73.0,109.0,161.0,205.0,189.0,136.0,96.0,74.0,58.0,55.0,56.0,56.0,57.0,130.0,190.0,205.0,205.0,183.0,144.0,118.0,107.0,100.0,91.0,87.0,96.0,116.0,136.0,149.0,154.0,153.0,149.0,142.0,136.0,131.0,130.0,131.0,135.0,138.0,140.0,141.0,141.0,144.0,145.0,145.0,120.0,118.0,134.0,156.0,129.0,134.0,143.0,135.0,128.0,112.0,115.0,113.0,112.0,109.0,128.0,137.0,156.0,171.0,158.0,118.0,97.0,94.0,92.0,103.0,131.0,146.0,140.0,136.0,135.0,132.0,132.0,138.0,137.0,128.0,123.0,127.0,135.0,143.0,142.0,131.0,117.0,107.0,106.0,113.0,124.0,133.0,136.0,134.0,132.0,129.0,-0.5388627351116679,0.8423935853910406
116.0,147.0,116.0,127.0,122.0,119.0,120.0,125.0,157.0,155.0,165.0,157.0,148.0,108.0,109.0,109.0,104.0,97.0,121.0,132.0,134.0,145.0,154.0,141.0,127.0,123.0,118.0,114.0,117.0,125.0,131.0,135.0,132.0,129.0,126.0,126.0,127.0,131.0,132.0,131.0,129.0,129.0,128.0,127.0,125.0,124.0,123.0,123.0,123.0,123.0,119.0,112.0,113.0,166.0,125.0,131.0,127.0,131.0,129.0,124.0,119.0,108.0,94.0,81.0,102.0,126.0,156.0,179.0,182.0,149.0,130.0,129.0,120.0,98.0,88.0,81.0,81.0,106.0,151.0,187.0,201.0,196.0,171.0,137.0,110.0,103.0,108.0,118.0,122.0,113.0,101.0,93.0,97.0,108.0,122.0,133.0,137.0,138.0,140.0,142.0,-0.2797365072997961,0.9600768128039084
158.0,104.0,55.0,55.0,63.0,106.0,91.0,94.0,80.0,122.0,128.0,127.0,112.0,119.0,114.0,123.0,144.0,155.0,133.0,113.0,115.0,119.0,123.0,129.0,132.0,129.0,137.0,151.0,159.0,151.0,133.0,115.0,109.0,113.0,122.0,129.0,134.0,135.0,137.0,138.0,138.0,137.0,138.0,141.0,145.0,148.0,148.0,146.0,146.0,146.0,175.0,106.0,96.0,123.0,111.0,129.0,128.0,139.0,122.0,127.0,99.0,100.0,94.0,110.0,128.0,149.0,149.0,153.0,155.0,144.0,129.0,108.0,74.0,55.0,55.0,56.0,147.0,205.0,205.0,205.0,205.0,130.0,68.0,55.0,55.0,55.0,100.0,139.0,163.0,175.0,176.0,171.0,161.0,147.0,132.0,119.0,111.0,107.0,108.0,109.0,0.0020471870320050746,0.9999979045104325
93.0,56.0,94.0,145.0,155.0,114.0,90.0,83.0,79.0,80.0,83.0,71.0,72.0,111.0,161.0,187.0,187.0,171.0,145.0,123.0,111.0,105.0,98.0,97.0,103.0,120.0,136.0,148.0,151.0,148.0,142.0,133.0,126.0,119.0,116.0,116.0,120.0,124.0,127.0,129.0,131.0,135.0,139.0,142.0,143.0,144.0,144.0,145.0,146.0,145.0,130.0,132.0,153.0,142.0,114.0,119.0,128.0,127.0,123.0,123.0,135.0,143.0,144.0,148.0,152.0,140.0,129.0,116.0,95.0,87.0,113.0,147.0,160.0,167.0,169.0,150.0,124.0,115.0,116.0,116.0,116.0,113.0,103.0,97.0,106.0,131.0,154.0,164.0,154.0,132.0,111.0,103.0,107.0,120.0,133.0,139.0,139.0,135.0,132.0,131.0,0.28366506792714596,0.9589234219883711
134.0,112.0,146.0,143.0,118.0,97.0,93.0,79.0,83.0,116.0,137.0,142.0,156.0,170.0,138.0,93.0,65.0,56.0,55.0,55.0,109.0,147.0,172.0,189.0,193.0,176.0,151.0,124.0,100.0,84.0,82.0,94.0,117.0,140.0,152.0,156.0,150.0,141.0,130.0,123.0,118.0,116.0,115.0,116.0,119.0,122.0,125.0,127.0,130.0,131.0,107.0,129.0,120.0,123.0,161.0,124.0,116.0,107.0,126.0,124.0,130.0,126.0,135.0,137.0,139.0,150.0,151.0,137.0,122.0,109.0,87.0,92.0,125.0,152.0,158.0,164.0,160.0,138.0,119.0,117.0,118.0,117.0,118.0,115.0,107.0,102.0,112.0,130.0,144.0,148.0,140.0,129.0,122.0,121.0,120.0,124.0,131.0,136.0,135.0,133.0,0.542307285611669,0.8401802235071376
132.0,107.0,100.0,78.0,91.0,91.0,112.0,131.0,155.0,155.0,162.0,177.0,160.0,132.0,130.0,153.0,160.0,168.0,176.0,166.0,136.0,119.0,112.0,103.0,98.0,104.0,116.0,132.0,149.0,162.0,164.0,155.0,134.0,115.0,103.0,101.0,106.0,119.0,132.0,142.0,148.0,152.0,154.0,153.0,151.0,147.0,143.0,139.0,135.0,132.0,175.0,148.0,134.0,138.0,109.0,129.0,113.0,92.0,77.0,119.0,148.0,170.0,155.0,143.0,141.0,140.0,130.0,102.0,60.0,55.0,55.0,81.0,180.0,205.0,205.0,205.0,205.0,96.0,58.0,55.0,55.0,83.0,109.0,132.0,159.0,184.0,195.0,188.0,165.0,135.0,112.0,106.0,110.0,118.0,123.0,119.0,108.0,98.0,97.0,105.0,0.7570249212462294,0.653386002767231
80.0,77.0,99.0,79.0,83.0,112.0,160.0,177.0,180.0,173.0,166.0,159.0,156.0,135.0,90.0,55.0,55.0,83.0,117.0,141.0,155.0,160.0,164.0,172.0,169.0,147.0,115.0,89.0,81.0,92.0,110.0,125.0,135.0,141.0,144.0,146.0,144.0,141.0,139.0,139.0,141.0,142.0,140.0,136.0,133.0,132.0,132.0,131.0,128.0,127.0,146.0,159.0,166.0,155.0,116.0,116.0,120.0,130.0,127.0,135.0,141.0,145.0,144.0,153.0,162.0,150.0,134.0,115.0,92.0,86.0,122.0,164.0,181.0,184.0,174.0,147.0,118.0,105.0,99.0,90.0,85.0,91.0,107.0,132.0,161.0,179.0,174.0,146.0,107.0,75.0,66.0,81.0,107.0,133.0,150.0,155.0,152.0,149.0,149.0,151.0,0.9104267601924829,0.4136702966438602
97.0,76.0,73.0,90.0,127.0,143.0,128.0,118.0,148.0,155.0,143.0,130.0,124.0,87.0,60.0,57.0,67.0,67.0,91.0,132.0,160.0,175.0,185.0,183.0,165.0,140.0,114.0,92.0,78.0,78.0,94.0,120.0,143.0,155.0,156.0,151.0,142.0,136.0,133.0,130.0,122.0,117.0,117.0,122.0,127.0,129.0,128.0,128.0,130.0,132.0,145.0,149.0,131.0,97.0,108.0,127.0,123.0,114.0,130.0,138.0,145.0,136.0,140.0,147.0,142.0,127.0,112.0,89.0,83.0,114.0,152.0,163.0,162.0,158.0,135.0,111.0,110.0,119.0,121.0,123.0,124.0,121.0,119.0,127.0,138.0,138.0,127.0,114.0,107.0,113.0,133.0,151.0,160.0,158.0,146.0,132.0,122.0,121.0,122.0,125.0,0.9900879063810262,0.14044905709201605
110.0,58.0,61.0,63.0,121.0,110.0,155.0,164.0,174.0,152.0,178.0,178.0,167.0,148.0,138.0,101.0,60.0,55.0,55.0,59.0,83.0,127.0,162.0,189.0,205.0,205.0,179.0,141.0,101.0,74.0,63.0,72.0,93.0,123.0,148.0,162.0,165.0,162.0,155.0,148.0,141.0,136.0,132.0,129.0,126.0,125.0,124.0,122.0,121.0,122.0,161.0,148.0,109.0,88.0,100.0,150.0,145.0,127.0,120.0,123.0,125.0,115.0,101.0,91.0,88.0,92.0,114.0,142.0,173.0,204.0,205.0,170.0,117.0,82.0,61.0,55.0,75.0,109.0,139.0,166.0,191.0,205.0,203.0,192.0,172.0,139.0,100.0,69.0,58.0,67.0,92.0,116.0,130.0,132.0,130.0,127.0,130.0,137.0,141.0,143.0,0.989556146012062,-0.14414795832669494
127.0,58.0,55.0,75.0,111.0,156.0,141.0,177.0,175.0,205.0,184.0,168.0,90.0,55.0,55.0,55.0,92.0,135.0,162.0,179.0,188.0,189.0,175.0,144.0,108.0,80.0,74.0,84.0,103.0,123.0,141.0,150.0,151.0,147.0,141.0,133.0,127.0,122.0,125.0,129.0,133.0,133.0,133.0,133.0,132.0,130.0,128.0,127.0,127.0,128.0,144.0,141.0,145.0,124.0,110.0,117.0,135.0,140.0,142.0,149.0,139.0,138.0,147.0,152.0,142.0,135.0,128.0,113.0,110.0,133.0,154.0,159.0,154.0,138.0,110.0,87.0,85.0,102.0,130.0,159.0,176.0,169.0,140.0,104.0,75.0,64.0,73.0,94.0,119.0,141.0,155.0,161.0,160.0,158.0,155.0,151.0,147.0,142.0,136.0,131.0,0.908874549412278,-0.4170696026212275
92.0,93.0,126.0,136.0,94.0,55.0,55.0,55.0,55.0,111.0,157.0,171.0,186.0,193.0,179.0,137.0,88.0,55.0,55.0,55.0,67.0,130.0,165.0,188.0,194.0,189.0,170.0,137.0,103.0,83.0,82.0,98.0,119.0,133.0,140.0,140.0,136.0,132.0,128.0,125.0,124.0,126.0,131.0,135.0,137.0,138.0,138.0,140.0,141.0,142.0,161.0,124.0,99.0,102.0,141.0,145.0,134.0,123.0,133.0,134.0,127.0,114.0,112.0,106.0,106.0,117.0,129.0,137.0,157.0,169.0,147.0,113.0,95.0,87.0,82.0,99.0,126.0,140.0,140.0,140.0,143.0,151.0,161.0,165.0,151.0,126.0,103.0,92.0,101.0,124.0,147.0,159.0,157.0,147.0,132.0,121.0,119.0,121.0,123.0,124.0,0.7545779825217012,-0.6562103841707164
77.0,74.0,89.0,115.0,174.0,205.0,205.0,205.0,175.0,114.0,55.0,55.0,55.0,55.0,55.0,127.0,198.0,205.0,205.0,205.0,146.0,86.0,57.0,55.0,55.0,94.0,136.0,157.0,166.0,168.0,160.0,144.0,126.0,113.0,108.0,114.0,123.0,130.0,134.0,131.0,128.0,126.0,126.0,124.0,123.0,122.0,124.0,125.0,127.0,129.0,151.0,149.0,111.0,95.0,108.0,145.0,133.0,117.0,110.0,114.0,119.0,112.0,108.0,119.0,134.0,148.0,165.0,164.0,154.0,149.0,136.0,103.0,78.0,77.0,88.0,110.0,152.0,188.0,195.0,181.0,158.0,135.0,119.0,120.0,122.0,113.0,93.0,75.0,71.0,86.0,116.0,146.0,164.0,166.0,157.0,143.0,138.0,141.0,142.0,136.0,0.5391638105652254,-0.842200917463752
143.0,194.0,183.0,156.0,106.0,66.0,60.0,76.0,91.0,120.0,162.0,198.0,205.0,205.0,158.0,88.0,55.0,55.0,55.0,55.0,114.0,155.0,187.0,205.0,205.0,175.0,127.0,85.0,67.0,76.0,100.0,124.0,139.0,145.0,146.0,143.0,137.0,130.0,124.0,122.0,123.0,124.0,124.0,122.0,121.0,123.0,125.0,127.0,126.0,126.0,137.0,133.0,135.0,136.0,143.0,135.0,128.0,124.0,130.0,131.0,141.0,142.0,132.0,139.0,162.0,174.0,166.0,149.0,120.0,91.0,84.0,101.0,119.0,127.0,130.0,135.0,141.0,157.0,173.0,174.0,152.0,115.0,78.0,56.0,55.0,77.0,108.0,136.0,152.0,155.0,153.0,155.0,159.0,161.0,159.0,152.0,142.0,132.0,124.0,121.0,0.28007966465877254,-0.9599767608877985
166.0,102.0,55.0,55.0,55.0,84.0,118.0,148.0,162.0,189.0,194.0,171.0,117.0,72.0,55.0,55.0,55.0,98.0,135.0,166.0,189.0,192.0,184.0,162.0,129.0,97.0,81.0,81.0,96.0,117.0,135.0,143.0,145.0,142.0,137.0,134.0,131.0,130.0,131.0,133.0,136.0,137.0,138.0,139.0,140.0,140.0,140.0,139.0,138.0,137.0,119.0,106.0,134.0,125.0,107.0,103.0,120.0,135.0,134.0,121.0,119.0,123.0,134.0,151.0,152.0,131.0,116.0,107.0,91.0,92.0,118.0,141.0,144.0,146.0,146.0,136.0,123.0,122.0,126.0,130.0,137.0,141.0,129.0,107.0,89.0,85.0,98.0,126.0,151.0,165.0,167.0,158.0,143.0,130.0,123.0,120.0,120.0,119.0,119.0,116.0,-0.001689742053194489,-0.9999985723848778
155.0,150.0,105.0,154.0,91.0,72.0,55.0,55.0,55.0,80.0,147.0,183.0,185.0,204.0,191.0,137.0,71.0,55.0,55.0,55.0,55.0,69.0,166.0,202.0,205.0,205.0,189.0,154.0,121.0,90.0,72.0,66.0,81.0,107.0,135.0,152.0,159.0,155.0,146.0,136.0,127.0,123.0,120.0,120.0,121.0,125.0,128.0,130.0,132.0,133.0,146.0,133.0,149.0,112.0,125.0,120.0,115.0,104.0,106.0,120.0,139.0,148.0,153.0,166.0,163.0,161.0,151.0,122.0,80.0,71.0,86.0,109.0,145.0,188.0,204.0,187.0,163.0,138.0,115.0,101.0,99.0,96.0,90.0,91.0,104.0,124.0,134.0,134.0,124.0,118.0,118.0,126.0,136.0,146.0,151.0,149.0,142.0,136.0,130.0,128.0,-0.28332228685047767,-0.9590247555583826
114.0,55.0,55.0,55.0,117.0,142.0,164.0,191.0,205.0,205.0,205.0,123.0,55.0,55.0,55.0,55.0,66.0,141.0,173.0,199.0,205.0,205.0,172.0,123.0,80.0,62.0,71.0,94.0,119.0,136.0,145.0,148.0,147.0,142.0,135.0,130.0,129.0,131.0,132.0,131.0,129.0,127.0,128.0,130.0,130.0,128.0,126.0,125.0,127.0,129.0,203.0,170.0,143.0,135.0,112.0,126.0,124.0,109.0,102.0,147.0,165.0,170.0,152.0,149.0,149.0,149.0,123.0,86.0,55.0,55.0,80.0,140.0,195.0,205.0,205.0,183.0,118.0,73.0,55.0,55.0,55.0,78.0,105.0,139.0,175.0,198.0,193.0,162.0,122.0,96.0,96.0,118.0,146.0,163.0,162.0,148.0,130.0,116.0,114.0,120.0,-0.5420069322454565,-0.8403740151848278
141.0,95.0,154.0,114.0,133.0,76.0,72.0,55.0,87.0,109.0,148.0,167.0,177.0,167.0,142.0,113.0,74.0,55.0,55.0,76.0,107.0,152.0,181.0,192.0,189.0,172.0,140.0,110.0,91.0,87.0,96.0,115.0,131.0,143.0,146.0,145.0,141.0,137.0,131.0,127.0,126.0,126.0,128.0,129.0,131.0,132.0,134.0,141.0,140.0,135.0,158.0,151.0,119.0,132.0,142.0,150.0,131.0,125.0,125.0,132.0,125.0,120.0,119.0,113.0,114.0,125.0,129.0,126.0,137.0,146.0,136.0,122.0,120.0,119.0,121.0,141.0,164.0,165.0,141.0,104.0,69.0,59.0,91.0,154.0,205.0,205.0,205.0,169.0,118.0,87.0,78.0,87.0,101.0,112.0,114.0,112.0,113.0,118.0,128.0,137.0,-0.7567913229348238,-0.6536565562514915
109.0,110.0,164.0,151.0,159.0,159.0,130.0,102.0,66.0,55.0,55.0,55.0,55.0,142.0,192.0,205.0,178.0,156.0,137.0,115.0,98.0,92.0,84.0,93.0,125.0,156.0,168.0,164.0,146.0,126.0,117.0,118.0,125.0,131.0,134.0,133.0,133.0,130.0,127.0,124.0,126.0,129.0,131.0,133.0,134.0,136.0,139.0,142.0,144.0,144.0,147.0,123.0,105.0,149.0,140.0,140.0,126.0,145.0,123.0,126.0,111.0,122.0,115.0,110.0,108.0,126.0,138.0,156.0,172.0,153.0,115.0,93.0,91.0,87.0,107.0,135.0,145.0,134.0,133.0,134.0,135.0,139.0,145.0,142.0,131.0,122.0,120.0,125.0,133.0,137.0,133.0,124.0,118.0,116.0,118.0,125.0,131.0,132.0,131.0,129.0,-0.9102788374049027,-0.4139956982539537
153.0,173.0,137.0,108.0,55.0,55.0,55.0,102.0,140.0,165.0,176.0,189.0,205.0,198.0,160.0,117.0,86.0,69.0,94.0,135.0,150.0,142.0,136.0,128.0,125.0,136.0,143.0,135.0,124.0,121.0,124.0,130.0,132.0,128.0,120.0,116.0,114.0,116.0,122.0,126.0,130.0,135.0,137.0,136.0,134.0,133.0,133.0,132.0,129.0,126.0,102.0,102.0,125.0,171.0,152.0,138.0,150.0,151.0,137.0,121.0,107.0,110.0,114.0,106.0,104.0,126.0,155.0,185.0,195.0,166.0,119.0,87.0,66.0,57.0,77.0,114.0,146.0,167.0,181.0,174.0,149.0,123.0,105.0,95.0,97.0,116.0,143.0,163.0,168.0,154.0,127.0,104.0,96.0,103.0,118.0,133.0,141.0,142.0,138.0,134.0,-0.9900376402334992,-0.1408029506824498
128.0,124.0,72.0,107.0,131.0,142.0,114.0,89.0,72.0,59.0,75.0,89.0,100.0,95.0,120.0,128.0,129.0,121.0,122.0,104.0,98.0,112.0,137.0,147.0,156.0,158.0,151.0,140.0,131.0,122.0,114.0,112.0,117.0,129.0,139.0,146.0,144.0,140.0,134.0,128.0,124.0,122.0,122.0,124.0,127.0,132.0,139.0,146.0,149.0,147.0,161.0,138.0,106.0,112.0,124.0,154.0,149.0,131.0,120.0,121.0,129.0,137.0,122.0,89.0,75.0,93.0,123.0,156.0,186.0,193.0,163.0,140.0,127.0,117.0,101.0,84.0,65.0,61.0,89.0,145.0,200.0,205.0,205.0,197.0,134.0,95.0,80.0,87.0,104.0,117.0,117.0,110.0,104.0,107.0,118.0,132.0,141.0,143.0,141.0,139.0,-0.9896076078486039,0.14379423663055377
113.0,55.0,55.0,55.0,80.0,57.0,57.0,83.0,141.0,195.0,205.0,166.0,112.0,92.0,70.0,58.0,57.0,57.0,58.0,84.0,160.0,205.0,205.0,204.0,173.0,139.0,117.0,104.0,95.0,89.0,93.0,107.0,127.0,144.0,153.0,155.0,153.0,149.0,142.0,136.0,132.0,132.0,135.0,139.0,142.0,143.0,143.0,143.0,145.0,147.0,134.0,115.0,112.0,115.0,165.0,141.0,141.0,132.0,139.0,120.0,119.0,115.0,122.0,116.0,109.0,118.0,132.0,149.0,168.0,171.0,133.0,101.0,92.0,93.0,97.0,123.0,146.0,145.0,137.0,135.0,133.0,131.0,135.0,137.0,130.0,122.0,124.0,134.0,144.0,148.0,138.0,120.0,106.0,101.0,106.0,118.0,131.0,137.0,137.0,134.0,-0.9090235710431535,0.41674470277131653
124.0,112.0,128.0,166.0,128.0,140.0,106.0,124.0,115.0,165.0,157.0,172.0,156.0,158.0,118.0,109.0,107.0,97.0,90.0,120.0,153.0,163.0,165.0,163.0,144.0,121.0,111.0,105.0,102.0,106.0,117.0,132.0,148.0,151.0,146.0,134.0,126.0,119.0,122.0,124.0,127.0,126.0,129.0,129.0,130.0,128.0,126.0,125.0,124.0,125.0,154.0,98.0,97.0,133.0,129.0,128.0,121.0,125.0,131.0,127.0,119.0,129.0,139.0,138.0,133.0,120.0,109.0,115.0,127.0,118.0,105.0,106.0,114.0,124.0,146.0,161.0,150.0,123.0,103.0,96.0,103.0,126.0,147.0,149.0,130.0,109.0,98.0,107.0,135.0,162.0,177.0,172.0,155.0,133.0,120.0,116.0,117.0,117.0,115.0,113.0,-0.7548124938290524,0.6559406216720891
123.0,154.0,95.0,102.0,56.0,74.0,76.0,116.0,95.0,113.0,118.0,133.0,116.0,113.0,108.0,102.0,120.0,161.0,189.0,178.0,161.0,143.0,125.0,111.0,104.0,97.0,94.0,107.0,134.0,158.0,172.0,165.0,147.0,127.0,116.0,109.0,110.0,113.0,119.0,126.0,133.0,138.0,142.0,144.0,145.0,148.0,149.0,149.0,147.0,146.0,168.0,118.0,93.0,99.0,113.0,136.0,135.0,142.0,149.0,134.0,104.0,84.0,89.0,105.0,116.0,125.0,135.0,148.0,176.0,200.0,191.0,135.0,65.0,55.0,55.0,55.0,73.0,200.0,205.0,205.0,205.0,156.0,129.0,118.0,106.0,87.0,69.0,65.0,84.0,123.0,163.0,184.0,183.0,163.0,137.0,119.0,116.0,123.0,130.0,130.0,-0.5394648171312432,0.842008141930679
59.0,55.0,55.0,59.0,176.0,190.0,161.0,123.0,121.0,100.0,76.0,56.0,55.0,55.0,56.0,143.0,197.0,205.0,200.0,170.0,137.0,117.0,104.0,95.0,90.0,95.0,109.0,126.0,140.0,147.0,149.0,146.0,139.0,131.0,125.0,122.0,122.0,127.0,130.0,133.0,134.0,137.0,140.0,143.0,145.0,145.0,144.0,144.0,145.0,147.0,161.0,124.0,117.0,118.0,156.0,128.0,136.0,138.0,129.0,128.0,112.0,117.0,113.0,117.0,109.0,126.0,128.0,143.0,162.0,167.0,133.0,104.0,93.0,88.0,91.0,117.0,140.0,141.0,138.0,137.0,135.0,134.0,142.0,146.0,140.0,127.0,118.0,118.0,125.0,134.0,137.0,132.0,125.0,120.0,119.0,122.0,128.0,131.0,130.0,129.0,-0.2804227862327102,0.9598765863179931
92.0,122.0,159.0,179.0,177.0,131.0,94.0,93.0,114.0,107.0,96.0,113.0,132.0,139.0,156.0,163.0,130.0,91.0,83.0,96.0,107.0,125.0,143.0,148.0,149.0,151.0,149.0,136.0,119.0,107.0,106.0,115.0,126.0,135.0,140.0,140.0,136.0,132.0,127.0,123.0,120.0,119.0,121.0,123.0,123.0,123.0,124.0,127.0,128.0,129.0,109.0,120.0,128.0,119.0,136.0,127.0,142.0,142.0,139.0,126.0,124.0,128.0,130.0,122.0,115.0,118.0,111.0,111.0,121.0,128.0,124.0,137.0,146.0,135.0,118.0,116.0,115.0,118.0,140.0,163.0,165.0,142.0,106.0,71.0,62.0,92.0,150.0,202.0,205.0,205.0,168.0,123.0,94.0,85.0,90.0,102.0,110.0,111.0,109.0,110.0,0.0013322968584850536,0.9999991124921466
109.0,117.0,98.0,77.0,91.0,103.0,107.0,122.0,145.0,153.0,163.0,176.0,166.0,133.0,127.0,148.0,160.0,166.0,174.0,168.0,139.0,119.0,112.0,104.0,98.0,103.0,115.0,129.0,146.0,160.0,164.0,156.0,137.0,117.0,104.0,101.0,105.0,117.0,129.0,140.0,147.0,151.0,153.0,153.0,151.0,147.0,144.0,140.0,136.0,132.0,160.0,136.0,111.0,102.0,126.0,155.0,148.0,116.0,91.0,98.0,119.0,139.0,144.0,135.0,125.0,132.0,148.0,153.0,135.0,102.0,67.0,55.0,70.0,128.0,180.0,204.0,199.0,173.0,143.0,122.0,110.0,95.0,79.0,72.0,83.0,112.0,148.0,178.0,190.0,182.0,160.0,133.0,115.0,111.0,116.0,122.0,122.0,115.0,106.0,103.0,0.28297946957446424,0.9591259665963355
76.0,89.0,87.0,82.0,94.0,141.0,169.0,180.0,175.0,176.0,162.0,153.0,135.0,107.0,70.0,55.0,69.0,98.0,126.0,149.0,160.0,163.0,169.0,173.0,157.0,126.0,97.0,83.0,86.0,102.0,118.0,130.0,139.0,143.0,146.0,145.0,142.0,138.0,138.0,140.0,142.0,141.0,137.0,134.0,133.0,132.0,131.0,130.0,127.0,126.0,108.0,141.0,98.0,117.0,141.0,162.0,140.0,133.0,139.0,126.0,123.0,113.0,122.0,118.0,113.0,107.0,126.0,138.0,159.0,173.0,157.0,115.0,95.0,92.0,92.0,107.0,135.0,147.0,139.0,136.0,135.0,132.0,133.0,138.0,135.0,127.0,123.0,128.0,137.0,144.0,143.0,130.0,114.0,105.0,106.0,113.0,125.0,134.0,137.0,135.0,0.5417065096284548,0.8405676994901463
185.0,147.0,136.0,107.0,104.0,103.0,118.0,100.0,99.0,120.0,130.0,112.0,102.0,93.0,76.0,69.0,95.0,127.0,147.0,165.0,177.0,173.0,157.0,134.0,108.0,89.0,82.0,91.0,113.0,137.0,150.0,155.0,152.0,145.0,135.0,125.0,118.0,115.0,113.0,114.0,116.0,118.0,120.0,122.0,125.0,129.0,132.0,134.0,135.0,137.0,124.0,147.0,116.0,117.0,118.0,153.0,132.0,127.0,136.0,132.0,130.0,111.0,111.0,115.0,119.0,113.0,121.0,120.0,126.0,143.0,153.0,133.0,114.0,107.0,104.0,112.0,145.0,172.0,166.0,137.0,102.0,79.0,83.0,126.0,175.0,202.0,197.0,168.0,135.0,115.0,114.0,120.0,124.0,121.0,113.0,103.0,99.0,105.0,115.0,126.0,0.7565576279301861,0.653927026219784
133.0,108.0,113.0,118.0,130.0,158.0,205.0,205.0,205.0,176.0,141.0,70.0,55.0,55.0,55.0,55.0,110.0,193.0,205.0,205.0,205.0,184.0,135.0,93.0,62.0,55.0,55.0,88.0,133.0,167.0,181.0,173.0,154.0,138.0,126.0,122.0,121.0,122.0,123.0,126.0,127.0,128.0,125.0,123.0,123.0,124.0,125.0,125.0,126.0,127.0,189.0,132.0,94.0,100.0,129.0,127.0,136.0,142.0,141.0,129.0,123.0,112.0,111.0,106.0,90.0,80.0,86.0,116.0,164.0,199.0,193.0,157.0,119.0,93.0,86.0,98.0,103.0,89.0,71.0,74.0,112.0,176.0,205.0,205.0,205.0,202.0,87.0,55.0,55.0,82.0,128.0,148.0,142.0,123.0,108.0,107.0,120.0,135.0,144.0,143.0,0.9101307983133997,0.4143210469689101
151.0,144.0,117.0,110.0,124.0,161.0,181.0,185.0,166.0,131.0,87.0,73.0,74.0,86.0,110.0,148.0,182.0,205.0,205.0,205.0,154.0,106.0,68.0,55.0,60.0,82.0,111.0,144.0,171.0,182.0,175.0,154.0,128.0,110.0,105.0,106.0,111.0,117.0,122.0,128.0,132.0,133.0,131.0,129.0,128.0,128.0,129.0,128.0,126.0,125.0,103.0,112.0,110.0,135.0,161.0,145.0,137.0,141.0,137.0,120.0,111.0,116.0,122.0,117.0,111.0,120.0,135.0,154.0,174.0,167.0,126.0,96.0,91.0,93.0,103.0,132.0,152.0,146.0,137.0,133.0,130.0,129.0,132.0,129.0,120.0,117.0,126.0,145.0,158.0,158.0,139.0,112.0,93.0,88.0,98.0,116.0,134.0,141.0,140.0,136.0,0.9899872475914803,0.14115682628284482
167.0,112.0,59.0,55.0,55.0,55.0,55.0,86.0,143.0,190.0,205.0,205.0,167.0,107.0,56.0,55.0,55.0,55.0,99.0,148.0,183.0,194.0,186.0,167.0,140.0,110.0,90.0,84.0,94.0,113.0,131.0,140.0,141.0,138.0,132.0,126.0,122.0,120.0,122.0,125.0,128.0,130.0,132.0,135.0,138.0,140.0,140.0,138.0,136.0,136.0,104.0,114.0,95.0,163.0,134.0,138.0,117.0,131.0,128.0,132.0,122.0,113.0,97.0,81.0,95.0,118.0,146.0,171.0,184.0,160.0,135.0,130.0,126.0,104.0,89.0,81.0,79.0,95.0,139.0,180.0,200.0,202.0,185.0,154.0,120.0,103.0,101.0,108.0,116.0,117.0,109.0,102.0,103.0,109.0,120.0,130.0,135.0,136.0,138.0,141.0,0.9896589432455937,-0.14344049656221464
194.0,171.0,171.0,168.0,169.0,124.0,55.0,55.0,55.0,55.0,55.0,134.0,195.0,205.0,205.0,198.0,164.0,98.0,55.0,55.0,55.0,55.0,119.0,157.0,173.0,179.0,175.0,161.0,138.0,114.0,100.0,101.0,111.0,121.0,128.0,129.0,126.0,123.0,121.0,119.0,117.0,116.0,117.0,122.0,126.0,128.0,129.0,131.0,133.0,134.0,132.0,95.0,76.0,92.0,137.0,134.0,122.0,112.0,130.0,136.0,132.0,105.0,92.0,93.0,106.0,125.0,142.0,147.0,152.0,158.0,152.0,134.0,113.0,84.0,55.0,55.0,55.0,127.0,195.0,205.0,205.0,205.0,143.0,82.0,55.0,55.0,55.0,62.0,141.0,175.0,187.0,181.0,165.0,148.0,133.0,123.0,117.0,114.0,113.0,114.0,0.9091724765304833,-0.41641974967504586
195.0,166.0,107.0,71.0,62.0,78.0,87.0,111.0,148.0,191.0,205.0,205.0,175.0,106.0,55.0,55.0,55.0,55.0,99.0,147.0,179.0,204.0,205.0,186.0,141.0,95.0,72.0,74.0,94.0,114.0,132.0,145.0,150.0,148.0,140.0,131.0,125.0,122.0,124.0,126.0,126.0,123.0,121.0,122.0,126.0,128.0,128.0,126.0,126.0,127.0,138.0,149.0,143.0,115.0,117.0,133.0,131.0,122.0,120.0,132.0,144.0,147.0,149.0,153.0,142.0,130.0,120.0,100.0,86.0,108.0,144.0,159.0,167.0,171.0,155.0,127.0,116.0,117.0,117.0,116.0,114.0,105.0,97.0,104.0,128.0,152.0,165.0,157.0,135.0,113.0,104.0,107.0,118.0,132.0,140.0,139.0,135.0,132.0,131.0,133.0,0.7550469086959932,-0.6556707753656742
102.0,55.0,55.0,59.0,152.0,150.0,188.0,155.0,159.0,113.0,104.0,60.0,63.0,70.0,106.0,138.0,168.0,177.0,171.0,156.0,132.0,110.0,94.0,92.0,103.0,126.0,143.0,153.0,150.0,141.0,127.0,121.0,117.0,120.0,124.0,130.0,134.0,136.0,136.0,135.0,134.0,134.0,135.0,135.0,135.0,136.0,136.0,136.0,136.0,137.0,99.0,120.0,114.0,154.0,139.0,130.0,121.0,123.0,107.0,103.0,104.0,125.0,143.0,152.0,158.0,165.0,162.0,160.0,150.0,114.0,76.0,69.0,88.0,113.0,157.0,198.0,205.0,185.0,158.0,131.0,109.0,98.0,94.0,88.0,83.0,90.0,109.0,132.0,146.0,144.0,129.0,112.0,105.0,109.0,124.0,142.0,153.0,153.0,146.0,137.0,0.5397657547712651,-0.8418152588164499
68.0,55.0,55.0,61.0,76.0,116.0,99.0,179.0,176.0,203.0,167.0,169.0,104.0,70.0,55.0,55.0,55.0,56.0,58.0,124.0,201.0,205.0,205.0,205.0,175.0,135.0,103.0,74.0,58.0,57.0,85.0,121.0,155.0,173.0,176.0,166.0,154.0,141.0,134.0,128.0,125.0,123.0,126.0,129.0,134.0,136.0,133.0,131.0,132.0,137.0,151.0,145.0,129.0,109.0,114.0,123.0,97.0,81.0,111.0,142.0,167.0,158.0,142.0,140.0,142.0,130.0,105.0,63.0,55.0,55.0,70.0,168.0,205.0,205.0,205.0,205.0,102.0,59.0,55.0,55.0,80.0,110.0,133.0,159.0,183.0,195.0,186.0,163.0,133.0,111.0,107.0,114.0,124.0,128.0,123.0,110.0,97.0,94.0,101.0,117.0,0.28076587197776837,-0.9597762891072916
120.0,102.0,115.0,115.0,125.0,138.0,163.0,185.0,193.0,160.0,107.0,59.0,55.0,55.0,73.0,115.0,138.0,158.0,178.0,193.0,190.0,161.0,114.0,79.0,67.0,80.0,104.0,130.0,144.0,150.0,149.0,144.0,138.0,132.0,127.0,125.0,125.0,124.0,123.0,122.0,122.0,123.0,124.0,124.0,124.0,123.0,125.0,128.0,129.0,129.0,143.0,156.0,166.0,157.0,118.0,116.0,119.0,130.0,127.0,135.0,142.0,146.0,144.0,153.0,162.0,151.0,133.0,115.0,92.0,87.0,122.0,167.0,181.0,182.0,172.0,147.0,119.0,106.0,99.0,89.0,85.0,91.0,106.0,131.0,159.0,179.0,178.0,151.0,108.0,72.0,62.0,79.0,109.0,136.0,151.0,154.0,151.0,148.0,149.0,151.0,-0.0009748514935568961,-0.9999995248321699
92.0,90.0,97.0,69.0,60.0,78.0,117.0,158.0,180.0,177.0,151.0,130.0,98.0,65.0,55.0,55.0,55.0,59.0,142.0,187.0,205.0,205.0,186.0,152.0,121.0,102.0,90.0,87.0,93.0,107.0,126.0,144.0,154.0,156.0,151.0,143.0,135.0,129.0,126.0,124.0,125.0,127.0,131.0,133.0,135.0,136.0,138.0,139.0,140.0,141.0,180.0,156.0,129.0,91.0,106.0,143.0,149.0,128.0,128.0,132.0,136.0,125.0,114.0,111.0,106.0,107.0,119.0,131.0,139.0,160.0,169.0,143.0,110.0,95.0,85.0,83.0,103.0,130.0,141.0,143.0,143.0,143.0,146.0,156.0,164.0,154.0,129.0,103.0,90.0,99.0,124.0,149.0,160.0,157.0,144.0,128.0,122.0,125.0,127.0,124.0,-0.2826366161429055,-0.9592270550892984
133.0,156.0,111.0,133.0,113.0,109.0,61.0,62.0,55.0,55.0,55.0,110.0,151.0,191.0,198.0,171.0,134.0,113.0,87.0,71.0,79.0,90.0,104.0,137.0,174.0,190.0,187.0,165.0,134.0,108.0,101.0,103.0,116.0,127.0,134.0,136.0,135.0,129.0,124.0,121.0,122.0,124.0,127.0,130.0,134.0,137.0,141.0,144.0,145.0,146.0,178.0,118.0,80.0,103.0,148.0,142.0,135.0,131.0,113.0,117.0,103.0,103.0,96.0,95.0,89.0,112.0,142.0,178.0,205.0,205.0,162.0,110.0,77.0,58.0,56.0,85.0,118.0,140.0,163.0,184.0,198.0,197.0,188.0,162.0,126.0,95.0,76.0,73.0,81.0,97.0,108.0,113.0,113.0,116.0,122.0,131.0,141.0,146.0,147.0,145.0,-0.5414060177990428,-0.8407612763983499
205.0,148.0,197.0,133.0,115.0,55.0,55.0,55.0,101.0,138.0,156.0,173.0,182.0,205.0,205.0,174.0,125.0,95.0,67.0,84.0,120.0,141.0,136.0,136.0,133.0,131.0,142.0,152.0,145.0,132.0,122.0,120.0,123.0,126.0,125.0,121.0,120.0,118.0,121.0,125.0,129.0,131.0,134.0,136.0,136.0,135.0,133.0,133.0,132.0,130.0,136.0,135.0,135.0,136.0,144.0,151.0,151.0,144.0,139.0,127.0,127.0,130.0,116.0,105.0,118.0,143.0,163.0,182.0,185.0,158.0,117.0,87.0,70.0,62.0,72.0,98.0,130.0,161.0,187.0,194.0,178.0,146.0,110.0,82.0,74.0,84.0,104.0,127.0,145.0,151.0,149.0,145.0,144.0,146.0,147.0,147.0,144.0,137.0,130.0,125.0,-0.756323836262189,-0.6541974126375352
55.0,55.0,55.0,127.0,155.0,175.0,154.0,136.0,123.0,102.0,68.0,55.0,55.0,55.0,73.0,113.0,137.0,139.0,148.0,157.0,152.0,144.0,141.0,135.0,128.0,125.0,122.0,114.0,109.0,109.0,117.0,130.0,143.0,150.0,152.0,148.0,141.0,135.0,130.0,126.0,124.0,125.0,128.0,132.0,134.0,136.0,138.0,141.0,144.0,146.0,172.0,125.0,91.0,94.0,136.0,145.0,144.0,132.0,132.0,125.0,118.0,112.0,114.0,110.0,107.0,116.0,126.0,137.0,160.0,170.0,142.0,109.0,93.0,84.0,81.0,102.0,129.0,141.0,141.0,142.0,142.0,145.0,155.0,162.0,153.0,126.0,102.0,90.0,100.0,125.0,149.0,160.0,157.0,144.0,128.0,119.0,118.0,121.0,123.0,124.0,-0.9099826429368906,-0.4146463427471555
55.0,55.0,55.0,55.0,62.0,71.0,94.0,142.0,196.0,201.0,155.0,105.0,82.0,60.0,56.0,55.0,56.0,57.0,106.0,173.0,205.0,205.0,194.0,162.0,131.0,111.0,98.0,89.0,87.0,94.0,111.0,130.0,145.0,151.0,153.0,150.0,145.0,139.0,133.0,129.0,129.0,133.0,137.0,140.0,140.0,141.0,142.0,144.0,146.0,145.0,127.0,142.0,122.0,99.0,116.0,142.0,134.0,113.0,117.0,108.0,122.0,110.0,112.0,119.0,135.0,147.0,166.0,166.0,155.0,150.0,136.0,102.0,77.0,79.0,90.0,112.0,153.0,189.0,194.0,180.0,157.0,134.0,116.0,115.0,118.0,112.0,97.0,82.0,78.0,89.0,113.0,138.0,155.0,160.0,156.0,147.0,141.0,140.0,138.0,136.0,-0.9899367284614028,-0.14151068384802187
135.0,154.0,100.0,128.0,106.0,134.0,113.0,132.0,144.0,158.0,155.0,163.0,145.0,112.0,105.0,112.0,107.0,97.0,114.0,123.0,120.0,128.0,146.0,140.0,131.0,130.0,128.0,122.0,125.0,129.0,130.0,128.0,123.0,119.0,120.0,125.0,130.0,135.0,137.0,135.0,131.0,129.0,127.0,125.0,123.0,122.0,122.0,122.0,122.0,122.0,67.0,126.0,155.0,154.0,159.0,148.0,152.0,152.0,138.0,107.0,116.0,139.0,153.0,142.0,127.0,124.0,135.0,152.0,158.0,135.0,94.0,66.0,71.0,110.0,157.0,195.0,198.0,167.0,123.0,87.0,65.0,62.0,74.0,96.0,123.0,154.0,183.0,200.0,198.0,173.0,135.0,101.0,85.0,88.0,105.0,124.0,136.0,139.0,134.0,128.0,-0.989710152196475,0.14308673816685613
65.0,92.0,85.0,104.0,88.0,114.0,137.0,137.0,119.0,114.0,116.0,108.0,121.0,143.0,154.0,146.0,159.0,174.0,163.0,143.0,120.0,101.0,87.0,100.0,126.0,138.0,140.0,140.0,143.0,147.0,144.0,133.0,121.0,114.0,112.0,117.0,124.0,132.0,137.0,143.0,148.0,151.0,151.0,149.0,148.0,147.0,146.0,143.0,140.0,138.0,133.0,127.0,137.0,150.0,128.0,129.0,127.0,123.0,107.0,119.0,131.0,144.0,136.0,136.0,145.0,150.0,143.0,128.0,100.0,69.0,76.0,113.0,148.0,167.0,181.0,174.0,152.0,145.0,151.0,149.0,127.0,92.0,57.0,55.0,55.0,122.0,188.0,205.0,205.0,179.0,125.0,92.0,83.0,96.0,119.0,129.0,123.0,109.0,105.0,111.0,-0.9093212658552493,0.4160947433739185
147.0,157.0,172.0,108.0,68.0,55.0,55.0,55.0,81.0,104.0,112.0,148.0,182.0,199.0,174.0,151.0,129.0,125.0,136.0,154.0,155.0,137.0,112.0,100.0,101.0,112.0,124.0,129.0,131.0,139.0,152.0,158.0,152.0,134.0,116.0,102.0,98.0,99.0,108.0,118.0,129.0,136.0,141.0,143.0,148.0,151.0,153.0,147.0,141.0,137.0,162.0,139.0,116.0,90.0,123.0,126.0,122.0,120.0,131.0,141.0,139.0,139.0,144.0,149.0,134.0,120.0,101.0,83.0,93.0,134.0,159.0,162.0,162.0,151.0,123.0,109.0,114.0,120.0,121.0,123.0,122.0,118.0,120.0,131.0,138.0,134.0,124.0,113.0,111.0,122.0,139.0,153.0,156.0,150.0,138.0,127.0,122.0,122.0,125.0,127.0,-0.7552812270925925,0.655400845285927
157.0,123.0,133.0,123.0,108.0,105.0,93.0,77.0,88.0,127.0,137.0,143.0,158.0,165.0,125.0,83.0,61.0,55.0,55.0,58.0,123.0,156.0,176.0,190.0,186.0,168.0,141.0,116.0,93.0,82.0,84.0,101.0,125.0,144.0,154.0,153.0,146.0,136.0,127.0,120.0,116.0,114.0,114.0,116.0,119.0,123.0,125.0,127.0,130.0,132.0,118.0,141.0,142.0,143.0,102.0,121.0,148.0,156.0,141.0,134.0,134.0,141.0,141.0,123.0,110.0,102.0,99.0,105.0,125.0,145.0,169.0,185.0,172.0,139.0,111.0,84.0,62.0,62.0,85.0,117.0,150.0,172.0,176.0,154.0,128.0,114.0,121.0,136.0,146.0,141.0,126.0,111.0,107.0,111.0,122.0,133.0,139.0,141.0,138.0,135.0,-0.5400666234468333,0.8416222681457142
89.0,55.0,76.0,75.0,109.0,101.0,112.0,141.0,180.0,178.0,168.0,175.0,175.0,161.0,144.0,126.0,84.0,57.0,63.0,91.0,108.0,127.0,145.0,159.0,171.0,179.0,172.0,146.0,112.0,87.0,79.0,88.0,105.0,122.0,135.0,143.0,145.0,146.0,147.0,147.0,144.0,137.0,133.0,133.0,134.0,133.0,130.0,126.0,123.0,121.0,156.0,145.0,118.0,140.0,150.0,149.0,126.0,119.0,126.0,133.0,127.0,120.0,118.0,110.0,114.0,126.0,130.0,128.0,139.0,146.0,133.0,121.0,120.0,118.0,123.0,145.0,165.0,163.0,136.0,98.0,65.0,61.0,100.0,164.0,205.0,205.0,205.0,161.0,111.0,84.0,78.0,89.0,104.0,113.0,114.0,112.0,114.0,120.0,130.0,138.0,-0.2811089218501077,0.9596758692685099
85.0,67.0,91.0,122.0,165.0,175.0,176.0,172.0,168.0,161.0,150.0,130.0,91.0,57.0,55.0,83.0,113.0,140.0,160.0,164.0,161.0,167.0,167.0,148.0,117.0,90.0,81.0,92.0,110.0,126.0,136.0,143.0,146.0,146.0,144.0,141.0,139.0,140.0,142.0,142.0,139.0,136.0,134.0,133.0,133.0,130.0,128.0,126.0,126.0,127.0,140.0,129.0,96.0,150.0,130.0,144.0,125.0,139.0,125.0,124.0,114.0,118.0,113.0,104.0,111.0,126.0,139.0,155.0,173.0,150.0,112.0,94.0,92.0,87.0,102.0,127.0,140.0,138.0,139.0,138.0,136.0,141.0,148.0,148.0,135.0,121.0,112.0,114.0,124.0,135.0,138.0,135.0,130.0,124.0,121.0,124.0,127.0,129.0,128.0,126.0,0.0006174060040688504,0.9999998094048949
176.0,138.0,121.0,97.0,100.0,115.0,110.0,95.0,106.0,130.0,123.0,106.0,98.0,85.0,68.0,76.0,112.0,138.0,156.0,173.0,177.0,168.0,148.0,122.0,93.0,78.0,84.0,105.0,128.0,145.0,152.0,153.0,149.0,140.0,131.0,123.0,117.0,113.0,112.0,114.0,117.0,119.0,120.0,123.0,127.0,131.0,133.0,135.0,136.0,137.0,120.0,135.0,85.0,114.0,153.0,168.0,140.0,138.0,149.0,138.0,134.0,114.0,111.0,110.0,107.0,98.0,117.0,142.0,172.0,192.0,181.0,138.0,101.0,75.0,57.0,61.0,93.0,129.0,156.0,177.0,181.0,163.0,136.0,117.0,105.0,101.0,110.0,128.0,145.0,154.0,152.0,138.0,121.0,111.0,112.0,119.0,130.0,137.0,138.0,136.0,0.282293726599624,0.9593280210243506
77.0,132.0,100.0,114.0,115.0,126.0,127.0,159.0,204.0,205.0,205.0,177.0,141.0,70.0,55.0,55.0,55.0,55.0,109.0,184.0,205.0,205.0,205.0,187.0,142.0,101.0,70.0,55.0,57.0,89.0,130.0,161.0,175.0,169.0,154.0,141.0,131.0,127.0,124.0,124.0,124.0,126.0,126.0,126.0,124.0,123.0,123.0,124.0,125.0,126.0,139.0,112.0,116.0,125.0,150.0,146.0,137.0,120.0,122.0,123.0,134.0,128.0,98.0,77.0,87.0,116.0,150.0,184.0,192.0,168.0,141.0,128.0,119.0,106.0,89.0,69.0,60.0,79.0,132.0,191.0,205.0,205.0,205.0,144.0,100.0,81.0,85.0,101.0,116.0,118.0,112.0,105.0,106.0,116.0,130.0,140.0,143.0,141.0,139.0,139.0,0.5411054567956001,0.8409547458847146
106.0,55.0,105.0,103.0,140.0,134.0,159.0,179.0,205.0,205.0,190.0,143.0,75.0,55.0,55.0,55.0,98.0,148.0,183.0,205.0,205.0,205.0,183.0,124.0,75.0,55.0,55.0,72.0,96.0,125.0,155.0,176.0,178.0,166.0,143.0,122.0,113.0,112.0,118.0,123.0,133.0,133.0,135.0,132.0,132.0,134.0,134.0,132.0,129.0,127.0,135.0,132.0,96.0,151.0,132.0,141.0,125.0,139.0,125.0,125.0,114.0,118.0,116.0,104.0,109.0,121.0,136.0,161.0,178.0,154.0,111.0,91.0,89.0,87.0,104.0,130.0,140.0,136.0,137.0,137.0,137.0,142.0,150.0,149.0,135.0,120.0,112.0,114.0,124.0,135.0,138.0,136.0,130.0,124.0,122.0,124.0,127.0,129.0,129.0,127.0,0.7560899479606823,0.6544677154702231
97.0,91.0,126.0,135.0,99.0,55.0,55.0,55.0,55.0,109.0,158.0,172.0,188.0,191.0,176.0,135.0,91.0,56.0,55.0,55.0,76.0,127.0,163.0,187.0,193.0,188.0,169.0,136.0,103.0,85.0,85.0,99.0,119.0,133.0,138.0,139.0,135.0,132.0,128.0,125.0,124.0,126.0,130.0,135.0,137.0,138.0,139.0,139.0,141.0,142.0,181.0,129.0,93.0,110.0,133.0,129.0,125.0,121.0,125.0,132.0,124.0,121.0,132.0,140.0,139.0,132.0,116.0,104.0,115.0,127.0,117.0,108.0,109.0,115.0,129.0,153.0,162.0,143.0,117.0,100.0,96.0,108.0,135.0,151.0,145.0,123.0,104.0,98.0,114.0,144.0,169.0,178.0,168.0,148.0,128.0,118.0,116.0,117.0,117.0,115.0,0.9098343712943,0.41497158554713826
131.0,141.0,85.0,124.0,113.0,164.0,158.0,156.0,148.0,157.0,125.0,81.0,65.0,59.0,63.0,84.0,132.0,155.0,161.0,168.0,176.0,157.0,132.0,108.0,90.0,84.0,103.0,130.0,148.0,151.0,142.0,132.0,130.0,131.0,133.0,133.0,131.0,126.0,124.0,120.0,117.0,114.0,114.0,116.0,119.0,122.0,123.0,124.0,126.0,129.0,136.0,105.0,93.0,109.0,127.0,135.0,144.0,149.0,133.0,102.0,83.0,88.0,104.0,114.0,129.0,133.0,144.0,167.0,195.0,194.0,144.0,72.0,55.0,55.0,55.0,71.0,195.0,205.0,205.0,205.0,156.0,128.0,117.0,106.0,88.0,68.0,63.0,81.0,119.0,160.0,183.0,183.0,163.0,137.0,119.0,115.0,122.0,129.0,129.0,120.0,0.9898860828498737,0.14186452333170899
117.0,174.0,56.0,128.0,125.0,197.0,179.0,178.0,131.0,93.0,72.0,71.0,88.0,98.0,146.0,176.0,205.0,205.0,205.0,141.0,90.0,56.0,55.0,55.0,91.0,122.0,154.0,181.0,194.0,183.0,154.0,118.0,96.0,92.0,102.0,117.0,127.0,134.0,136.0,139.0,137.0,133.0,129.0,127.0,127.0,128.0,128.0,127.0,125.0,126.0,163.0,162.0,126.0,95.0,104.0,143.0,149.0,129.0,128.0,126.0,136.0,125.0,118.0,111.0,107.0,104.0,118.0,130.0,139.0,159.0,169.0,144.0,111.0,96.0,87.0,83.0,102.0,128.0,139.0,141.0,142.0,143.0,144.0,153.0,161.0,154.0,132.0,107.0,93.0,97.0,119.0,148.0,162.0,159.0,142.0,127.0,120.0,122.0,125.0,126.0,0.9897612346945517,-0.14273296149073814
174.0,92.0,55.0,55.0,55.0,55.0,55.0,108.0,152.0,200.0,205.0,205.0,150.0,91.0,55.0,55.0,55.0,55.0,118.0,160.0,186.0,194.0,187.0,165.0,130.0,100.0,84.0,86.0,101.0,121.0,135.0,141.0,140.0,136.0,130.0,126.0,122.0,121.0,123.0,126.0,129.0,131.0,133.0,135.0,138.0,139.0,139.0,138.0,137.0,136.0,120.0,131.0,101.0,142.0,119.0,139.0,127.0,130.0,128.0,132.0,131.0,129.0,121.0,108.0,116.0,115.0,109.0,110.0,123.0,122.0,128.0,142.0,143.0,120.0,109.0,106.0,109.0,124.0,153.0,169.0,162.0,134.0,99.0,74.0,76.0,110.0,158.0,195.0,205.0,189.0,158.0,128.0,109.0,100.0,99.0,101.0,102.0,105.0,110.0,114.0,0.909469938997991,-0.41576968391044394
177.0,173.0,179.0,159.0,161.0,77.0,55.0,55.0,55.0,55.0,93.0,173.0,205.0,205.0,205.0,188.0,130.0,65.0,55.0,55.0,55.0,66.0,145.0,174.0,185.0,188.0,178.0,157.0,129.0,106.0,95.0,99.0,110.0,123.0,131.0,133.0,129.0,128.0,124.0,122.0,118.0,117.0,119.0,123.0,126.0,128.0,130.0,132.0,133.0,135.0,108.0,121.0,160.0,153.0,159.0,118.0,117.0,107.0,114.0,119.0,139.0,149.0,144.0,137.0,138.0,153.0,151.0,127.0,86.0,55.0,55.0,101.0,169.0,205.0,205.0,205.0,164.0,127.0,108.0,94.0,74.0,56.0,55.0,72.0,121.0,181.0,205.0,205.0,205.0,148.0,92.0,63.0,66.0,90.0,113.0,124.0,123.0,117.0,118.0,126.0,0.7555154489881981,-0.655130831468159
205.0,205.0,172.0,108.0,65.0,59.0,78.0,90.0,111.0,146.0,188.0,205.0,205.0,180.0,111.0,55.0,55.0,55.0,55.0,89.0,146.0,180.0,203.0,205.0,187.0,144.0,98.0,71.0,72.0,93.0,118.0,136.0,144.0,147.0,145.0,140.0,133.0,126.0,122.0,124.0,125.0,125.0,123.0,121.0,123.0,125.0,128.0,127.0,126.0,126.0,140.0,127.0,121.0,157.0,118.0,121.0,115.0,129.0,117.0,126.0,128.0,139.0,138.0,141.0,149.0,149.0,134.0,121.0,106.0,85.0,95.0,130.0,155.0,160.0,166.0,158.0,133.0,117.0,117.0,118.0,117.0,118.0,113.0,105.0,103.0,117.0,136.0,149.0,150.0,139.0,122.0,115.0,116.0,122.0,133.0,136.0,135.0,129.0,127.0,128.0,0.540367423118618,-0.8414291699437003
55.0,55.0,133.0,180.0,181.0,164.0,131.0,108.0,82.0,64.0,61.0,82.0,115.0,156.0,182.0,177.0,153.0,118.0,83.0,68.0,78.0,99.0,128.0,159.0,178.0,180.0,171.0,148.0,118.0,95.0,88.0,97.0,117.0,137.0,150.0,154.0,152.0,146.0,141.0,136.0,134.0,131.0,132.0,133.0,134.0,135.0,134.0,136.0,137.0,139.0,155.0,99.0,105.0,139.0,154.0,134.0,122.0,134.0,124.0,131.0,120.0,120.0,102.0,89.0,84.0,114.0,136.0,163.0,178.0,168.0,141.0,132.0,131.0,112.0,93.0,85.0,80.0,87.0,123.0,166.0,194.0,200.0,188.0,160.0,127.0,106.0,104.0,113.0,121.0,121.0,109.0,97.0,93.0,99.0,112.0,127.0,135.0,138.0,139.0,142.0,0.28145193580485833,-0.9595753268147832
148.0,107.0,89.0,55.0,93.0,143.0,158.0,161.0,161.0,170.0,126.0,100.0,57.0,55.0,55.0,55.0,58.0,158.0,205.0,205.0,205.0,205.0,156.0,114.0,81.0,59.0,55.0,57.0,106.0,148.0,176.0,184.0,173.0,152.0,135.0,122.0,116.0,114.0,116.0,119.0,125.0,126.0,127.0,129.0,132.0,135.0,138.0,139.0,138.0,139.0,127.0,90.0,90.0,127.0,122.0,131.0,123.0,132.0,129.0,123.0,101.0,95.0,95.0,107.0,128.0,144.0,153.0,158.0,159.0,141.0,124.0,105.0,74.0,55.0,55.0,58.0,146.0,205.0,205.0,205.0,205.0,132.0,66.0,55.0,55.0,55.0,90.0,147.0,174.0,182.0,177.0,164.0,149.0,135.0,124.0,117.0,112.0,111.0,112.0,113.0,-0.00025996043679009096,-0.9999999662102851
200.0,195.0,141.0,159.0,87.0,81.0,55.0,55.0,74.0,131.0,141.0,173.0,181.0,205.0,205.0,188.0,141.0,93.0,55.0,55.0,80.0,110.0,127.0,140.0,149.0,154.0,166.0,172.0,164.0,140.0,115.0,96.0,94.0,102.0,118.0,130.0,138.0,134.0,130.0,128.0,132.0,134.0,134.0,132.0,131.0,130.0,131.0,132.0,132.0,132.0,147.0,156.0,143.0,117.0,121.0,149.0,155.0,141.0,124.0,123.0,132.0,133.0,129.0,122.0,108.0,106.0,124.0,139.0,147.0,161.0,164.0,138.0,115.0,109.0,107.0,103.0,115.0,130.0,135.0,133.0,130.0,123.0,116.0,125.0,144.0,163.0,170.0,160.0,137.0,112.0,98.0,95.0,101.0,115.0,127.0,134.0,136.0,136.0,134.0,133.0,-0.28195080098946756,-0.9594288643882868
70.0,55.0,55.0,66.0,143.0,167.0,161.0,146.0,132.0,124.0,94.0,59.0,55.0,55.0,55.0,87.0,122.0,135.0,141.0,154.0,163.0,156.0,147.0,140.0,131.0,123.0,120.0,115.0,108.0,105.0,109.0,122.0,139.0,150.0,153.0,151.0,144.0,135.0,129.0,126.0,126.0,128.0,127.0,127.0,129.0,134.0,139.0,142.0,143.0,144.0,161.0,133.0,93.0,115.0,136.0,139.0,108.0,107.0,106.0,129.0,133.0,132.0,129.0,127.0,135.0,151.0,149.0,129.0,118.0,107.0,91.0,95.0,123.0,144.0,146.0,149.0,147.0,134.0,123.0,123.0,126.0,130.0,138.0,139.0,128.0,109.0,93.0,90.0,103.0,127.0,149.0,162.0,165.0,157.0,144.0,132.0,125.0,121.0,120.0,120.0,-0.5408048266574808,-0.841148107923909
199.0,122.0,149.0,83.0,88.0,55.0,55.0,55.0,55.0,62.0,161.0,205.0,205.0,184.0,137.0,95.0,55.0,55.0,55.0,55.0,103.0,165.0,201.0,205.0,192.0,160.0,123.0,99.0,88.0,92.0,104.0,120.0,134.0,143.0,143.0,136.0,129.0,125.0,123.0,122.0,122.0,123.0,130.0,136.0,141.0,140.0,139.0,141.0,145.0,147.0,155.0,148.0,122.0,117.0,115.0,145.0,123.0,100.0,106.0,128.0,155.0,149.0,129.0,112.0,110.0,107.0,112.0,105.0,88.0,85.0,108.0,142.0,178.0,205.0,205.0,163.0,112.0,78.0,62.0,64.0,87.0,119.0,148.0,175.0,194.0,201.0,192.0,170.0,141.0,115.0,101.0,99.0,111.0,112.0,109.0,100.0,96.0,99.0,106.0,117.0,-0.7558559630562868,-0.65473793468246
137.0,103.0,55.0,55.0,98.0,140.0,161.0,161.0,157.0,143.0,158.0,161.0,153.0,133.0,124.0,105.0,100.0,115.0,116.0,92.0,84.0,101.0,121.0,146.0,171.0,175.0,161.0,146.0,135.0,120.0,106.0,94.0,94.0,106.0,124.0,140.0,149.0,153.0,150.0,148.0,143.0,139.0,133.0,130.0,129.0,130.0,129.0,126.0,123.0,123.0,149.0,164.0,162.0,136.0,119.0,121.0,128.0,122.0,130.0,139.0,148.0,146.0,152.0,160.0,155.0,141.0,123.0,96.0,80.0,108.0,157.0,182.0,185.0,178.0,155.0,124.0,108.0,102.0,94.0,86.0,88.0,101.0,124.0,154.0,177.0,179.0,156.0,118.0,83.0,66.0,76.0,100.0,126.0,146.0,154.0,154.0,150.0,150.0,151.0,152.0,-0.9096859834050359,-0.41529677532628734
128.0,99.0,158.0,115.0,122.0,81.0,92.0,62.0,79.0,86.0,96.0,95.0,112.0,124.0,119.0,124.0,133.0,134.0,129.0,139.0,143.0,141.0,138.0,137.0,128.0,121.0,116.0,116.0,121.0,132.0,139.0,145.0,145.0,140.0,133.0,128.0,123.0,121.0,120.0,121.0,124.0,128.0,132.0,135.0,139.0,142.0,144.0,146.0,147.0,148.0,146.0,136.0,128.0,94.0,127.0,122.0,120.0,119.0,130.0,141.0,147.0,140.0,140.0,145.0,134.0,126.0,110.0,88.0,88.0,124.0,154.0,161.0,163.0,158.0,132.0,111.0,113.0,119.0,120.0,122.0,121.0,116.0,115.0,125.0,135.0,138.0,132.0,121.0,115.0,119.0,132.0,144.0,149.0,148.0,139.0,130.0,124.0,124.0,126.0,128.0,-0.989835310763072,-0.14221834469073483
92.0,55.0,55.0,55.0,55.0,56.0,87.0,123.0,170.0,203.0,176.0,123.0,92.0,66.0,55.0,55.0,55.0,56.0,60.0,152.0,200.0,205.0,199.0,173.0,144.0,120.0,104.0,92.0,85.0,87.0,101.0,122.0,140.0,150.0,152.0,150.0,147.0,141.0,135.0,130.0,128.0,131.0,135.0,138.0,140.0,141.0,141.0,143.0,145.0,145.0,113.0,159.0,93.0,106.0,111.0,156.0,138.0,138.0,135.0,120.0,113.0,100.0,102.0,100.0,100.0,95.0,120.0,149.0,188.0,205.0,205.0,151.0,101.0,74.0,60.0,66.0,99.0,131.0,148.0,169.0,188.0,195.0,188.0,174.0,149.0,118.0,93.0,84.0,88.0,98.0,107.0,106.0,100.0,97.0,103.0,116.0,133.0,147.0,153.0,152.0,-0.9898121907335949,0.1423791665770012
122.0,119.0,139.0,114.0,151.0,141.0,166.0,157.0,172.0,125.0,110.0,106.0,114.0,93.0,100.0,119.0,127.0,139.0,168.0,179.0,157.0,135.0,121.0,108.0,101.0,107.0,113.0,117.0,123.0,133.0,142.0,148.0,144.0,137.0,129.0,124.0,119.0,120.0,122.0,124.0,125.0,126.0,125.0,125.0,124.0,123.0,124.0,124.0,124.0,123.0,133.0,143.0,137.0,138.0,134.0,146.0,153.0,148.0,143.0,131.0,125.0,129.0,122.0,107.0,112.0,135.0,156.0,175.0,187.0,171.0,132.0,97.0,76.0,64.0,66.0,87.0,118.0,150.0,179.0,194.0,187.0,159.0,122.0,91.0,75.0,78.0,96.0,119.0,140.0,150.0,151.0,146.0,145.0,145.0,147.0,147.0,145.0,139.0,133.0,127.0,-0.909618495940588,0.4154445713242411
169.0,66.0,97.0,55.0,98.0,79.0,108.0,82.0,110.0,131.0,145.0,123.0,114.0,112.0,106.0,120.0,144.0,160.0,146.0,151.0,165.0,161.0,137.0,122.0,108.0,98.0,106.0,127.0,137.0,142.0,141.0,143.0,143.0,142.0,132.0,123.0,117.0,115.0,119.0,126.0,132.0,135.0,140.0,145.0,153.0,156.0,154.0,146.0,143.0,143.0,161.0,119.0,90.0,100.0,146.0,148.0,136.0,123.0,130.0,132.0,126.0,115.0,113.0,107.0,105.0,116.0,129.0,139.0,159.0,169.0,143.0,111.0,94.0,86.0,82.0,102.0,128.0,141.0,141.0,143.0,143.0,145.0,155.0,163.0,153.0,128.0,103.0,91.0,99.0,124.0,149.0,161.0,158.0,145.0,129.0,120.0,118.0,121.0,124.0,125.0,-0.7557495743542633,0.6548607339452792
