Feat_1,Feat_2,Feat_3,Feat_4,Feat_5,Feat_6,Feat_7,Feat_8,Feat_9,Feat_10,Feat_11,Feat_12,Feat_13,Feat_14,Feat_15,Feat_16,Feat_17,Feat_18,Feat_19,Feat_20,Feat_21,Feat_22,Feat_23,Feat_24,Feat_25,Feat_26,Feat_27,Feat_28,Feat_29,Feat_30,Feat_31,Feat_32,Feat_33,Feat_34,Feat_35,Feat_36,Feat_37,Feat_38,Feat_39,Feat_40,Feat_41,Feat_42,Feat_43,Feat_44,Feat_45,Feat_46,Feat_47,Feat_48,Feat_49,Feat_50,Feat_51,Feat_52,Feat_53,Feat_54,Feat_55,Feat_56,Feat_57,Feat_58,Feat_59,Feat_60,Feat_61,Feat_62,Feat_63,Feat_64,Feat_65,Feat_66,Feat_67,Feat_68,Feat_69,Feat_70,Feat_71,Feat_72,Feat_73,Feat_74,Feat_75,Feat_76,Feat_77,Feat_78,Feat_79,Feat_80,Feat_81,Feat_82,Feat_83,Feat_84,Feat_85,Feat_86,Feat_87,Feat_88,Feat_89,Feat_90,Feat_91,Feat_92,Feat_93,Feat_94,Feat_95,Feat_96,Feat_97,Feat_98,Feat_99,Feat_100,Label_Sin,Label_Cos
187.0,177.0,136.0,154.0,100.0,90.0,55.0,55.0,55.0,55.0,57.0,148.0,200.0,205.0,192.0,152.0,104.0,55.0,55.0,55.0,55.0,96.0,159.0,199.0,205.0,193.0,162.0,122.0,96.0,84.0,87.0,101.0,121.0,136.0,144.0,143.0,135.0,125.0,121.0,119.0,120.0,122.0,124.0,127.0,132.0,136.0,140.0,143.0,144.0,143.0,143.0,141.0,146.0,148.0,151.0,146.0,112.0,88.0,104.0,131.0,156.0,157.0,137.0,124.0,143.0,162.0,159.0,127.0,82.0,55.0,55.0,108.0,176.0,205.0,205.0,203.0,152.0,123.0,106.0,86.0,61.0,55.0,55.0,94.0,163.0,205.0,205.0,205.0,154.0,97.0,65.0,67.0,93.0,122.0,139.0,137.0,124.0,115.0,117.0,130.0,0.9749279121818224,-0.22252093395631975
108.0,55.0,101.0,130.0,158.0,166.0,161.0,153.0,159.0,180.0,165.0,144.0,119.0,115.0,88.0,98.0,114.0,118.0,121.0,150.0,166.0,161.0,159.0,155.0,131.0,110.0,103.0,99.0,99.0,108.0,123.0,136.0,148.0,149.0,145.0,138.0,131.0,126.0,129.0,131.0,132.0,133.0,135.0,135.0,133.0,128.0,125.0,124.0,124.0,124.0,95.0,151.0,148.0,125.0,96.0,97.0,114.0,133.0,141.0,133.0,126.0,121.0,134.0,147.0,146.0,119.0,87.0,57.0,55.0,85.0,145.0,183.0,196.0,187.0,161.0,135.0,123.0,117.0,108.0,96.0,88.0,87.0,96.0,121.0,153.0,180.0,193.0,188.0,167.0,142.0,124.0,114.0,108.0,102.0,95.0,91.0,93.0,100.0,110.0,119.0,0.8660254037844358,-0.5000000000000048
156.0,140.0,86.0,133.0,103.0,152.0,104.0,113.0,64.0,67.0,56.0,100.0,94.0,110.0,120.0,136.0,126.0,121.0,119.0,103.0,96.0,114.0,143.0,150.0,159.0,160.0,153.0,139.0,131.0,119.0,112.0,110.0,118.0,131.0,144.0,148.0,145.0,139.0,133.0,126.0,123.0,121.0,122.0,124.0,130.0,134.0,139.0,141.0,143.0,146.0,147.0,116.0,108.0,130.0,140.0,130.0,106.0,93.0,94.0,103.0,115.0,122.0,128.0,138.0,151.0,156.0,147.0,123.0,90.0,64.0,56.0,74.0,115.0,166.0,205.0,205.0,205.0,205.0,136.0,71.0,55.0,55.0,55.0,100.0,178.0,205.0,205.0,178.0,143.0,116.0,101.0,98.0,101.0,105.0,106.0,105.0,104.0,106.0,112.0,120.0,0.6801727377709155,-0.73305187182983
154.0,104.0,55.0,55.0,55.0,55.0,55.0,122.0,174.0,174.0,153.0,133.0,116.0,79.0,57.0,55.0,55.0,55.0,92.0,177.0,205.0,205.0,190.0,156.0,127.0,108.0,96.0,88.0,90.0,99.0,117.0,135.0,145.0,149.0,147.0,142.0,134.0,127.0,122.0,120.0,121.0,127.0,131.0,134.0,136.0,139.0,143.0,145.0,144.0,137.0,167.0,143.0,130.0,102.0,89.0,116.0,137.0,150.0,144.0,130.0,132.0,152.0,163.0,148.0,111.0,67.0,55.0,55.0,128.0,190.0,205.0,205.0,181.0,141.0,116.0,99.0,77.0,55.0,55.0,55.0,112.0,186.0,205.0,205.0,205.0,129.0,80.0,62.0,74.0,102.0,127.0,138.0,132.0,119.0,114.0,120.0,134.0,146.0,149.0,144.0,0.4338837391175538,-0.9009688679024213
197.0,171.0,113.0,111.0,128.0,131.0,136.0,153.0,148.0,164.0,166.0,165.0,121.0,108.0,110.0,107.0,90.0,105.0,123.0,131.0,153.0,186.0,186.0,156.0,132.0,116.0,99.0,95.0,103.0,110.0,116.0,127.0,142.0,151.0,155.0,147.0,136.0,126.0,119.0,115.0,118.0,120.0,123.0,126.0,127.0,127.0,126.0,125.0,124.0,125.0,145.0,124.0,82.0,126.0,124.0,117.0,120.0,135.0,142.0,143.0,138.0,135.0,144.0,125.0,96.0,64.0,56.0,78.0,137.0,183.0,202.0,198.0,175.0,137.0,114.0,112.0,108.0,95.0,83.0,80.0,91.0,126.0,174.0,205.0,205.0,185.0,142.0,109.0,99.0,109.0,123.0,126.0,118.0,103.0,94.0,96.0,108.0,120.0,131.0,137.0,0.149042266176169,-0.9888308262251294
56.0,103.0,55.0,100.0,77.0,116.0,77.0,112.0,123.0,144.0,122.0,115.0,118.0,108.0,118.0,141.0,162.0,148.0,151.0,154.0,146.0,125.0,122.0,113.0,106.0,113.0,134.0,143.0,145.0,141.0,138.0,135.0,133.0,126.0,121.0,118.0,120.0,124.0,130.0,135.0,137.0,142.0,146.0,150.0,150.0,149.0,151.0,148.0,144.0,138.0,124.0,90.0,71.0,110.0,124.0,119.0,106.0,112.0,129.0,132.0,130.0,115.0,113.0,103.0,94.0,83.0,93.0,111.0,138.0,156.0,163.0,162.0,161.0,154.0,130.0,97.0,63.0,55.0,55.0,124.0,200.0,205.0,205.0,205.0,132.0,69.0,55.0,55.0,91.0,149.0,173.0,164.0,136.0,109.0,96.0,98.0,107.0,116.0,121.0,122.0,-0.1490422661761793,-0.9888308262251279
190.0,124.0,72.0,55.0,92.0,156.0,158.0,117.0,86.0,89.0,81.0,82.0,80.0,72.0,68.0,105.0,157.0,187.0,189.0,176.0,151.0,126.0,112.0,104.0,97.0,95.0,102.0,118.0,136.0,148.0,151.0,149.0,142.0,134.0,126.0,119.0,116.0,115.0,118.0,122.0,127.0,129.0,132.0,135.0,139.0,142.0,143.0,144.0,143.0,145.0,108.0,55.0,103.0,122.0,142.0,109.0,114.0,128.0,146.0,143.0,118.0,102.0,93.0,102.0,112.0,132.0,142.0,149.0,153.0,153.0,146.0,136.0,114.0,80.0,55.0,55.0,55.0,124.0,203.0,205.0,205.0,205.0,205.0,57.0,55.0,55.0,55.0,71.0,167.0,201.0,201.0,180.0,154.0,137.0,129.0,124.0,121.0,116.0,114.0,113.0,-0.4338837391175628,-0.9009688679024169
112.0,133.0,132.0,170.0,171.0,158.0,103.0,87.0,105.0,103.0,96.0,109.0,135.0,137.0,154.0,165.0,141.0,93.0,78.0,87.0,98.0,116.0,140.0,150.0,153.0,154.0,153.0,140.0,123.0,106.0,102.0,109.0,122.0,132.0,139.0,142.0,138.0,134.0,128.0,124.0,118.0,116.0,116.0,121.0,125.0,127.0,125.0,122.0,123.0,127.0,189.0,113.0,110.0,116.0,160.0,127.0,141.0,142.0,132.0,127.0,113.0,112.0,112.0,112.0,88.0,88.0,97.0,129.0,166.0,185.0,162.0,133.0,114.0,105.0,110.0,130.0,136.0,117.0,96.0,88.0,99.0,132.0,179.0,205.0,205.0,190.0,156.0,127.0,112.0,110.0,107.0,99.0,88.0,82.0,84.0,97.0,113.0,127.0,135.0,138.0,-0.6801727377709234,-0.7330518718298227
138.0,138.0,89.0,109.0,68.0,95.0,96.0,103.0,105.0,135.0,152.0,156.0,169.0,173.0,151.0,121.0,136.0,156.0,162.0,166.0,174.0,152.0,123.0,110.0,108.0,99.0,99.0,108.0,123.0,138.0,154.0,162.0,158.0,144.0,122.0,107.0,99.0,102.0,110.0,124.0,136.0,145.0,150.0,152.0,152.0,149.0,146.0,146.0,145.0,142.0,89.0,57.0,95.0,101.0,132.0,111.0,120.0,127.0,131.0,118.0,101.0,84.0,77.0,88.0,99.0,118.0,137.0,155.0,164.0,169.0,159.0,131.0,91.0,57.0,55.0,55.0,66.0,173.0,205.0,205.0,205.0,205.0,131.0,55.0,55.0,55.0,55.0,114.0,185.0,201.0,185.0,154.0,121.0,103.0,95.0,96.0,101.0,106.0,109.0,111.0,-0.8660254037844415,-0.499999999999995
205.0,118.0,66.0,55.0,83.0,90.0,99.0,74.0,87.0,127.0,171.0,182.0,179.0,170.0,162.0,157.0,151.0,129.0,83.0,55.0,55.0,88.0,123.0,150.0,163.0,165.0,167.0,172.0,163.0,136.0,104.0,84.0,82.0,97.0,115.0,129.0,139.0,145.0,147.0,147.0,144.0,140.0,138.0,140.0,142.0,142.0,138.0,134.0,133.0,132.0,205.0,113.0,67.0,76.0,117.0,142.0,119.0,112.0,110.0,146.0,149.0,141.0,108.0,95.0,91.0,102.0,119.0,139.0,151.0,157.0,156.0,147.0,138.0,123.0,94.0,59.0,55.0,55.0,85.0,173.0,205.0,205.0,205.0,205.0,85.0,55.0,55.0,55.0,55.0,120.0,192.0,205.0,195.0,170.0,147.0,133.0,126.0,121.0,116.0,113.0,-0.9749279121818247,-0.22252093395630937
117.0,85.0,60.0,89.0,112.0,155.0,130.0,121.0,138.0,159.0,144.0,133.0,127.0,94.0,60.0,56.0,66.0,65.0,84.0,125.0,159.0,175.0,187.0,185.0,167.0,142.0,116.0,92.0,77.0,76.0,90.0,116.0,142.0,155.0,159.0,155.0,146.0,136.0,129.0,123.0,120.0,119.0,120.0,122.0,124.0,126.0,126.0,128.0,130.0,132.0,141.0,152.0,115.0,115.0,132.0,139.0,131.0,113.0,117.0,132.0,142.0,125.0,113.0,103.0,107.0,121.0,135.0,134.0,141.0,157.0,167.0,167.0,166.0,147.0,107.0,76.0,69.0,85.0,121.0,162.0,182.0,174.0,159.0,151.0,149.0,146.0,135.0,113.0,88.0,70.0,68.0,79.0,100.0,119.0,133.0,139.0,141.0,143.0,146.0,150.0,-0.9972037971811798,0.07473009358642968
108.0,66.0,55.0,68.0,110.0,109.0,127.0,144.0,186.0,167.0,173.0,175.0,180.0,153.0,145.0,123.0,81.0,55.0,60.0,84.0,102.0,127.0,151.0,167.0,179.0,186.0,173.0,144.0,108.0,82.0,73.0,84.0,102.0,123.0,139.0,150.0,152.0,152.0,148.0,143.0,139.0,137.0,136.0,134.0,132.0,128.0,126.0,124.0,123.0,121.0,85.0,124.0,120.0,131.0,126.0,127.0,112.0,102.0,86.0,81.0,87.0,98.0,117.0,137.0,155.0,164.0,169.0,160.0,132.0,92.0,57.0,55.0,55.0,65.0,171.0,205.0,205.0,205.0,205.0,139.0,55.0,55.0,55.0,55.0,112.0,184.0,201.0,187.0,155.0,122.0,103.0,95.0,96.0,101.0,105.0,108.0,111.0,113.0,116.0,119.0,-0.9308737486442021,0.36534102436640037
176.0,147.0,101.0,58.0,55.0,83.0,129.0,144.0,151.0,165.0,186.0,200.0,193.0,159.0,96.0,55.0,55.0,55.0,94.0,129.0,153.0,164.0,172.0,180.0,174.0,148.0,114.0,90.0,83.0,94.0,110.0,124.0,133.0,140.0,141.0,141.0,137.0,133.0,130.0,132.0,135.0,135.0,133.0,130.0,130.0,131.0,131.0,129.0,126.0,125.0,58.0,80.0,106.0,148.0,119.0,118.0,112.0,143.0,140.0,133.0,106.0,99.0,95.0,102.0,118.0,136.0,151.0,157.0,156.0,146.0,137.0,119.0,91.0,57.0,55.0,55.0,87.0,177.0,205.0,205.0,205.0,205.0,83.0,55.0,55.0,55.0,55.0,126.0,194.0,205.0,192.0,167.0,145.0,131.0,125.0,120.0,116.0,113.0,111.0,110.0,-0.7818314824680266,0.6234898018587376
152.0,109.0,55.0,65.0,120.0,172.0,156.0,148.0,152.0,140.0,102.0,72.0,55.0,55.0,55.0,71.0,153.0,182.0,198.0,197.0,178.0,151.0,121.0,91.0,73.0,72.0,89.0,115.0,138.0,151.0,155.0,152.0,144.0,134.0,126.0,120.0,118.0,119.0,121.0,122.0,124.0,126.0,128.0,131.0,133.0,134.0,134.0,135.0,137.0,138.0,162.0,114.0,109.0,121.0,150.0,131.0,125.0,110.0,127.0,140.0,133.0,116.0,107.0,104.0,113.0,132.0,134.0,138.0,153.0,166.0,166.0,166.0,155.0,120.0,85.0,73.0,81.0,106.0,145.0,175.0,182.0,171.0,158.0,148.0,141.0,133.0,119.0,99.0,80.0,73.0,79.0,93.0,113.0,128.0,136.0,140.0,143.0,144.0,148.0,152.0,-0.5633200580636175,0.8262387743159979
142.0,140.0,101.0,97.0,90.0,144.0,128.0,178.0,192.0,205.0,180.0,181.0,118.0,62.0,55.0,55.0,55.0,55.0,126.0,179.0,191.0,193.0,195.0,174.0,136.0,103.0,80.0,64.0,75.0,107.0,137.0,149.0,151.0,145.0,144.0,141.0,137.0,133.0,131.0,129.0,127.0,126.0,124.0,122.0,119.0,118.0,120.0,123.0,124.0,124.0,99.0,74.0,92.0,105.0,146.0,142.0,131.0,97.0,79.0,68.0,80.0,98.0,116.0,130.0,144.0,156.0,165.0,167.0,146.0,104.0,58.0,55.0,55.0,55.0,124.0,205.0,205.0,205.0,205.0,205.0,64.0,55.0,55.0,55.0,55.0,126.0,185.0,204.0,198.0,172.0,141.0,114.0,96.0,90.0,91.0,96.0,101.0,103.0,105.0,106.0,-0.29475517441089877,0.9555728057861425
146.0,171.0,80.0,123.0,123.0,190.0,184.0,186.0,143.0,104.0,71.0,72.0,82.0,95.0,136.0,171.0,205.0,205.0,205.0,166.0,115.0,72.0,55.0,55.0,78.0,105.0,138.0,168.0,187.0,183.0,162.0,132.0,109.0,100.0,103.0,111.0,118.0,125.0,129.0,134.0,135.0,134.0,130.0,128.0,128.0,129.0,129.0,127.0,125.0,125.0,116.0,115.0,151.0,146.0,133.0,100.0,88.0,89.0,110.0,131.0,144.0,152.0,152.0,152.0,148.0,136.0,105.0,64.0,55.0,55.0,55.0,116.0,205.0,205.0,205.0,205.0,205.0,56.0,55.0,55.0,55.0,55.0,123.0,203.0,205.0,205.0,204.0,161.0,130.0,109.0,99.0,97.0,101.0,104.0,103.0,100.0,99.0,102.0,111.0,122.0,-1.4146529809214938e-13,1.0
142.0,176.0,154.0,164.0,113.0,72.0,55.0,55.0,55.0,55.0,86.0,155.0,194.0,205.0,205.0,162.0,101.0,55.0,55.0,55.0,55.0,97.0,156.0,187.0,196.0,190.0,169.0,134.0,101.0,81.0,81.0,95.0,115.0,131.0,138.0,138.0,138.0,134.0,130.0,120.0,115.0,117.0,125.0,131.0,132.0,132.0,133.0,135.0,137.0,139.0,160.0,139.0,129.0,125.0,153.0,146.0,109.0,90.0,99.0,119.0,132.0,132.0,121.0,138.0,169.0,185.0,173.0,154.0,120.0,82.0,70.0,85.0,114.0,146.0,176.0,194.0,196.0,187.0,163.0,121.0,77.0,55.0,55.0,91.0,144.0,176.0,175.0,142.0,100.0,71.0,70.0,92.0,123.0,147.0,157.0,155.0,146.0,139.0,138.0,141.0,0.29475517441076454,0.9555728057861839
205.0,184.0,171.0,170.0,172.0,173.0,131.0,55.0,55.0,55.0,55.0,55.0,121.0,197.0,205.0,205.0,205.0,169.0,99.0,55.0,55.0,55.0,55.0,118.0,159.0,176.0,181.0,178.0,163.0,138.0,114.0,98.0,98.0,109.0,120.0,128.0,129.0,127.0,122.0,121.0,118.0,116.0,115.0,117.0,121.0,125.0,128.0,129.0,131.0,132.0,166.0,131.0,130.0,118.0,92.0,89.0,97.0,118.0,137.0,141.0,134.0,140.0,144.0,140.0,124.0,98.0,71.0,61.0,87.0,142.0,205.0,205.0,205.0,205.0,146.0,91.0,55.0,55.0,55.0,55.0,130.0,205.0,205.0,205.0,205.0,110.0,65.0,55.0,55.0,55.0,55.0,100.0,112.0,116.0,120.0,126.0,138.0,150.0,160.0,164.0,0.5633200580634957,0.826238774316081
204.0,205.0,170.0,112.0,67.0,58.0,74.0,85.0,109.0,148.0,193.0,205.0,205.0,180.0,105.0,55.0,55.0,55.0,55.0,90.0,149.0,184.0,205.0,205.0,186.0,140.0,92.0,67.0,70.0,92.0,119.0,137.0,145.0,148.0,146.0,140.0,132.0,124.0,121.0,122.0,124.0,124.0,122.0,121.0,122.0,124.0,127.0,127.0,126.0,126.0,117.0,100.0,107.0,101.0,101.0,131.0,152.0,154.0,151.0,121.0,111.0,105.0,93.0,67.0,62.0,74.0,108.0,162.0,205.0,205.0,205.0,204.0,122.0,57.0,55.0,55.0,55.0,55.0,120.0,205.0,205.0,205.0,205.0,205.0,82.0,55.0,55.0,55.0,87.0,128.0,138.0,129.0,114.0,105.0,110.0,124.0,137.0,146.0,149.0,145.0,0.7818314824679287,0.6234898018588604
179.0,100.0,55.0,55.0,55.0,104.0,129.0,143.0,166.0,175.0,163.0,131.0,94.0,59.0,55.0,69.0,100.0,133.0,165.0,182.0,184.0,173.0,149.0,116.0,90.0,81.0,90.0,110.0,131.0,143.0,145.0,142.0,136.0,132.0,127.0,123.0,121.0,123.0,127.0,129.0,131.0,131.0,132.0,134.0,136.0,137.0,137.0,136.0,136.0,135.0,113.0,117.0,113.0,106.0,111.0,118.0,128.0,129.0,115.0,108.0,125.0,141.0,141.0,136.0,130.0,121.0,119.0,126.0,125.0,114.0,105.0,111.0,127.0,147.0,161.0,150.0,111.0,77.0,77.0,118.0,180.0,205.0,205.0,139.0,62.0,55.0,55.0,55.0,140.0,187.0,197.0,177.0,145.0,123.0,117.0,126.0,134.0,132.0,120.0,107.0,0.9308737486441425,0.3653410243665523
110.0,55.0,55.0,55.0,104.0,95.0,124.0,154.0,202.0,197.0,192.0,162.0,110.0,59.0,55.0,55.0,55.0,55.0,58.0,140.0,205.0,205.0,205.0,205.0,161.0,112.0,75.0,55.0,55.0,55.0,59.0,138.0,176.0,195.0,187.0,165.0,143.0,128.0,119.0,116.0,117.0,120.0,127.0,132.0,133.0,131.0,132.0,134.0,136.0,138.0,124.0,149.0,127.0,147.0,134.0,126.0,106.0,108.0,106.0,107.0,102.0,106.0,139.0,179.0,205.0,205.0,205.0,168.0,126.0,88.0,58.0,55.0,55.0,85.0,159.0,205.0,205.0,205.0,205.0,122.0,55.0,55.0,55.0,58.0,126.0,132.0,109.0,77.0,60.0,69.0,101.0,140.0,169.0,181.0,180.0,173.0,167.0,163.0,156.0,149.0,0.997203797181167,0.07473009358659931
122.0,113.0,121.0,138.0,175.0,196.0,192.0,148.0,92.0,55.0,55.0,55.0,82.0,117.0,143.0,170.0,190.0,198.0,183.0,146.0,101.0,72.0,68.0,85.0,111.0,134.0,146.0,151.0,151.0,144.0,136.0,129.0,124.0,124.0,124.0,124.0,122.0,121.0,121.0,123.0,124.0,124.0,123.0,124.0,126.0,128.0,129.0,129.0,129.0,130.0,108.0,113.0,138.0,133.0,117.0,83.0,73.0,87.0,110.0,128.0,150.0,166.0,180.0,190.0,177.0,132.0,81.0,55.0,55.0,55.0,55.0,137.0,205.0,205.0,205.0,205.0,205.0,57.0,55.0,55.0,55.0,55.0,80.0,150.0,174.0,177.0,166.0,154.0,143.0,133.0,125.0,120.0,121.0,122.0,121.0,116.0,109.0,105.0,108.0,117.0,0.9749279121818641,-0.2225209339561368
174.0,107.0,135.0,123.0,143.0,117.0,103.0,69.0,56.0,58.0,96.0,140.0,158.0,183.0,172.0,156.0,121.0,88.0,56.0,55.0,56.0,96.0,138.0,176.0,192.0,192.0,179.0,150.0,116.0,93.0,84.0,90.0,108.0,127.0,140.0,146.0,147.0,142.0,137.0,131.0,126.0,124.0,125.0,126.0,129.0,130.0,131.0,133.0,135.0,136.0,143.0,146.0,129.0,105.0,104.0,117.0,130.0,131.0,122.0,109.0,107.0,133.0,166.0,180.0,158.0,115.0,81.0,73.0,94.0,122.0,131.0,123.0,119.0,138.0,177.0,205.0,205.0,166.0,91.0,55.0,55.0,55.0,87.0,166.0,191.0,183.0,154.0,124.0,113.0,120.0,135.0,143.0,136.0,120.0,109.0,108.0,116.0,125.0,127.0,122.0,0.8660254037845332,-0.49999999999983635
55.0,76.0,147.0,153.0,183.0,161.0,152.0,100.0,90.0,55.0,55.0,55.0,55.0,71.0,173.0,205.0,205.0,170.0,150.0,128.0,105.0,95.0,87.0,84.0,106.0,142.0,164.0,168.0,156.0,136.0,121.0,121.0,123.0,129.0,132.0,133.0,132.0,132.0,127.0,124.0,123.0,127.0,131.0,133.0,134.0,136.0,138.0,142.0,145.0,145.0,117.0,105.0,113.0,124.0,108.0,85.0,95.0,111.0,151.0,169.0,174.0,169.0,170.0,161.0,148.0,114.0,61.0,55.0,55.0,55.0,114.0,205.0,205.0,205.0,184.0,82.0,55.0,74.0,129.0,164.0,150.0,100.0,55.0,55.0,55.0,58.0,154.0,202.0,205.0,205.0,188.0,168.0,154.0,142.0,128.0,110.0,95.0,87.0,90.0,101.0,0.6801727377710626,-0.7330518718296934
188.0,205.0,169.0,178.0,131.0,138.0,79.0,63.0,55.0,55.0,94.0,139.0,158.0,177.0,193.0,205.0,199.0,162.0,118.0,72.0,55.0,55.0,93.0,112.0,129.0,145.0,156.0,164.0,173.0,169.0,150.0,124.0,102.0,91.0,96.0,109.0,121.0,129.0,134.0,135.0,134.0,133.0,130.0,128.0,129.0,130.0,132.0,131.0,131.0,130.0,151.0,103.0,108.0,112.0,121.0,111.0,116.0,137.0,131.0,137.0,124.0,128.0,117.0,108.0,92.0,92.0,87.0,94.0,116.0,143.0,164.0,183.0,189.0,165.0,122.0,84.0,56.0,55.0,55.0,123.0,182.0,205.0,205.0,189.0,134.0,96.0,89.0,109.0,138.0,154.0,148.0,128.0,107.0,93.0,89.0,95.0,107.0,116.0,122.0,125.0,0.43388373911774025,-0.9009688679023314
187.0,121.0,59.0,55.0,55.0,69.0,106.0,147.0,151.0,182.0,156.0,149.0,105.0,75.0,55.0,55.0,55.0,56.0,101.0,140.0,156.0,171.0,184.0,173.0,151.0,135.0,123.0,112.0,109.0,109.0,109.0,111.0,120.0,131.0,144.0,150.0,152.0,147.0,142.0,134.0,129.0,125.0,124.0,124.0,127.0,131.0,133.0,135.0,136.0,138.0,97.0,125.0,120.0,96.0,88.0,106.0,133.0,154.0,154.0,138.0,128.0,126.0,125.0,121.0,105.0,75.0,55.0,68.0,121.0,192.0,205.0,205.0,171.0,85.0,55.0,55.0,55.0,115.0,201.0,205.0,195.0,133.0,78.0,56.0,72.0,114.0,155.0,177.0,174.0,161.0,146.0,131.0,116.0,103.0,98.0,100.0,107.0,116.0,122.0,125.0,0.1490422661763811,-0.9888308262250974
110.0,111.0,82.0,105.0,153.0,125.0,123.0,68.0,55.0,55.0,55.0,82.0,137.0,169.0,191.0,163.0,144.0,111.0,69.0,56.0,56.0,67.0,104.0,160.0,200.0,205.0,195.0,163.0,122.0,97.0,85.0,88.0,100.0,119.0,134.0,147.0,150.0,147.0,139.0,135.0,132.0,131.0,130.0,132.0,133.0,136.0,139.0,141.0,143.0,144.0,173.0,141.0,114.0,133.0,148.0,151.0,150.0,135.0,129.0,122.0,116.0,120.0,130.0,127.0,118.0,110.0,105.0,119.0,151.0,163.0,142.0,112.0,94.0,95.0,126.0,172.0,192.0,167.0,110.0,55.0,55.0,55.0,100.0,201.0,205.0,205.0,205.0,144.0,101.0,87.0,94.0,106.0,114.0,111.0,106.0,106.0,112.0,121.0,129.0,137.0,-0.1490422661759615,-0.9888308262251606
158.0,56.0,58.0,73.0,154.0,139.0,183.0,144.0,162.0,153.0,183.0,155.0,140.0,119.0,97.0,84.0,106.0,130.0,119.0,122.0,142.0,154.0,151.0,160.0,152.0,130.0,114.0,110.0,102.0,102.0,109.0,123.0,135.0,146.0,145.0,141.0,135.0,132.0,131.0,134.0,134.0,133.0,133.0,133.0,133.0,131.0,127.0,124.0,123.0,124.0,123.0,105.0,128.0,155.0,150.0,124.0,122.0,125.0,126.0,112.0,96.0,89.0,93.0,111.0,136.0,158.0,172.0,186.0,185.0,157.0,118.0,92.0,59.0,55.0,82.0,146.0,200.0,205.0,205.0,145.0,99.0,92.0,121.0,161.0,180.0,165.0,123.0,85.0,67.0,68.0,81.0,100.0,119.0,131.0,135.0,137.0,139.0,146.0,152.0,151.0,-0.43388373911735556,-0.9009688679025167
186.0,160.0,117.0,99.0,87.0,144.0,115.0,117.0,67.0,61.0,55.0,93.0,92.0,105.0,108.0,134.0,129.0,125.0,120.0,106.0,87.0,95.0,122.0,140.0,154.0,163.0,162.0,149.0,140.0,127.0,116.0,108.0,109.0,117.0,132.0,142.0,145.0,143.0,139.0,132.0,126.0,123.0,122.0,122.0,127.0,131.0,137.0,139.0,142.0,144.0,130.0,116.0,125.0,125.0,128.0,114.0,108.0,99.0,99.0,110.0,126.0,135.0,142.0,147.0,146.0,144.0,133.0,112.0,88.0,74.0,78.0,103.0,149.0,194.0,205.0,205.0,172.0,115.0,68.0,55.0,70.0,110.0,149.0,169.0,165.0,145.0,124.0,112.0,108.0,111.0,115.0,118.0,120.0,121.0,121.0,123.0,126.0,127.0,127.0,127.0,-0.6801727377707515,-0.7330518718299821
157.0,111.0,56.0,55.0,55.0,55.0,95.0,159.0,177.0,157.0,136.0,131.0,101.0,66.0,55.0,55.0,55.0,55.0,147.0,197.0,205.0,201.0,173.0,139.0,116.0,101.0,92.0,88.0,93.0,107.0,127.0,141.0,148.0,149.0,145.0,138.0,130.0,124.0,120.0,120.0,122.0,128.0,135.0,139.0,139.0,138.0,139.0,143.0,145.0,144.0,117.0,113.0,124.0,136.0,133.0,129.0,140.0,146.0,148.0,136.0,109.0,92.0,100.0,109.0,113.0,126.0,142.0,156.0,178.0,198.0,189.0,143.0,82.0,55.0,55.0,55.0,87.0,190.0,205.0,205.0,201.0,135.0,98.0,88.0,98.0,113.0,123.0,122.0,115.0,112.0,115.0,121.0,128.0,133.0,133.0,133.0,135.0,140.0,143.0,143.0,-0.8660254037843207,-0.5000000000002043
129.0,143.0,110.0,120.0,134.0,121.0,156.0,146.0,165.0,160.0,169.0,119.0,109.0,106.0,110.0,89.0,104.0,123.0,129.0,143.0,174.0,179.0,156.0,133.0,116.0,98.0,95.0,110.0,118.0,121.0,124.0,135.0,143.0,148.0,143.0,136.0,128.0,122.0,117.0,119.0,122.0,124.0,125.0,125.0,125.0,125.0,124.0,123.0,124.0,124.0,128.0,111.0,112.0,108.0,102.0,98.0,104.0,143.0,150.0,142.0,116.0,118.0,138.0,160.0,160.0,135.0,92.0,69.0,89.0,138.0,175.0,180.0,150.0,101.0,71.0,87.0,134.0,175.0,192.0,178.0,143.0,109.0,88.0,78.0,74.0,76.0,86.0,105.0,133.0,163.0,184.0,190.0,178.0,154.0,128.0,112.0,111.0,118.0,123.0,122.0,-0.974927912181769,-0.22252093395655356
127.0,55.0,72.0,69.0,92.0,101.0,96.0,97.0,124.0,144.0,128.0,120.0,114.0,113.0,107.0,134.0,154.0,152.0,150.0,170.0,173.0,150.0,126.0,110.0,92.0,93.0,112.0,131.0,138.0,143.0,145.0,144.0,143.0,136.0,126.0,116.0,112.0,113.0,120.0,128.0,134.0,141.0,147.0,151.0,151.0,150.0,148.0,147.0,146.0,144.0,108.0,111.0,130.0,136.0,137.0,123.0,105.0,100.0,99.0,103.0,105.0,114.0,121.0,137.0,152.0,159.0,150.0,129.0,101.0,75.0,60.0,66.0,97.0,143.0,191.0,205.0,205.0,205.0,161.0,94.0,55.0,55.0,55.0,72.0,161.0,199.0,205.0,183.0,151.0,122.0,104.0,99.0,100.0,105.0,108.0,107.0,106.0,107.0,111.0,118.0,-0.9972037971811987,0.07473009358617637
150.0,118.0,61.0,55.0,69.0,112.0,122.0,135.0,113.0,114.0,127.0,153.0,144.0,137.0,138.0,154.0,166.0,172.0,159.0,118.0,72.0,59.0,82.0,108.0,133.0,152.0,160.0,162.0,169.0,166.0,145.0,115.0,90.0,82.0,92.0,114.0,135.0,149.0,154.0,152.0,151.0,151.0,151.0,148.0,147.0,145.0,143.0,139.0,136.0,135.0,86.0,91.0,125.0,128.0,145.0,142.0,157.0,126.0,107.0,81.0,96.0,102.0,115.0,124.0,137.0,154.0,184.0,204.0,186.0,124.0,55.0,55.0,55.0,55.0,86.0,205.0,205.0,205.0,203.0,147.0,122.0,109.0,94.0,74.0,58.0,63.0,96.0,144.0,182.0,194.0,177.0,145.0,116.0,102.0,108.0,122.0,133.0,132.0,120.0,107.0,-0.9308737486442976,0.3653410243661573
184.0,118.0,122.0,122.0,132.0,110.0,108.0,71.0,70.0,98.0,143.0,144.0,157.0,169.0,148.0,96.0,66.0,56.0,55.0,55.0,97.0,143.0,169.0,188.0,195.0,181.0,155.0,125.0,100.0,83.0,80.0,90.0,113.0,137.0,152.0,155.0,151.0,142.0,130.0,122.0,116.0,113.0,113.0,114.0,118.0,121.0,124.0,126.0,129.0,131.0,82.0,97.0,128.0,163.0,138.0,102.0,100.0,107.0,128.0,129.0,134.0,128.0,132.0,131.0,142.0,145.0,134.0,107.0,76.0,56.0,56.0,109.0,161.0,190.0,194.0,179.0,151.0,130.0,122.0,116.0,106.0,97.0,90.0,90.0,102.0,129.0,161.0,186.0,196.0,186.0,163.0,139.0,122.0,112.0,106.0,99.0,93.0,91.0,95.0,103.0,-0.7818314824681933,0.6234898018585285
205.0,173.0,75.0,71.0,64.0,84.0,98.0,103.0,106.0,133.0,180.0,183.0,170.0,167.0,181.0,164.0,148.0,133.0,102.0,63.0,57.0,79.0,101.0,122.0,145.0,161.0,170.0,178.0,174.0,153.0,120.0,91.0,77.0,84.0,100.0,118.0,134.0,145.0,150.0,150.0,147.0,143.0,140.0,138.0,138.0,137.0,135.0,131.0,127.0,126.0,106.0,115.0,134.0,137.0,118.0,100.0,91.0,98.0,108.0,119.0,125.0,135.0,148.0,156.0,152.0,133.0,103.0,73.0,57.0,63.0,97.0,146.0,195.0,205.0,205.0,205.0,162.0,96.0,55.0,55.0,55.0,65.0,157.0,200.0,205.0,190.0,157.0,125.0,105.0,98.0,99.0,103.0,106.0,105.0,104.0,105.0,110.0,117.0,126.0,131.0,-0.5633200580638443,0.8262387743158434
60.0,78.0,80.0,81.0,80.0,104.0,146.0,170.0,179.0,173.0,173.0,161.0,154.0,139.0,112.0,66.0,55.0,57.0,100.0,129.0,152.0,163.0,164.0,169.0,171.0,156.0,125.0,95.0,80.0,84.0,102.0,119.0,132.0,140.0,145.0,147.0,146.0,143.0,138.0,138.0,139.0,141.0,140.0,136.0,133.0,132.0,131.0,130.0,128.0,125.0,143.0,147.0,122.0,100.0,97.0,118.0,144.0,158.0,146.0,127.0,133.0,155.0,164.0,143.0,102.0,58.0,55.0,75.0,150.0,204.0,205.0,205.0,168.0,132.0,111.0,92.0,69.0,55.0,55.0,76.0,132.0,194.0,205.0,205.0,186.0,121.0,74.0,67.0,80.0,106.0,129.0,139.0,133.0,121.0,115.0,122.0,136.0,148.0,149.0,144.0,-0.294755174411167,0.9555728057860596
111.0,78.0,87.0,142.0,156.0,164.0,163.0,148.0,107.0,75.0,56.0,55.0,55.0,55.0,138.0,172.0,194.0,199.0,185.0,158.0,131.0,103.0,83.0,72.0,79.0,101.0,130.0,150.0,156.0,154.0,146.0,136.0,127.0,122.0,120.0,120.0,121.0,122.0,123.0,125.0,127.0,129.0,132.0,133.0,134.0,135.0,136.0,138.0,139.0,139.0,184.0,163.0,120.0,80.0,114.0,120.0,120.0,129.0,142.0,140.0,136.0,131.0,136.0,147.0,133.0,100.0,61.0,55.0,55.0,134.0,188.0,205.0,196.0,168.0,130.0,115.0,118.0,114.0,95.0,78.0,75.0,90.0,128.0,177.0,205.0,205.0,181.0,138.0,107.0,100.0,112.0,127.0,130.0,120.0,105.0,94.0,94.0,105.0,118.0,129.0,-2.8446202366386954e-13,1.0
118.0,122.0,114.0,120.0,130.0,164.0,205.0,205.0,204.0,173.0,133.0,60.0,55.0,55.0,55.0,55.0,129.0,201.0,205.0,205.0,205.0,176.0,124.0,83.0,56.0,55.0,55.0,94.0,139.0,173.0,183.0,172.0,153.0,136.0,124.0,120.0,119.0,121.0,122.0,126.0,127.0,127.0,124.0,122.0,122.0,123.0,124.0,125.0,125.0,126.0,69.0,76.0,89.0,127.0,116.0,118.0,107.0,132.0,126.0,125.0,109.0,102.0,90.0,85.0,88.0,101.0,126.0,147.0,162.0,163.0,162.0,152.0,131.0,98.0,64.0,55.0,55.0,103.0,181.0,205.0,205.0,205.0,205.0,85.0,55.0,55.0,55.0,101.0,170.0,185.0,167.0,134.0,108.0,97.0,99.0,106.0,112.0,115.0,116.0,119.0,0.2947551744106259,0.9555728057862266
131.0,154.0,144.0,116.0,110.0,131.0,170.0,186.0,191.0,160.0,113.0,70.0,67.0,78.0,94.0,124.0,161.0,195.0,205.0,205.0,199.0,136.0,88.0,56.0,55.0,63.0,92.0,124.0,157.0,180.0,184.0,170.0,144.0,119.0,105.0,103.0,106.0,113.0,119.0,124.0,130.0,134.0,133.0,130.0,128.0,128.0,129.0,129.0,127.0,125.0,120.0,99.0,123.0,140.0,164.0,152.0,132.0,111.0,121.0,130.0,127.0,104.0,80.0,72.0,96.0,151.0,198.0,205.0,185.0,138.0,99.0,89.0,97.0,100.0,84.0,64.0,60.0,94.0,162.0,205.0,205.0,205.0,205.0,105.0,60.0,55.0,78.0,111.0,132.0,132.0,120.0,110.0,113.0,127.0,143.0,151.0,147.0,137.0,131.0,133.0,0.5633200580633758,0.8262387743161627
102.0,55.0,81.0,143.0,172.0,130.0,81.0,65.0,60.0,75.0,101.0,124.0,136.0,167.0,187.0,178.0,139.0,94.0,57.0,55.0,55.0,101.0,138.0,170.0,189.0,190.0,179.0,152.0,115.0,88.0,79.0,89.0,109.0,130.0,143.0,148.0,147.0,143.0,138.0,133.0,129.0,128.0,132.0,135.0,137.0,136.0,136.0,137.0,139.0,140.0,125.0,117.0,93.0,147.0,137.0,137.0,129.0,137.0,135.0,126.0,113.0,108.0,111.0,98.0,90.0,90.0,108.0,142.0,178.0,179.0,153.0,126.0,109.0,99.0,112.0,130.0,128.0,110.0,95.0,96.0,117.0,162.0,205.0,205.0,205.0,169.0,124.0,99.0,98.0,111.0,120.0,117.0,107.0,95.0,92.0,100.0,113.0,125.0,132.0,135.0,0.78183148246784,0.6234898018589716
93.0,55.0,68.0,115.0,156.0,205.0,205.0,205.0,192.0,149.0,58.0,55.0,55.0,55.0,55.0,105.0,184.0,205.0,205.0,205.0,198.0,120.0,80.0,56.0,55.0,68.0,112.0,139.0,153.0,159.0,161.0,155.0,146.0,131.0,121.0,117.0,119.0,120.0,124.0,124.0,123.0,123.0,126.0,126.0,126.0,125.0,125.0,126.0,128.0,129.0,104.0,71.0,71.0,91.0,125.0,123.0,119.0,118.0,135.0,121.0,111.0,84.0,75.0,88.0,101.0,113.0,128.0,146.0,163.0,174.0,168.0,139.0,95.0,57.0,55.0,55.0,57.0,161.0,205.0,205.0,205.0,205.0,205.0,56.0,55.0,55.0,55.0,69.0,168.0,200.0,201.0,177.0,144.0,116.0,100.0,94.0,96.0,100.0,105.0,107.0,0.9308737486440906,0.36534102436668475
174.0,115.0,70.0,61.0,74.0,79.0,102.0,144.0,195.0,205.0,205.0,183.0,109.0,55.0,55.0,55.0,55.0,89.0,146.0,181.0,205.0,205.0,188.0,142.0,93.0,65.0,69.0,93.0,122.0,137.0,141.0,143.0,145.0,143.0,134.0,125.0,120.0,121.0,123.0,125.0,124.0,122.0,122.0,124.0,126.0,127.0,126.0,125.0,126.0,128.0,123.0,99.0,113.0,147.0,158.0,132.0,99.0,87.0,91.0,110.0,127.0,139.0,147.0,154.0,154.0,150.0,139.0,112.0,72.0,55.0,55.0,55.0,100.0,203.0,205.0,205.0,205.0,205.0,79.0,55.0,55.0,55.0,55.0,96.0,194.0,205.0,205.0,200.0,166.0,139.0,120.0,109.0,104.0,103.0,104.0,103.0,99.0,98.0,100.0,108.0,0.9972037971811564,0.07473009358674125
184.0,107.0,55.0,55.0,55.0,102.0,126.0,140.0,163.0,175.0,167.0,135.0,98.0,61.0,55.0,66.0,98.0,129.0,162.0,181.0,184.0,175.0,152.0,119.0,93.0,82.0,89.0,108.0,129.0,142.0,146.0,143.0,137.0,132.0,127.0,123.0,121.0,123.0,126.0,129.0,130.0,131.0,132.0,134.0,136.0,137.0,137.0,136.0,136.0,135.0,86.0,98.0,126.0,123.0,118.0,117.0,129.0,139.0,127.0,104.0,97.0,100.0,109.0,120.0,124.0,126.0,146.0,168.0,170.0,160.0,143.0,108.0,69.0,60.0,75.0,104.0,142.0,181.0,201.0,201.0,188.0,164.0,127.0,91.0,67.0,62.0,76.0,103.0,129.0,143.0,145.0,137.0,126.0,121.0,122.0,127.0,134.0,143.0,142.0,132.0,0.9749279121818964,-0.22252093395599526
178.0,165.0,88.0,84.0,55.0,55.0,55.0,55.0,58.0,151.0,184.0,193.0,205.0,189.0,135.0,71.0,55.0,55.0,55.0,55.0,57.0,130.0,203.0,205.0,205.0,205.0,169.0,131.0,97.0,71.0,58.0,65.0,92.0,125.0,151.0,165.0,165.0,155.0,144.0,132.0,124.0,119.0,116.0,117.0,121.0,126.0,128.0,130.0,132.0,134.0,84.0,121.0,117.0,151.0,131.0,143.0,109.0,101.0,74.0,85.0,94.0,118.0,134.0,147.0,160.0,171.0,174.0,153.0,111.0,60.0,55.0,55.0,55.0,120.0,205.0,205.0,205.0,205.0,205.0,74.0,55.0,55.0,55.0,55.0,110.0,194.0,205.0,205.0,185.0,137.0,96.0,74.0,72.0,82.0,95.0,106.0,110.0,109.0,110.0,115.0,0.8660254037846041,-0.4999999999997133
199.0,159.0,87.0,55.0,55.0,56.0,124.0,147.0,169.0,201.0,205.0,205.0,197.0,105.0,55.0,55.0,55.0,55.0,69.0,153.0,185.0,205.0,205.0,204.0,160.0,108.0,70.0,59.0,73.0,99.0,124.0,139.0,148.0,150.0,147.0,141.0,133.0,129.0,128.0,131.0,132.0,130.0,127.0,127.0,128.0,133.0,131.0,123.0,119.0,124.0,142.0,129.0,171.0,128.0,125.0,97.0,94.0,96.0,117.0,138.0,150.0,159.0,153.0,153.0,147.0,133.0,93.0,55.0,55.0,55.0,58.0,175.0,205.0,205.0,205.0,205.0,142.0,55.0,55.0,55.0,55.0,55.0,145.0,205.0,205.0,205.0,205.0,157.0,117.0,89.0,79.0,84.0,96.0,104.0,107.0,105.0,104.0,108.0,119.0,132.0,0.680172737771167,-0.7330518718295965
74.0,96.0,124.0,165.0,146.0,112.0,73.0,61.0,60.0,83.0,114.0,140.0,166.0,180.0,172.0,143.0,109.0,72.0,56.0,61.0,91.0,121.0,156.0,180.0,187.0,180.0,161.0,130.0,101.0,85.0,87.0,104.0,126.0,142.0,147.0,146.0,141.0,135.0,130.0,126.0,123.0,124.0,127.0,131.0,132.0,133.0,133.0,135.0,137.0,138.0,89.0,107.0,126.0,128.0,118.0,132.0,131.0,143.0,111.0,102.0,97.0,110.0,114.0,123.0,121.0,131.0,155.0,174.0,170.0,157.0,135.0,98.0,68.0,67.0,88.0,116.0,153.0,184.0,200.0,195.0,179.0,148.0,108.0,75.0,63.0,74.0,99.0,128.0,142.0,140.0,127.0,114.0,107.0,111.0,122.0,133.0,145.0,148.0,143.0,130.0,0.4338837391178711,-0.9009688679022684
134.0,137.0,63.0,56.0,55.0,149.0,169.0,152.0,157.0,149.0,140.0,101.0,74.0,55.0,55.0,55.0,61.0,150.0,205.0,205.0,201.0,179.0,158.0,124.0,98.0,78.0,66.0,77.0,112.0,146.0,162.0,165.0,154.0,142.0,134.0,130.0,126.0,125.0,123.0,123.0,124.0,124.0,123.0,125.0,129.0,133.0,136.0,137.0,138.0,139.0,181.0,165.0,145.0,127.0,124.0,114.0,86.0,69.0,87.0,120.0,147.0,159.0,159.0,167.0,176.0,167.0,124.0,69.0,55.0,55.0,55.0,124.0,205.0,205.0,205.0,205.0,205.0,93.0,55.0,55.0,55.0,55.0,70.0,192.0,205.0,205.0,205.0,148.0,85.0,55.0,55.0,55.0,77.0,109.0,121.0,121.0,119.0,122.0,132.0,146.0,0.14904226617652425,-0.9888308262250758
118.0,177.0,199.0,187.0,182.0,130.0,96.0,55.0,55.0,60.0,100.0,121.0,152.0,166.0,186.0,197.0,196.0,174.0,146.0,115.0,90.0,85.0,94.0,103.0,110.0,120.0,125.0,133.0,147.0,161.0,163.0,155.0,136.0,117.0,103.0,100.0,102.0,110.0,117.0,123.0,128.0,132.0,132.0,133.0,132.0,132.0,131.0,131.0,130.0,128.0,160.0,147.0,166.0,116.0,123.0,105.0,101.0,89.0,126.0,145.0,168.0,164.0,152.0,145.0,145.0,123.0,78.0,55.0,55.0,55.0,107.0,205.0,205.0,205.0,205.0,205.0,63.0,55.0,55.0,55.0,55.0,69.0,181.0,205.0,205.0,205.0,205.0,142.0,89.0,59.0,56.0,74.0,96.0,110.0,114.0,112.0,112.0,119.0,131.0,146.0,-0.1490422661758179,-0.9888308262251823
199.0,168.0,108.0,95.0,84.0,103.0,71.0,60.0,62.0,107.0,141.0,177.0,178.0,165.0,140.0,118.0,79.0,55.0,55.0,55.0,55.0,103.0,173.0,202.0,205.0,199.0,169.0,132.0,108.0,92.0,84.0,87.0,99.0,118.0,138.0,152.0,157.0,154.0,146.0,137.0,130.0,126.0,123.0,123.0,126.0,129.0,132.0,134.0,135.0,137.0,121.0,146.0,138.0,104.0,96.0,94.0,125.0,131.0,134.0,119.0,142.0,169.0,185.0,170.0,149.0,113.0,78.0,71.0,90.0,119.0,148.0,176.0,190.0,192.0,183.0,160.0,117.0,74.0,58.0,64.0,102.0,151.0,180.0,169.0,127.0,83.0,61.0,71.0,105.0,141.0,163.0,166.0,157.0,142.0,133.0,134.0,139.0,142.0,137.0,129.0,-0.4338837391172271,-0.9009688679025786
163.0,149.0,58.0,55.0,74.0,164.0,176.0,166.0,154.0,140.0,111.0,89.0,57.0,55.0,55.0,55.0,87.0,178.0,205.0,197.0,171.0,158.0,139.0,115.0,98.0,84.0,79.0,101.0,135.0,157.0,159.0,150.0,137.0,129.0,131.0,132.0,132.0,131.0,129.0,127.0,127.0,124.0,121.0,123.0,128.0,134.0,136.0,137.0,138.0,141.0,127.0,131.0,114.0,89.0,91.0,100.0,122.0,140.0,140.0,135.0,140.0,145.0,137.0,120.0,93.0,67.0,63.0,95.0,152.0,205.0,205.0,205.0,205.0,133.0,78.0,55.0,55.0,55.0,55.0,146.0,205.0,205.0,205.0,205.0,102.0,59.0,55.0,55.0,55.0,71.0,103.0,114.0,117.0,120.0,128.0,139.0,152.0,161.0,164.0,162.0,-0.6801727377706454,-0.7330518718300806
175.0,205.0,155.0,180.0,140.0,133.0,70.0,55.0,55.0,58.0,105.0,138.0,156.0,172.0,199.0,205.0,204.0,155.0,112.0,66.0,55.0,55.0,91.0,115.0,136.0,151.0,157.0,163.0,172.0,168.0,147.0,120.0,99.0,90.0,96.0,109.0,122.0,131.0,135.0,135.0,134.0,132.0,130.0,129.0,129.0,130.0,131.0,131.0,130.0,130.0,128.0,84.0,108.0,101.0,114.0,131.0,151.0,150.0,146.0,120.0,110.0,108.0,95.0,71.0,60.0,68.0,101.0,161.0,205.0,205.0,205.0,203.0,120.0,58.0,55.0,55.0,55.0,55.0,114.0,205.0,205.0,205.0,205.0,205.0,78.0,55.0,55.0,55.0,100.0,127.0,131.0,119.0,105.0,101.0,108.0,125.0,140.0,149.0,151.0,146.0,-0.8660254037842483,-0.5000000000003296
132.0,57.0,55.0,55.0,75.0,153.0,167.0,159.0,149.0,132.0,125.0,85.0,56.0,55.0,55.0,55.0,95.0,127.0,139.0,142.0,158.0,164.0,155.0,146.0,139.0,128.0,122.0,119.0,114.0,107.0,105.0,111.0,125.0,141.0,151.0,154.0,151.0,144.0,135.0,129.0,124.0,122.0,123.0,126.0,131.0,134.0,135.0,137.0,139.0,142.0,99.0,107.0,129.0,142.0,123.0,106.0,119.0,139.0,146.0,140.0,132.0,121.0,119.0,127.0,128.0,117.0,106.0,110.0,126.0,146.0,161.0,154.0,116.0,79.0,73.0,114.0,177.0,205.0,205.0,147.0,69.0,55.0,55.0,55.0,137.0,184.0,195.0,177.0,150.0,127.0,120.0,126.0,133.0,133.0,123.0,111.0,106.0,112.0,122.0,128.0,-0.9749279121817374,-0.22252093395669212
205.0,164.0,69.0,58.0,55.0,55.0,55.0,55.0,55.0,72.0,192.0,205.0,205.0,161.0,122.0,77.0,55.0,55.0,55.0,56.0,57.0,138.0,205.0,205.0,205.0,180.0,143.0,119.0,104.0,93.0,87.0,91.0,105.0,125.0,140.0,147.0,147.0,144.0,139.0,132.0,127.0,124.0,124.0,127.0,133.0,138.0,141.0,142.0,142.0,144.0,131.0,145.0,123.0,141.0,136.0,133.0,104.0,109.0,98.0,105.0,102.0,111.0,138.0,180.0,205.0,205.0,205.0,170.0,130.0,91.0,59.0,55.0,55.0,73.0,158.0,205.0,205.0,205.0,205.0,140.0,55.0,55.0,55.0,55.0,119.0,127.0,104.0,74.0,60.0,74.0,111.0,150.0,177.0,185.0,180.0,170.0,164.0,161.0,156.0,145.0,-0.9972037971812098,0.07473009358602846
156.0,111.0,153.0,105.0,140.0,106.0,130.0,131.0,170.0,154.0,170.0,154.0,130.0,102.0,107.0,106.0,93.0,107.0,135.0,150.0,149.0,157.0,146.0,127.0,119.0,117.0,107.0,106.0,116.0,132.0,142.0,143.0,133.0,128.0,125.0,126.0,126.0,129.0,128.0,126.0,127.0,128.0,129.0,127.0,125.0,123.0,122.0,123.0,123.0,123.0,126.0,112.0,113.0,120.0,143.0,129.0,110.0,77.0,74.0,91.0,113.0,131.0,151.0,167.0,181.0,190.0,175.0,128.0,75.0,55.0,55.0,55.0,55.0,143.0,205.0,205.0,205.0,205.0,205.0,55.0,55.0,55.0,55.0,55.0,92.0,153.0,176.0,178.0,167.0,151.0,138.0,129.0,125.0,121.0,120.0,123.0,122.0,116.0,108.0,105.0,-0.9308737486443495,0.365341024366025
104.0,154.0,151.0,114.0,82.0,65.0,67.0,83.0,111.0,99.0,111.0,120.0,136.0,118.0,113.0,107.0,103.0,115.0,158.0,190.0,189.0,172.0,151.0,125.0,105.0,96.0,91.0,91.0,105.0,133.0,161.0,175.0,169.0,150.0,128.0,114.0,105.0,105.0,109.0,117.0,125.0,134.0,140.0,142.0,143.0,145.0,148.0,150.0,149.0,147.0,144.0,129.0,106.0,104.0,117.0,130.0,132.0,123.0,109.0,106.0,131.0,165.0,181.0,163.0,121.0,81.0,65.0,83.0,118.0,137.0,134.0,126.0,134.0,166.0,203.0,205.0,174.0,100.0,55.0,55.0,55.0,68.0,162.0,192.0,186.0,157.0,126.0,112.0,119.0,135.0,143.0,137.0,121.0,108.0,107.0,116.0,125.0,127.0,123.0,118.0,-0.7818314824682853,0.6234898018584132
68.0,55.0,55.0,55.0,126.0,190.0,176.0,138.0,127.0,118.0,89.0,58.0,55.0,55.0,55.0,91.0,179.0,205.0,205.0,189.0,157.0,128.0,109.0,96.0,88.0,90.0,100.0,117.0,134.0,145.0,148.0,147.0,142.0,134.0,127.0,122.0,121.0,123.0,127.0,131.0,133.0,136.0,138.0,142.0,145.0,145.0,144.0,143.0,143.0,143.0,131.0,103.0,131.0,97.0,134.0,122.0,109.0,86.0,96.0,118.0,156.0,175.0,176.0,175.0,166.0,160.0,144.0,108.0,55.0,55.0,55.0,55.0,160.0,205.0,205.0,205.0,131.0,76.0,55.0,83.0,135.0,158.0,135.0,82.0,55.0,55.0,55.0,92.0,174.0,205.0,205.0,198.0,167.0,151.0,147.0,143.0,132.0,114.0,96.0,89.0,-0.5633200580639639,0.8262387743157618
170.0,138.0,98.0,124.0,150.0,178.0,175.0,146.0,100.0,89.0,112.0,106.0,94.0,107.0,134.0,141.0,154.0,163.0,137.0,93.0,81.0,93.0,104.0,120.0,140.0,149.0,150.0,152.0,150.0,137.0,120.0,106.0,104.0,113.0,126.0,134.0,139.0,141.0,137.0,132.0,127.0,123.0,119.0,118.0,120.0,122.0,123.0,122.0,123.0,125.0,103.0,89.0,93.0,91.0,95.0,112.0,135.0,150.0,143.0,146.0,146.0,142.0,121.0,93.0,56.0,55.0,55.0,78.0,168.0,205.0,205.0,205.0,167.0,98.0,55.0,55.0,55.0,55.0,136.0,189.0,205.0,205.0,158.0,108.0,80.0,82.0,109.0,145.0,167.0,168.0,150.0,125.0,102.0,91.0,92.0,100.0,110.0,118.0,123.0,125.0,-0.2947551744113087,0.955572805786016
66.0,95.0,88.0,104.0,107.0,137.0,137.0,126.0,113.0,119.0,114.0,111.0,135.0,152.0,149.0,152.0,173.0,174.0,152.0,131.0,113.0,93.0,96.0,114.0,128.0,132.0,136.0,142.0,147.0,148.0,140.0,128.0,117.0,112.0,113.0,120.0,126.0,132.0,137.0,146.0,154.0,157.0,153.0,146.0,143.0,145.0,145.0,143.0,139.0,134.0,93.0,124.0,119.0,112.0,114.0,132.0,140.0,148.0,141.0,126.0,110.0,99.0,91.0,93.0,101.0,103.0,110.0,128.0,156.0,185.0,195.0,164.0,106.0,55.0,55.0,55.0,64.0,167.0,205.0,205.0,205.0,144.0,90.0,67.0,81.0,119.0,157.0,176.0,170.0,149.0,126.0,111.0,104.0,101.0,102.0,104.0,110.0,117.0,122.0,126.0,-4.301232844946901e-13,1.0
82.0,102.0,104.0,69.0,55.0,83.0,103.0,114.0,131.0,117.0,116.0,124.0,148.0,143.0,137.0,136.0,151.0,162.0,169.0,160.0,126.0,81.0,63.0,79.0,103.0,127.0,147.0,155.0,158.0,164.0,165.0,148.0,120.0,96.0,86.0,93.0,110.0,127.0,139.0,148.0,152.0,154.0,152.0,149.0,145.0,145.0,145.0,144.0,141.0,136.0,141.0,155.0,152.0,118.0,136.0,143.0,148.0,140.0,139.0,133.0,130.0,119.0,116.0,124.0,124.0,120.0,112.0,106.0,112.0,143.0,164.0,148.0,116.0,92.0,88.0,116.0,165.0,194.0,176.0,122.0,63.0,55.0,55.0,72.0,184.0,205.0,205.0,205.0,157.0,108.0,88.0,91.0,103.0,112.0,112.0,107.0,106.0,111.0,121.0,129.0,0.2947551744104899,0.9555728057862686
147.0,96.0,79.0,97.0,92.0,85.0,101.0,128.0,137.0,157.0,174.0,145.0,91.0,62.0,55.0,55.0,55.0,100.0,143.0,168.0,187.0,193.0,177.0,151.0,122.0,98.0,82.0,80.0,91.0,114.0,137.0,151.0,154.0,149.0,139.0,128.0,120.0,115.0,112.0,112.0,113.0,116.0,120.0,123.0,126.0,128.0,131.0,132.0,134.0,136.0,141.0,124.0,120.0,107.0,147.0,152.0,139.0,120.0,123.0,129.0,124.0,108.0,91.0,89.0,95.0,117.0,141.0,161.0,175.0,188.0,181.0,148.0,110.0,78.0,55.0,55.0,99.0,159.0,203.0,205.0,188.0,134.0,95.0,95.0,129.0,167.0,180.0,159.0,117.0,78.0,61.0,65.0,85.0,109.0,126.0,132.0,132.0,134.0,139.0,148.0,0.563320058063256,0.8262387743162444
153.0,106.0,116.0,55.0,84.0,63.0,132.0,110.0,162.0,170.0,175.0,158.0,178.0,180.0,160.0,149.0,131.0,93.0,55.0,55.0,59.0,77.0,102.0,144.0,170.0,191.0,201.0,194.0,162.0,124.0,88.0,68.0,67.0,84.0,107.0,134.0,153.0,158.0,162.0,157.0,150.0,143.0,137.0,133.0,134.0,130.0,123.0,119.0,121.0,124.0,113.0,110.0,126.0,137.0,134.0,113.0,104.0,102.0,101.0,109.0,121.0,132.0,139.0,148.0,149.0,146.0,139.0,121.0,96.0,78.0,75.0,93.0,133.0,180.0,205.0,205.0,189.0,135.0,82.0,55.0,58.0,95.0,136.0,163.0,172.0,159.0,136.0,114.0,105.0,107.0,115.0,121.0,122.0,122.0,120.0,122.0,124.0,128.0,129.0,128.0,0.7818314824677495,0.6234898018590851
152.0,76.0,69.0,55.0,126.0,116.0,169.0,143.0,193.0,183.0,205.0,174.0,137.0,64.0,55.0,55.0,55.0,113.0,150.0,175.0,186.0,193.0,183.0,161.0,123.0,90.0,72.0,76.0,91.0,113.0,132.0,148.0,154.0,152.0,143.0,133.0,125.0,125.0,126.0,130.0,130.0,130.0,130.0,133.0,133.0,132.0,129.0,127.0,126.0,126.0,127.0,119.0,111.0,125.0,133.0,133.0,131.0,144.0,143.0,149.0,132.0,109.0,90.0,97.0,110.0,113.0,124.0,139.0,155.0,177.0,198.0,191.0,146.0,86.0,55.0,55.0,55.0,70.0,183.0,205.0,205.0,205.0,141.0,102.0,89.0,97.0,112.0,122.0,121.0,115.0,111.0,114.0,120.0,126.0,131.0,132.0,133.0,135.0,139.0,143.0,0.9308737486440365,0.3653410243668224
158.0,106.0,60.0,84.0,149.0,162.0,121.0,79.0,62.0,57.0,77.0,106.0,127.0,141.0,170.0,186.0,170.0,130.0,82.0,55.0,55.0,55.0,107.0,144.0,175.0,189.0,188.0,174.0,144.0,108.0,84.0,78.0,90.0,112.0,129.0,143.0,147.0,146.0,141.0,136.0,131.0,131.0,130.0,127.0,130.0,134.0,139.0,139.0,138.0,138.0,108.0,107.0,108.0,104.0,93.0,108.0,144.0,156.0,140.0,115.0,117.0,140.0,162.0,160.0,128.0,84.0,68.0,96.0,147.0,181.0,178.0,141.0,91.0,67.0,91.0,142.0,182.0,194.0,183.0,142.0,106.0,85.0,78.0,77.0,80.0,84.0,99.0,128.0,166.0,195.0,204.0,188.0,156.0,123.0,107.0,108.0,117.0,123.0,119.0,110.0,0.9972037971811456,0.07473009358688583
91.0,145.0,188.0,205.0,205.0,205.0,124.0,56.0,55.0,55.0,55.0,55.0,106.0,197.0,205.0,205.0,205.0,157.0,85.0,55.0,55.0,55.0,74.0,135.0,164.0,175.0,176.0,168.0,148.0,125.0,107.0,101.0,108.0,121.0,132.0,138.0,138.0,132.0,129.0,126.0,124.0,121.0,121.0,123.0,125.0,127.0,128.0,130.0,132.0,134.0,110.0,97.0,104.0,107.0,131.0,138.0,142.0,122.0,105.0,97.0,100.0,102.0,109.0,116.0,124.0,135.0,148.0,155.0,152.0,133.0,103.0,78.0,57.0,60.0,92.0,145.0,198.0,205.0,205.0,205.0,159.0,93.0,55.0,55.0,55.0,68.0,158.0,200.0,205.0,190.0,157.0,125.0,105.0,98.0,99.0,104.0,106.0,104.0,102.0,102.0,0.9749279121819281,-0.22252093395585648
144.0,193.0,187.0,165.0,105.0,69.0,56.0,71.0,85.0,116.0,163.0,202.0,205.0,205.0,162.0,95.0,55.0,55.0,55.0,55.0,102.0,155.0,190.0,205.0,205.0,178.0,128.0,84.0,65.0,74.0,96.0,122.0,138.0,145.0,147.0,145.0,138.0,130.0,123.0,120.0,122.0,124.0,123.0,120.0,118.0,122.0,128.0,131.0,127.0,122.0,158.0,148.0,147.0,148.0,125.0,102.0,103.0,119.0,142.0,153.0,145.0,130.0,137.0,156.0,163.0,141.0,101.0,59.0,55.0,77.0,149.0,204.0,205.0,205.0,169.0,133.0,112.0,95.0,71.0,55.0,55.0,59.0,134.0,199.0,205.0,205.0,183.0,119.0,74.0,61.0,80.0,110.0,134.0,140.0,130.0,117.0,114.0,124.0,139.0,149.0,0.8660254037846739,-0.4999999999995925
75.0,86.0,55.0,66.0,105.0,175.0,161.0,176.0,148.0,135.0,104.0,66.0,55.0,55.0,101.0,134.0,171.0,177.0,174.0,152.0,131.0,106.0,95.0,90.0,102.0,123.0,145.0,154.0,155.0,144.0,129.0,116.0,112.0,114.0,121.0,130.0,135.0,138.0,138.0,136.0,134.0,134.0,133.0,134.0,134.0,135.0,134.0,135.0,135.0,135.0,78.0,134.0,155.0,155.0,112.0,109.0,112.0,117.0,125.0,134.0,139.0,139.0,137.0,136.0,146.0,140.0,116.0,82.0,56.0,55.0,102.0,161.0,197.0,205.0,194.0,162.0,131.0,118.0,111.0,99.0,84.0,72.0,69.0,87.0,132.0,185.0,205.0,205.0,200.0,147.0,108.0,88.0,84.0,90.0,100.0,105.0,105.0,105.0,108.0,117.0,0.6801727377712712,-0.7330518718294998
97.0,55.0,55.0,55.0,110.0,91.0,144.0,181.0,199.0,189.0,178.0,146.0,88.0,55.0,55.0,55.0,55.0,55.0,76.0,197.0,205.0,205.0,205.0,193.0,140.0,96.0,64.0,55.0,55.0,55.0,107.0,156.0,186.0,192.0,178.0,155.0,136.0,123.0,118.0,116.0,118.0,123.0,130.0,133.0,132.0,131.0,132.0,135.0,137.0,138.0,130.0,61.0,86.0,97.0,138.0,110.0,114.0,111.0,130.0,129.0,125.0,112.0,106.0,96.0,85.0,86.0,99.0,124.0,146.0,161.0,162.0,161.0,156.0,141.0,110.0,76.0,55.0,55.0,87.0,165.0,205.0,205.0,205.0,205.0,100.0,55.0,55.0,55.0,123.0,165.0,175.0,155.0,125.0,102.0,95.0,100.0,110.0,117.0,119.0,121.0,0.43388373911799916,-0.9009688679022068
91.0,119.0,166.0,186.0,199.0,190.0,161.0,109.0,74.0,55.0,55.0,80.0,112.0,136.0,161.0,175.0,191.0,199.0,189.0,165.0,139.0,110.0,90.0,89.0,97.0,102.0,110.0,118.0,125.0,138.0,155.0,167.0,166.0,152.0,129.0,109.0,98.0,98.0,103.0,112.0,119.0,125.0,130.0,133.0,134.0,133.0,133.0,132.0,132.0,132.0,74.0,57.0,106.0,137.0,127.0,117.0,116.0,144.0,137.0,132.0,106.0,103.0,97.0,104.0,114.0,132.0,147.0,157.0,158.0,149.0,139.0,121.0,92.0,58.0,55.0,55.0,74.0,169.0,205.0,205.0,205.0,205.0,74.0,55.0,55.0,55.0,55.0,110.0,189.0,205.0,200.0,175.0,151.0,135.0,125.0,119.0,114.0,111.0,109.0,109.0,0.14904226617666258,-0.988830826225055
190.0,162.0,87.0,96.0,87.0,103.0,65.0,60.0,72.0,116.0,153.0,183.0,180.0,157.0,132.0,101.0,65.0,55.0,55.0,55.0,56.0,137.0,187.0,205.0,205.0,190.0,155.0,121.0,100.0,86.0,85.0,95.0,111.0,127.0,141.0,150.0,156.0,154.0,146.0,135.0,127.0,124.0,122.0,124.0,127.0,131.0,133.0,134.0,135.0,137.0,94.0,111.0,139.0,146.0,120.0,121.0,131.0,128.0,127.0,113.0,122.0,135.0,141.0,119.0,108.0,97.0,104.0,124.0,138.0,135.0,143.0,158.0,165.0,165.0,165.0,142.0,102.0,75.0,71.0,89.0,122.0,160.0,178.0,175.0,162.0,153.0,147.0,142.0,131.0,109.0,85.0,69.0,68.0,80.0,101.0,122.0,134.0,140.0,142.0,143.0,-0.14904226617567692,-0.9888308262252036
193.0,137.0,145.0,126.0,113.0,117.0,122.0,96.0,60.0,55.0,55.0,55.0,55.0,125.0,160.0,200.0,201.0,166.0,124.0,102.0,71.0,59.0,73.0,91.0,111.0,151.0,187.0,197.0,187.0,160.0,126.0,101.0,94.0,98.0,112.0,126.0,135.0,138.0,136.0,129.0,123.0,121.0,120.0,122.0,124.0,131.0,138.0,142.0,140.0,139.0,69.0,63.0,86.0,124.0,125.0,120.0,118.0,132.0,121.0,103.0,73.0,70.0,84.0,109.0,127.0,141.0,152.0,161.0,168.0,159.0,125.0,76.0,55.0,55.0,55.0,74.0,200.0,205.0,205.0,205.0,205.0,101.0,55.0,55.0,55.0,55.0,98.0,174.0,201.0,201.0,178.0,147.0,118.0,100.0,92.0,92.0,97.0,101.0,105.0,106.0,-0.43388373911709904,-0.9009688679026402
205.0,205.0,154.0,159.0,119.0,74.0,55.0,55.0,76.0,115.0,155.0,167.0,185.0,194.0,205.0,178.0,140.0,101.0,73.0,69.0,106.0,140.0,143.0,137.0,135.0,128.0,129.0,142.0,142.0,130.0,121.0,120.0,122.0,127.0,126.0,121.0,116.0,115.0,115.0,120.0,124.0,128.0,131.0,135.0,135.0,134.0,132.0,131.0,131.0,129.0,91.0,81.0,104.0,116.0,124.0,120.0,129.0,143.0,136.0,111.0,94.0,90.0,98.0,116.0,131.0,141.0,149.0,153.0,151.0,146.0,129.0,95.0,56.0,55.0,55.0,55.0,153.0,205.0,205.0,205.0,205.0,145.0,57.0,55.0,55.0,55.0,57.0,140.0,205.0,205.0,205.0,183.0,153.0,129.0,114.0,105.0,102.0,102.0,103.0,100.0,-0.6801727377705389,-0.7330518718301794
55.0,55.0,55.0,110.0,152.0,169.0,152.0,147.0,130.0,119.0,76.0,55.0,55.0,55.0,55.0,102.0,132.0,138.0,146.0,160.0,163.0,152.0,144.0,136.0,127.0,120.0,118.0,111.0,106.0,106.0,114.0,129.0,144.0,152.0,153.0,147.0,140.0,135.0,132.0,128.0,122.0,119.0,123.0,131.0,137.0,138.0,138.0,138.0,141.0,144.0,115.0,124.0,116.0,118.0,130.0,137.0,131.0,109.0,98.0,101.0,107.0,116.0,123.0,124.0,139.0,163.0,172.0,163.0,150.0,121.0,80.0,60.0,68.0,94.0,128.0,169.0,197.0,203.0,193.0,173.0,140.0,102.0,73.0,62.0,69.0,93.0,121.0,140.0,145.0,140.0,129.0,122.0,122.0,127.0,133.0,137.0,137.0,132.0,125.0,121.0,-0.8660254037841799,-0.5000000000004481
186.0,114.0,55.0,55.0,55.0,55.0,63.0,78.0,104.0,159.0,205.0,195.0,139.0,96.0,73.0,56.0,55.0,55.0,55.0,56.0,129.0,190.0,205.0,205.0,187.0,152.0,122.0,104.0,92.0,84.0,86.0,98.0,118.0,137.0,149.0,153.0,153.0,150.0,143.0,136.0,130.0,128.0,129.0,134.0,138.0,140.0,140.0,140.0,142.0,144.0,129.0,146.0,149.0,144.0,136.0,130.0,104.0,72.0,71.0,95.0,129.0,149.0,157.0,157.0,170.0,177.0,160.0,113.0,58.0,55.0,55.0,55.0,158.0,205.0,205.0,205.0,205.0,205.0,66.0,55.0,55.0,55.0,55.0,77.0,204.0,205.0,205.0,205.0,137.0,74.0,55.0,55.0,55.0,86.0,112.0,121.0,121.0,118.0,123.0,134.0,-0.9749279121817058,-0.22252093395683065
154.0,140.0,106.0,102.0,119.0,120.0,139.0,145.0,154.0,149.0,162.0,145.0,116.0,100.0,115.0,106.0,99.0,112.0,123.0,114.0,119.0,137.0,137.0,131.0,134.0,135.0,128.0,129.0,131.0,131.0,126.0,118.0,113.0,116.0,124.0,131.0,138.0,141.0,138.0,133.0,130.0,126.0,123.0,122.0,121.0,122.0,122.0,122.0,121.0,123.0,177.0,104.0,84.0,93.0,97.0,94.0,113.0,148.0,162.0,164.0,144.0,137.0,139.0,125.0,78.0,55.0,55.0,55.0,76.0,205.0,205.0,205.0,205.0,205.0,55.0,55.0,55.0,55.0,55.0,70.0,192.0,205.0,205.0,205.0,205.0,94.0,55.0,55.0,55.0,103.0,136.0,145.0,133.0,113.0,101.0,104.0,118.0,135.0,147.0,151.0,-0.9972037971812202,0.0747300935858894
182.0,171.0,109.0,78.0,56.0,78.0,75.0,100.0,90.0,94.0,98.0,134.0,128.0,118.0,112.0,118.0,115.0,129.0,152.0,150.0,126.0,117.0,125.0,123.0,125.0,129.0,129.0,127.0,139.0,152.0,155.0,143.0,126.0,114.0,112.0,118.0,124.0,128.0,132.0,133.0,135.0,136.0,137.0,136.0,139.0,143.0,147.0,148.0,147.0,146.0,134.0,125.0,141.0,136.0,89.0,98.0,96.0,128.0,130.0,130.0,117.0,146.0,174.0,182.0,165.0,139.0,103.0,70.0,72.0,94.0,124.0,152.0,177.0,188.0,187.0,177.0,151.0,106.0,65.0,55.0,69.0,117.0,165.0,181.0,156.0,110.0,71.0,58.0,77.0,115.0,148.0,165.0,164.0,152.0,138.0,131.0,133.0,138.0,139.0,133.0,-0.9308737486444026,0.3653410243658894
55.0,55.0,55.0,104.0,203.0,182.0,146.0,119.0,111.0,82.0,61.0,55.0,55.0,55.0,96.0,182.0,205.0,205.0,186.0,155.0,126.0,109.0,96.0,89.0,90.0,101.0,119.0,136.0,146.0,149.0,147.0,142.0,134.0,127.0,123.0,121.0,123.0,127.0,131.0,134.0,135.0,138.0,141.0,144.0,145.0,144.0,143.0,144.0,145.0,145.0,147.0,136.0,121.0,105.0,105.0,121.0,133.0,135.0,130.0,123.0,124.0,121.0,108.0,93.0,87.0,93.0,113.0,146.0,181.0,205.0,205.0,205.0,163.0,121.0,77.0,55.0,55.0,55.0,58.0,171.0,205.0,205.0,205.0,205.0,204.0,55.0,55.0,55.0,55.0,55.0,91.0,99.0,105.0,113.0,126.0,141.0,155.0,163.0,165.0,162.0,-0.7818314824683744,0.6234898018583015
191.0,119.0,110.0,131.0,162.0,182.0,166.0,112.0,87.0,100.0,110.0,97.0,101.0,127.0,137.0,146.0,163.0,152.0,107.0,81.0,88.0,99.0,113.0,134.0,147.0,149.0,151.0,151.0,142.0,126.0,110.0,103.0,108.0,121.0,130.0,138.0,140.0,138.0,134.0,129.0,124.0,120.0,118.0,119.0,121.0,122.0,122.0,122.0,124.0,127.0,146.0,78.0,64.0,99.0,140.0,137.0,130.0,119.0,117.0,112.0,94.0,79.0,88.0,105.0,125.0,150.0,167.0,178.0,188.0,179.0,135.0,83.0,55.0,55.0,55.0,55.0,136.0,205.0,205.0,205.0,205.0,205.0,59.0,55.0,55.0,55.0,55.0,74.0,149.0,174.0,178.0,169.0,153.0,137.0,128.0,125.0,125.0,125.0,123.0,119.0,-0.5633200580640836,0.8262387743156803
101.0,94.0,99.0,83.0,80.0,101.0,106.0,114.0,134.0,152.0,163.0,174.0,176.0,143.0,120.0,136.0,159.0,163.0,170.0,175.0,155.0,126.0,114.0,108.0,98.0,97.0,107.0,121.0,138.0,155.0,164.0,160.0,146.0,124.0,108.0,100.0,101.0,110.0,123.0,136.0,145.0,151.0,153.0,154.0,152.0,148.0,144.0,141.0,137.0,132.0,104.0,104.0,135.0,157.0,150.0,125.0,119.0,129.0,132.0,126.0,110.0,91.0,83.0,105.0,138.0,163.0,168.0,158.0,137.0,116.0,104.0,93.0,76.0,62.0,77.0,124.0,188.0,205.0,205.0,176.0,97.0,55.0,55.0,57.0,140.0,183.0,194.0,177.0,145.0,117.0,106.0,112.0,124.0,129.0,124.0,115.0,110.0,114.0,123.0,129.0,-0.29475517441144194,0.9555728057859748
205.0,113.0,58.0,55.0,81.0,98.0,104.0,76.0,85.0,130.0,171.0,186.0,181.0,172.0,160.0,154.0,143.0,118.0,74.0,55.0,55.0,95.0,125.0,150.0,163.0,166.0,170.0,172.0,158.0,128.0,99.0,82.0,84.0,100.0,116.0,130.0,139.0,145.0,147.0,147.0,143.0,139.0,138.0,140.0,142.0,141.0,137.0,133.0,132.0,132.0,141.0,113.0,114.0,133.0,132.0,103.0,94.0,104.0,107.0,107.0,100.0,119.0,161.0,202.0,205.0,205.0,173.0,134.0,99.0,68.0,55.0,55.0,55.0,119.0,198.0,205.0,205.0,205.0,205.0,63.0,55.0,55.0,96.0,123.0,110.0,71.0,55.0,55.0,55.0,130.0,183.0,205.0,205.0,185.0,164.0,153.0,151.0,149.0,141.0,124.0,-5.695672963876098e-13,1.0
151.0,122.0,91.0,96.0,114.0,115.0,95.0,106.0,129.0,124.0,107.0,99.0,84.0,65.0,77.0,111.0,138.0,157.0,174.0,178.0,166.0,145.0,120.0,96.0,81.0,83.0,100.0,125.0,146.0,154.0,156.0,149.0,140.0,128.0,120.0,114.0,112.0,114.0,115.0,116.0,112.0,115.0,123.0,131.0,133.0,133.0,133.0,135.0,137.0,138.0,125.0,104.0,117.0,128.0,124.0,88.0,70.0,84.0,109.0,135.0,155.0,168.0,178.0,188.0,174.0,127.0,73.0,55.0,55.0,55.0,57.0,158.0,205.0,205.0,205.0,205.0,205.0,55.0,55.0,55.0,55.0,55.0,97.0,154.0,176.0,177.0,166.0,150.0,136.0,127.0,125.0,125.0,124.0,122.0,118.0,112.0,107.0,106.0,111.0,119.0,0.2947551744103539,0.9555728057863104
143.0,96.0,97.0,95.0,117.0,94.0,141.0,112.0,142.0,160.0,205.0,205.0,201.0,163.0,116.0,55.0,55.0,55.0,55.0,55.0,132.0,195.0,205.0,205.0,205.0,170.0,124.0,89.0,63.0,55.0,67.0,100.0,136.0,163.0,170.0,163.0,150.0,139.0,129.0,126.0,123.0,123.0,123.0,124.0,124.0,124.0,122.0,120.0,121.0,122.0,127.0,74.0,106.0,132.0,167.0,134.0,102.0,97.0,112.0,139.0,144.0,132.0,105.0,97.0,99.0,124.0,152.0,159.0,126.0,85.0,67.0,90.0,147.0,196.0,196.0,148.0,82.0,55.0,55.0,87.0,177.0,205.0,205.0,205.0,128.0,77.0,66.0,93.0,133.0,161.0,164.0,148.0,128.0,118.0,116.0,116.0,114.0,110.0,108.0,111.0,0.5633200580631407,0.826238774316323
144.0,141.0,105.0,117.0,143.0,178.0,185.0,181.0,145.0,102.0,71.0,71.0,79.0,99.0,137.0,174.0,204.0,205.0,205.0,170.0,119.0,75.0,55.0,55.0,74.0,102.0,135.0,166.0,183.0,181.0,162.0,136.0,113.0,104.0,103.0,108.0,115.0,121.0,126.0,132.0,134.0,132.0,130.0,128.0,128.0,129.0,128.0,126.0,125.0,124.0,136.0,97.0,116.0,131.0,149.0,149.0,148.0,146.0,151.0,150.0,149.0,144.0,114.0,77.0,55.0,58.0,104.0,176.0,205.0,205.0,158.0,111.0,86.0,100.0,147.0,177.0,161.0,105.0,55.0,55.0,55.0,62.0,185.0,205.0,205.0,205.0,158.0,113.0,98.0,103.0,113.0,116.0,110.0,103.0,102.0,110.0,122.0,131.0,134.0,133.0,0.7818314824676624,0.6234898018591942
186.0,178.0,165.0,131.0,79.0,55.0,55.0,55.0,55.0,56.0,138.0,181.0,205.0,205.0,182.0,121.0,63.0,55.0,55.0,55.0,70.0,140.0,178.0,195.0,194.0,178.0,149.0,112.0,87.0,80.0,90.0,108.0,127.0,138.0,141.0,139.0,133.0,127.0,122.0,119.0,120.0,124.0,127.0,129.0,131.0,133.0,136.0,138.0,138.0,137.0,101.0,126.0,122.0,121.0,114.0,138.0,147.0,134.0,131.0,125.0,127.0,115.0,102.0,92.0,93.0,95.0,112.0,135.0,157.0,173.0,188.0,183.0,150.0,109.0,76.0,55.0,55.0,95.0,155.0,201.0,205.0,197.0,141.0,100.0,94.0,122.0,156.0,173.0,159.0,121.0,85.0,65.0,67.0,82.0,108.0,129.0,135.0,130.0,126.0,133.0,0.9308737486439865,0.36534102436694976
177.0,161.0,177.0,180.0,183.0,156.0,95.0,55.0,55.0,55.0,55.0,68.0,163.0,205.0,205.0,205.0,192.0,141.0,72.0,55.0,55.0,55.0,75.0,138.0,169.0,180.0,181.0,173.0,153.0,127.0,106.0,97.0,102.0,114.0,124.0,129.0,129.0,125.0,122.0,120.0,118.0,116.0,116.0,119.0,124.0,127.0,128.0,130.0,131.0,134.0,151.0,116.0,90.0,99.0,146.0,158.0,154.0,133.0,115.0,105.0,104.0,98.0,98.0,101.0,104.0,112.0,131.0,159.0,188.0,197.0,164.0,104.0,55.0,55.0,55.0,73.0,173.0,205.0,205.0,205.0,142.0,90.0,68.0,84.0,123.0,160.0,178.0,170.0,149.0,127.0,112.0,105.0,102.0,103.0,106.0,112.0,118.0,124.0,128.0,129.0,0.9972037971811352,0.0747300935870251
85.0,126.0,156.0,195.0,180.0,141.0,89.0,56.0,60.0,77.0,99.0,136.0,180.0,205.0,205.0,205.0,131.0,61.0,55.0,55.0,55.0,65.0,134.0,173.0,200.0,205.0,195.0,157.0,106.0,72.0,66.0,83.0,109.0,131.0,142.0,147.0,147.0,142.0,134.0,126.0,121.0,121.0,123.0,124.0,122.0,121.0,121.0,123.0,125.0,126.0,167.0,143.0,114.0,136.0,147.0,150.0,144.0,137.0,132.0,128.0,119.0,118.0,126.0,124.0,119.0,111.0,106.0,119.0,150.0,163.0,142.0,112.0,95.0,95.0,126.0,172.0,193.0,167.0,110.0,55.0,55.0,55.0,100.0,200.0,205.0,205.0,205.0,144.0,101.0,87.0,94.0,107.0,114.0,111.0,106.0,106.0,114.0,123.0,131.0,135.0,0.9749279121819592,-0.22252093395572053
55.0,55.0,55.0,106.0,133.0,150.0,165.0,174.0,157.0,128.0,89.0,57.0,55.0,74.0,105.0,138.0,167.0,182.0,182.0,171.0,146.0,113.0,89.0,81.0,92.0,113.0,134.0,144.0,145.0,141.0,135.0,131.0,126.0,123.0,122.0,124.0,127.0,129.0,131.0,131.0,133.0,135.0,136.0,137.0,136.0,136.0,136.0,135.0,135.0,135.0,120.0,103.0,139.0,151.0,141.0,127.0,122.0,126.0,120.0,107.0,92.0,90.0,97.0,120.0,145.0,164.0,178.0,188.0,176.0,139.0,103.0,75.0,58.0,66.0,108.0,163.0,204.0,205.0,182.0,129.0,93.0,98.0,135.0,170.0,179.0,155.0,111.0,74.0,60.0,67.0,89.0,113.0,128.0,132.0,132.0,134.0,140.0,149.0,154.0,150.0,0.8660254037847466,-0.49999999999946676
205.0,201.0,104.0,96.0,55.0,58.0,55.0,55.0,55.0,121.0,173.0,185.0,205.0,204.0,159.0,84.0,55.0,55.0,55.0,55.0,58.0,133.0,196.0,205.0,205.0,195.0,162.0,125.0,94.0,72.0,65.0,75.0,100.0,129.0,148.0,157.0,155.0,147.0,136.0,127.0,121.0,118.0,117.0,119.0,123.0,126.0,129.0,130.0,132.0,134.0,96.0,103.0,134.0,159.0,159.0,134.0,108.0,95.0,90.0,97.0,103.0,106.0,105.0,118.0,143.0,173.0,195.0,184.0,135.0,74.0,55.0,55.0,55.0,128.0,202.0,205.0,205.0,172.0,112.0,74.0,71.0,101.0,142.0,171.0,176.0,160.0,136.0,117.0,107.0,102.0,101.0,103.0,108.0,114.0,121.0,125.0,128.0,129.0,128.0,127.0,0.6801727377713758,-0.7330518718294029
87.0,55.0,55.0,66.0,130.0,154.0,177.0,205.0,205.0,205.0,168.0,87.0,55.0,55.0,55.0,55.0,100.0,159.0,191.0,205.0,205.0,192.0,149.0,98.0,65.0,60.0,78.0,105.0,128.0,141.0,148.0,150.0,146.0,139.0,132.0,128.0,129.0,131.0,132.0,129.0,127.0,127.0,128.0,129.0,128.0,126.0,125.0,126.0,127.0,129.0,134.0,121.0,116.0,118.0,134.0,134.0,125.0,125.0,141.0,148.0,148.0,133.0,107.0,92.0,99.0,108.0,112.0,125.0,142.0,157.0,179.0,198.0,187.0,142.0,82.0,55.0,55.0,55.0,87.0,190.0,205.0,205.0,201.0,134.0,98.0,88.0,98.0,113.0,123.0,121.0,115.0,112.0,114.0,120.0,127.0,132.0,133.0,132.0,134.0,139.0,0.4338837391181248,-0.9009688679021463
181.0,127.0,93.0,100.0,144.0,152.0,132.0,91.0,63.0,55.0,70.0,101.0,133.0,156.0,174.0,176.0,153.0,121.0,84.0,57.0,55.0,79.0,109.0,144.0,172.0,185.0,183.0,169.0,141.0,107.0,85.0,83.0,99.0,123.0,138.0,142.0,142.0,141.0,138.0,135.0,127.0,122.0,121.0,124.0,129.0,132.0,133.0,133.0,133.0,135.0,132.0,143.0,128.0,106.0,107.0,112.0,122.0,117.0,107.0,106.0,119.0,146.0,171.0,177.0,160.0,138.0,119.0,104.0,104.0,114.0,117.0,118.0,137.0,169.0,193.0,197.0,171.0,121.0,81.0,74.0,101.0,140.0,161.0,154.0,122.0,86.0,66.0,68.0,89.0,117.0,139.0,146.0,142.0,137.0,136.0,142.0,148.0,148.0,142.0,132.0,0.1490422661768031,-0.9888308262250338
83.0,98.0,94.0,57.0,88.0,116.0,168.0,146.0,172.0,158.0,151.0,99.0,78.0,55.0,55.0,55.0,55.0,118.0,204.0,205.0,205.0,205.0,169.0,126.0,91.0,68.0,55.0,56.0,95.0,138.0,165.0,179.0,171.0,155.0,137.0,132.0,121.0,114.0,110.0,114.0,124.0,128.0,127.0,125.0,128.0,133.0,136.0,138.0,139.0,140.0,91.0,85.0,100.0,120.0,103.0,93.0,120.0,133.0,145.0,140.0,140.0,140.0,144.0,124.0,95.0,72.0,69.0,89.0,131.0,175.0,202.0,205.0,179.0,132.0,85.0,60.0,62.0,95.0,143.0,183.0,197.0,180.0,139.0,95.0,65.0,64.0,89.0,125.0,156.0,170.0,164.0,146.0,127.0,116.0,111.0,113.0,116.0,120.0,123.0,125.0,-0.1490422661755338,-0.9888308262252251
93.0,112.0,189.0,193.0,203.0,170.0,148.0,98.0,67.0,55.0,61.0,89.0,121.0,147.0,166.0,181.0,194.0,198.0,181.0,157.0,129.0,101.0,86.0,92.0,99.0,105.0,114.0,121.0,128.0,143.0,160.0,167.0,162.0,144.0,122.0,104.0,98.0,99.0,107.0,115.0,122.0,127.0,131.0,134.0,134.0,133.0,132.0,132.0,132.0,131.0,104.0,94.0,109.0,128.0,138.0,141.0,149.0,134.0,108.0,84.0,88.0,101.0,112.0,121.0,133.0,147.0,172.0,198.0,194.0,144.0,72.0,55.0,55.0,55.0,72.0,190.0,205.0,205.0,205.0,158.0,127.0,113.0,103.0,87.0,71.0,67.0,84.0,118.0,157.0,179.0,179.0,161.0,136.0,119.0,115.0,122.0,129.0,130.0,121.0,109.0,-0.43388373911696826,-0.9009688679027033
130.0,55.0,55.0,55.0,108.0,125.0,158.0,165.0,166.0,152.0,128.0,99.0,57.0,55.0,55.0,55.0,77.0,127.0,150.0,167.0,179.0,183.0,160.0,142.0,127.0,116.0,107.0,108.0,108.0,111.0,117.0,127.0,138.0,148.0,151.0,148.0,144.0,137.0,131.0,126.0,125.0,124.0,126.0,129.0,132.0,134.0,137.0,138.0,140.0,141.0,107.0,98.0,101.0,96.0,109.0,138.0,153.0,140.0,117.0,116.0,137.0,159.0,160.0,133.0,89.0,67.0,89.0,138.0,177.0,181.0,148.0,98.0,67.0,84.0,134.0,177.0,192.0,178.0,144.0,111.0,92.0,82.0,75.0,71.0,78.0,97.0,129.0,165.0,191.0,198.0,185.0,157.0,128.0,110.0,109.0,116.0,121.0,120.0,111.0,104.0,-0.6801727377704347,-0.733051871830276
152.0,101.0,90.0,118.0,135.0,129.0,100.0,73.0,55.0,55.0,55.0,100.0,138.0,181.0,181.0,160.0,132.0,97.0,60.0,56.0,71.0,92.0,129.0,173.0,199.0,197.0,177.0,142.0,106.0,84.0,80.0,93.0,114.0,134.0,146.0,150.0,147.0,138.0,131.0,128.0,127.0,127.0,130.0,132.0,136.0,138.0,141.0,143.0,144.0,145.0,91.0,108.0,95.0,106.0,111.0,132.0,138.0,138.0,119.0,103.0,99.0,100.0,103.0,108.0,117.0,125.0,137.0,149.0,153.0,148.0,127.0,100.0,75.0,61.0,67.0,98.0,150.0,200.0,205.0,205.0,205.0,153.0,85.0,55.0,55.0,55.0,72.0,166.0,203.0,205.0,186.0,152.0,122.0,104.0,97.0,99.0,104.0,107.0,106.0,105.0,-0.8660254037841044,-0.5000000000005789
110.0,72.0,55.0,89.0,139.0,170.0,168.0,153.0,139.0,155.0,168.0,150.0,132.0,116.0,103.0,101.0,119.0,116.0,90.0,82.0,100.0,121.0,149.0,174.0,176.0,160.0,145.0,133.0,117.0,103.0,91.0,92.0,105.0,126.0,142.0,152.0,154.0,151.0,147.0,143.0,137.0,130.0,128.0,127.0,128.0,127.0,124.0,122.0,122.0,124.0,86.0,125.0,138.0,135.0,136.0,137.0,121.0,104.0,84.0,108.0,130.0,162.0,175.0,172.0,156.0,156.0,147.0,118.0,79.0,55.0,55.0,61.0,138.0,202.0,205.0,205.0,205.0,152.0,115.0,95.0,79.0,56.0,55.0,55.0,55.0,117.0,192.0,205.0,205.0,175.0,123.0,90.0,85.0,102.0,126.0,139.0,136.0,121.0,110.0,109.0,-0.9749279121816722,-0.22252093395697786
157.0,158.0,85.0,133.0,107.0,154.0,91.0,106.0,55.0,71.0,71.0,115.0,96.0,115.0,124.0,133.0,120.0,117.0,114.0,102.0,112.0,144.0,168.0,162.0,160.0,150.0,133.0,119.0,114.0,106.0,105.0,114.0,133.0,149.0,159.0,154.0,142.0,129.0,121.0,115.0,115.0,117.0,122.0,127.0,133.0,138.0,140.0,142.0,144.0,147.0,101.0,113.0,101.0,138.0,151.0,150.0,106.0,101.0,98.0,128.0,136.0,141.0,132.0,126.0,126.0,141.0,155.0,147.0,118.0,81.0,55.0,55.0,101.0,159.0,197.0,204.0,186.0,155.0,131.0,119.0,108.0,93.0,80.0,78.0,90.0,118.0,153.0,181.0,192.0,184.0,161.0,135.0,119.0,114.0,117.0,116.0,112.0,103.0,97.0,99.0,-0.9972037971812306,0.07473009358575035
65.0,55.0,55.0,55.0,55.0,108.0,155.0,180.0,158.0,140.0,125.0,94.0,61.0,55.0,55.0,55.0,58.0,155.0,199.0,205.0,198.0,169.0,136.0,113.0,100.0,90.0,88.0,94.0,111.0,128.0,142.0,148.0,153.0,146.0,135.0,123.0,120.0,123.0,124.0,126.0,128.0,131.0,135.0,138.0,141.0,144.0,145.0,143.0,141.0,141.0,118.0,109.0,133.0,137.0,127.0,105.0,93.0,94.0,104.0,116.0,122.0,129.0,140.0,152.0,155.0,145.0,118.0,87.0,62.0,56.0,78.0,121.0,172.0,205.0,205.0,205.0,202.0,128.0,65.0,55.0,55.0,55.0,108.0,183.0,205.0,203.0,174.0,140.0,113.0,100.0,97.0,101.0,105.0,106.0,105.0,104.0,107.0,113.0,121.0,128.0,-0.9308737486444556,0.3653410243657546
118.0,146.0,95.0,126.0,152.0,123.0,157.0,140.0,165.0,158.0,177.0,121.0,116.0,102.0,114.0,87.0,101.0,119.0,128.0,140.0,176.0,188.0,165.0,140.0,121.0,103.0,93.0,99.0,106.0,112.0,121.0,135.0,147.0,155.0,149.0,140.0,129.0,121.0,114.0,116.0,118.0,122.0,124.0,127.0,127.0,126.0,124.0,123.0,124.0,124.0,143.0,131.0,104.0,87.0,113.0,136.0,154.0,150.0,131.0,126.0,147.0,163.0,159.0,117.0,70.0,55.0,55.0,124.0,190.0,205.0,205.0,183.0,142.0,118.0,102.0,81.0,57.0,55.0,55.0,106.0,176.0,205.0,205.0,205.0,140.0,86.0,61.0,69.0,98.0,126.0,139.0,133.0,121.0,113.0,118.0,132.0,145.0,149.0,145.0,138.0,-0.781831482468463,0.6234898018581904
142.0,118.0,116.0,62.0,86.0,82.0,114.0,90.0,116.0,133.0,156.0,161.0,175.0,165.0,129.0,120.0,147.0,164.0,161.0,164.0,158.0,130.0,109.0,109.0,107.0,103.0,108.0,120.0,132.0,148.0,157.0,157.0,146.0,129.0,111.0,102.0,101.0,107.0,118.0,131.0,141.0,147.0,151.0,152.0,151.0,150.0,147.0,143.0,139.0,135.0,120.0,124.0,150.0,127.0,152.0,152.0,133.0,110.0,104.0,111.0,121.0,111.0,88.0,86.0,106.0,145.0,179.0,182.0,149.0,122.0,110.0,108.0,122.0,144.0,139.0,112.0,90.0,88.0,104.0,142.0,183.0,204.0,196.0,175.0,156.0,141.0,131.0,119.0,100.0,76.0,63.0,63.0,78.0,102.0,124.0,136.0,142.0,143.0,142.0,145.0,-0.5633200580642017,0.8262387743155997
158.0,109.0,80.0,55.0,66.0,106.0,98.0,124.0,116.0,129.0,112.0,149.0,143.0,146.0,125.0,142.0,148.0,161.0,167.0,163.0,130.0,99.0,89.0,92.0,103.0,122.0,139.0,142.0,146.0,152.0,155.0,143.0,126.0,108.0,101.0,104.0,113.0,122.0,132.0,141.0,147.0,150.0,151.0,149.0,148.0,148.0,148.0,145.0,141.0,136.0,134.0,92.0,55.0,87.0,107.0,134.0,118.0,119.0,126.0,122.0,113.0,88.0,75.0,77.0,98.0,114.0,133.0,147.0,160.0,168.0,168.0,144.0,101.0,59.0,55.0,55.0,56.0,150.0,205.0,205.0,205.0,205.0,205.0,57.0,55.0,55.0,55.0,62.0,154.0,195.0,204.0,187.0,157.0,126.0,105.0,94.0,92.0,96.0,101.0,105.0,-0.2947551744115803,0.9555728057859322
143.0,134.0,112.0,101.0,106.0,102.0,73.0,78.0,116.0,141.0,147.0,162.0,166.0,125.0,82.0,61.0,55.0,55.0,55.0,118.0,154.0,177.0,192.0,190.0,168.0,142.0,115.0,92.0,80.0,82.0,98.0,122.0,143.0,154.0,154.0,147.0,136.0,126.0,119.0,114.0,113.0,113.0,114.0,118.0,122.0,124.0,127.0,129.0,131.0,133.0,205.0,116.0,62.0,91.0,108.0,126.0,119.0,120.0,134.0,151.0,133.0,108.0,90.0,89.0,101.0,121.0,135.0,143.0,151.0,152.0,151.0,145.0,124.0,87.0,55.0,55.0,55.0,62.0,176.0,205.0,205.0,205.0,205.0,101.0,55.0,55.0,55.0,55.0,70.0,174.0,205.0,205.0,205.0,177.0,147.0,125.0,111.0,104.0,103.0,103.0,-7.205576277366311e-13,1.0
202.0,106.0,72.0,57.0,84.0,84.0,108.0,98.0,118.0,150.0,190.0,176.0,168.0,174.0,176.0,158.0,144.0,122.0,79.0,55.0,66.0,93.0,111.0,131.0,151.0,169.0,176.0,177.0,163.0,135.0,107.0,86.0,80.0,89.0,106.0,125.0,139.0,148.0,150.0,150.0,145.0,141.0,138.0,138.0,138.0,136.0,133.0,129.0,127.0,125.0,114.0,90.0,99.0,137.0,126.0,116.0,115.0,132.0,140.0,128.0,105.0,99.0,103.0,111.0,124.0,125.0,126.0,141.0,166.0,177.0,170.0,148.0,105.0,66.0,59.0,79.0,109.0,146.0,182.0,201.0,199.0,189.0,165.0,129.0,92.0,69.0,63.0,78.0,105.0,130.0,144.0,145.0,137.0,127.0,123.0,125.0,130.0,136.0,139.0,137.0,0.29475517441021526,0.9555728057863533
92.0,72.0,88.0,73.0,97.0,127.0,166.0,174.0,177.0,173.0,167.0,157.0,146.0,125.0,84.0,55.0,55.0,87.0,116.0,144.0,160.0,165.0,167.0,172.0,164.0,138.0,106.0,85.0,81.0,95.0,112.0,127.0,137.0,144.0,146.0,147.0,144.0,140.0,137.0,139.0,141.0,141.0,138.0,134.0,132.0,132.0,131.0,129.0,126.0,125.0,119.0,132.0,120.0,96.0,67.0,81.0,110.0,139.0,154.0,155.0,163.0,174.0,174.0,140.0,88.0,55.0,55.0,55.0,74.0,205.0,205.0,205.0,205.0,205.0,158.0,55.0,55.0,55.0,55.0,57.0,144.0,205.0,205.0,205.0,171.0,104.0,58.0,55.0,55.0,85.0,102.0,111.0,115.0,117.0,121.0,129.0,139.0,151.0,159.0,162.0,0.5633200580630209,0.8262387743164047
106.0,64.0,57.0,86.0,142.0,161.0,150.0,146.0,162.0,139.0,101.0,66.0,55.0,55.0,55.0,91.0,159.0,181.0,194.0,194.0,178.0,153.0,119.0,90.0,72.0,73.0,91.0,117.0,140.0,151.0,155.0,152.0,144.0,134.0,126.0,121.0,119.0,120.0,121.0,123.0,124.0,126.0,128.0,131.0,133.0,134.0,135.0,135.0,137.0,138.0,147.0,97.0,107.0,103.0,102.0,97.0,132.0,150.0,167.0,160.0,146.0,144.0,139.0,108.0,62.0,55.0,55.0,55.0,146.0,205.0,205.0,205.0,205.0,205.0,55.0,55.0,55.0,55.0,55.0,96.0,205.0,205.0,205.0,205.0,180.0,110.0,69.0,56.0,69.0,93.0,112.0,119.0,115.0,109.0,109.0,118.0,133.0,146.0,156.0,159.0,0.7818314824675685,0.623489801859312
202.0,130.0,132.0,105.0,123.0,135.0,172.0,151.0,171.0,164.0,152.0,88.0,67.0,56.0,58.0,67.0,115.0,159.0,180.0,201.0,205.0,205.0,154.0,108.0,72.0,55.0,63.0,97.0,126.0,145.0,156.0,163.0,164.0,159.0,144.0,128.0,115.0,108.0,106.0,109.0,112.0,114.0,117.0,121.0,123.0,125.0,126.0,126.0,128.0,130.0,146.0,114.0,105.0,98.0,92.0,95.0,109.0,130.0,131.0,120.0,127.0,156.0,177.0,171.0,148.0,109.0,71.0,62.0,86.0,119.0,146.0,164.0,173.0,172.0,166.0,155.0,124.0,82.0,57.0,68.0,116.0,174.0,202.0,176.0,109.0,55.0,55.0,55.0,71.0,166.0,203.0,205.0,179.0,147.0,124.0,119.0,125.0,130.0,127.0,116.0,0.9308737486439316,0.3653410243670899
179.0,173.0,96.0,97.0,134.0,194.0,194.0,175.0,108.0,67.0,55.0,75.0,89.0,119.0,158.0,201.0,205.0,205.0,171.0,97.0,55.0,55.0,55.0,55.0,110.0,156.0,191.0,205.0,205.0,181.0,133.0,89.0,68.0,75.0,98.0,123.0,140.0,147.0,149.0,147.0,141.0,132.0,125.0,122.0,124.0,125.0,125.0,123.0,122.0,124.0,131.0,122.0,147.0,128.0,146.0,136.0,127.0,108.0,107.0,101.0,102.0,102.0,108.0,139.0,176.0,205.0,205.0,205.0,170.0,129.0,95.0,62.0,55.0,55.0,56.0,151.0,205.0,205.0,205.0,205.0,175.0,55.0,55.0,55.0,55.0,119.0,126.0,105.0,77.0,63.0,74.0,105.0,142.0,170.0,181.0,179.0,172.0,166.0,162.0,155.0,0.9972037971811238,0.07473009358717524
203.0,185.0,165.0,109.0,60.0,55.0,55.0,55.0,55.0,77.0,148.0,193.0,205.0,205.0,164.0,104.0,55.0,55.0,55.0,55.0,90.0,153.0,185.0,196.0,191.0,171.0,138.0,103.0,84.0,81.0,95.0,115.0,132.0,140.0,141.0,137.0,131.0,125.0,121.0,120.0,121.0,125.0,128.0,130.0,132.0,134.0,137.0,138.0,138.0,136.0,63.0,85.0,129.0,138.0,132.0,121.0,122.0,117.0,104.0,80.0,81.0,96.0,118.0,140.0,161.0,173.0,185.0,188.0,159.0,107.0,57.0,55.0,55.0,55.0,74.0,205.0,205.0,205.0,205.0,205.0,102.0,55.0,55.0,55.0,55.0,57.0,130.0,165.0,179.0,175.0,160.0,144.0,132.0,126.0,125.0,125.0,124.0,121.0,116.0,110.0,0.9749279121819915,-0.22252093395557895
176.0,133.0,143.0,166.0,165.0,176.0,97.0,55.0,55.0,55.0,55.0,116.0,153.0,186.0,186.0,205.0,189.0,127.0,65.0,55.0,55.0,55.0,104.0,155.0,177.0,185.0,186.0,170.0,145.0,117.0,98.0,91.0,100.0,113.0,128.0,136.0,140.0,137.0,136.0,131.0,126.0,123.0,123.0,124.0,127.0,128.0,128.0,129.0,132.0,134.0,164.0,146.0,121.0,96.0,103.0,126.0,136.0,129.0,117.0,104.0,112.0,144.0,174.0,178.0,149.0,105.0,73.0,70.0,97.0,129.0,135.0,124.0,121.0,144.0,185.0,205.0,205.0,145.0,73.0,55.0,55.0,55.0,110.0,172.0,191.0,179.0,149.0,120.0,112.0,123.0,138.0,143.0,133.0,117.0,107.0,109.0,118.0,126.0,126.0,121.0,0.8660254037848191,-0.49999999999934097
205.0,105.0,59.0,55.0,76.0,92.0,117.0,150.0,194.0,205.0,205.0,172.0,97.0,55.0,55.0,55.0,55.0,103.0,153.0,188.0,205.0,205.0,181.0,133.0,88.0,66.0,72.0,95.0,121.0,138.0,146.0,148.0,145.0,139.0,130.0,123.0,120.0,122.0,124.0,124.0,122.0,120.0,122.0,125.0,127.0,127.0,126.0,125.0,127.0,128.0,103.0,98.0,101.0,132.0,103.0,85.0,87.0,117.0,153.0,173.0,172.0,165.0,166.0,156.0,143.0,109.0,59.0,55.0,55.0,55.0,138.0,205.0,205.0,205.0,141.0,82.0,56.0,78.0,132.0,166.0,154.0,105.0,55.0,55.0,55.0,55.0,142.0,199.0,205.0,205.0,205.0,178.0,159.0,141.0,124.0,106.0,91.0,84.0,89.0,99.0,0.6801727377714861,-0.7330518718293004
187.0,159.0,82.0,93.0,123.0,160.0,146.0,110.0,72.0,59.0,59.0,85.0,116.0,142.0,166.0,179.0,170.0,141.0,107.0,70.0,55.0,63.0,92.0,124.0,158.0,181.0,186.0,179.0,160.0,128.0,99.0,84.0,87.0,105.0,127.0,142.0,147.0,145.0,140.0,134.0,129.0,125.0,123.0,124.0,126.0,128.0,130.0,133.0,138.0,141.0,106.0,124.0,113.0,136.0,109.0,123.0,130.0,147.0,128.0,129.0,126.0,128.0,114.0,95.0,86.0,90.0,99.0,118.0,142.0,159.0,177.0,188.0,177.0,137.0,100.0,66.0,55.0,55.0,110.0,170.0,205.0,205.0,185.0,132.0,96.0,97.0,125.0,156.0,165.0,149.0,115.0,87.0,74.0,78.0,93.0,111.0,123.0,128.0,129.0,132.0,0.4338837391182556,-0.9009688679020832
105.0,140.0,69.0,91.0,55.0,131.0,138.0,169.0,148.0,171.0,146.0,118.0,83.0,55.0,55.0,55.0,55.0,75.0,179.0,205.0,205.0,190.0,175.0,142.0,110.0,86.0,70.0,65.0,90.0,126.0,154.0,165.0,162.0,150.0,138.0,132.0,127.0,124.0,123.0,121.0,122.0,124.0,124.0,123.0,126.0,131.0,135.0,136.0,137.0,138.0,129.0,111.0,94.0,115.0,144.0,150.0,145.0,136.0,122.0,112.0,101.0,92.0,93.0,101.0,105.0,112.0,131.0,158.0,187.0,195.0,163.0,103.0,55.0,55.0,55.0,71.0,172.0,205.0,205.0,205.0,141.0,88.0,67.0,83.0,123.0,160.0,177.0,169.0,148.0,126.0,111.0,104.0,101.0,102.0,105.0,111.0,118.0,123.0,127.0,129.0,0.14904226617695196,-0.9888308262250114
153.0,90.0,166.0,126.0,194.0,175.0,205.0,139.0,103.0,55.0,55.0,55.0,87.0,121.0,142.0,172.0,187.0,201.0,183.0,156.0,116.0,89.0,73.0,82.0,100.0,122.0,135.0,144.0,145.0,145.0,142.0,140.0,135.0,132.0,126.0,121.0,115.0,114.0,116.0,119.0,123.0,125.0,126.0,126.0,128.0,129.0,130.0,130.0,130.0,130.0,157.0,110.0,127.0,137.0,148.0,149.0,140.0,133.0,126.0,118.0,117.0,126.0,125.0,120.0,112.0,106.0,116.0,148.0,163.0,144.0,114.0,95.0,94.0,123.0,169.0,193.0,171.0,114.0,57.0,55.0,55.0,96.0,195.0,205.0,205.0,205.0,148.0,103.0,87.0,93.0,106.0,113.0,112.0,106.0,106.0,113.0,122.0,131.0,135.0,135.0,-0.14904226617539018,-0.9888308262252468
112.0,74.0,72.0,77.0,74.0,70.0,86.0,119.0,159.0,184.0,177.0,148.0,120.0,84.0,55.0,55.0,55.0,55.0,71.0,153.0,196.0,205.0,205.0,178.0,136.0,109.0,95.0,87.0,86.0,94.0,109.0,130.0,147.0,156.0,156.0,149.0,139.0,130.0,126.0,122.0,121.0,123.0,126.0,130.0,132.0,134.0,136.0,138.0,139.0,139.0,142.0,147.0,135.0,130.0,123.0,125.0,110.0,98.0,91.0,95.0,103.0,124.0,146.0,164.0,180.0,188.0,172.0,135.0,98.0,67.0,55.0,64.0,120.0,178.0,205.0,205.0,170.0,117.0,91.0,104.0,143.0,174.0,176.0,146.0,102.0,69.0,59.0,71.0,93.0,116.0,129.0,133.0,132.0,135.0,142.0,150.0,153.0,148.0,137.0,128.0,-0.4338837391168374,-0.9009688679027662
162.0,149.0,145.0,123.0,126.0,109.0,128.0,103.0,76.0,55.0,55.0,55.0,55.0,84.0,147.0,184.0,205.0,185.0,139.0,108.0,78.0,57.0,56.0,78.0,99.0,137.0,180.0,202.0,198.0,177.0,141.0,107.0,92.0,92.0,104.0,116.0,128.0,136.0,142.0,139.0,129.0,123.0,120.0,121.0,124.0,129.0,133.0,137.0,139.0,141.0,108.0,119.0,128.0,138.0,122.0,110.0,102.0,101.0,102.0,116.0,127.0,136.0,143.0,148.0,147.0,142.0,131.0,108.0,86.0,74.0,81.0,110.0,157.0,200.0,205.0,205.0,163.0,107.0,63.0,55.0,76.0,118.0,154.0,170.0,163.0,142.0,122.0,111.0,109.0,112.0,116.0,118.0,120.0,121.0,122.0,124.0,126.0,127.0,126.0,125.0,-0.6801727377703283,-0.7330518718303748
191.0,205.0,114.0,144.0,55.0,58.0,55.0,87.0,99.0,154.0,157.0,185.0,196.0,205.0,185.0,145.0,108.0,69.0,59.0,82.0,116.0,122.0,134.0,140.0,142.0,146.0,159.0,155.0,141.0,123.0,111.0,105.0,110.0,114.0,118.0,119.0,123.0,123.0,130.0,134.0,134.0,129.0,127.0,129.0,132.0,134.0,131.0,130.0,127.0,124.0,134.0,119.0,111.0,126.0,139.0,134.0,126.0,137.0,144.0,149.0,137.0,112.0,92.0,98.0,108.0,112.0,124.0,141.0,156.0,177.0,197.0,190.0,146.0,86.0,55.0,55.0,55.0,70.0,185.0,205.0,205.0,205.0,139.0,100.0,88.0,97.0,113.0,123.0,122.0,115.0,112.0,114.0,120.0,127.0,132.0,133.0,133.0,135.0,139.0,143.0,-0.866025403784032,-0.5000000000007042
145.0,73.0,55.0,55.0,55.0,124.0,140.0,156.0,160.0,155.0,140.0,119.0,78.0,55.0,55.0,55.0,57.0,99.0,130.0,139.0,146.0,161.0,165.0,154.0,146.0,139.0,128.0,122.0,119.0,114.0,107.0,107.0,114.0,129.0,144.0,153.0,155.0,150.0,143.0,135.0,129.0,124.0,121.0,123.0,130.0,136.0,138.0,134.0,133.0,137.0,166.0,133.0,109.0,116.0,137.0,142.0,122.0,99.0,99.0,117.0,140.0,150.0,137.0,124.0,130.0,148.0,161.0,162.0,137.0,96.0,75.0,93.0,136.0,176.0,188.0,161.0,114.0,87.0,97.0,137.0,173.0,184.0,161.0,116.0,78.0,64.0,74.0,99.0,123.0,137.0,137.0,130.0,124.0,128.0,142.0,152.0,151.0,140.0,129.0,125.0,-0.9749279121816425,-0.22252093395710776
164.0,143.0,146.0,108.0,77.0,55.0,55.0,55.0,55.0,70.0,158.0,205.0,205.0,185.0,136.0,90.0,55.0,55.0,55.0,55.0,115.0,168.0,202.0,205.0,186.0,153.0,115.0,91.0,84.0,91.0,108.0,127.0,140.0,145.0,141.0,131.0,123.0,119.0,119.0,119.0,122.0,125.0,129.0,133.0,137.0,141.0,143.0,144.0,143.0,143.0,121.0,108.0,99.0,115.0,117.0,108.0,85.0,119.0,127.0,146.0,138.0,144.0,141.0,148.0,133.0,108.0,82.0,71.0,81.0,112.0,156.0,191.0,205.0,204.0,165.0,113.0,68.0,55.0,74.0,121.0,168.0,189.0,179.0,146.0,109.0,84.0,82.0,98.0,121.0,141.0,150.0,147.0,136.0,126.0,120.0,118.0,118.0,120.0,123.0,127.0,-0.997203797181242,0.07473009358559979
154.0,91.0,60.0,55.0,110.0,143.0,170.0,162.0,154.0,142.0,165.0,164.0,148.0,126.0,115.0,98.0,101.0,120.0,116.0,95.0,96.0,113.0,128.0,151.0,169.0,165.0,149.0,137.0,126.0,113.0,103.0,98.0,101.0,115.0,130.0,141.0,148.0,149.0,146.0,144.0,141.0,136.0,131.0,129.0,129.0,129.0,127.0,124.0,122.0,123.0,154.0,124.0,112.0,119.0,133.0,133.0,129.0,138.0,145.0,148.0,141.0,116.0,94.0,96.0,108.0,112.0,121.0,137.0,152.0,172.0,195.0,196.0,158.0,98.0,55.0,55.0,55.0,63.0,171.0,205.0,205.0,205.0,149.0,105.0,88.0,94.0,110.0,122.0,123.0,117.0,112.0,113.0,119.0,126.0,131.0,133.0,133.0,134.0,138.0,143.0,-0.9308737486445066,0.3653410243656248
151.0,98.0,98.0,99.0,152.0,120.0,114.0,71.0,68.0,56.0,89.0,93.0,101.0,104.0,130.0,129.0,124.0,122.0,115.0,99.0,103.0,128.0,144.0,152.0,157.0,155.0,142.0,134.0,123.0,116.0,111.0,116.0,124.0,136.0,143.0,145.0,141.0,136.0,129.0,124.0,121.0,121.0,123.0,127.0,132.0,136.0,139.0,142.0,145.0,147.0,107.0,116.0,137.0,145.0,125.0,102.0,98.0,109.0,134.0,150.0,143.0,127.0,128.0,143.0,157.0,162.0,144.0,103.0,76.0,88.0,128.0,170.0,188.0,168.0,121.0,89.0,93.0,129.0,168.0,184.0,167.0,123.0,83.0,64.0,73.0,97.0,122.0,134.0,133.0,126.0,125.0,131.0,143.0,152.0,150.0,140.0,130.0,126.0,129.0,134.0,-0.7818314824685533,0.6234898018580771
105.0,69.0,55.0,55.0,55.0,55.0,100.0,144.0,181.0,202.0,160.0,116.0,87.0,60.0,55.0,55.0,55.0,56.0,95.0,166.0,205.0,205.0,199.0,167.0,132.0,109.0,96.0,86.0,85.0,91.0,108.0,128.0,144.0,151.0,153.0,155.0,147.0,136.0,126.0,124.0,129.0,135.0,137.0,137.0,137.0,139.0,141.0,144.0,145.0,144.0,110.0,59.0,107.0,110.0,127.0,112.0,118.0,132.0,138.0,130.0,107.0,101.0,99.0,105.0,107.0,117.0,122.0,134.0,146.0,157.0,157.0,141.0,109.0,75.0,58.0,66.0,98.0,144.0,189.0,205.0,205.0,205.0,162.0,96.0,55.0,55.0,55.0,91.0,163.0,197.0,199.0,177.0,145.0,118.0,105.0,101.0,104.0,109.0,110.0,109.0,-0.5633200580643213,0.8262387743155181
143.0,136.0,123.0,110.0,120.0,119.0,115.0,129.0,147.0,157.0,152.0,159.0,139.0,110.0,102.0,114.0,104.0,99.0,114.0,120.0,110.0,117.0,136.0,135.0,131.0,135.0,135.0,129.0,129.0,132.0,130.0,123.0,115.0,111.0,114.0,123.0,132.0,140.0,141.0,137.0,133.0,129.0,126.0,123.0,121.0,120.0,121.0,121.0,121.0,121.0,101.0,104.0,124.0,132.0,149.0,154.0,131.0,97.0,80.0,89.0,105.0,115.0,123.0,134.0,150.0,178.0,201.0,188.0,129.0,59.0,55.0,55.0,55.0,75.0,204.0,205.0,205.0,205.0,151.0,125.0,115.0,103.0,83.0,65.0,63.0,84.0,125.0,165.0,186.0,182.0,160.0,134.0,117.0,114.0,122.0,129.0,127.0,117.0,105.0,99.0,-0.2947551744117195,0.9555728057858892
129.0,103.0,137.0,154.0,105.0,91.0,62.0,69.0,82.0,115.0,99.0,115.0,122.0,134.0,115.0,113.0,107.0,103.0,119.0,163.0,192.0,186.0,170.0,148.0,122.0,103.0,95.0,91.0,93.0,109.0,138.0,163.0,176.0,167.0,148.0,126.0,113.0,105.0,106.0,110.0,118.0,126.0,135.0,141.0,142.0,144.0,145.0,148.0,149.0,149.0,131.0,107.0,107.0,104.0,126.0,151.0,157.0,127.0,99.0,89.0,106.0,128.0,142.0,142.0,130.0,124.0,134.0,150.0,151.0,128.0,91.0,58.0,55.0,81.0,144.0,191.0,205.0,193.0,163.0,134.0,116.0,104.0,89.0,74.0,72.0,88.0,120.0,157.0,184.0,190.0,177.0,152.0,125.0,111.0,110.0,117.0,122.0,119.0,111.0,103.0,-8.600016396295507e-13,1.0
96.0,150.0,136.0,145.0,85.0,113.0,77.0,90.0,70.0,89.0,66.0,94.0,136.0,178.0,185.0,180.0,164.0,141.0,129.0,123.0,116.0,101.0,98.0,103.0,119.0,132.0,141.0,142.0,143.0,141.0,140.0,133.0,126.0,119.0,116.0,115.0,118.0,121.0,126.0,130.0,137.0,142.0,144.0,144.0,144.0,144.0,145.0,146.0,143.0,141.0,111.0,133.0,143.0,125.0,103.0,91.0,96.0,106.0,117.0,122.0,129.0,141.0,153.0,156.0,144.0,118.0,85.0,61.0,56.0,80.0,124.0,175.0,205.0,205.0,205.0,194.0,125.0,63.0,55.0,55.0,55.0,122.0,185.0,205.0,202.0,172.0,138.0,112.0,99.0,98.0,102.0,106.0,107.0,105.0,104.0,107.0,114.0,122.0,129.0,133.0,0.2947551744100766,0.955572805786396
153.0,174.0,142.0,156.0,142.0,149.0,99.0,107.0,93.0,91.0,80.0,122.0,137.0,146.0,159.0,173.0,135.0,86.0,65.0,59.0,55.0,80.0,126.0,153.0,176.0,189.0,186.0,160.0,134.0,112.0,98.0,90.0,90.0,103.0,129.0,148.0,155.0,151.0,143.0,133.0,124.0,119.0,117.0,116.0,116.0,116.0,119.0,122.0,125.0,128.0,111.0,102.0,87.0,143.0,147.0,154.0,124.0,129.0,117.0,134.0,124.0,108.0,85.0,74.0,78.0,114.0,171.0,204.0,205.0,169.0,119.0,85.0,82.0,87.0,84.0,69.0,61.0,74.0,128.0,203.0,205.0,205.0,205.0,202.0,64.0,55.0,55.0,55.0,125.0,159.0,161.0,144.0,126.0,122.0,129.0,139.0,143.0,137.0,129.0,124.0,0.5633200580628963,0.8262387743164896
55.0,55.0,70.0,126.0,122.0,148.0,132.0,145.0,160.0,170.0,136.0,125.0,149.0,168.0,169.0,164.0,143.0,95.0,66.0,73.0,94.0,106.0,125.0,145.0,162.0,175.0,180.0,163.0,130.0,100.0,83.0,84.0,97.0,114.0,132.0,146.0,155.0,157.0,157.0,153.0,148.0,145.0,143.0,140.0,137.0,134.0,130.0,128.0,126.0,123.0,116.0,94.0,138.0,130.0,142.0,129.0,149.0,129.0,130.0,108.0,108.0,107.0,102.0,89.0,90.0,105.0,137.0,173.0,179.0,154.0,127.0,112.0,101.0,112.0,131.0,131.0,110.0,94.0,90.0,108.0,148.0,195.0,205.0,205.0,178.0,140.0,113.0,104.0,108.0,109.0,103.0,94.0,87.0,89.0,100.0,115.0,127.0,134.0,137.0,137.0,0.7818314824674816,0.623489801859421
199.0,145.0,73.0,65.0,76.0,92.0,99.0,80.0,82.0,109.0,162.0,179.0,182.0,173.0,170.0,160.0,155.0,136.0,101.0,59.0,55.0,77.0,111.0,138.0,159.0,166.0,168.0,173.0,170.0,148.0,117.0,91.0,82.0,91.0,108.0,124.0,136.0,144.0,147.0,148.0,146.0,142.0,139.0,140.0,142.0,143.0,140.0,136.0,133.0,133.0,60.0,78.0,87.0,133.0,120.0,126.0,117.0,130.0,115.0,102.0,78.0,75.0,88.0,105.0,125.0,140.0,155.0,164.0,170.0,157.0,122.0,76.0,55.0,55.0,55.0,87.0,198.0,205.0,205.0,205.0,205.0,103.0,55.0,55.0,55.0,55.0,110.0,182.0,203.0,196.0,169.0,137.0,112.0,98.0,93.0,95.0,100.0,104.0,107.0,109.0,0.9308737486438785,0.3653410243672251
98.0,66.0,76.0,95.0,141.0,141.0,123.0,123.0,160.0,156.0,140.0,126.0,109.0,71.0,58.0,64.0,66.0,70.0,103.0,145.0,168.0,183.0,188.0,178.0,154.0,127.0,103.0,83.0,75.0,82.0,103.0,130.0,150.0,158.0,157.0,151.0,141.0,132.0,125.0,121.0,119.0,120.0,121.0,124.0,125.0,126.0,127.0,129.0,131.0,133.0,103.0,109.0,114.0,117.0,130.0,147.0,139.0,120.0,99.0,92.0,93.0,109.0,126.0,139.0,149.0,153.0,151.0,146.0,134.0,105.0,65.0,55.0,55.0,55.0,108.0,205.0,205.0,205.0,205.0,205.0,68.0,55.0,55.0,55.0,55.0,123.0,199.0,205.0,205.0,191.0,160.0,134.0,116.0,106.0,102.0,102.0,102.0,100.0,98.0,96.0,0.9972037971811134,0.07473009358731451
95.0,67.0,55.0,82.0,121.0,122.0,175.0,165.0,167.0,148.0,189.0,170.0,164.0,141.0,128.0,78.0,55.0,55.0,55.0,55.0,96.0,146.0,179.0,203.0,205.0,205.0,163.0,122.0,86.0,64.0,60.0,76.0,104.0,136.0,159.0,169.0,168.0,163.0,153.0,145.0,138.0,133.0,129.0,126.0,124.0,123.0,121.0,120.0,120.0,122.0,89.0,95.0,126.0,131.0,118.0,112.0,126.0,140.0,133.0,110.0,98.0,99.0,107.0,119.0,125.0,125.0,141.0,165.0,172.0,163.0,149.0,118.0,77.0,59.0,70.0,97.0,133.0,174.0,199.0,203.0,193.0,171.0,136.0,99.0,72.0,62.0,71.0,96.0,124.0,141.0,146.0,140.0,129.0,121.0,121.0,125.0,136.0,142.0,142.0,130.0,0.9749279121820237,-0.2225209339554376
114.0,65.0,57.0,58.0,140.0,117.0,167.0,143.0,202.0,188.0,205.0,167.0,132.0,55.0,55.0,55.0,55.0,116.0,159.0,188.0,204.0,205.0,189.0,155.0,111.0,77.0,60.0,69.0,87.0,112.0,138.0,159.0,166.0,162.0,146.0,131.0,119.0,119.0,121.0,126.0,128.0,130.0,132.0,135.0,135.0,133.0,129.0,126.0,125.0,125.0,143.0,155.0,148.0,142.0,131.0,132.0,104.0,72.0,72.0,98.0,133.0,152.0,158.0,158.0,171.0,178.0,158.0,110.0,56.0,55.0,55.0,55.0,171.0,205.0,205.0,205.0,205.0,205.0,59.0,55.0,55.0,55.0,55.0,84.0,205.0,205.0,205.0,205.0,132.0,71.0,55.0,55.0,55.0,90.0,113.0,122.0,121.0,120.0,124.0,135.0,0.8657460905697287,-0.5004834729171694
205.0,138.0,186.0,91.0,151.0,97.0,147.0,107.0,87.0,55.0,55.0,55.0,71.0,114.0,149.0,178.0,186.0,193.0,165.0,134.0,94.0,71.0,61.0,77.0,96.0,126.0,152.0,170.0,174.0,171.0,154.0,129.0,109.0,101.0,103.0,112.0,121.0,126.0,127.0,127.0,126.0,125.0,125.0,124.0,126.0,129.0,133.0,136.0,138.0,138.0,170.0,167.0,141.0,125.0,97.0,116.0,90.0,84.0,111.0,151.0,171.0,168.0,148.0,136.0,144.0,124.0,81.0,55.0,55.0,55.0,85.0,205.0,205.0,205.0,205.0,205.0,59.0,55.0,55.0,55.0,55.0,70.0,188.0,205.0,205.0,205.0,205.0,117.0,69.0,55.0,62.0,95.0,122.0,131.0,124.0,111.0,105.0,110.0,125.0,140.0,0.6790902649386055,-0.7340547745676849
164.0,117.0,110.0,117.0,118.0,169.0,154.0,169.0,160.0,166.0,102.0,76.0,55.0,58.0,55.0,103.0,149.0,173.0,183.0,205.0,205.0,162.0,118.0,85.0,62.0,63.0,93.0,126.0,146.0,154.0,157.0,155.0,153.0,143.0,131.0,120.0,114.0,110.0,112.0,113.0,114.0,115.0,118.0,121.0,123.0,124.0,125.0,127.0,129.0,129.0,98.0,135.0,123.0,135.0,89.0,101.0,99.0,134.0,132.0,128.0,122.0,154.0,181.0,179.0,161.0,128.0,92.0,67.0,80.0,105.0,135.0,159.0,180.0,187.0,184.0,172.0,141.0,96.0,60.0,55.0,86.0,140.0,181.0,180.0,140.0,89.0,56.0,55.0,90.0,135.0,167.0,176.0,167.0,150.0,134.0,129.0,133.0,138.0,137.0,129.0,0.43157021123116385,-0.9020793494908796
175.0,154.0,83.0,110.0,158.0,197.0,189.0,143.0,83.0,55.0,62.0,81.0,102.0,138.0,181.0,205.0,205.0,205.0,131.0,61.0,55.0,55.0,55.0,67.0,137.0,175.0,202.0,205.0,197.0,157.0,107.0,73.0,67.0,84.0,110.0,132.0,143.0,148.0,148.0,143.0,135.0,127.0,122.0,122.0,124.0,125.0,123.0,122.0,122.0,124.0,135.0,124.0,114.0,101.0,117.0,129.0,134.0,132.0,125.0,124.0,122.0,113.0,97.0,89.0,90.0,107.0,136.0,169.0,195.0,205.0,205.0,181.0,141.0,93.0,55.0,55.0,55.0,55.0,117.0,205.0,205.0,205.0,205.0,205.0,63.0,55.0,55.0,55.0,55.0,84.0,97.0,103.0,110.0,121.0,136.0,151.0,161.0,165.0,163.0,159.0,0.14542393848485416,-0.989369434597387
55.0,55.0,55.0,73.0,98.0,127.0,154.0,179.0,199.0,191.0,147.0,93.0,56.0,55.0,55.0,55.0,116.0,152.0,182.0,196.0,191.0,175.0,147.0,112.0,86.0,76.0,84.0,103.0,126.0,140.0,146.0,145.0,140.0,135.0,132.0,129.0,129.0,131.0,133.0,136.0,136.0,138.0,139.0,140.0,139.0,138.0,137.0,136.0,136.0,136.0,90.0,100.0,114.0,107.0,122.0,142.0,148.0,152.0,127.0,110.0,108.0,106.0,82.0,63.0,60.0,82.0,133.0,194.0,205.0,205.0,205.0,151.0,81.0,55.0,55.0,55.0,55.0,72.0,185.0,205.0,205.0,205.0,205.0,179.0,55.0,55.0,55.0,72.0,117.0,130.0,126.0,116.0,106.0,104.0,113.0,130.0,145.0,153.0,151.0,144.0,-0.15358274951357373,-0.9881357897838995
139.0,141.0,163.0,119.0,185.0,153.0,171.0,68.0,55.0,55.0,55.0,55.0,135.0,168.0,187.0,194.0,205.0,174.0,101.0,55.0,55.0,55.0,55.0,116.0,165.0,185.0,192.0,188.0,166.0,140.0,111.0,94.0,88.0,99.0,112.0,129.0,139.0,142.0,140.0,137.0,131.0,126.0,123.0,122.0,125.0,126.0,127.0,128.0,130.0,132.0,119.0,112.0,105.0,105.0,123.0,137.0,125.0,109.0,112.0,132.0,143.0,138.0,133.0,126.0,119.0,123.0,127.0,121.0,109.0,106.0,117.0,136.0,154.0,159.0,135.0,94.0,72.0,90.0,146.0,201.0,205.0,183.0,104.0,55.0,55.0,55.0,78.0,168.0,195.0,188.0,161.0,134.0,120.0,122.0,131.0,134.0,127.0,114.0,106.0,108.0,-0.4385874888514748,-0.8986884969904518
78.0,55.0,75.0,112.0,140.0,177.0,205.0,205.0,205.0,178.0,99.0,55.0,55.0,55.0,55.0,73.0,155.0,186.0,205.0,205.0,200.0,157.0,106.0,68.0,59.0,75.0,100.0,125.0,140.0,148.0,150.0,147.0,140.0,133.0,128.0,128.0,131.0,131.0,129.0,127.0,126.0,128.0,129.0,128.0,126.0,125.0,125.0,127.0,129.0,129.0,123.0,129.0,150.0,136.0,140.0,140.0,135.0,115.0,109.0,99.0,102.0,104.0,109.0,127.0,164.0,199.0,205.0,205.0,186.0,144.0,103.0,68.0,55.0,55.0,55.0,134.0,205.0,205.0,205.0,205.0,205.0,55.0,55.0,55.0,55.0,101.0,137.0,123.0,91.0,63.0,59.0,83.0,122.0,158.0,179.0,183.0,177.0,170.0,165.0,160.0,-0.6841428235475303,-0.7293480629907869
164.0,171.0,106.0,101.0,97.0,89.0,72.0,56.0,80.0,107.0,158.0,175.0,187.0,156.0,136.0,100.0,65.0,55.0,55.0,55.0,88.0,148.0,190.0,203.0,203.0,182.0,145.0,113.0,94.0,85.0,87.0,100.0,116.0,134.0,146.0,152.0,150.0,145.0,136.0,130.0,126.0,124.0,123.0,125.0,128.0,131.0,133.0,134.0,136.0,137.0,155.0,118.0,106.0,117.0,131.0,118.0,84.0,70.0,88.0,112.0,138.0,157.0,169.0,181.0,189.0,169.0,119.0,66.0,55.0,55.0,55.0,69.0,186.0,205.0,205.0,205.0,205.0,169.0,55.0,55.0,55.0,55.0,55.0,103.0,158.0,178.0,176.0,164.0,148.0,134.0,126.0,125.0,125.0,124.0,122.0,117.0,111.0,107.0,106.0,112.0,-0.8685556899005935,-0.4955915793688429
80.0,55.0,99.0,151.0,162.0,121.0,85.0,62.0,55.0,55.0,56.0,104.0,141.0,185.0,182.0,158.0,128.0,93.0,60.0,57.0,75.0,96.0,135.0,179.0,201.0,197.0,175.0,138.0,103.0,84.0,83.0,96.0,118.0,136.0,148.0,152.0,147.0,138.0,132.0,128.0,128.0,128.0,131.0,134.0,137.0,139.0,141.0,143.0,144.0,145.0,129.0,99.0,104.0,118.0,131.0,138.0,132.0,110.0,98.0,97.0,112.0,141.0,158.0,137.0,95.0,68.0,78.0,127.0,181.0,198.0,161.0,98.0,55.0,55.0,56.0,156.0,205.0,205.0,205.0,152.0,87.0,57.0,69.0,111.0,153.0,171.0,165.0,146.0,128.0,119.0,114.0,111.0,107.0,105.0,107.0,114.0,121.0,128.0,131.0,132.0,-0.9758286702901743,-0.218536967673001
123.0,138.0,109.0,62.0,55.0,94.0,126.0,158.0,160.0,155.0,140.0,153.0,167.0,160.0,134.0,120.0,101.0,96.0,113.0,121.0,97.0,82.0,95.0,115.0,140.0,168.0,177.0,162.0,146.0,133.0,120.0,105.0,94.0,91.0,102.0,121.0,137.0,149.0,153.0,151.0,147.0,144.0,138.0,131.0,128.0,127.0,128.0,127.0,125.0,122.0,165.0,131.0,117.0,140.0,151.0,146.0,143.0,134.0,132.0,124.0,117.0,120.0,134.0,125.0,113.0,103.0,106.0,133.0,162.0,160.0,129.0,103.0,91.0,102.0,143.0,185.0,189.0,149.0,87.0,55.0,55.0,55.0,149.0,205.0,205.0,205.0,205.0,126.0,93.0,87.0,98.0,110.0,114.0,109.0,106.0,108.0,117.0,126.0,133.0,136.0,-0.9970258271595648,0.07706815150751765
89.0,151.0,131.0,118.0,87.0,63.0,55.0,87.0,111.0,104.0,114.0,125.0,132.0,115.0,114.0,109.0,105.0,121.0,163.0,186.0,179.0,163.0,145.0,121.0,106.0,100.0,95.0,97.0,114.0,140.0,162.0,171.0,162.0,143.0,125.0,114.0,107.0,109.0,113.0,120.0,128.0,136.0,140.0,142.0,143.0,145.0,148.0,149.0,149.0,146.0,126.0,97.0,131.0,154.0,153.0,126.0,121.0,123.0,124.0,112.0,97.0,90.0,92.0,112.0,137.0,160.0,173.0,186.0,184.0,155.0,116.0,83.0,57.0,55.0,91.0,151.0,200.0,205.0,199.0,142.0,99.0,93.0,123.0,162.0,180.0,165.0,124.0,83.0,62.0,64.0,82.0,106.0,124.0,132.0,132.0,134.0,139.0,146.0,152.0,149.0,-0.930951103482391,0.36514386606503285
105.0,55.0,55.0,55.0,72.0,179.0,191.0,153.0,129.0,124.0,102.0,68.0,55.0,55.0,55.0,56.0,152.0,198.0,205.0,199.0,172.0,138.0,116.0,100.0,91.0,88.0,95.0,109.0,128.0,141.0,147.0,149.0,145.0,138.0,130.0,124.0,121.0,122.0,125.0,129.0,132.0,134.0,137.0,140.0,144.0,145.0,144.0,143.0,143.0,144.0,140.0,116.0,121.0,107.0,121.0,108.0,97.0,107.0,120.0,136.0,138.0,146.0,144.0,149.0,140.0,124.0,96.0,78.0,74.0,93.0,131.0,175.0,205.0,205.0,189.0,139.0,88.0,57.0,58.0,94.0,139.0,170.0,177.0,158.0,128.0,106.0,97.0,102.0,114.0,126.0,131.0,131.0,127.0,124.0,123.0,123.0,124.0,124.0,125.0,127.0,-0.7841002666175398,0.6206341691288862
161.0,95.0,152.0,108.0,173.0,147.0,172.0,160.0,150.0,106.0,107.0,113.0,97.0,95.0,111.0,129.0,131.0,162.0,182.0,168.0,137.0,126.0,110.0,100.0,101.0,110.0,113.0,122.0,131.0,142.0,147.0,147.0,139.0,132.0,125.0,120.0,118.0,120.0,123.0,124.0,126.0,126.0,126.0,124.0,124.0,123.0,124.0,124.0,123.0,124.0,144.0,85.0,122.0,103.0,140.0,122.0,138.0,141.0,156.0,135.0,105.0,85.0,91.0,110.0,115.0,126.0,136.0,154.0,180.0,203.0,188.0,132.0,64.0,55.0,55.0,55.0,77.0,203.0,205.0,205.0,205.0,148.0,117.0,104.0,98.0,88.0,83.0,85.0,102.0,129.0,154.0,166.0,162.0,148.0,131.0,121.0,122.0,129.0,135.0,134.0,-0.5699197001625791,0.8217003927019847
144.0,86.0,77.0,59.0,93.0,88.0,110.0,87.0,117.0,136.0,141.0,118.0,117.0,113.0,108.0,121.0,146.0,155.0,147.0,160.0,176.0,162.0,134.0,116.0,100.0,94.0,109.0,128.0,132.0,134.0,139.0,147.0,149.0,144.0,129.0,117.0,111.0,111.0,118.0,126.0,132.0,137.0,143.0,148.0,151.0,151.0,149.0,147.0,146.0,145.0,106.0,142.0,129.0,125.0,98.0,98.0,120.0,140.0,152.0,135.0,123.0,126.0,149.0,159.0,162.0,136.0,96.0,73.0,94.0,137.0,175.0,185.0,158.0,111.0,84.0,96.0,136.0,174.0,187.0,167.0,123.0,86.0,67.0,72.0,90.0,111.0,125.0,130.0,132.0,138.0,146.0,154.0,156.0,148.0,134.0,124.0,122.0,126.0,131.0,130.0,-0.3074694096100856,0.9515579657351545
144.0,177.0,106.0,78.0,55.0,55.0,55.0,80.0,99.0,115.0,141.0,187.0,199.0,177.0,147.0,125.0,126.0,135.0,154.0,155.0,137.0,112.0,105.0,106.0,111.0,118.0,124.0,128.0,139.0,152.0,159.0,152.0,134.0,114.0,100.0,96.0,98.0,106.0,116.0,127.0,136.0,143.0,146.0,146.0,147.0,148.0,147.0,144.0,140.0,136.0,82.0,101.0,109.0,118.0,122.0,125.0,138.0,130.0,116.0,101.0,99.0,99.0,105.0,112.0,121.0,130.0,142.0,153.0,154.0,143.0,118.0,87.0,63.0,58.0,80.0,123.0,173.0,205.0,205.0,205.0,189.0,121.0,60.0,55.0,55.0,55.0,135.0,187.0,205.0,194.0,165.0,132.0,110.0,99.0,99.0,104.0,107.0,108.0,106.0,106.0,-0.019637482297337274,0.9998071660520451
167.0,165.0,150.0,138.0,146.0,142.0,105.0,100.0,94.0,87.0,81.0,120.0,137.0,146.0,158.0,173.0,136.0,88.0,63.0,57.0,55.0,72.0,121.0,154.0,174.0,187.0,187.0,167.0,142.0,116.0,95.0,84.0,88.0,103.0,126.0,145.0,153.0,152.0,145.0,136.0,126.0,120.0,116.0,115.0,115.0,116.0,119.0,122.0,125.0,127.0,110.0,124.0,133.0,139.0,148.0,140.0,110.0,85.0,85.0,99.0,111.0,121.0,133.0,147.0,170.0,197.0,195.0,148.0,76.0,55.0,55.0,55.0,71.0,177.0,205.0,205.0,205.0,161.0,130.0,117.0,107.0,89.0,69.0,61.0,77.0,114.0,156.0,183.0,186.0,167.0,140.0,120.0,114.0,120.0,128.0,129.0,120.0,108.0,100.0,101.0,0.2689148136185103,0.9631639647622423
205.0,122.0,78.0,55.0,66.0,112.0,104.0,122.0,125.0,150.0,143.0,181.0,163.0,139.0,114.0,146.0,164.0,169.0,165.0,151.0,110.0,88.0,94.0,103.0,106.0,118.0,133.0,144.0,157.0,164.0,159.0,139.0,117.0,98.0,94.0,99.0,112.0,125.0,139.0,147.0,151.0,152.0,151.0,148.0,146.0,144.0,145.0,143.0,137.0,129.0,125.0,104.0,108.0,109.0,115.0,132.0,146.0,148.0,124.0,99.0,93.0,109.0,129.0,141.0,141.0,130.0,124.0,136.0,151.0,149.0,123.0,86.0,55.0,55.0,91.0,153.0,195.0,205.0,189.0,158.0,131.0,115.0,102.0,86.0,72.0,73.0,91.0,125.0,161.0,186.0,190.0,174.0,148.0,122.0,110.0,111.0,118.0,122.0,118.0,109.0,0.5338855047749217,0.8455567797559351
204.0,143.0,77.0,55.0,75.0,88.0,101.0,80.0,83.0,115.0,165.0,180.0,181.0,173.0,166.0,158.0,149.0,130.0,89.0,56.0,55.0,83.0,115.0,142.0,160.0,165.0,169.0,173.0,166.0,136.0,105.0,87.0,85.0,96.0,111.0,125.0,135.0,144.0,147.0,148.0,145.0,141.0,137.0,138.0,142.0,142.0,139.0,135.0,133.0,132.0,129.0,108.0,104.0,121.0,151.0,142.0,115.0,93.0,94.0,101.0,112.0,117.0,122.0,130.0,145.0,156.0,155.0,140.0,111.0,80.0,60.0,58.0,87.0,134.0,184.0,205.0,205.0,205.0,178.0,112.0,56.0,55.0,55.0,55.0,137.0,188.0,205.0,203.0,170.0,132.0,108.0,97.0,98.0,102.0,105.0,106.0,109.0,109.0,111.0,112.0,0.753356148071207,0.6576127387477477
75.0,82.0,107.0,148.0,135.0,130.0,142.0,152.0,135.0,131.0,127.0,93.0,66.0,59.0,58.0,57.0,89.0,139.0,168.0,179.0,185.0,180.0,162.0,137.0,112.0,90.0,77.0,77.0,94.0,121.0,145.0,157.0,159.0,153.0,144.0,134.0,128.0,122.0,120.0,119.0,120.0,122.0,124.0,126.0,126.0,128.0,130.0,133.0,134.0,137.0,143.0,148.0,147.0,150.0,119.0,95.0,97.0,123.0,151.0,160.0,142.0,128.0,138.0,154.0,158.0,136.0,96.0,57.0,55.0,89.0,160.0,205.0,205.0,205.0,162.0,129.0,108.0,90.0,67.0,55.0,55.0,77.0,147.0,205.0,205.0,205.0,171.0,109.0,70.0,63.0,85.0,116.0,137.0,139.0,127.0,116.0,115.0,127.0,141.0,150.0,0.9095439940489891,0.41560765499376023
186.0,101.0,79.0,55.0,75.0,93.0,108.0,112.0,136.0,180.0,176.0,169.0,169.0,181.0,159.0,149.0,130.0,95.0,56.0,55.0,79.0,99.0,121.0,146.0,162.0,173.0,181.0,176.0,151.0,117.0,87.0,75.0,81.0,98.0,117.0,135.0,147.0,151.0,151.0,147.0,143.0,139.0,137.0,136.0,135.0,132.0,129.0,127.0,125.0,123.0,92.0,103.0,125.0,159.0,129.0,109.0,103.0,108.0,125.0,129.0,135.0,131.0,133.0,130.0,142.0,143.0,128.0,99.0,74.0,57.0,70.0,116.0,162.0,187.0,193.0,178.0,150.0,128.0,119.0,112.0,103.0,95.0,89.0,90.0,103.0,133.0,166.0,191.0,198.0,183.0,157.0,132.0,117.0,109.0,103.0,97.0,92.0,90.0,95.0,104.0,0.9901524234410881,0.1399934939693278
136.0,112.0,83.0,58.0,67.0,100.0,130.0,148.0,157.0,179.0,192.0,196.0,177.0,132.0,67.0,55.0,55.0,55.0,109.0,142.0,160.0,168.0,175.0,178.0,162.0,130.0,101.0,85.0,87.0,101.0,116.0,128.0,136.0,141.0,141.0,139.0,134.0,136.0,133.0,130.0,129.0,130.0,133.0,133.0,132.0,129.0,128.0,127.0,125.0,125.0,114.0,115.0,136.0,135.0,118.0,100.0,91.0,97.0,107.0,119.0,124.0,133.0,145.0,154.0,153.0,137.0,107.0,76.0,57.0,60.0,92.0,140.0,189.0,205.0,205.0,205.0,170.0,99.0,55.0,55.0,55.0,60.0,150.0,194.0,205.0,193.0,162.0,129.0,108.0,98.0,97.0,102.0,106.0,106.0,104.0,104.0,109.0,116.0,124.0,130.0,0.9892318976682782,-0.14635659409680582
137.0,85.0,62.0,106.0,152.0,165.0,159.0,161.0,137.0,98.0,70.0,55.0,55.0,55.0,66.0,149.0,179.0,197.0,199.0,181.0,153.0,121.0,93.0,74.0,73.0,88.0,113.0,136.0,150.0,155.0,153.0,145.0,135.0,126.0,121.0,119.0,119.0,121.0,123.0,124.0,125.0,127.0,130.0,133.0,134.0,134.0,135.0,137.0,138.0,139.0,156.0,142.0,137.0,107.0,90.0,110.0,131.0,153.0,153.0,134.0,125.0,144.0,162.0,156.0,123.0,78.0,55.0,55.0,111.0,178.0,205.0,205.0,199.0,148.0,120.0,103.0,84.0,59.0,55.0,55.0,97.0,166.0,205.0,205.0,205.0,144.0,90.0,65.0,71.0,96.0,122.0,136.0,134.0,122.0,115.0,118.0,131.0,143.0,148.0,146.0,0.9075087118667607,-0.4200332580712302
136.0,120.0,81.0,100.0,123.0,142.0,179.0,205.0,196.0,180.0,167.0,114.0,55.0,55.0,55.0,55.0,61.0,142.0,176.0,172.0,169.0,176.0,166.0,137.0,110.0,90.0,78.0,90.0,118.0,142.0,149.0,143.0,132.0,129.0,134.0,139.0,142.0,141.0,137.0,132.0,128.0,124.0,120.0,118.0,118.0,120.0,122.0,123.0,124.0,127.0,152.0,159.0,106.0,118.0,123.0,124.0,120.0,127.0,138.0,143.0,142.0,138.0,146.0,141.0,122.0,89.0,60.0,55.0,95.0,155.0,196.0,205.0,200.0,169.0,136.0,119.0,112.0,101.0,85.0,72.0,67.0,82.0,125.0,181.0,205.0,205.0,205.0,152.0,105.0,81.0,81.0,92.0,102.0,106.0,104.0,105.0,117.0,121.0,128.0,135.0,0.7521828626962982,-0.6589544301892217
198.0,134.0,164.0,56.0,128.0,134.0,205.0,179.0,174.0,110.0,77.0,61.0,74.0,89.0,111.0,160.0,195.0,205.0,205.0,175.0,109.0,61.0,55.0,55.0,55.0,106.0,146.0,180.0,199.0,200.0,176.0,134.0,97.0,81.0,87.0,104.0,122.0,134.0,140.0,143.0,143.0,138.0,131.0,125.0,124.0,126.0,128.0,126.0,124.0,123.0,124.0,63.0,84.0,98.0,123.0,116.0,116.0,122.0,129.0,125.0,113.0,102.0,89.0,84.0,86.0,99.0,119.0,143.0,157.0,164.0,162.0,156.0,136.0,103.0,62.0,55.0,55.0,83.0,172.0,205.0,205.0,205.0,205.0,89.0,55.0,55.0,55.0,70.0,158.0,190.0,185.0,157.0,124.0,103.0,96.0,99.0,105.0,110.0,113.0,115.0,0.5362359059412029,-0.8440681567145022
184.0,131.0,82.0,55.0,55.0,55.0,55.0,55.0,130.0,175.0,205.0,205.0,191.0,128.0,69.0,55.0,55.0,55.0,63.0,136.0,174.0,195.0,195.0,181.0,152.0,116.0,90.0,80.0,88.0,106.0,125.0,137.0,141.0,139.0,133.0,127.0,122.0,120.0,120.0,123.0,127.0,129.0,131.0,133.0,136.0,138.0,139.0,138.0,136.0,135.0,101.0,121.0,105.0,131.0,142.0,151.0,129.0,105.0,94.0,93.0,104.0,115.0,132.0,141.0,152.0,154.0,151.0,143.0,126.0,93.0,57.0,55.0,55.0,56.0,162.0,205.0,205.0,205.0,205.0,108.0,55.0,55.0,55.0,55.0,69.0,174.0,205.0,205.0,200.0,175.0,145.0,122.0,109.0,106.0,108.0,109.0,106.0,101.0,99.0,100.0,0.2773222883410097,-0.960776950384066
200.0,163.0,134.0,138.0,147.0,108.0,56.0,55.0,55.0,55.0,92.0,164.0,184.0,191.0,202.0,190.0,126.0,61.0,55.0,55.0,55.0,55.0,111.0,181.0,205.0,205.0,205.0,171.0,136.0,105.0,80.0,72.0,77.0,98.0,122.0,142.0,152.0,153.0,148.0,137.0,129.0,123.0,121.0,120.0,122.0,123.0,126.0,128.0,130.0,133.0,108.0,84.0,103.0,133.0,123.0,116.0,120.0,134.0,135.0,118.0,100.0,99.0,104.0,112.0,127.0,129.0,132.0,149.0,168.0,168.0,160.0,140.0,100.0,65.0,61.0,80.0,111.0,153.0,189.0,204.0,200.0,185.0,157.0,119.0,85.0,65.0,63.0,80.0,109.0,134.0,146.0,145.0,135.0,126.0,122.0,126.0,131.0,136.0,138.0,135.0,-0.003658189372804175,-0.9999933088028703
180.0,117.0,68.0,56.0,74.0,87.0,106.0,144.0,189.0,205.0,205.0,193.0,112.0,55.0,55.0,55.0,55.0,87.0,145.0,181.0,204.0,205.0,190.0,147.0,100.0,68.0,65.0,86.0,116.0,138.0,147.0,148.0,146.0,140.0,132.0,125.0,122.0,123.0,124.0,124.0,122.0,121.0,122.0,125.0,127.0,127.0,126.0,125.0,127.0,129.0,87.0,91.0,122.0,115.0,147.0,131.0,146.0,112.0,98.0,69.0,79.0,96.0,121.0,136.0,146.0,157.0,168.0,174.0,155.0,114.0,62.0,55.0,55.0,55.0,117.0,205.0,205.0,205.0,205.0,205.0,75.0,55.0,55.0,55.0,55.0,107.0,192.0,205.0,205.0,186.0,139.0,98.0,75.0,71.0,81.0,95.0,106.0,109.0,109.0,109.0,-0.28419391504972297,-0.9587668218335003
85.0,98.0,55.0,62.0,104.0,179.0,170.0,177.0,148.0,126.0,100.0,65.0,55.0,63.0,102.0,132.0,171.0,177.0,175.0,153.0,132.0,106.0,94.0,90.0,102.0,123.0,145.0,154.0,154.0,143.0,129.0,117.0,114.0,115.0,121.0,130.0,135.0,138.0,137.0,136.0,134.0,134.0,133.0,134.0,134.0,135.0,135.0,135.0,135.0,135.0,159.0,120.0,147.0,143.0,164.0,125.0,120.0,105.0,86.0,102.0,120.0,149.0,157.0,164.0,148.0,151.0,144.0,123.0,79.0,55.0,55.0,55.0,100.0,205.0,205.0,205.0,205.0,205.0,74.0,55.0,55.0,55.0,55.0,69.0,181.0,205.0,205.0,205.0,205.0,141.0,99.0,74.0,71.0,82.0,97.0,106.0,109.0,107.0,108.0,115.0,-0.5418816295021811,-0.8404548171127707
106.0,55.0,55.0,55.0,107.0,93.0,131.0,157.0,202.0,189.0,188.0,159.0,107.0,58.0,55.0,55.0,55.0,55.0,64.0,167.0,205.0,205.0,205.0,205.0,156.0,107.0,70.0,55.0,55.0,55.0,91.0,139.0,174.0,192.0,187.0,166.0,143.0,126.0,117.0,115.0,117.0,122.0,129.0,132.0,132.0,131.0,131.0,134.0,137.0,138.0,157.0,136.0,121.0,130.0,157.0,141.0,100.0,91.0,101.0,122.0,134.0,131.0,122.0,146.0,176.0,183.0,169.0,146.0,109.0,75.0,71.0,91.0,121.0,153.0,181.0,195.0,195.0,183.0,155.0,110.0,67.0,55.0,60.0,105.0,151.0,175.0,167.0,133.0,93.0,69.0,72.0,97.0,127.0,148.0,160.0,159.0,149.0,136.0,132.0,138.0,-0.7561151022524217,-0.6544386542265134
107.0,129.0,110.0,114.0,116.0,134.0,159.0,186.0,195.0,171.0,118.0,67.0,55.0,55.0,55.0,104.0,132.0,158.0,182.0,195.0,192.0,165.0,120.0,83.0,67.0,75.0,98.0,124.0,141.0,150.0,152.0,148.0,140.0,131.0,126.0,123.0,124.0,124.0,123.0,121.0,120.0,122.0,123.0,124.0,123.0,123.0,125.0,127.0,128.0,129.0,127.0,130.0,112.0,89.0,91.0,101.0,128.0,142.0,140.0,135.0,141.0,144.0,135.0,116.0,88.0,64.0,66.0,104.0,165.0,205.0,205.0,205.0,205.0,122.0,63.0,55.0,55.0,55.0,71.0,185.0,205.0,205.0,205.0,205.0,95.0,55.0,55.0,55.0,55.0,85.0,106.0,115.0,118.0,121.0,129.0,143.0,154.0,162.0,164.0,161.0,-0.9096319953540635,-0.4154150130028825
101.0,120.0,55.0,67.0,55.0,101.0,112.0,147.0,167.0,173.0,162.0,133.0,109.0,61.0,55.0,55.0,55.0,55.0,119.0,157.0,179.0,191.0,191.0,165.0,139.0,121.0,107.0,98.0,100.0,103.0,112.0,123.0,135.0,145.0,150.0,150.0,144.0,138.0,132.0,126.0,125.0,127.0,130.0,128.0,126.0,128.0,134.0,138.0,139.0,139.0,120.0,89.0,112.0,105.0,111.0,126.0,148.0,151.0,149.0,122.0,110.0,106.0,93.0,70.0,60.0,68.0,101.0,159.0,205.0,205.0,205.0,203.0,121.0,58.0,55.0,55.0,55.0,55.0,115.0,205.0,205.0,205.0,205.0,205.0,79.0,55.0,55.0,55.0,98.0,127.0,131.0,120.0,108.0,107.0,114.0,125.0,134.0,144.0,149.0,148.0,-0.9898214418807757,-0.14231483827437713
128.0,103.0,87.0,142.0,130.0,128.0,86.0,57.0,55.0,55.0,56.0,121.0,161.0,186.0,170.0,144.0,118.0,78.0,57.0,57.0,80.0,105.0,150.0,189.0,202.0,190.0,161.0,122.0,93.0,80.0,85.0,102.0,124.0,140.0,149.0,149.0,143.0,134.0,129.0,127.0,127.0,128.0,131.0,134.0,136.0,139.0,141.0,143.0,144.0,145.0,110.0,95.0,113.0,139.0,163.0,145.0,120.0,118.0,132.0,135.0,126.0,110.0,89.0,83.0,106.0,139.0,162.0,168.0,157.0,137.0,115.0,104.0,93.0,76.0,62.0,77.0,126.0,189.0,205.0,205.0,176.0,96.0,55.0,55.0,57.0,142.0,184.0,195.0,176.0,144.0,117.0,106.0,112.0,124.0,129.0,125.0,115.0,110.0,114.0,123.0,-0.9898214418809306,0.14231483827329983
123.0,64.0,59.0,68.0,127.0,142.0,163.0,158.0,149.0,148.0,164.0,161.0,140.0,126.0,111.0,98.0,103.0,122.0,108.0,89.0,93.0,113.0,131.0,156.0,172.0,164.0,146.0,136.0,124.0,111.0,100.0,95.0,100.0,119.0,133.0,140.0,144.0,148.0,150.0,147.0,140.0,133.0,128.0,128.0,128.0,128.0,126.0,121.0,121.0,124.0,156.0,112.0,116.0,121.0,132.0,109.0,101.0,104.0,104.0,102.0,98.0,115.0,158.0,200.0,205.0,205.0,177.0,136.0,101.0,70.0,55.0,55.0,55.0,115.0,186.0,205.0,205.0,205.0,205.0,64.0,55.0,55.0,88.0,122.0,115.0,77.0,55.0,55.0,55.0,119.0,178.0,205.0,205.0,187.0,165.0,153.0,151.0,150.0,142.0,126.0,-0.9096319953545134,0.4154150130018973
178.0,95.0,113.0,98.0,125.0,136.0,133.0,112.0,91.0,88.0,66.0,76.0,79.0,99.0,92.0,113.0,123.0,123.0,118.0,132.0,133.0,129.0,135.0,143.0,141.0,139.0,138.0,131.0,121.0,117.0,115.0,120.0,129.0,137.0,144.0,145.0,141.0,133.0,128.0,122.0,120.0,118.0,120.0,122.0,127.0,131.0,134.0,138.0,141.0,143.0,123.0,106.0,114.0,130.0,129.0,97.0,70.0,79.0,103.0,128.0,149.0,165.0,175.0,188.0,183.0,143.0,90.0,55.0,55.0,55.0,55.0,125.0,205.0,205.0,205.0,205.0,205.0,69.0,55.0,55.0,55.0,55.0,66.0,144.0,172.0,179.0,171.0,156.0,140.0,129.0,125.0,125.0,125.0,123.0,119.0,114.0,108.0,107.0,109.0,116.0,-0.7557495743542523,0.654860733945292
164.0,61.0,55.0,55.0,55.0,55.0,69.0,82.0,131.0,183.0,205.0,171.0,118.0,86.0,63.0,55.0,55.0,55.0,56.0,80.0,158.0,205.0,205.0,204.0,173.0,137.0,113.0,98.0,89.0,85.0,90.0,106.0,127.0,143.0,151.0,153.0,151.0,147.0,140.0,134.0,129.0,128.0,131.0,136.0,139.0,140.0,140.0,141.0,143.0,145.0,103.0,104.0,168.0,149.0,133.0,98.0,99.0,112.0,139.0,146.0,128.0,106.0,89.0,104.0,137.0,169.0,157.0,111.0,67.0,63.0,105.0,172.0,205.0,198.0,132.0,64.0,55.0,55.0,111.0,185.0,205.0,205.0,168.0,117.0,91.0,95.0,121.0,143.0,148.0,135.0,117.0,109.0,111.0,119.0,123.0,120.0,114.0,113.0,118.0,128.0,-0.540640817455593,0.8412535328311841
110.0,126.0,99.0,161.0,108.0,169.0,132.0,168.0,159.0,175.0,120.0,110.0,106.0,106.0,89.0,102.0,122.0,128.0,151.0,181.0,188.0,159.0,137.0,115.0,95.0,90.0,103.0,110.0,116.0,121.0,134.0,148.0,157.0,152.0,140.0,125.0,116.0,112.0,115.0,119.0,122.0,125.0,127.0,126.0,126.0,125.0,124.0,124.0,124.0,123.0,148.0,153.0,123.0,99.0,118.0,132.0,144.0,151.0,150.0,153.0,151.0,144.0,143.0,138.0,107.0,71.0,55.0,63.0,118.0,189.0,205.0,205.0,146.0,102.0,84.0,109.0,156.0,178.0,150.0,89.0,55.0,55.0,55.0,72.0,203.0,205.0,205.0,205.0,145.0,108.0,98.0,106.0,114.0,115.0,107.0,101.0,102.0,112.0,123.0,131.0,-0.28173255684142123,0.9594929736144999
65.0,55.0,88.0,114.0,96.0,130.0,129.0,136.0,113.0,127.0,109.0,113.0,120.0,153.0,148.0,147.0,164.0,179.0,164.0,145.0,125.0,95.0,86.0,104.0,123.0,127.0,129.0,134.0,143.0,149.0,148.0,137.0,125.0,115.0,110.0,113.0,121.0,128.0,135.0,142.0,149.0,151.0,151.0,148.0,149.0,151.0,150.0,144.0,135.0,130.0,118.0,102.0,134.0,157.0,152.0,128.0,123.0,122.0,121.0,109.0,97.0,92.0,96.0,114.0,138.0,159.0,174.0,189.0,184.0,153.0,114.0,81.0,57.0,55.0,94.0,154.0,201.0,205.0,193.0,141.0,98.0,94.0,121.0,159.0,181.0,166.0,125.0,82.0,60.0,62.0,82.0,108.0,126.0,133.0,133.0,133.0,138.0,148.0,154.0,152.0,1.1161179193627622e-14,1.0
204.0,186.0,138.0,76.0,68.0,81.0,88.0,96.0,79.0,83.0,108.0,161.0,178.0,183.0,173.0,171.0,161.0,155.0,137.0,102.0,60.0,55.0,75.0,109.0,138.0,158.0,166.0,168.0,173.0,171.0,150.0,117.0,92.0,82.0,90.0,108.0,124.0,135.0,144.0,147.0,149.0,147.0,143.0,139.0,140.0,142.0,143.0,140.0,136.0,134.0,139.0,115.0,123.0,114.0,123.0,111.0,105.0,93.0,110.0,130.0,140.0,138.0,140.0,145.0,147.0,140.0,114.0,88.0,72.0,78.0,102.0,147.0,191.0,205.0,205.0,173.0,119.0,71.0,55.0,69.0,109.0,150.0,171.0,168.0,146.0,122.0,107.0,105.0,110.0,118.0,123.0,124.0,124.0,122.0,122.0,124.0,126.0,126.0,126.0,128.0,0.28173255684143744,0.9594929736144951
152.0,127.0,112.0,104.0,104.0,109.0,78.0,74.0,103.0,137.0,145.0,159.0,170.0,137.0,88.0,63.0,55.0,55.0,55.0,105.0,147.0,172.0,189.0,193.0,174.0,148.0,120.0,97.0,81.0,80.0,93.0,116.0,139.0,151.0,154.0,148.0,139.0,128.0,120.0,115.0,112.0,112.0,114.0,118.0,121.0,124.0,125.0,128.0,130.0,132.0,144.0,121.0,122.0,117.0,135.0,132.0,125.0,131.0,145.0,150.0,146.0,125.0,98.0,92.0,104.0,112.0,116.0,131.0,146.0,164.0,187.0,200.0,177.0,121.0,62.0,55.0,55.0,55.0,117.0,205.0,205.0,205.0,170.0,119.0,92.0,90.0,103.0,118.0,123.0,119.0,113.0,112.0,117.0,123.0,129.0,133.0,133.0,133.0,136.0,141.0,0.5406408174556019,0.8412535328311784
205.0,174.0,119.0,82.0,73.0,87.0,77.0,97.0,97.0,115.0,141.0,188.0,178.0,167.0,168.0,182.0,164.0,148.0,129.0,93.0,58.0,59.0,86.0,105.0,126.0,149.0,167.0,172.0,176.0,170.0,149.0,119.0,90.0,78.0,85.0,101.0,120.0,136.0,147.0,150.0,150.0,146.0,143.0,140.0,139.0,138.0,137.0,134.0,131.0,127.0,106.0,111.0,122.0,149.0,140.0,113.0,93.0,102.0,124.0,146.0,148.0,132.0,123.0,133.0,151.0,162.0,159.0,128.0,89.0,75.0,100.0,145.0,181.0,185.0,153.0,107.0,86.0,104.0,145.0,178.0,188.0,153.0,104.0,67.0,62.0,82.0,110.0,131.0,135.0,128.0,124.0,125.0,136.0,148.0,153.0,146.0,135.0,127.0,127.0,132.0,0.7557495743542596,0.6548607339452835
57.0,72.0,81.0,86.0,83.0,101.0,140.0,167.0,179.0,175.0,173.0,161.0,153.0,140.0,114.0,70.0,55.0,56.0,97.0,126.0,151.0,163.0,165.0,169.0,171.0,156.0,126.0,97.0,81.0,84.0,100.0,117.0,130.0,140.0,145.0,146.0,146.0,142.0,138.0,138.0,139.0,141.0,140.0,136.0,133.0,131.0,131.0,130.0,128.0,125.0,126.0,84.0,73.0,112.0,133.0,120.0,110.0,115.0,138.0,136.0,131.0,108.0,105.0,104.0,107.0,104.0,115.0,126.0,138.0,149.0,154.0,149.0,138.0,119.0,94.0,73.0,71.0,90.0,128.0,176.0,205.0,205.0,205.0,159.0,96.0,55.0,55.0,55.0,117.0,164.0,188.0,182.0,158.0,131.0,113.0,106.0,107.0,111.0,115.0,116.0,0.9096319953545179,0.41541501300188743
146.0,104.0,55.0,69.0,116.0,171.0,157.0,152.0,155.0,139.0,99.0,71.0,55.0,55.0,55.0,73.0,152.0,180.0,197.0,203.0,182.0,149.0,116.0,89.0,77.0,77.0,91.0,113.0,136.0,150.0,155.0,153.0,146.0,135.0,126.0,119.0,117.0,118.0,119.0,124.0,128.0,130.0,127.0,126.0,129.0,134.0,137.0,138.0,137.0,137.0,105.0,85.0,108.0,132.0,143.0,148.0,147.0,127.0,98.0,83.0,91.0,106.0,115.0,123.0,134.0,151.0,179.0,202.0,187.0,126.0,57.0,55.0,55.0,55.0,77.0,205.0,205.0,205.0,205.0,151.0,125.0,115.0,102.0,83.0,65.0,64.0,86.0,127.0,166.0,186.0,182.0,160.0,134.0,117.0,115.0,122.0,129.0,128.0,117.0,105.0,0.9898214418809321,0.14231483827328928
70.0,108.0,76.0,128.0,91.0,145.0,113.0,161.0,189.0,205.0,198.0,187.0,146.0,76.0,55.0,55.0,55.0,55.0,98.0,184.0,205.0,205.0,205.0,189.0,139.0,95.0,65.0,55.0,55.0,83.0,127.0,161.0,179.0,172.0,157.0,140.0,129.0,122.0,121.0,121.0,122.0,124.0,125.0,126.0,124.0,122.0,121.0,123.0,124.0,124.0,122.0,106.0,110.0,108.0,140.0,153.0,142.0,113.0,95.0,98.0,118.0,134.0,141.0,137.0,126.0,129.0,144.0,153.0,139.0,107.0,70.0,55.0,55.0,117.0,174.0,203.0,202.0,177.0,146.0,123.0,110.0,95.0,79.0,71.0,79.0,105.0,142.0,175.0,190.0,185.0,164.0,137.0,115.0,109.0,113.0,120.0,121.0,115.0,106.0,101.0,0.9898214418809338,-0.14231483827327795
143.0,106.0,143.0,132.0,129.0,105.0,126.0,145.0,175.0,181.0,179.0,147.0,103.0,71.0,69.0,78.0,96.0,135.0,172.0,203.0,205.0,205.0,171.0,119.0,75.0,55.0,55.0,73.0,99.0,133.0,164.0,183.0,180.0,162.0,136.0,113.0,103.0,103.0,108.0,114.0,120.0,125.0,131.0,133.0,131.0,129.0,128.0,127.0,128.0,128.0,119.0,97.0,115.0,140.0,151.0,126.0,100.0,92.0,98.0,108.0,114.0,120.0,125.0,139.0,152.0,157.0,148.0,125.0,93.0,66.0,57.0,72.0,111.0,162.0,205.0,205.0,205.0,205.0,142.0,76.0,55.0,55.0,55.0,97.0,174.0,205.0,205.0,181.0,147.0,118.0,102.0,97.0,101.0,105.0,107.0,106.0,104.0,107.0,112.0,120.0,0.9096319953545227,-0.41541501300187705
60.0,100.0,160.0,150.0,107.0,72.0,60.0,61.0,87.0,115.0,131.0,151.0,177.0,185.0,158.0,115.0,68.0,55.0,55.0,77.0,119.0,155.0,182.0,189.0,184.0,165.0,132.0,98.0,80.0,81.0,97.0,116.0,136.0,145.0,147.0,145.0,139.0,136.0,131.0,128.0,124.0,128.0,135.0,139.0,139.0,136.0,136.0,138.0,140.0,139.0,144.0,132.0,104.0,90.0,112.0,135.0,155.0,152.0,132.0,126.0,147.0,170.0,155.0,114.0,66.0,55.0,55.0,126.0,188.0,205.0,205.0,184.0,144.0,119.0,102.0,80.0,56.0,55.0,55.0,107.0,176.0,205.0,205.0,205.0,140.0,86.0,61.0,70.0,98.0,126.0,139.0,134.0,120.0,113.0,118.0,132.0,145.0,150.0,145.0,138.0,0.755749574354267,-0.654860733945275
100.0,99.0,105.0,128.0,183.0,205.0,205.0,205.0,150.0,71.0,55.0,55.0,55.0,55.0,70.0,187.0,205.0,205.0,205.0,179.0,102.0,56.0,55.0,55.0,55.0,122.0,159.0,173.0,177.0,172.0,154.0,132.0,111.0,101.0,105.0,118.0,130.0,137.0,138.0,134.0,130.0,127.0,125.0,121.0,119.0,122.0,127.0,132.0,129.0,127.0,102.0,107.0,122.0,166.0,131.0,121.0,107.0,119.0,110.0,128.0,133.0,141.0,138.0,136.0,139.0,144.0,133.0,104.0,72.0,55.0,61.0,120.0,175.0,199.0,202.0,183.0,150.0,125.0,117.0,109.0,96.0,83.0,73.0,77.0,101.0,147.0,193.0,205.0,205.0,178.0,134.0,103.0,92.0,94.0,101.0,103.0,101.0,99.0,101.0,110.0,0.5406408174556019,-0.8412535328311784
