Feat_1,Feat_2,Feat_3,Feat_4,Feat_5,Feat_6,Feat_7,Feat_8,Feat_9,Feat_10,Feat_11,Feat_12,Feat_13,Feat_14,Feat_15,Feat_16,Feat_17,Feat_18,Feat_19,Feat_20,Feat_21,Feat_22,Feat_23,Feat_24,Feat_25,Feat_26,Feat_27,Feat_28,Feat_29,Feat_30,Feat_31,Feat_32,Feat_33,Feat_34,Feat_35,Feat_36,Feat_37,Feat_38,Feat_39,Feat_40,Feat_41,Feat_42,Feat_43,Feat_44,Feat_45,Feat_46,Feat_47,Feat_48,Feat_49,Feat_50,Feat_51,Feat_52,Feat_53,Feat_54,Feat_55,Feat_56,Feat_57,Feat_58,Feat_59,Feat_60,Feat_61,Feat_62,Feat_63,Feat_64,Feat_65,Feat_66,Feat_67,Feat_68,Feat_69,Feat_70,Feat_71,Feat_72,Feat_73,Feat_74,Feat_75,Feat_76,Feat_77,Feat_78,Feat_79,Feat_80,Feat_81,Feat_82,Feat_83,Feat_84,Feat_85,Feat_86,Feat_87,Feat_88,Feat_89,Feat_90,Feat_91,Feat_92,Feat_93,Feat_94,Feat_95,Feat_96,Feat_97,Feat_98,Feat_99,Feat_100,Label_Sin,Label_Cos
167.0,134.0,84.0,85.0,55.0,55.0,55.0,55.0,55.0,128.0,203.0,205.0,189.0,152.0,100.0,57.0,55.0,55.0,55.0,56.0,144.0,198.0,205.0,205.0,179.0,140.0,112.0,95.0,90.0,93.0,105.0,118.0,135.0,142.0,142.0,136.0,132.0,128.0,126.0,124.0,123.0,125.0,129.0,134.0,138.0,141.0,142.0,143.0,143.0,144.0,195.0,102.0,55.0,102.0,124.0,143.0,113.0,111.0,125.0,141.0,142.0,120.0,106.0,96.0,100.0,104.0,124.0,140.0,154.0,157.0,152.0,142.0,132.0,114.0,83.0,55.0,55.0,55.0,118.0,197.0,205.0,205.0,205.0,178.0,65.0,55.0,55.0,55.0,71.0,163.0,198.0,198.0,178.0,154.0,137.0,129.0,125.0,120.0,116.0,114.0,-0.997668769190539,-0.06824241336467313
55.0,87.0,129.0,149.0,169.0,156.0,154.0,154.0,179.0,164.0,146.0,121.0,110.0,86.0,98.0,119.0,121.0,118.0,143.0,162.0,159.0,159.0,155.0,134.0,112.0,105.0,100.0,98.0,103.0,118.0,135.0,149.0,150.0,143.0,134.0,129.0,127.0,129.0,131.0,132.0,132.0,134.0,134.0,132.0,129.0,125.0,123.0,124.0,124.0,123.0,176.0,136.0,137.0,127.0,105.0,108.0,135.0,126.0,107.0,113.0,124.0,144.0,135.0,115.0,99.0,104.0,106.0,118.0,127.0,127.0,138.0,158.0,167.0,166.0,161.0,136.0,90.0,64.0,68.0,91.0,125.0,166.0,191.0,194.0,183.0,165.0,140.0,113.0,93.0,83.0,82.0,91.0,106.0,119.0,126.0,129.0,127.0,127.0,130.0,133.0,-0.9790344807812531,0.20369458864040074
78.0,149.0,109.0,148.0,87.0,99.0,55.0,71.0,81.0,104.0,100.0,109.0,131.0,124.0,120.0,113.0,114.0,100.0,120.0,150.0,168.0,160.0,156.0,145.0,127.0,116.0,110.0,103.0,104.0,116.0,136.0,152.0,159.0,151.0,139.0,127.0,119.0,114.0,114.0,117.0,121.0,128.0,133.0,138.0,139.0,141.0,143.0,146.0,148.0,148.0,90.0,70.0,90.0,113.0,139.0,132.0,126.0,108.0,98.0,80.0,76.0,84.0,103.0,121.0,138.0,151.0,160.0,166.0,159.0,127.0,81.0,55.0,55.0,55.0,74.0,190.0,205.0,205.0,205.0,205.0,119.0,57.0,55.0,55.0,55.0,69.0,161.0,196.0,203.0,186.0,156.0,125.0,102.0,91.0,89.0,93.0,99.0,102.0,104.0,105.0,-0.8876608971554221,0.46049769995216183
55.0,55.0,56.0,170.0,195.0,164.0,124.0,122.0,103.0,77.0,56.0,55.0,55.0,55.0,136.0,193.0,205.0,200.0,174.0,142.0,120.0,104.0,94.0,88.0,93.0,106.0,124.0,139.0,147.0,148.0,145.0,139.0,131.0,125.0,121.0,122.0,125.0,129.0,132.0,134.0,136.0,139.0,143.0,144.0,144.0,143.0,143.0,144.0,145.0,145.0,71.0,115.0,133.0,154.0,174.0,142.0,121.0,105.0,102.0,91.0,117.0,135.0,158.0,165.0,158.0,148.0,147.0,134.0,98.0,57.0,55.0,55.0,58.0,180.0,205.0,205.0,205.0,205.0,203.0,55.0,55.0,55.0,55.0,55.0,126.0,205.0,205.0,205.0,205.0,173.0,115.0,73.0,56.0,61.0,81.0,99.0,110.0,112.0,112.0,115.0,-0.730336798692925,0.683087227574173
147.0,94.0,144.0,103.0,169.0,145.0,175.0,157.0,162.0,109.0,109.0,110.0,106.0,93.0,106.0,125.0,126.0,150.0,176.0,173.0,141.0,127.0,115.0,103.0,102.0,111.0,114.0,120.0,127.0,138.0,143.0,146.0,139.0,133.0,125.0,122.0,119.0,121.0,123.0,124.0,125.0,125.0,125.0,124.0,123.0,123.0,124.0,123.0,123.0,123.0,159.0,153.0,135.0,120.0,134.0,157.0,140.0,98.0,92.0,103.0,124.0,134.0,130.0,123.0,147.0,177.0,182.0,168.0,146.0,110.0,85.0,76.0,89.0,115.0,149.0,182.0,197.0,197.0,182.0,153.0,110.0,68.0,55.0,58.0,105.0,154.0,178.0,167.0,131.0,92.0,69.0,74.0,99.0,129.0,149.0,157.0,154.0,145.0,138.0,137.0,-0.518750889180383,0.8549254441029124
77.0,71.0,95.0,100.0,99.0,90.0,115.0,142.0,134.0,122.0,114.0,114.0,105.0,127.0,149.0,154.0,148.0,164.0,174.0,157.0,131.0,115.0,98.0,94.0,109.0,127.0,134.0,138.0,143.0,146.0,148.0,141.0,128.0,117.0,112.0,113.0,119.0,126.0,132.0,138.0,144.0,150.0,151.0,151.0,148.0,147.0,147.0,145.0,142.0,139.0,169.0,126.0,132.0,125.0,104.0,88.0,92.0,109.0,133.0,143.0,136.0,137.0,142.0,143.0,129.0,109.0,80.0,63.0,75.0,121.0,182.0,205.0,205.0,205.0,205.0,112.0,55.0,55.0,55.0,55.0,83.0,204.0,205.0,205.0,205.0,184.0,85.0,55.0,55.0,55.0,55.0,93.0,109.0,115.0,118.0,123.0,133.0,145.0,157.0,163.0,-0.26862336053934377,0.9632452907606399
115.0,100.0,55.0,61.0,55.0,72.0,86.0,111.0,124.0,167.0,196.0,189.0,165.0,137.0,132.0,128.0,145.0,153.0,148.0,128.0,114.0,107.0,107.0,110.0,118.0,123.0,133.0,146.0,159.0,158.0,147.0,126.0,109.0,99.0,97.0,101.0,110.0,121.0,132.0,141.0,145.0,147.0,147.0,148.0,148.0,147.0,143.0,138.0,135.0,133.0,205.0,124.0,92.0,84.0,86.0,142.0,151.0,145.0,128.0,127.0,116.0,111.0,79.0,57.0,55.0,76.0,112.0,165.0,205.0,205.0,205.0,186.0,109.0,55.0,55.0,55.0,55.0,55.0,137.0,205.0,205.0,205.0,205.0,205.0,98.0,55.0,55.0,55.0,55.0,87.0,143.0,161.0,158.0,145.0,133.0,128.0,128.0,131.0,134.0,132.0,0.0014620697975993731,0.9999989311753823
114.0,135.0,120.0,120.0,103.0,102.0,74.0,78.0,108.0,140.0,142.0,155.0,168.0,139.0,92.0,65.0,55.0,55.0,55.0,106.0,147.0,170.0,188.0,191.0,174.0,149.0,122.0,98.0,83.0,81.0,94.0,116.0,138.0,151.0,154.0,148.0,139.0,129.0,121.0,116.0,114.0,113.0,114.0,118.0,121.0,124.0,126.0,128.0,131.0,133.0,119.0,113.0,108.0,106.0,108.0,124.0,136.0,125.0,109.0,108.0,129.0,144.0,141.0,133.0,127.0,120.0,121.0,128.0,124.0,111.0,104.0,112.0,130.0,150.0,161.0,145.0,105.0,74.0,81.0,129.0,189.0,205.0,205.0,123.0,55.0,55.0,55.0,62.0,155.0,190.0,191.0,168.0,140.0,122.0,120.0,128.0,134.0,130.0,118.0,108.0,0.2714388727789975,0.962455681236527
142.0,94.0,55.0,78.0,67.0,114.0,100.0,120.0,142.0,185.0,173.0,169.0,174.0,176.0,158.0,144.0,124.0,80.0,55.0,61.0,87.0,104.0,127.0,147.0,163.0,174.0,182.0,171.0,144.0,109.0,83.0,76.0,86.0,103.0,122.0,136.0,145.0,147.0,146.0,148.0,147.0,144.0,136.0,131.0,131.0,132.0,132.0,129.0,125.0,122.0,103.0,120.0,137.0,146.0,138.0,135.0,143.0,131.0,114.0,108.0,100.0,103.0,104.0,109.0,127.0,166.0,199.0,205.0,205.0,183.0,142.0,102.0,67.0,55.0,55.0,55.0,135.0,205.0,205.0,205.0,205.0,205.0,55.0,55.0,55.0,55.0,111.0,135.0,120.0,87.0,62.0,60.0,86.0,125.0,160.0,179.0,183.0,177.0,170.0,165.0,0.5212485900367514,0.8534048906496252
102.0,63.0,55.0,80.0,122.0,138.0,148.0,159.0,183.0,197.0,194.0,166.0,109.0,55.0,55.0,55.0,87.0,122.0,147.0,160.0,168.0,177.0,176.0,154.0,121.0,95.0,84.0,90.0,105.0,123.0,136.0,143.0,139.0,136.0,133.0,133.0,133.0,134.0,134.0,134.0,132.0,130.0,130.0,132.0,132.0,130.0,126.0,124.0,125.0,127.0,148.0,114.0,65.0,78.0,117.0,142.0,127.0,121.0,123.0,124.0,117.0,89.0,77.0,86.0,106.0,129.0,156.0,171.0,179.0,184.0,175.0,135.0,85.0,55.0,55.0,55.0,55.0,136.0,205.0,205.0,205.0,205.0,205.0,58.0,55.0,55.0,55.0,55.0,78.0,148.0,173.0,178.0,169.0,153.0,138.0,129.0,126.0,126.0,125.0,124.0,0.7323311165610029,0.6809487027056552
102.0,55.0,73.0,125.0,178.0,157.0,143.0,145.0,134.0,105.0,76.0,55.0,55.0,55.0,72.0,151.0,179.0,196.0,196.0,178.0,151.0,121.0,93.0,75.0,73.0,89.0,114.0,136.0,149.0,154.0,151.0,144.0,134.0,126.0,121.0,119.0,119.0,121.0,122.0,124.0,125.0,128.0,131.0,133.0,133.0,134.0,135.0,137.0,138.0,139.0,145.0,118.0,101.0,104.0,123.0,145.0,127.0,106.0,113.0,135.0,146.0,141.0,134.0,123.0,119.0,124.0,129.0,120.0,107.0,106.0,120.0,140.0,158.0,160.0,131.0,91.0,73.0,95.0,152.0,205.0,205.0,175.0,97.0,55.0,55.0,55.0,99.0,173.0,195.0,185.0,158.0,132.0,120.0,123.0,132.0,134.0,126.0,114.0,106.0,109.0,0.8890036602608653,0.45790008958590955
113.0,146.0,108.0,134.0,135.0,169.0,154.0,171.0,169.0,137.0,84.0,63.0,61.0,57.0,75.0,119.0,161.0,179.0,205.0,205.0,205.0,147.0,102.0,68.0,55.0,67.0,100.0,127.0,145.0,156.0,163.0,165.0,158.0,143.0,126.0,114.0,107.0,106.0,109.0,112.0,114.0,118.0,121.0,124.0,125.0,125.0,126.0,128.0,129.0,130.0,160.0,143.0,111.0,115.0,129.0,106.0,106.0,103.0,105.0,99.0,96.0,106.0,145.0,189.0,205.0,205.0,183.0,147.0,111.0,81.0,55.0,55.0,55.0,67.0,163.0,205.0,205.0,205.0,205.0,81.0,55.0,55.0,69.0,115.0,118.0,86.0,55.0,55.0,55.0,92.0,162.0,199.0,205.0,193.0,171.0,155.0,150.0,149.0,144.0,130.0,0.9796259258942169,0.20083088735525287
126.0,91.0,125.0,183.0,188.0,178.0,121.0,75.0,57.0,69.0,81.0,109.0,150.0,192.0,205.0,205.0,178.0,108.0,55.0,55.0,55.0,55.0,86.0,145.0,179.0,202.0,205.0,187.0,143.0,95.0,69.0,71.0,92.0,118.0,135.0,143.0,146.0,145.0,140.0,132.0,125.0,121.0,122.0,124.0,124.0,123.0,121.0,122.0,125.0,127.0,186.0,140.0,105.0,113.0,113.0,121.0,93.0,82.0,88.0,107.0,129.0,154.0,169.0,182.0,189.0,170.0,122.0,69.0,55.0,55.0,55.0,60.0,177.0,205.0,205.0,205.0,205.0,202.0,55.0,55.0,55.0,55.0,55.0,99.0,155.0,175.0,176.0,165.0,149.0,134.0,127.0,125.0,125.0,124.0,122.0,118.0,112.0,107.0,106.0,111.0,0.997464953731348,-0.07115944124091861
87.0,55.0,55.0,76.0,121.0,139.0,155.0,169.0,169.0,147.0,114.0,76.0,55.0,57.0,85.0,114.0,146.0,172.0,181.0,178.0,163.0,135.0,103.0,85.0,84.0,99.0,121.0,137.0,144.0,143.0,139.0,133.0,129.0,125.0,122.0,122.0,125.0,128.0,129.0,130.0,131.0,133.0,135.0,136.0,137.0,136.0,136.0,135.0,135.0,135.0,205.0,151.0,75.0,103.0,111.0,170.0,143.0,121.0,93.0,107.0,122.0,143.0,141.0,120.0,103.0,94.0,108.0,135.0,162.0,149.0,109.0,72.0,70.0,111.0,173.0,204.0,182.0,121.0,60.0,55.0,55.0,133.0,199.0,205.0,205.0,164.0,104.0,73.0,81.0,115.0,148.0,161.0,152.0,132.0,118.0,114.0,116.0,117.0,115.0,110.0,0.9411953580604244,-0.3378628389827883
184.0,87.0,110.0,55.0,75.0,55.0,55.0,55.0,119.0,168.0,187.0,199.0,202.0,168.0,99.0,56.0,55.0,55.0,55.0,55.0,80.0,183.0,205.0,205.0,205.0,181.0,145.0,112.0,82.0,65.0,64.0,84.0,113.0,141.0,158.0,162.0,156.0,146.0,135.0,127.0,121.0,118.0,118.0,121.0,125.0,128.0,129.0,131.0,134.0,135.0,115.0,144.0,99.0,108.0,134.0,142.0,117.0,96.0,107.0,119.0,156.0,154.0,149.0,135.0,138.0,139.0,150.0,134.0,94.0,58.0,55.0,70.0,129.0,190.0,205.0,178.0,127.0,88.0,79.0,113.0,161.0,180.0,155.0,102.0,55.0,55.0,55.0,90.0,171.0,205.0,205.0,205.0,170.0,149.0,138.0,130.0,119.0,106.0,93.0,88.0,0.8149977993296417,-0.5794640515923668
80.0,55.0,55.0,105.0,140.0,169.0,195.0,205.0,205.0,205.0,123.0,55.0,55.0,55.0,55.0,67.0,140.0,174.0,199.0,205.0,205.0,172.0,122.0,79.0,61.0,69.0,92.0,117.0,135.0,144.0,148.0,147.0,141.0,134.0,129.0,128.0,130.0,132.0,130.0,128.0,127.0,127.0,129.0,128.0,126.0,125.0,125.0,126.0,128.0,129.0,205.0,147.0,98.0,120.0,100.0,118.0,90.0,87.0,101.0,138.0,151.0,149.0,144.0,146.0,149.0,131.0,107.0,68.0,55.0,55.0,55.0,148.0,205.0,205.0,205.0,205.0,121.0,67.0,55.0,55.0,55.0,100.0,171.0,204.0,205.0,172.0,126.0,94.0,89.0,108.0,139.0,160.0,162.0,149.0,127.0,107.0,96.0,95.0,102.0,111.0,0.6282483737444707,-0.7780128410813203
92.0,156.0,104.0,126.0,74.0,69.0,55.0,89.0,120.0,153.0,176.0,175.0,163.0,132.0,104.0,64.0,55.0,55.0,80.0,115.0,161.0,186.0,193.0,187.0,166.0,131.0,104.0,87.0,86.0,96.0,115.0,133.0,147.0,152.0,145.0,136.0,131.0,129.0,128.0,127.0,126.0,126.0,127.0,129.0,132.0,135.0,136.0,137.0,136.0,136.0,138.0,131.0,101.0,93.0,125.0,149.0,152.0,141.0,131.0,118.0,111.0,98.0,92.0,95.0,103.0,106.0,117.0,137.0,165.0,191.0,189.0,148.0,87.0,55.0,55.0,55.0,99.0,188.0,205.0,205.0,186.0,125.0,80.0,69.0,93.0,134.0,166.0,176.0,164.0,141.0,121.0,109.0,103.0,101.0,102.0,106.0,112.0,119.0,124.0,128.0,0.39482199773079746,-0.9187576340405897
119.0,55.0,55.0,101.0,167.0,170.0,158.0,155.0,136.0,113.0,87.0,56.0,55.0,55.0,55.0,106.0,179.0,204.0,188.0,166.0,160.0,144.0,120.0,98.0,79.0,76.0,104.0,140.0,157.0,158.0,146.0,134.0,128.0,132.0,133.0,134.0,132.0,129.0,128.0,126.0,124.0,122.0,124.0,128.0,133.0,135.0,137.0,138.0,140.0,144.0,191.0,157.0,110.0,128.0,141.0,152.0,148.0,136.0,130.0,126.0,120.0,118.0,126.0,124.0,118.0,111.0,106.0,115.0,145.0,162.0,149.0,116.0,93.0,84.0,114.0,170.0,199.0,175.0,114.0,56.0,55.0,55.0,91.0,190.0,205.0,205.0,205.0,153.0,107.0,89.0,93.0,104.0,112.0,111.0,106.0,106.0,112.0,121.0,129.0,134.0,0.13206154368954914,-0.9912415188430785
150.0,198.0,148.0,185.0,100.0,84.0,55.0,55.0,72.0,123.0,137.0,160.0,174.0,196.0,205.0,187.0,154.0,113.0,79.0,63.0,81.0,101.0,116.0,128.0,138.0,141.0,152.0,162.0,162.0,149.0,130.0,110.0,101.0,102.0,109.0,117.0,124.0,127.0,129.0,131.0,131.0,131.0,131.0,131.0,132.0,132.0,132.0,131.0,131.0,129.0,163.0,115.0,106.0,143.0,154.0,139.0,126.0,117.0,123.0,115.0,105.0,93.0,92.0,100.0,123.0,147.0,165.0,180.0,187.0,171.0,134.0,99.0,68.0,55.0,67.0,120.0,177.0,205.0,205.0,168.0,117.0,91.0,105.0,143.0,173.0,175.0,145.0,102.0,70.0,60.0,71.0,93.0,116.0,128.0,132.0,132.0,134.0,141.0,150.0,153.0,-0.1405106828701945,-0.9900791624912382
135.0,55.0,55.0,55.0,78.0,148.0,164.0,152.0,148.0,133.0,126.0,86.0,56.0,55.0,55.0,55.0,93.0,124.0,136.0,141.0,156.0,164.0,154.0,145.0,138.0,129.0,121.0,119.0,114.0,107.0,104.0,111.0,125.0,140.0,150.0,153.0,150.0,143.0,135.0,129.0,125.0,123.0,123.0,126.0,130.0,133.0,135.0,136.0,139.0,141.0,155.0,137.0,116.0,124.0,119.0,121.0,113.0,105.0,95.0,103.0,121.0,133.0,141.0,145.0,146.0,144.0,139.0,121.0,97.0,78.0,75.0,92.0,131.0,177.0,205.0,205.0,189.0,136.0,83.0,55.0,57.0,93.0,135.0,163.0,168.0,152.0,131.0,115.0,109.0,110.0,113.0,117.0,118.0,120.0,121.0,122.0,125.0,127.0,127.0,127.0,-0.40264339147320677,-0.9153569245397961
205.0,205.0,103.0,58.0,55.0,55.0,55.0,55.0,55.0,55.0,125.0,205.0,205.0,186.0,140.0,103.0,59.0,55.0,55.0,55.0,56.0,75.0,186.0,205.0,205.0,195.0,161.0,130.0,112.0,100.0,90.0,88.0,96.0,114.0,132.0,143.0,146.0,145.0,141.0,135.0,130.0,125.0,124.0,125.0,131.0,136.0,140.0,141.0,142.0,143.0,167.0,134.0,112.0,117.0,129.0,134.0,130.0,136.0,142.0,146.0,140.0,121.0,103.0,101.0,109.0,107.0,113.0,131.0,150.0,169.0,192.0,197.0,167.0,109.0,56.0,55.0,55.0,55.0,151.0,205.0,205.0,205.0,158.0,110.0,91.0,95.0,109.0,120.0,122.0,117.0,112.0,113.0,118.0,125.0,130.0,132.0,132.0,133.0,137.0,142.0,-0.634860916194252,-0.7726264408425296
132.0,101.0,166.0,111.0,148.0,102.0,127.0,120.0,170.0,158.0,171.0,160.0,145.0,111.0,103.0,107.0,96.0,100.0,130.0,155.0,158.0,166.0,160.0,136.0,114.0,107.0,102.0,100.0,107.0,122.0,137.0,150.0,148.0,141.0,130.0,123.0,118.0,121.0,124.0,125.0,126.0,128.0,129.0,128.0,127.0,124.0,124.0,123.0,124.0,123.0,173.0,151.0,112.0,108.0,116.0,144.0,147.0,122.0,96.0,98.0,114.0,139.0,149.0,139.0,124.0,127.0,144.0,158.0,162.0,144.0,105.0,76.0,86.0,125.0,167.0,187.0,169.0,124.0,91.0,92.0,126.0,166.0,183.0,167.0,125.0,86.0,65.0,72.0,94.0,120.0,133.0,133.0,127.0,124.0,130.0,142.0,151.0,150.0,141.0,130.0,-0.8199101986204504,-0.5724921538311014
187.0,106.0,111.0,55.0,100.0,60.0,98.0,82.0,101.0,92.0,129.0,128.0,116.0,106.0,116.0,116.0,118.0,142.0,159.0,149.0,135.0,137.0,130.0,122.0,119.0,117.0,111.0,120.0,137.0,153.0,153.0,145.0,130.0,122.0,118.0,119.0,120.0,123.0,125.0,129.0,133.0,136.0,137.0,139.0,142.0,146.0,148.0,148.0,147.0,146.0,151.0,91.0,82.0,102.0,107.0,122.0,121.0,125.0,137.0,130.0,114.0,100.0,97.0,98.0,106.0,114.0,121.0,130.0,143.0,152.0,154.0,141.0,114.0,82.0,60.0,57.0,83.0,130.0,179.0,205.0,205.0,205.0,183.0,117.0,58.0,55.0,55.0,55.0,135.0,187.0,205.0,197.0,168.0,134.0,110.0,99.0,98.0,102.0,106.0,106.0,-0.9440426378105312,-0.32982343457634145
69.0,63.0,116.0,160.0,138.0,103.0,87.0,80.0,75.0,82.0,78.0,68.0,86.0,138.0,177.0,189.0,180.0,159.0,133.0,116.0,106.0,100.0,96.0,99.0,110.0,128.0,144.0,149.0,149.0,144.0,138.0,129.0,122.0,116.0,115.0,117.0,121.0,125.0,127.0,129.0,132.0,137.0,141.0,143.0,143.0,143.0,144.0,145.0,145.0,144.0,96.0,110.0,110.0,125.0,118.0,124.0,130.0,128.0,113.0,89.0,96.0,113.0,137.0,153.0,166.0,162.0,159.0,153.0,137.0,105.0,69.0,55.0,55.0,78.0,142.0,202.0,205.0,205.0,189.0,147.0,117.0,101.0,87.0,68.0,55.0,55.0,68.0,116.0,161.0,189.0,192.0,175.0,151.0,130.0,121.0,123.0,128.0,128.0,120.0,109.0,-0.9980355696832528,-0.06264983357539711
129.0,111.0,143.0,156.0,181.0,144.0,101.0,87.0,107.0,101.0,96.0,115.0,132.0,137.0,153.0,161.0,128.0,89.0,82.0,94.0,104.0,122.0,140.0,146.0,148.0,150.0,147.0,133.0,117.0,105.0,104.0,113.0,124.0,133.0,138.0,139.0,135.0,131.0,125.0,121.0,118.0,118.0,119.0,121.0,121.0,121.0,122.0,124.0,127.0,128.0,186.0,142.0,127.0,87.0,116.0,107.0,155.0,144.0,132.0,107.0,101.0,108.0,121.0,132.0,136.0,138.0,127.0,132.0,142.0,150.0,133.0,105.0,68.0,55.0,57.0,123.0,175.0,200.0,198.0,174.0,145.0,125.0,111.0,99.0,90.0,83.0,84.0,97.0,125.0,158.0,183.0,190.0,179.0,156.0,131.0,117.0,114.0,115.0,113.0,105.0,-0.9778774830117974,0.20917846021641878
134.0,117.0,72.0,82.0,80.0,113.0,93.0,111.0,127.0,155.0,151.0,172.0,169.0,144.0,123.0,140.0,159.0,160.0,165.0,166.0,142.0,115.0,109.0,107.0,101.0,103.0,114.0,126.0,143.0,155.0,160.0,152.0,137.0,118.0,105.0,101.0,104.0,113.0,126.0,137.0,145.0,149.0,151.0,151.0,151.0,148.0,144.0,140.0,136.0,132.0,137.0,111.0,119.0,136.0,134.0,115.0,99.0,91.0,98.0,109.0,120.0,125.0,134.0,146.0,154.0,152.0,133.0,103.0,73.0,57.0,64.0,97.0,146.0,193.0,205.0,205.0,205.0,162.0,95.0,55.0,55.0,55.0,64.0,156.0,198.0,205.0,190.0,157.0,125.0,105.0,97.0,99.0,104.0,106.0,105.0,104.0,105.0,110.0,117.0,124.0,-0.8850660625520936,0.46546542827425275
90.0,111.0,142.0,123.0,113.0,115.0,146.0,143.0,139.0,136.0,148.0,160.0,168.0,158.0,120.0,75.0,58.0,77.0,104.0,128.0,147.0,156.0,159.0,165.0,165.0,147.0,118.0,93.0,83.0,92.0,109.0,127.0,139.0,148.0,151.0,153.0,151.0,147.0,144.0,143.0,143.0,143.0,140.0,136.0,134.0,133.0,132.0,129.0,126.0,124.0,186.0,161.0,117.0,121.0,89.0,134.0,143.0,162.0,142.0,131.0,113.0,125.0,129.0,120.0,99.0,78.0,75.0,102.0,157.0,199.0,205.0,180.0,132.0,94.0,88.0,95.0,96.0,80.0,62.0,63.0,104.0,175.0,205.0,205.0,205.0,205.0,94.0,55.0,55.0,76.0,116.0,140.0,140.0,126.0,114.0,115.0,128.0,142.0,149.0,145.0,-0.7264969156037934,0.6871697254813942
84.0,78.0,103.0,140.0,140.0,130.0,144.0,152.0,137.0,131.0,128.0,92.0,58.0,55.0,64.0,67.0,88.0,129.0,158.0,175.0,184.0,183.0,164.0,140.0,115.0,92.0,77.0,77.0,93.0,117.0,142.0,154.0,157.0,153.0,145.0,136.0,128.0,123.0,120.0,119.0,119.0,122.0,124.0,125.0,126.0,128.0,130.0,132.0,134.0,135.0,149.0,105.0,105.0,157.0,141.0,140.0,132.0,144.0,121.0,123.0,108.0,116.0,114.0,101.0,84.0,91.0,112.0,149.0,181.0,175.0,145.0,122.0,110.0,106.0,122.0,138.0,130.0,105.0,90.0,91.0,112.0,153.0,194.0,205.0,204.0,173.0,144.0,124.0,115.0,110.0,100.0,88.0,78.0,78.0,88.0,105.0,122.0,132.0,138.0,139.0,-0.5139512492832229,0.8578193943716909
55.0,116.0,94.0,153.0,138.0,182.0,151.0,168.0,177.0,188.0,164.0,146.0,135.0,89.0,55.0,55.0,55.0,61.0,105.0,156.0,194.0,203.0,205.0,194.0,158.0,115.0,83.0,59.0,55.0,75.0,110.0,144.0,167.0,172.0,165.0,154.0,144.0,137.0,133.0,131.0,129.0,129.0,127.0,125.0,122.0,120.0,120.0,125.0,129.0,126.0,121.0,66.0,82.0,88.0,130.0,121.0,128.0,123.0,121.0,110.0,94.0,78.0,77.0,92.0,106.0,128.0,143.0,157.0,164.0,168.0,150.0,113.0,68.0,55.0,55.0,55.0,111.0,205.0,205.0,205.0,205.0,205.0,71.0,55.0,55.0,55.0,55.0,120.0,190.0,203.0,187.0,157.0,125.0,105.0,95.0,94.0,97.0,101.0,105.0,108.0,-0.2632205625344739,0.9647356816553616
156.0,129.0,103.0,63.0,63.0,76.0,117.0,132.0,146.0,158.0,182.0,195.0,195.0,170.0,117.0,57.0,55.0,55.0,78.0,118.0,145.0,160.0,167.0,176.0,176.0,157.0,125.0,98.0,85.0,90.0,104.0,119.0,130.0,137.0,140.0,140.0,137.0,133.0,130.0,131.0,134.0,135.0,133.0,130.0,130.0,130.0,131.0,129.0,127.0,125.0,166.0,99.0,64.0,103.0,117.0,128.0,118.0,117.0,138.0,142.0,130.0,105.0,94.0,90.0,104.0,120.0,137.0,146.0,153.0,152.0,147.0,138.0,116.0,79.0,55.0,55.0,55.0,90.0,189.0,205.0,205.0,205.0,205.0,82.0,55.0,55.0,55.0,55.0,80.0,189.0,205.0,205.0,191.0,162.0,138.0,121.0,110.0,106.0,105.0,104.0,0.007066614390173696,0.999975031168809
156.0,119.0,95.0,93.0,118.0,116.0,96.0,102.0,127.0,124.0,107.0,98.0,85.0,68.0,81.0,110.0,134.0,149.0,166.0,178.0,171.0,150.0,122.0,96.0,82.0,82.0,98.0,123.0,144.0,153.0,153.0,148.0,140.0,131.0,121.0,115.0,112.0,112.0,113.0,116.0,118.0,120.0,121.0,125.0,130.0,132.0,134.0,135.0,137.0,137.0,170.0,151.0,123.0,124.0,87.0,139.0,134.0,128.0,112.0,116.0,128.0,141.0,129.0,109.0,106.0,102.0,112.0,124.0,131.0,132.0,152.0,167.0,166.0,161.0,150.0,117.0,82.0,70.0,79.0,103.0,145.0,178.0,188.0,180.0,169.0,153.0,131.0,112.0,97.0,88.0,87.0,93.0,102.0,112.0,120.0,125.0,128.0,131.0,136.0,139.0,0.2768287632791322,0.9609192660267283
145.0,110.0,72.0,127.0,102.0,118.0,120.0,122.0,127.0,165.0,205.0,205.0,201.0,172.0,128.0,58.0,55.0,55.0,55.0,55.0,133.0,195.0,205.0,205.0,205.0,176.0,128.0,89.0,62.0,55.0,58.0,95.0,137.0,167.0,176.0,167.0,151.0,137.0,127.0,123.0,122.0,123.0,123.0,125.0,126.0,125.0,123.0,122.0,122.0,124.0,111.0,60.0,75.0,90.0,135.0,128.0,127.0,116.0,113.0,99.0,82.0,75.0,88.0,107.0,120.0,133.0,145.0,158.0,169.0,164.0,130.0,82.0,55.0,55.0,55.0,71.0,187.0,205.0,205.0,205.0,205.0,129.0,59.0,55.0,55.0,55.0,69.0,159.0,195.0,203.0,188.0,158.0,128.0,105.0,93.0,90.0,93.0,98.0,102.0,104.0,0.5260233739129342,0.8504701112309906
66.0,56.0,146.0,105.0,169.0,148.0,203.0,192.0,205.0,167.0,123.0,56.0,55.0,55.0,55.0,121.0,161.0,193.0,205.0,205.0,195.0,155.0,109.0,74.0,57.0,66.0,85.0,111.0,138.0,162.0,169.0,165.0,148.0,130.0,118.0,116.0,119.0,124.0,127.0,130.0,133.0,136.0,136.0,133.0,130.0,128.0,127.0,127.0,128.0,127.0,139.0,125.0,104.0,106.0,131.0,160.0,143.0,112.0,91.0,89.0,100.0,117.0,132.0,140.0,151.0,154.0,151.0,145.0,129.0,96.0,58.0,55.0,55.0,55.0,153.0,205.0,205.0,205.0,205.0,134.0,57.0,55.0,55.0,55.0,57.0,138.0,205.0,205.0,205.0,183.0,154.0,130.0,114.0,106.0,103.0,103.0,103.0,100.0,98.0,98.0,0.7361360418399545,0.6768336042959191
168.0,94.0,113.0,107.0,151.0,112.0,67.0,55.0,55.0,55.0,67.0,134.0,165.0,183.0,189.0,187.0,154.0,116.0,71.0,55.0,55.0,55.0,105.0,143.0,174.0,189.0,189.0,178.0,153.0,119.0,94.0,85.0,93.0,109.0,126.0,134.0,137.0,136.0,131.0,129.0,126.0,123.0,124.0,128.0,133.0,136.0,137.0,137.0,138.0,139.0,138.0,101.0,99.0,120.0,121.0,117.0,128.0,131.0,137.0,117.0,102.0,100.0,106.0,112.0,119.0,122.0,127.0,149.0,169.0,169.0,158.0,141.0,106.0,71.0,63.0,79.0,107.0,144.0,180.0,199.0,198.0,185.0,158.0,121.0,86.0,67.0,67.0,84.0,111.0,132.0,141.0,138.0,128.0,120.0,118.0,124.0,131.0,137.0,140.0,138.0,0.8915560325241851,0.452910411527196
113.0,159.0,87.0,129.0,97.0,166.0,150.0,175.0,162.0,160.0,103.0,68.0,61.0,62.0,67.0,96.0,144.0,160.0,170.0,184.0,188.0,155.0,123.0,95.0,76.0,76.0,103.0,131.0,148.0,151.0,146.0,141.0,139.0,136.0,132.0,126.0,123.0,119.0,119.0,118.0,116.0,114.0,115.0,117.0,120.0,122.0,123.0,125.0,127.0,129.0,137.0,156.0,143.0,151.0,131.0,135.0,118.0,87.0,64.0,85.0,116.0,145.0,156.0,156.0,163.0,176.0,172.0,136.0,83.0,55.0,55.0,55.0,103.0,205.0,205.0,205.0,205.0,205.0,188.0,55.0,55.0,55.0,55.0,60.0,152.0,205.0,205.0,205.0,167.0,100.0,55.0,55.0,55.0,59.0,103.0,118.0,122.0,120.0,121.0,128.0,0.9807361116170318,0.19533734760742769
172.0,74.0,119.0,119.0,200.0,177.0,183.0,120.0,94.0,60.0,77.0,81.0,104.0,142.0,185.0,205.0,205.0,199.0,127.0,68.0,55.0,55.0,55.0,97.0,135.0,170.0,194.0,205.0,189.0,152.0,108.0,81.0,79.0,95.0,116.0,133.0,140.0,144.0,144.0,141.0,134.0,128.0,124.0,125.0,126.0,127.0,125.0,123.0,124.0,126.0,187.0,147.0,136.0,91.0,120.0,98.0,93.0,106.0,139.0,160.0,167.0,155.0,141.0,147.0,132.0,97.0,55.0,55.0,55.0,63.0,189.0,205.0,205.0,205.0,205.0,117.0,55.0,55.0,55.0,55.0,55.0,139.0,205.0,205.0,205.0,205.0,148.0,94.0,61.0,58.0,78.0,104.0,119.0,122.0,115.0,108.0,110.0,121.0,136.0,149.0,0.9970504694785816,-0.07674868932131712
55.0,55.0,55.0,82.0,137.0,166.0,205.0,205.0,186.0,121.0,61.0,55.0,55.0,55.0,86.0,140.0,174.0,191.0,191.0,177.0,148.0,113.0,88.0,82.0,91.0,110.0,127.0,137.0,140.0,138.0,132.0,127.0,122.0,119.0,118.0,122.0,129.0,134.0,135.0,131.0,131.0,134.0,139.0,141.0,138.0,136.0,135.0,135.0,136.0,136.0,172.0,160.0,116.0,138.0,141.0,135.0,95.0,98.0,107.0,127.0,133.0,127.0,123.0,149.0,180.0,182.0,167.0,141.0,105.0,74.0,76.0,96.0,125.0,155.0,181.0,193.0,193.0,180.0,151.0,106.0,65.0,55.0,66.0,113.0,160.0,179.0,161.0,121.0,83.0,67.0,79.0,108.0,137.0,155.0,158.0,152.0,142.0,136.0,137.0,141.0,0.9392869987560744,-0.3431325312001275
124.0,188.0,140.0,163.0,67.0,56.0,55.0,55.0,55.0,132.0,167.0,184.0,193.0,205.0,174.0,102.0,55.0,55.0,55.0,55.0,98.0,162.0,186.0,193.0,192.0,171.0,145.0,115.0,95.0,89.0,94.0,105.0,119.0,133.0,144.0,147.0,143.0,134.0,126.0,123.0,122.0,124.0,126.0,126.0,128.0,128.0,130.0,133.0,135.0,134.0,135.0,133.0,129.0,127.0,126.0,131.0,131.0,130.0,129.0,128.0,130.0,130.0,131.0,129.0,129.0,129.0,130.0,130.0,130.0,130.0,130.0,130.0,130.0,130.0,129.0,129.0,130.0,130.0,130.0,130.0,130.0,130.0,130.0,130.0,130.0,130.0,130.0,130.0,130.0,130.0,130.0,130.0,130.0,130.0,130.0,129.0,129.0,130.0,132.0,131.0,0.8117373502872485,-0.5840226657833041
187.0,147.0,92.0,62.0,64.0,79.0,93.0,126.0,168.0,204.0,205.0,205.0,147.0,78.0,55.0,55.0,55.0,55.0,123.0,161.0,192.0,205.0,203.0,169.0,119.0,80.0,67.0,79.0,104.0,126.0,139.0,145.0,147.0,143.0,136.0,128.0,123.0,121.0,123.0,124.0,123.0,122.0,121.0,123.0,125.0,126.0,126.0,125.0,126.0,127.0,173.0,130.0,100.0,107.0,111.0,104.0,131.0,149.0,152.0,152.0,124.0,111.0,104.0,94.0,70.0,64.0,69.0,99.0,153.0,205.0,205.0,205.0,205.0,127.0,61.0,55.0,55.0,55.0,55.0,77.0,205.0,205.0,205.0,205.0,205.0,105.0,55.0,55.0,55.0,82.0,124.0,135.0,128.0,113.0,104.0,107.0,119.0,134.0,145.0,149.0,0.6238780764477994,-0.7815216860252784
133.0,66.0,55.0,55.0,95.0,158.0,161.0,181.0,147.0,141.0,96.0,83.0,55.0,66.0,85.0,128.0,159.0,178.0,169.0,149.0,119.0,93.0,83.0,89.0,103.0,128.0,153.0,165.0,166.0,155.0,134.0,111.0,100.0,99.0,111.0,126.0,137.0,142.0,147.0,146.0,144.0,135.0,129.0,128.0,131.0,135.0,135.0,133.0,133.0,132.0,140.0,108.0,100.0,105.0,132.0,142.0,123.0,104.0,118.0,138.0,145.0,139.0,132.0,121.0,119.0,127.0,128.0,117.0,106.0,109.0,124.0,144.0,159.0,155.0,121.0,83.0,74.0,107.0,166.0,205.0,205.0,157.0,77.0,55.0,55.0,55.0,127.0,181.0,195.0,179.0,151.0,128.0,120.0,125.0,133.0,133.0,123.0,111.0,106.0,111.0,0.3896665520260697,-0.920956013190703
55.0,55.0,55.0,82.0,70.0,124.0,115.0,190.0,179.0,189.0,169.0,143.0,87.0,55.0,55.0,55.0,55.0,55.0,70.0,164.0,205.0,205.0,205.0,198.0,161.0,116.0,83.0,58.0,55.0,58.0,98.0,133.0,160.0,172.0,170.0,159.0,148.0,135.0,128.0,123.0,122.0,123.0,126.0,128.0,128.0,128.0,129.0,132.0,135.0,137.0,168.0,149.0,123.0,136.0,110.0,137.0,129.0,121.0,102.0,111.0,101.0,103.0,97.0,113.0,153.0,194.0,205.0,205.0,187.0,149.0,115.0,81.0,55.0,55.0,55.0,87.0,175.0,205.0,205.0,205.0,205.0,77.0,55.0,55.0,55.0,109.0,118.0,96.0,67.0,55.0,57.0,102.0,148.0,181.0,193.0,186.0,172.0,161.0,157.0,155.0,0.12650398357041034,-0.9919660992901004
118.0,114.0,124.0,153.0,185.0,199.0,175.0,124.0,72.0,55.0,55.0,55.0,99.0,126.0,151.0,176.0,193.0,194.0,171.0,129.0,89.0,68.0,74.0,96.0,120.0,138.0,146.0,148.0,149.0,145.0,137.0,126.0,120.0,122.0,126.0,126.0,123.0,121.0,121.0,122.0,124.0,123.0,124.0,125.0,126.0,128.0,128.0,129.0,129.0,131.0,172.0,147.0,107.0,111.0,120.0,139.0,120.0,86.0,67.0,85.0,110.0,132.0,152.0,164.0,177.0,188.0,177.0,131.0,79.0,55.0,55.0,55.0,55.0,138.0,205.0,205.0,205.0,205.0,205.0,56.0,55.0,55.0,55.0,55.0,80.0,154.0,178.0,176.0,163.0,148.0,136.0,130.0,127.0,126.0,123.0,121.0,118.0,114.0,109.0,107.0,-0.14605744752760833,-0.9892761101036049
91.0,55.0,56.0,55.0,89.0,129.0,136.0,177.0,162.0,164.0,125.0,107.0,58.0,55.0,55.0,55.0,57.0,123.0,158.0,178.0,191.0,187.0,161.0,137.0,121.0,107.0,100.0,101.0,105.0,112.0,124.0,135.0,145.0,149.0,155.0,146.0,136.0,127.0,125.0,128.0,129.0,127.0,126.0,128.0,132.0,134.0,137.0,138.0,140.0,140.0,169.0,147.0,96.0,108.0,117.0,161.0,159.0,134.0,109.0,91.0,109.0,134.0,152.0,135.0,111.0,90.0,102.0,133.0,164.0,159.0,117.0,72.0,63.0,105.0,171.0,205.0,205.0,137.0,66.0,55.0,55.0,93.0,175.0,205.0,205.0,169.0,126.0,104.0,107.0,126.0,139.0,136.0,121.0,106.0,103.0,111.0,122.0,127.0,124.0,117.0,-0.40776725286286025,-0.9130859036764701
100.0,75.0,129.0,138.0,137.0,96.0,66.0,55.0,55.0,55.0,106.0,140.0,178.0,175.0,152.0,129.0,95.0,62.0,57.0,73.0,92.0,130.0,173.0,197.0,195.0,174.0,138.0,104.0,85.0,82.0,95.0,116.0,134.0,145.0,149.0,145.0,137.0,131.0,127.0,127.0,128.0,130.0,132.0,135.0,138.0,140.0,142.0,144.0,145.0,144.0,132.0,131.0,132.0,131.0,131.0,130.0,129.0,129.0,130.0,130.0,133.0,146.0,130.0,205.0,164.0,140.0,135.0,140.0,129.0,127.0,127.0,127.0,128.0,128.0,139.0,205.0,146.0,134.0,131.0,127.0,125.0,128.0,141.0,124.0,124.0,126.0,127.0,128.0,128.0,128.0,127.0,126.0,125.0,125.0,125.0,125.0,125.0,125.0,126.0,126.0,-0.6391811869414011,-0.7690561814719271
100.0,101.0,150.0,143.0,167.0,161.0,155.0,170.0,169.0,158.0,129.0,124.0,95.0,92.0,103.0,122.0,116.0,134.0,162.0,174.0,168.0,164.0,145.0,118.0,102.0,97.0,93.0,95.0,108.0,129.0,149.0,159.0,154.0,142.0,131.0,124.0,124.0,127.0,130.0,131.0,134.0,135.0,136.0,132.0,128.0,125.0,125.0,125.0,125.0,123.0,134.0,128.0,124.0,131.0,131.0,132.0,128.0,167.0,122.0,129.0,129.0,136.0,131.0,141.0,129.0,130.0,133.0,129.0,129.0,126.0,129.0,128.0,139.0,205.0,205.0,205.0,205.0,205.0,205.0,205.0,95.0,105.0,91.0,121.0,119.0,119.0,137.0,117.0,202.0,132.0,127.0,118.0,117.0,116.0,136.0,119.0,118.0,119.0,118.0,119.0,-0.823105895700023,-0.5678879154057276
160.0,114.0,55.0,56.0,66.0,98.0,92.0,98.0,83.0,121.0,130.0,130.0,112.0,116.0,112.0,115.0,139.0,162.0,152.0,135.0,135.0,132.0,123.0,121.0,120.0,115.0,121.0,136.0,152.0,154.0,147.0,132.0,122.0,119.0,120.0,122.0,125.0,127.0,130.0,134.0,136.0,138.0,139.0,142.0,146.0,148.0,148.0,148.0,150.0,151.0,140.0,116.0,112.0,126.0,133.0,134.0,114.0,106.0,103.0,101.0,107.0,120.0,131.0,139.0,147.0,148.0,146.0,140.0,124.0,101.0,81.0,75.0,90.0,127.0,174.0,205.0,205.0,200.0,143.0,89.0,57.0,57.0,91.0,133.0,163.0,170.0,156.0,134.0,118.0,111.0,110.0,114.0,118.0,120.0,121.0,122.0,123.0,126.0,128.0,128.0,-0.9458763306132275,-0.3245272980592794
55.0,61.0,178.0,191.0,159.0,125.0,124.0,101.0,75.0,56.0,55.0,55.0,56.0,147.0,197.0,205.0,199.0,173.0,141.0,119.0,104.0,95.0,90.0,96.0,109.0,127.0,141.0,148.0,149.0,146.0,139.0,131.0,124.0,120.0,124.0,130.0,136.0,134.0,131.0,132.0,139.0,146.0,148.0,146.0,144.0,143.0,144.0,147.0,147.0,145.0,156.0,137.0,116.0,115.0,119.0,137.0,133.0,126.0,133.0,143.0,149.0,145.0,123.0,97.0,95.0,106.0,112.0,119.0,134.0,149.0,167.0,190.0,198.0,169.0,113.0,57.0,55.0,55.0,55.0,153.0,205.0,205.0,205.0,162.0,114.0,91.0,92.0,106.0,120.0,124.0,119.0,113.0,113.0,117.0,125.0,130.0,133.0,133.0,134.0,137.0,-0.9983710203903575,-0.05705528586131499
106.0,150.0,104.0,146.0,110.0,175.0,143.0,172.0,156.0,147.0,103.0,112.0,112.0,94.0,89.0,115.0,136.0,137.0,159.0,170.0,149.0,121.0,117.0,111.0,107.0,113.0,122.0,124.0,131.0,136.0,141.0,140.0,136.0,129.0,126.0,125.0,125.0,125.0,128.0,128.0,127.0,128.0,126.0,125.0,123.0,123.0,123.0,125.0,124.0,124.0,149.0,119.0,116.0,120.0,138.0,139.0,119.0,99.0,103.0,117.0,140.0,147.0,137.0,124.0,130.0,148.0,161.0,162.0,141.0,102.0,76.0,89.0,130.0,171.0,188.0,167.0,121.0,91.0,96.0,131.0,169.0,184.0,165.0,123.0,84.0,66.0,74.0,97.0,123.0,135.0,134.0,127.0,125.0,132.0,144.0,152.0,151.0,141.0,131.0,127.0,-0.976689768652267,0.21465576118516183
92.0,69.0,90.0,86.0,99.0,95.0,122.0,142.0,131.0,118.0,114.0,117.0,108.0,132.0,151.0,149.0,139.0,159.0,179.0,166.0,138.0,115.0,93.0,90.0,109.0,132.0,139.0,140.0,141.0,144.0,147.0,142.0,131.0,119.0,114.0,113.0,119.0,127.0,134.0,139.0,145.0,149.0,151.0,151.0,149.0,148.0,148.0,146.0,143.0,140.0,205.0,131.0,90.0,66.0,113.0,128.0,124.0,110.0,113.0,137.0,136.0,133.0,109.0,106.0,102.0,107.0,105.0,117.0,126.0,138.0,149.0,155.0,151.0,138.0,118.0,92.0,71.0,70.0,92.0,132.0,180.0,205.0,205.0,205.0,163.0,99.0,55.0,55.0,55.0,108.0,162.0,192.0,190.0,167.0,139.0,118.0,107.0,106.0,110.0,113.0,-0.8824434267037865,0.47041853563319447
115.0,205.0,117.0,104.0,55.0,58.0,55.0,58.0,80.0,94.0,118.0,148.0,196.0,192.0,179.0,148.0,133.0,117.0,125.0,126.0,122.0,107.0,106.0,112.0,124.0,135.0,143.0,144.0,145.0,145.0,144.0,137.0,128.0,116.0,109.0,107.0,108.0,113.0,119.0,127.0,133.0,139.0,142.0,143.0,144.0,146.0,147.0,146.0,143.0,140.0,156.0,122.0,96.0,98.0,114.0,134.0,139.0,147.0,147.0,120.0,90.0,82.0,95.0,109.0,118.0,127.0,139.0,158.0,188.0,202.0,173.0,106.0,55.0,55.0,55.0,55.0,134.0,205.0,205.0,205.0,179.0,141.0,122.0,113.0,98.0,77.0,63.0,68.0,98.0,141.0,175.0,187.0,176.0,152.0,128.0,116.0,117.0,126.0,130.0,126.0,-0.7226342121630339,0.6912306383628487
157.0,137.0,160.0,138.0,163.0,104.0,107.0,94.0,101.0,77.0,116.0,133.0,146.0,152.0,173.0,150.0,100.0,71.0,65.0,62.0,78.0,120.0,151.0,168.0,178.0,182.0,166.0,145.0,120.0,102.0,91.0,95.0,107.0,127.0,143.0,151.0,150.0,145.0,136.0,127.0,121.0,118.0,118.0,118.0,118.0,120.0,123.0,126.0,128.0,130.0,129.0,114.0,107.0,111.0,113.0,124.0,141.0,147.0,131.0,106.0,95.0,105.0,124.0,137.0,142.0,132.0,125.0,134.0,149.0,151.0,129.0,95.0,60.0,55.0,79.0,140.0,188.0,205.0,195.0,165.0,136.0,118.0,105.0,90.0,75.0,72.0,87.0,119.0,155.0,182.0,190.0,178.0,153.0,126.0,111.0,115.0,122.0,125.0,117.0,108.0,-0.5091354654107537,0.8606863992540925
104.0,56.0,62.0,90.0,114.0,145.0,144.0,134.0,139.0,169.0,158.0,134.0,132.0,159.0,167.0,167.0,158.0,124.0,80.0,67.0,84.0,99.0,114.0,135.0,153.0,164.0,173.0,173.0,155.0,124.0,96.0,83.0,87.0,102.0,122.0,139.0,151.0,156.0,157.0,154.0,150.0,147.0,145.0,143.0,141.0,137.0,133.0,130.0,128.0,127.0,135.0,114.0,114.0,136.0,137.0,122.0,102.0,93.0,96.0,107.0,117.0,123.0,131.0,143.0,154.0,155.0,142.0,115.0,82.0,59.0,56.0,86.0,135.0,184.0,205.0,205.0,205.0,183.0,121.0,60.0,55.0,55.0,55.0,133.0,189.0,205.0,199.0,169.0,135.0,111.0,100.0,99.0,103.0,107.0,107.0,105.0,105.0,109.0,116.0,124.0,-0.25780949637905737,0.966195768763648
96.0,55.0,78.0,77.0,98.0,79.0,87.0,118.0,162.0,178.0,179.0,173.0,166.0,158.0,149.0,128.0,87.0,55.0,55.0,86.0,116.0,142.0,158.0,163.0,166.0,172.0,166.0,141.0,110.0,88.0,82.0,94.0,112.0,126.0,136.0,143.0,146.0,147.0,144.0,140.0,138.0,139.0,142.0,142.0,139.0,135.0,134.0,132.0,131.0,130.0,156.0,159.0,146.0,150.0,129.0,104.0,93.0,114.0,139.0,158.0,151.0,131.0,130.0,151.0,165.0,151.0,114.0,69.0,55.0,55.0,131.0,193.0,205.0,205.0,181.0,142.0,118.0,102.0,79.0,56.0,55.0,55.0,116.0,184.0,205.0,205.0,205.0,136.0,85.0,63.0,74.0,103.0,130.0,141.0,134.0,121.0,115.0,121.0,135.0,147.0,0.012670937009989686,0.9999197204552418
139.0,85.0,76.0,108.0,128.0,108.0,100.0,121.0,121.0,110.0,101.0,92.0,68.0,72.0,102.0,134.0,153.0,171.0,178.0,169.0,150.0,126.0,102.0,84.0,82.0,96.0,119.0,140.0,152.0,155.0,151.0,143.0,132.0,123.0,116.0,113.0,113.0,114.0,116.0,118.0,120.0,122.0,126.0,130.0,133.0,134.0,134.0,135.0,140.0,144.0,115.0,148.0,142.0,148.0,102.0,124.0,122.0,121.0,117.0,127.0,139.0,143.0,142.0,136.0,147.0,140.0,119.0,85.0,58.0,55.0,99.0,158.0,197.0,205.0,197.0,166.0,134.0,119.0,112.0,101.0,86.0,74.0,70.0,86.0,130.0,183.0,205.0,205.0,205.0,149.0,106.0,86.0,87.0,96.0,105.0,106.0,103.0,103.0,109.0,119.0,0.282209958175126,0.9593526669097208
132.0,106.0,113.0,118.0,126.0,128.0,167.0,205.0,205.0,199.0,173.0,128.0,58.0,55.0,55.0,55.0,55.0,136.0,198.0,205.0,205.0,205.0,175.0,127.0,88.0,61.0,55.0,55.0,97.0,139.0,169.0,178.0,168.0,151.0,137.0,126.0,123.0,122.0,122.0,123.0,126.0,126.0,126.0,124.0,122.0,122.0,124.0,125.0,125.0,127.0,205.0,131.0,59.0,85.0,93.0,127.0,115.0,115.0,111.0,135.0,131.0,123.0,108.0,97.0,89.0,86.0,92.0,106.0,131.0,152.0,164.0,166.0,163.0,149.0,123.0,89.0,58.0,55.0,55.0,122.0,200.0,205.0,205.0,205.0,205.0,76.0,55.0,55.0,55.0,107.0,176.0,191.0,173.0,140.0,112.0,99.0,99.0,105.0,110.0,114.0,0.5307816346106159,0.8475086172777729
79.0,55.0,55.0,111.0,142.0,154.0,156.0,177.0,193.0,200.0,178.0,126.0,62.0,55.0,55.0,70.0,115.0,144.0,159.0,168.0,177.0,179.0,161.0,130.0,101.0,87.0,90.0,104.0,118.0,129.0,138.0,141.0,142.0,139.0,135.0,131.0,133.0,135.0,136.0,135.0,132.0,131.0,131.0,132.0,131.0,129.0,126.0,127.0,127.0,129.0,188.0,157.0,118.0,117.0,92.0,138.0,139.0,157.0,138.0,136.0,116.0,128.0,127.0,119.0,98.0,79.0,76.0,103.0,158.0,199.0,205.0,181.0,133.0,95.0,88.0,95.0,95.0,80.0,63.0,65.0,106.0,178.0,205.0,205.0,205.0,205.0,93.0,55.0,55.0,62.0,117.0,144.0,145.0,130.0,117.0,117.0,129.0,142.0,148.0,144.0,0.739917843988142,0.6726972455331891
75.0,159.0,130.0,183.0,163.0,139.0,83.0,61.0,55.0,55.0,55.0,88.0,159.0,182.0,205.0,194.0,172.0,133.0,104.0,79.0,75.0,81.0,102.0,129.0,151.0,161.0,163.0,154.0,139.0,124.0,116.0,114.0,119.0,125.0,129.0,131.0,131.0,131.0,131.0,132.0,132.0,132.0,133.0,136.0,138.0,139.0,140.0,141.0,140.0,139.0,149.0,148.0,135.0,119.0,90.0,137.0,133.0,125.0,117.0,117.0,133.0,139.0,126.0,107.0,107.0,103.0,115.0,126.0,131.0,135.0,156.0,169.0,167.0,162.0,147.0,111.0,79.0,72.0,83.0,108.0,148.0,182.0,193.0,185.0,168.0,148.0,126.0,110.0,98.0,91.0,89.0,94.0,103.0,113.0,122.0,127.0,130.0,133.0,137.0,140.0,0.8940803996830196,0.44790650687688394
168.0,109.0,132.0,113.0,127.0,157.0,158.0,163.0,167.0,164.0,108.0,75.0,57.0,62.0,57.0,94.0,140.0,170.0,186.0,205.0,205.0,179.0,127.0,93.0,62.0,55.0,77.0,113.0,140.0,154.0,159.0,160.0,160.0,151.0,136.0,122.0,113.0,107.0,108.0,110.0,113.0,116.0,120.0,122.0,124.0,125.0,125.0,127.0,129.0,131.0,157.0,90.0,76.0,80.0,107.0,132.0,136.0,127.0,111.0,98.0,82.0,76.0,83.0,100.0,118.0,136.0,149.0,159.0,166.0,162.0,134.0,89.0,55.0,55.0,55.0,61.0,178.0,205.0,205.0,205.0,205.0,152.0,64.0,55.0,55.0,55.0,70.0,155.0,193.0,203.0,190.0,163.0,131.0,108.0,94.0,90.0,93.0,98.0,102.0,104.0,0.9818154909560428,0.18983767202203228
164.0,79.0,108.0,127.0,201.0,187.0,178.0,114.0,79.0,61.0,81.0,90.0,110.0,146.0,189.0,205.0,205.0,187.0,115.0,57.0,55.0,55.0,55.0,103.0,145.0,179.0,202.0,205.0,188.0,146.0,101.0,76.0,77.0,96.0,120.0,137.0,145.0,148.0,147.0,142.0,134.0,128.0,125.0,126.0,127.0,127.0,125.0,124.0,125.0,128.0,140.0,126.0,99.0,114.0,146.0,156.0,128.0,99.0,86.0,91.0,112.0,129.0,141.0,148.0,154.0,153.0,149.0,137.0,109.0,70.0,55.0,55.0,55.0,104.0,205.0,205.0,205.0,205.0,205.0,78.0,55.0,55.0,55.0,55.0,115.0,197.0,205.0,205.0,195.0,165.0,138.0,119.0,109.0,105.0,104.0,105.0,103.0,100.0,98.0,101.0,0.9966046663836524,-0.08233552661111086
169.0,86.0,55.0,55.0,55.0,55.0,55.0,115.0,157.0,204.0,205.0,205.0,143.0,84.0,55.0,55.0,55.0,56.0,124.0,165.0,189.0,194.0,185.0,161.0,126.0,97.0,83.0,87.0,103.0,123.0,135.0,141.0,141.0,135.0,130.0,125.0,122.0,121.0,123.0,127.0,129.0,131.0,133.0,135.0,138.0,140.0,139.0,137.0,136.0,137.0,157.0,141.0,135.0,117.0,143.0,154.0,129.0,91.0,94.0,109.0,128.0,135.0,127.0,128.0,156.0,182.0,179.0,164.0,137.0,99.0,72.0,77.0,100.0,130.0,162.0,186.0,196.0,192.0,176.0,143.0,97.0,60.0,55.0,70.0,120.0,165.0,180.0,159.0,119.0,82.0,68.0,81.0,109.0,137.0,154.0,158.0,151.0,143.0,138.0,140.0,0.9373491350462715,-0.34839144511311804
205.0,155.0,145.0,119.0,144.0,96.0,58.0,55.0,55.0,55.0,94.0,163.0,180.0,190.0,202.0,187.0,122.0,62.0,55.0,55.0,55.0,55.0,94.0,179.0,205.0,205.0,205.0,176.0,142.0,110.0,84.0,72.0,73.0,92.0,118.0,141.0,153.0,156.0,150.0,141.0,131.0,125.0,122.0,120.0,121.0,123.0,126.0,129.0,131.0,133.0,170.0,163.0,127.0,133.0,134.0,120.0,92.0,89.0,99.0,127.0,144.0,142.0,136.0,142.0,146.0,139.0,122.0,95.0,70.0,67.0,99.0,156.0,205.0,205.0,205.0,205.0,145.0,77.0,55.0,55.0,55.0,58.0,169.0,205.0,205.0,205.0,205.0,112.0,60.0,55.0,55.0,55.0,81.0,105.0,115.0,119.0,122.0,129.0,139.0,151.0,0.8084514033640223,-0.5885629349515163
55.0,55.0,84.0,128.0,156.0,176.0,205.0,205.0,205.0,162.0,83.0,55.0,55.0,55.0,55.0,99.0,160.0,193.0,205.0,205.0,188.0,146.0,98.0,67.0,64.0,82.0,107.0,128.0,140.0,147.0,149.0,145.0,138.0,132.0,129.0,130.0,132.0,132.0,130.0,127.0,127.0,129.0,130.0,129.0,126.0,125.0,126.0,128.0,130.0,130.0,192.0,130.0,96.0,98.0,119.0,106.0,115.0,131.0,149.0,156.0,140.0,115.0,107.0,106.0,86.0,67.0,62.0,76.0,120.0,181.0,205.0,205.0,205.0,169.0,99.0,55.0,55.0,55.0,55.0,56.0,142.0,205.0,205.0,205.0,205.0,205.0,57.0,55.0,55.0,57.0,113.0,131.0,128.0,115.0,103.0,103.0,114.0,130.0,143.0,150.0,0.6194881822103551,-0.7850059822075943
113.0,118.0,105.0,145.0,130.0,121.0,78.0,65.0,55.0,84.0,114.0,144.0,168.0,178.0,169.0,140.0,108.0,72.0,56.0,56.0,84.0,116.0,154.0,180.0,188.0,183.0,165.0,133.0,104.0,87.0,87.0,101.0,122.0,137.0,145.0,146.0,142.0,137.0,133.0,128.0,125.0,125.0,127.0,129.0,131.0,132.0,133.0,135.0,136.0,137.0,129.0,120.0,115.0,109.0,107.0,113.0,124.0,134.0,122.0,107.0,114.0,134.0,144.0,138.0,133.0,125.0,119.0,123.0,128.0,121.0,108.0,105.0,117.0,136.0,155.0,160.0,135.0,94.0,73.0,92.0,147.0,202.0,205.0,182.0,103.0,55.0,55.0,55.0,91.0,168.0,192.0,184.0,163.0,140.0,125.0,121.0,125.0,130.0,127.0,118.0,0.38449886631383273,-0.9231254637390182
72.0,55.0,88.0,153.0,174.0,163.0,158.0,136.0,110.0,86.0,57.0,55.0,55.0,55.0,100.0,177.0,205.0,193.0,169.0,159.0,140.0,117.0,100.0,85.0,80.0,102.0,136.0,156.0,159.0,149.0,136.0,130.0,131.0,132.0,133.0,132.0,130.0,128.0,127.0,124.0,122.0,124.0,129.0,134.0,136.0,137.0,137.0,139.0,142.0,144.0,138.0,136.0,121.0,102.0,114.0,123.0,140.0,135.0,130.0,120.0,122.0,114.0,103.0,92.0,91.0,104.0,133.0,167.0,193.0,205.0,205.0,184.0,147.0,102.0,57.0,55.0,55.0,55.0,107.0,205.0,205.0,205.0,205.0,205.0,71.0,55.0,55.0,55.0,55.0,87.0,95.0,98.0,102.0,114.0,132.0,150.0,163.0,168.0,166.0,162.0,0.12094244977249195,-0.9926595206026224
200.0,165.0,186.0,175.0,140.0,95.0,55.0,55.0,55.0,105.0,120.0,154.0,161.0,189.0,199.0,204.0,173.0,143.0,104.0,78.0,76.0,94.0,107.0,118.0,129.0,134.0,140.0,153.0,163.0,160.0,148.0,128.0,111.0,103.0,105.0,109.0,118.0,123.0,127.0,129.0,132.0,132.0,132.0,132.0,133.0,133.0,133.0,133.0,132.0,131.0,146.0,84.0,66.0,96.0,135.0,134.0,131.0,121.0,119.0,114.0,94.0,78.0,86.0,104.0,124.0,148.0,165.0,177.0,188.0,181.0,141.0,90.0,55.0,55.0,55.0,55.0,127.0,205.0,205.0,205.0,205.0,205.0,68.0,55.0,55.0,55.0,55.0,67.0,145.0,171.0,178.0,170.0,155.0,140.0,128.0,123.0,125.0,130.0,129.0,122.0,-0.1515996243027848,-0.9884419830780431
82.0,76.0,55.0,55.0,81.0,138.0,141.0,181.0,163.0,158.0,126.0,99.0,58.0,55.0,55.0,55.0,57.0,131.0,169.0,188.0,199.0,186.0,156.0,129.0,113.0,100.0,95.0,97.0,105.0,116.0,131.0,142.0,150.0,150.0,147.0,139.0,134.0,129.0,125.0,124.0,125.0,127.0,129.0,131.0,133.0,135.0,137.0,138.0,139.0,141.0,137.0,119.0,102.0,121.0,149.0,154.0,136.0,121.0,123.0,133.0,136.0,121.0,99.0,81.0,90.0,126.0,157.0,169.0,162.0,145.0,124.0,109.0,103.0,90.0,71.0,67.0,95.0,153.0,205.0,205.0,205.0,139.0,64.0,55.0,55.0,106.0,168.0,195.0,188.0,160.0,128.0,110.0,110.0,121.0,130.0,129.0,120.0,112.0,112.0,119.0,-0.41287830567500045,-0.9107862014232214
123.0,165.0,101.0,139.0,105.0,104.0,56.0,59.0,55.0,55.0,55.0,126.0,163.0,196.0,197.0,160.0,128.0,104.0,80.0,70.0,84.0,92.0,112.0,148.0,182.0,189.0,180.0,154.0,128.0,109.0,105.0,105.0,114.0,125.0,135.0,139.0,136.0,127.0,121.0,120.0,122.0,126.0,130.0,132.0,135.0,144.0,144.0,141.0,139.0,142.0,140.0,130.0,143.0,123.0,137.0,136.0,134.0,105.0,112.0,100.0,106.0,100.0,109.0,133.0,176.0,203.0,205.0,205.0,173.0,136.0,99.0,64.0,55.0,55.0,55.0,144.0,205.0,205.0,205.0,205.0,158.0,55.0,55.0,55.0,60.0,120.0,123.0,100.0,73.0,61.0,76.0,108.0,150.0,176.0,184.0,179.0,170.0,166.0,162.0,156.0,-0.6434813800542539,-0.7654617648997714
171.0,132.0,95.0,55.0,55.0,55.0,106.0,140.0,160.0,173.0,189.0,205.0,194.0,158.0,114.0,84.0,67.0,93.0,134.0,148.0,140.0,135.0,128.0,124.0,135.0,142.0,134.0,123.0,120.0,123.0,128.0,129.0,124.0,117.0,117.0,117.0,119.0,119.0,121.0,127.0,135.0,138.0,136.0,133.0,131.0,131.0,130.0,129.0,125.0,123.0,117.0,118.0,97.0,96.0,111.0,135.0,124.0,109.0,88.0,84.0,99.0,108.0,107.0,108.0,118.0,133.0,154.0,165.0,155.0,133.0,110.0,93.0,92.0,114.0,141.0,159.0,169.0,173.0,177.0,175.0,167.0,145.0,121.0,104.0,101.0,110.0,122.0,133.0,132.0,121.0,104.0,90.0,84.0,88.0,100.0,112.0,123.0,129.0,131.0,132.0,-0.8262757377959071,-0.5632658387740457
55.0,55.0,92.0,152.0,176.0,161.0,139.0,125.0,107.0,76.0,55.0,55.0,55.0,56.0,104.0,133.0,137.0,146.0,159.0,161.0,150.0,143.0,135.0,125.0,120.0,117.0,112.0,106.0,106.0,114.0,130.0,144.0,152.0,153.0,148.0,141.0,133.0,127.0,124.0,122.0,123.0,127.0,131.0,133.0,135.0,137.0,140.0,143.0,145.0,145.0,129.0,129.0,129.0,129.0,130.0,129.0,130.0,130.0,130.0,130.0,130.0,129.0,129.0,129.0,129.0,132.0,132.0,131.0,128.0,128.0,130.0,131.0,131.0,130.0,129.0,129.0,130.0,130.0,131.0,130.0,130.0,130.0,130.0,130.0,130.0,130.0,130.0,130.0,130.0,130.0,130.0,130.0,130.0,130.0,130.0,130.0,130.0,130.0,130.0,130.0,-0.9476803120297927,-0.31922096765581454
205.0,152.0,97.0,55.0,55.0,55.0,55.0,55.0,55.0,72.0,199.0,205.0,205.0,158.0,120.0,71.0,55.0,55.0,55.0,55.0,74.0,176.0,205.0,205.0,198.0,169.0,133.0,112.0,97.0,90.0,90.0,100.0,117.0,134.0,143.0,143.0,140.0,137.0,132.0,128.0,125.0,124.0,124.0,129.0,135.0,139.0,141.0,142.0,143.0,144.0,130.0,123.0,103.0,121.0,121.0,111.0,85.0,97.0,111.0,152.0,168.0,174.0,169.0,168.0,161.0,149.0,117.0,64.0,55.0,55.0,55.0,113.0,205.0,205.0,205.0,156.0,90.0,58.0,77.0,127.0,160.0,149.0,101.0,55.0,55.0,55.0,59.0,155.0,201.0,205.0,205.0,185.0,166.0,154.0,144.0,130.0,113.0,97.0,89.0,91.0,-0.998675110774839,-0.05145894595561642
100.0,55.0,65.0,127.0,134.0,172.0,153.0,163.0,143.0,181.0,162.0,157.0,122.0,119.0,91.0,98.0,118.0,124.0,110.0,123.0,142.0,144.0,151.0,159.0,149.0,129.0,120.0,113.0,107.0,107.0,112.0,121.0,134.0,140.0,145.0,141.0,133.0,129.0,135.0,140.0,139.0,134.0,132.0,131.0,132.0,130.0,127.0,124.0,124.0,124.0,141.0,99.0,111.0,98.0,112.0,91.0,88.0,106.0,142.0,153.0,148.0,144.0,147.0,146.0,127.0,99.0,60.0,55.0,55.0,71.0,162.0,205.0,205.0,205.0,182.0,111.0,59.0,55.0,55.0,55.0,129.0,185.0,205.0,205.0,163.0,115.0,86.0,87.0,111.0,144.0,166.0,167.0,150.0,127.0,105.0,94.0,94.0,103.0,112.0,120.0,-0.9754713750105639,0.22012631949632863
81.0,119.0,90.0,126.0,80.0,69.0,55.0,75.0,88.0,104.0,107.0,128.0,125.0,121.0,120.0,108.0,87.0,89.0,115.0,135.0,151.0,160.0,161.0,149.0,140.0,128.0,117.0,107.0,107.0,112.0,127.0,138.0,144.0,143.0,139.0,132.0,127.0,122.0,120.0,121.0,124.0,129.0,134.0,137.0,140.0,143.0,146.0,148.0,149.0,149.0,152.0,99.0,90.0,118.0,132.0,111.0,85.0,88.0,118.0,146.0,158.0,147.0,132.0,126.0,126.0,124.0,116.0,93.0,63.0,55.0,87.0,151.0,205.0,205.0,205.0,134.0,58.0,55.0,55.0,65.0,169.0,205.0,205.0,168.0,108.0,64.0,58.0,88.0,134.0,168.0,180.0,170.0,152.0,135.0,122.0,113.0,105.0,101.0,102.0,108.0,-0.8797930719914561,0.4753568664443974
59.0,55.0,55.0,55.0,77.0,145.0,174.0,162.0,140.0,135.0,110.0,74.0,55.0,55.0,55.0,55.0,115.0,186.0,205.0,203.0,180.0,148.0,122.0,106.0,95.0,90.0,93.0,104.0,121.0,137.0,146.0,148.0,146.0,141.0,133.0,126.0,122.0,121.0,124.0,128.0,132.0,134.0,137.0,139.0,143.0,145.0,144.0,143.0,142.0,143.0,84.0,92.0,121.0,149.0,152.0,128.0,134.0,144.0,147.0,135.0,135.0,132.0,133.0,123.0,113.0,120.0,125.0,120.0,114.0,107.0,109.0,135.0,159.0,149.0,121.0,102.0,94.0,108.0,147.0,183.0,181.0,139.0,81.0,55.0,55.0,55.0,158.0,205.0,205.0,205.0,174.0,119.0,91.0,88.0,99.0,111.0,113.0,108.0,104.0,108.0,-0.7187488097040026,0.6952698386591205
151.0,124.0,137.0,122.0,153.0,159.0,162.0,175.0,136.0,116.0,101.0,120.0,94.0,98.0,108.0,127.0,130.0,164.0,187.0,176.0,146.0,129.0,110.0,97.0,98.0,105.0,110.0,118.0,129.0,142.0,152.0,152.0,144.0,133.0,124.0,117.0,116.0,117.0,121.0,123.0,126.0,126.0,127.0,125.0,124.0,124.0,124.0,124.0,124.0,124.0,158.0,149.0,126.0,104.0,132.0,152.0,147.0,126.0,123.0,127.0,125.0,111.0,95.0,90.0,94.0,114.0,139.0,159.0,173.0,187.0,185.0,156.0,118.0,84.0,58.0,55.0,91.0,150.0,198.0,205.0,200.0,144.0,101.0,94.0,124.0,162.0,180.0,165.0,125.0,85.0,64.0,65.0,82.0,106.0,124.0,132.0,133.0,134.0,139.0,147.0,-0.5043036888340436,0.8635263686931489
101.0,87.0,93.0,72.0,93.0,88.0,121.0,139.0,141.0,115.0,115.0,116.0,112.0,119.0,142.0,154.0,146.0,157.0,175.0,167.0,140.0,122.0,105.0,93.0,102.0,122.0,132.0,137.0,141.0,145.0,148.0,146.0,134.0,123.0,114.0,112.0,116.0,123.0,130.0,136.0,143.0,148.0,151.0,151.0,150.0,148.0,148.0,147.0,144.0,141.0,139.0,92.0,94.0,132.0,164.0,164.0,137.0,108.0,103.0,99.0,98.0,95.0,98.0,104.0,116.0,138.0,164.0,189.0,191.0,156.0,97.0,55.0,55.0,55.0,93.0,181.0,205.0,205.0,202.0,134.0,85.0,69.0,89.0,129.0,164.0,177.0,168.0,145.0,124.0,111.0,105.0,102.0,104.0,106.0,113.0,119.0,125.0,128.0,130.0,130.0,-0.2523903320428929,0.9676255062219465
87.0,129.0,55.0,79.0,69.0,119.0,98.0,131.0,114.0,122.0,125.0,148.0,148.0,134.0,137.0,143.0,158.0,163.0,167.0,144.0,108.0,82.0,89.0,102.0,118.0,134.0,143.0,145.0,153.0,158.0,153.0,134.0,114.0,100.0,99.0,108.0,119.0,130.0,139.0,145.0,149.0,151.0,150.0,147.0,147.0,147.0,147.0,144.0,140.0,136.0,148.0,140.0,128.0,130.0,120.0,126.0,130.0,134.0,121.0,122.0,134.0,147.0,147.0,139.0,120.0,98.0,97.0,106.0,110.0,117.0,133.0,149.0,167.0,191.0,197.0,167.0,110.0,56.0,55.0,55.0,55.0,153.0,205.0,205.0,205.0,162.0,113.0,90.0,91.0,106.0,120.0,123.0,118.0,113.0,113.0,117.0,124.0,130.0,133.0,132.0,0.01827486161678358,0.9998330007720726
126.0,114.0,93.0,109.0,102.0,80.0,85.0,121.0,129.0,140.0,160.0,169.0,126.0,80.0,58.0,55.0,55.0,55.0,123.0,156.0,177.0,189.0,186.0,166.0,141.0,115.0,92.0,80.0,83.0,100.0,124.0,144.0,153.0,153.0,145.0,135.0,126.0,119.0,115.0,113.0,113.0,115.0,119.0,122.0,125.0,127.0,130.0,132.0,133.0,135.0,143.0,141.0,125.0,101.0,106.0,118.0,123.0,114.0,104.0,108.0,123.0,151.0,172.0,174.0,156.0,136.0,117.0,104.0,106.0,116.0,116.0,120.0,142.0,172.0,194.0,194.0,164.0,115.0,79.0,77.0,108.0,144.0,162.0,150.0,116.0,82.0,66.0,71.0,93.0,121.0,140.0,146.0,141.0,137.0,137.0,143.0,149.0,148.0,140.0,131.0,0.28758228843546796,0.9577559330947626
101.0,69.0,60.0,71.0,92.0,107.0,107.0,123.0,164.0,181.0,173.0,165.0,181.0,171.0,155.0,138.0,109.0,67.0,55.0,76.0,99.0,117.0,136.0,154.0,165.0,176.0,178.0,162.0,130.0,99.0,81.0,81.0,95.0,112.0,130.0,141.0,147.0,149.0,147.0,144.0,141.0,139.0,138.0,138.0,136.0,133.0,129.0,127.0,125.0,124.0,162.0,98.0,100.0,90.0,123.0,106.0,94.0,110.0,127.0,142.0,140.0,143.0,138.0,148.0,134.0,111.0,83.0,71.0,78.0,110.0,153.0,190.0,205.0,198.0,160.0,110.0,71.0,58.0,76.0,118.0,164.0,190.0,186.0,156.0,114.0,81.0,70.0,84.0,113.0,142.0,159.0,159.0,147.0,132.0,120.0,115.0,115.0,117.0,121.0,124.0,0.5355232226655988,0.8445205018149953
70.0,71.0,87.0,83.0,87.0,107.0,154.0,175.0,182.0,173.0,166.0,156.0,150.0,136.0,100.0,59.0,55.0,74.0,107.0,135.0,155.0,163.0,165.0,170.0,168.0,148.0,117.0,92.0,81.0,89.0,106.0,122.0,133.0,141.0,145.0,146.0,144.0,140.0,138.0,138.0,141.0,141.0,139.0,136.0,133.0,132.0,132.0,130.0,127.0,126.0,155.0,101.0,109.0,104.0,131.0,124.0,142.0,132.0,157.0,138.0,117.0,85.0,91.0,104.0,115.0,122.0,133.0,148.0,176.0,199.0,196.0,151.0,85.0,55.0,55.0,55.0,62.0,177.0,205.0,205.0,205.0,165.0,126.0,107.0,99.0,91.0,85.0,84.0,96.0,119.0,146.0,162.0,164.0,153.0,136.0,124.0,121.0,127.0,134.0,136.0,0.7436764042134067,0.6685397563467842
156.0,136.0,112.0,100.0,103.0,118.0,101.0,98.0,115.0,133.0,115.0,102.0,95.0,78.0,67.0,90.0,122.0,145.0,162.0,177.0,175.0,160.0,137.0,112.0,90.0,82.0,88.0,109.0,133.0,149.0,155.0,153.0,147.0,136.0,127.0,118.0,114.0,112.0,114.0,115.0,117.0,119.0,121.0,125.0,128.0,132.0,134.0,135.0,136.0,138.0,156.0,127.0,104.0,122.0,108.0,110.0,99.0,101.0,132.0,149.0,148.0,123.0,120.0,133.0,157.0,161.0,145.0,103.0,74.0,82.0,126.0,167.0,181.0,161.0,115.0,77.0,80.0,122.0,167.0,191.0,184.0,155.0,118.0,94.0,82.0,77.0,76.0,82.0,98.0,125.0,156.0,181.0,192.0,184.0,162.0,135.0,117.0,112.0,117.0,123.0,0.8965766824431596,0.44288853281521945
88.0,129.0,78.0,132.0,72.0,143.0,108.0,142.0,152.0,205.0,200.0,201.0,171.0,121.0,57.0,55.0,55.0,55.0,55.0,118.0,179.0,201.0,205.0,205.0,181.0,136.0,100.0,70.0,57.0,65.0,94.0,127.0,154.0,164.0,161.0,151.0,142.0,133.0,129.0,126.0,124.0,123.0,122.0,121.0,124.0,125.0,124.0,120.0,118.0,120.0,137.0,88.0,90.0,102.0,107.0,119.0,124.0,130.0,137.0,125.0,108.0,98.0,98.0,100.0,108.0,116.0,123.0,134.0,147.0,154.0,152.0,135.0,106.0,75.0,57.0,61.0,94.0,144.0,192.0,205.0,205.0,205.0,164.0,96.0,55.0,55.0,55.0,68.0,152.0,191.0,204.0,191.0,162.0,130.0,106.0,97.0,97.0,103.0,107.0,107.0,0.9828640300062984,0.18433203335225878
55.0,70.0,86.0,146.0,120.0,162.0,164.0,205.0,203.0,205.0,155.0,97.0,55.0,55.0,55.0,83.0,136.0,176.0,205.0,205.0,205.0,198.0,139.0,91.0,59.0,55.0,58.0,85.0,119.0,153.0,177.0,177.0,164.0,143.0,126.0,117.0,115.0,116.0,121.0,125.0,129.0,135.0,139.0,138.0,133.0,129.0,128.0,128.0,129.0,128.0,116.0,148.0,119.0,138.0,121.0,147.0,118.0,102.0,83.0,110.0,136.0,164.0,175.0,166.0,158.0,156.0,147.0,113.0,76.0,55.0,55.0,65.0,144.0,205.0,205.0,205.0,205.0,147.0,116.0,98.0,80.0,56.0,55.0,55.0,55.0,134.0,187.0,205.0,205.0,171.0,128.0,100.0,95.0,109.0,127.0,138.0,133.0,120.0,109.0,109.0,0.9961275584499144,-0.08791977761921554
130.0,144.0,88.0,141.0,116.0,122.0,55.0,55.0,55.0,55.0,85.0,142.0,165.0,182.0,186.0,178.0,150.0,116.0,85.0,65.0,69.0,85.0,108.0,136.0,161.0,171.0,174.0,162.0,143.0,118.0,105.0,101.0,109.0,117.0,124.0,126.0,127.0,126.0,125.0,125.0,125.0,125.0,127.0,131.0,135.0,137.0,138.0,139.0,139.0,139.0,205.0,139.0,97.0,91.0,98.0,144.0,155.0,131.0,97.0,106.0,112.0,130.0,129.0,132.0,130.0,132.0,132.0,141.0,145.0,131.0,105.0,73.0,57.0,61.0,116.0,165.0,191.0,193.0,176.0,149.0,130.0,123.0,116.0,106.0,97.0,91.0,91.0,105.0,132.0,164.0,188.0,196.0,184.0,161.0,138.0,122.0,113.0,105.0,99.0,93.0,0.9353818278022642,-0.3536394155312659
100.0,114.0,139.0,111.0,161.0,155.0,168.0,162.0,172.0,112.0,83.0,57.0,63.0,55.0,86.0,131.0,164.0,183.0,205.0,205.0,205.0,141.0,94.0,60.0,55.0,71.0,104.0,129.0,144.0,156.0,165.0,168.0,160.0,143.0,123.0,110.0,103.0,104.0,106.0,111.0,114.0,119.0,123.0,125.0,126.0,126.0,127.0,129.0,130.0,130.0,136.0,119.0,98.0,114.0,136.0,153.0,128.0,103.0,92.0,98.0,107.0,114.0,119.0,125.0,137.0,150.0,157.0,150.0,129.0,99.0,71.0,58.0,69.0,106.0,156.0,202.0,205.0,205.0,205.0,153.0,86.0,55.0,55.0,55.0,85.0,167.0,203.0,205.0,185.0,151.0,120.0,102.0,101.0,106.0,110.0,106.0,102.0,102.0,106.0,115.0,0.8051400617765747,-0.5930847164802121
103.0,107.0,158.0,191.0,183.0,146.0,92.0,57.0,62.0,78.0,97.0,131.0,174.0,205.0,205.0,205.0,140.0,71.0,55.0,55.0,55.0,63.0,129.0,165.0,189.0,204.0,200.0,169.0,117.0,77.0,66.0,81.0,106.0,129.0,142.0,147.0,147.0,142.0,135.0,128.0,123.0,123.0,123.0,125.0,123.0,122.0,122.0,124.0,127.0,127.0,158.0,167.0,143.0,148.0,132.0,106.0,94.0,113.0,137.0,155.0,151.0,132.0,129.0,149.0,164.0,152.0,117.0,72.0,55.0,55.0,125.0,187.0,205.0,205.0,185.0,145.0,120.0,102.0,81.0,57.0,55.0,55.0,110.0,177.0,205.0,205.0,205.0,142.0,89.0,64.0,72.0,99.0,127.0,140.0,135.0,122.0,114.0,120.0,133.0,146.0,0.6150788289252636,-0.7884656201813282
125.0,61.0,55.0,55.0,76.0,82.0,103.0,135.0,168.0,192.0,199.0,173.0,121.0,77.0,55.0,55.0,55.0,87.0,129.0,164.0,188.0,194.0,184.0,166.0,134.0,102.0,82.0,79.0,92.0,114.0,133.0,143.0,146.0,143.0,138.0,134.0,131.0,129.0,130.0,133.0,135.0,137.0,138.0,139.0,140.0,140.0,139.0,138.0,137.0,137.0,109.0,141.0,143.0,164.0,109.0,116.0,118.0,122.0,118.0,127.0,136.0,141.0,140.0,135.0,144.0,144.0,128.0,96.0,65.0,55.0,80.0,140.0,186.0,203.0,200.0,174.0,142.0,123.0,116.0,106.0,92.0,80.0,73.0,82.0,114.0,164.0,204.0,205.0,205.0,166.0,123.0,98.0,92.0,97.0,103.0,104.0,101.0,100.0,105.0,113.0,0.3793191029188054,-0.9252659175398567
164.0,168.0,168.0,146.0,70.0,55.0,55.0,55.0,55.0,101.0,185.0,205.0,205.0,202.0,179.0,115.0,58.0,55.0,55.0,55.0,104.0,149.0,171.0,178.0,177.0,166.0,144.0,119.0,102.0,98.0,107.0,117.0,126.0,129.0,127.0,123.0,121.0,119.0,116.0,115.0,116.0,120.0,124.0,127.0,128.0,130.0,132.0,133.0,134.0,134.0,192.0,138.0,123.0,122.0,113.0,110.0,103.0,98.0,88.0,118.0,121.0,133.0,131.0,145.0,150.0,155.0,131.0,98.0,67.0,56.0,67.0,108.0,157.0,197.0,205.0,205.0,205.0,150.0,90.0,55.0,55.0,55.0,96.0,177.0,205.0,205.0,177.0,130.0,97.0,89.0,100.0,119.0,131.0,130.0,119.0,107.0,100.0,103.0,112.0,121.0,0.11537711699186184,-0.9933217609992475
172.0,188.0,179.0,129.0,88.0,60.0,67.0,78.0,99.0,134.0,180.0,205.0,205.0,205.0,130.0,64.0,55.0,55.0,55.0,65.0,132.0,169.0,197.0,205.0,196.0,158.0,108.0,74.0,68.0,84.0,109.0,131.0,142.0,146.0,146.0,142.0,134.0,127.0,122.0,122.0,124.0,124.0,123.0,121.0,122.0,124.0,126.0,127.0,126.0,125.0,158.0,158.0,130.0,121.0,102.0,127.0,149.0,161.0,149.0,126.0,113.0,125.0,134.0,123.0,99.0,77.0,76.0,107.0,162.0,203.0,205.0,177.0,130.0,97.0,92.0,100.0,99.0,81.0,61.0,64.0,106.0,176.0,205.0,205.0,205.0,194.0,97.0,56.0,55.0,86.0,118.0,133.0,128.0,115.0,108.0,114.0,131.0,147.0,152.0,147.0,-0.15713703910767585,-0.9875768076157281
55.0,55.0,107.0,137.0,155.0,165.0,170.0,151.0,126.0,88.0,60.0,55.0,78.0,105.0,140.0,167.0,181.0,180.0,169.0,143.0,112.0,89.0,83.0,94.0,115.0,134.0,143.0,145.0,141.0,135.0,131.0,126.0,123.0,122.0,125.0,127.0,129.0,131.0,131.0,133.0,135.0,136.0,137.0,137.0,136.0,136.0,136.0,135.0,134.0,133.0,164.0,116.0,104.0,121.0,161.0,132.0,143.0,140.0,134.0,118.0,111.0,112.0,117.0,110.0,84.0,81.0,100.0,137.0,173.0,185.0,158.0,128.0,113.0,108.0,116.0,138.0,141.0,117.0,94.0,87.0,99.0,131.0,174.0,202.0,204.0,183.0,161.0,141.0,128.0,118.0,105.0,87.0,72.0,69.0,77.0,96.0,117.0,131.0,139.0,141.0,-0.4179763893638226,-0.9084578900171335
152.0,110.0,72.0,56.0,55.0,56.0,55.0,56.0,126.0,163.0,190.0,202.0,205.0,151.0,90.0,55.0,55.0,55.0,55.0,56.0,72.0,181.0,205.0,205.0,205.0,188.0,156.0,121.0,88.0,61.0,57.0,72.0,104.0,137.0,161.0,169.0,163.0,152.0,140.0,131.0,123.0,118.0,115.0,119.0,123.0,127.0,129.0,131.0,133.0,135.0,115.0,75.0,77.0,86.0,122.0,119.0,127.0,120.0,132.0,115.0,108.0,84.0,79.0,83.0,99.0,115.0,135.0,152.0,162.0,169.0,163.0,137.0,96.0,58.0,55.0,55.0,58.0,163.0,205.0,205.0,205.0,205.0,205.0,55.0,55.0,55.0,55.0,74.0,175.0,200.0,194.0,167.0,135.0,112.0,99.0,95.0,97.0,101.0,105.0,109.0,-0.6477613604573388,-0.7618433040320415
55.0,55.0,58.0,123.0,149.0,172.0,200.0,205.0,205.0,181.0,102.0,55.0,55.0,55.0,55.0,83.0,151.0,183.0,204.0,205.0,198.0,159.0,109.0,72.0,61.0,75.0,100.0,124.0,139.0,146.0,149.0,146.0,139.0,133.0,129.0,129.0,131.0,132.0,130.0,128.0,127.0,128.0,129.0,129.0,127.0,125.0,125.0,127.0,129.0,130.0,143.0,83.0,81.0,106.0,116.0,123.0,125.0,128.0,140.0,131.0,115.0,100.0,93.0,95.0,112.0,128.0,141.0,150.0,153.0,151.0,145.0,129.0,96.0,58.0,55.0,55.0,55.0,150.0,205.0,205.0,205.0,205.0,144.0,57.0,55.0,55.0,55.0,59.0,142.0,205.0,205.0,205.0,183.0,157.0,133.0,115.0,104.0,101.0,101.0,102.0,-0.829419625338644,-0.5586260691223633
150.0,119.0,107.0,148.0,121.0,134.0,81.0,75.0,55.0,82.0,101.0,147.0,161.0,182.0,168.0,148.0,116.0,79.0,56.0,55.0,70.0,101.0,146.0,179.0,192.0,190.0,176.0,145.0,113.0,92.0,86.0,93.0,112.0,128.0,141.0,146.0,146.0,141.0,137.0,131.0,127.0,125.0,126.0,127.0,129.0,130.0,132.0,133.0,135.0,136.0,112.0,162.0,121.0,131.0,110.0,151.0,151.0,121.0,94.0,95.0,113.0,122.0,132.0,120.0,129.0,153.0,179.0,175.0,162.0,137.0,104.0,75.0,74.0,92.0,121.0,153.0,181.0,196.0,194.0,180.0,149.0,107.0,70.0,58.0,74.0,111.0,147.0,161.0,149.0,121.0,96.0,86.0,96.0,117.0,137.0,149.0,151.0,146.0,139.0,134.0,-0.9494545253944796,-0.3139046100457007
124.0,84.0,103.0,112.0,142.0,165.0,176.0,134.0,92.0,61.0,55.0,55.0,55.0,56.0,115.0,194.0,205.0,192.0,152.0,119.0,79.0,58.0,59.0,78.0,100.0,142.0,182.0,195.0,187.0,164.0,132.0,104.0,92.0,95.0,110.0,129.0,142.0,148.0,147.0,140.0,132.0,129.0,128.0,128.0,128.0,130.0,133.0,137.0,141.0,143.0,131.0,131.0,130.0,130.0,130.0,130.0,130.0,130.0,130.0,130.0,130.0,130.0,130.0,130.0,130.0,130.0,130.0,130.0,130.0,130.0,130.0,130.0,130.0,130.0,130.0,130.0,130.0,130.0,130.0,130.0,130.0,130.0,130.0,130.0,130.0,130.0,130.0,130.0,130.0,130.0,130.0,130.0,130.0,130.0,130.0,130.0,130.0,130.0,130.0,130.0,-0.9989478312847648,-0.04586098964768455
121.0,152.0,55.0,66.0,55.0,78.0,97.0,153.0,152.0,183.0,191.0,205.0,187.0,151.0,112.0,77.0,63.0,86.0,121.0,126.0,131.0,138.0,140.0,141.0,150.0,147.0,138.0,127.0,120.0,114.0,117.0,118.0,119.0,119.0,121.0,121.0,125.0,126.0,128.0,130.0,133.0,134.0,133.0,131.0,130.0,130.0,129.0,127.0,124.0,123.0,184.0,112.0,90.0,106.0,118.0,109.0,118.0,137.0,149.0,155.0,132.0,112.0,107.0,101.0,78.0,64.0,63.0,86.0,137.0,196.0,205.0,205.0,205.0,150.0,82.0,55.0,55.0,55.0,55.0,70.0,190.0,205.0,205.0,205.0,205.0,142.0,55.0,55.0,55.0,83.0,119.0,132.0,125.0,111.0,101.0,104.0,118.0,134.0,146.0,151.0,-0.9742223403582487,0.22558996331152784
112.0,55.0,55.0,55.0,115.0,155.0,165.0,149.0,141.0,130.0,111.0,71.0,55.0,55.0,55.0,59.0,107.0,133.0,137.0,148.0,162.0,162.0,150.0,143.0,135.0,126.0,121.0,117.0,111.0,106.0,107.0,116.0,132.0,146.0,153.0,153.0,148.0,140.0,133.0,127.0,124.0,123.0,125.0,128.0,132.0,135.0,136.0,138.0,140.0,143.0,124.0,123.0,108.0,104.0,104.0,125.0,138.0,127.0,108.0,108.0,130.0,145.0,141.0,134.0,126.0,119.0,122.0,128.0,123.0,110.0,105.0,114.0,133.0,152.0,161.0,142.0,102.0,74.0,85.0,134.0,193.0,205.0,202.0,118.0,55.0,55.0,55.0,71.0,160.0,192.0,190.0,166.0,138.0,122.0,121.0,129.0,134.0,129.0,117.0,107.0,-0.8771150816667009,0.48028026558751763
83.0,55.0,55.0,55.0,55.0,109.0,149.0,187.0,193.0,152.0,111.0,88.0,60.0,55.0,55.0,55.0,56.0,100.0,168.0,205.0,205.0,195.0,164.0,131.0,110.0,96.0,88.0,85.0,92.0,109.0,128.0,143.0,150.0,152.0,150.0,145.0,138.0,132.0,129.0,128.0,132.0,135.0,138.0,139.0,140.0,141.0,144.0,145.0,144.0,143.0,76.0,125.0,102.0,118.0,120.0,139.0,131.0,131.0,133.0,116.0,124.0,111.0,106.0,93.0,96.0,102.0,135.0,168.0,196.0,205.0,205.0,180.0,144.0,102.0,60.0,55.0,55.0,55.0,127.0,205.0,205.0,205.0,205.0,205.0,58.0,55.0,55.0,55.0,87.0,100.0,95.0,86.0,85.0,97.0,122.0,148.0,166.0,174.0,171.0,166.0,-0.714840830272987,0.6992871994929026
103.0,113.0,106.0,134.0,118.0,136.0,144.0,154.0,153.0,164.0,137.0,108.0,103.0,114.0,106.0,103.0,118.0,117.0,107.0,117.0,135.0,136.0,138.0,142.0,137.0,127.0,127.0,132.0,132.0,126.0,115.0,110.0,114.0,124.0,134.0,142.0,143.0,138.0,133.0,129.0,126.0,123.0,122.0,121.0,122.0,122.0,122.0,122.0,124.0,124.0,169.0,121.0,67.0,78.0,113.0,140.0,133.0,125.0,120.0,125.0,109.0,82.0,74.0,90.0,115.0,138.0,159.0,168.0,180.0,187.0,168.0,120.0,70.0,55.0,55.0,55.0,67.0,185.0,205.0,205.0,205.0,205.0,154.0,55.0,55.0,55.0,55.0,55.0,102.0,158.0,177.0,176.0,164.0,148.0,135.0,127.0,126.0,126.0,125.0,122.0,-0.49945607132639813,0.8663392134811859
97.0,55.0,55.0,73.0,106.0,100.0,91.0,87.0,123.0,132.0,123.0,112.0,115.0,113.0,120.0,146.0,156.0,135.0,120.0,125.0,125.0,124.0,126.0,126.0,123.0,131.0,146.0,154.0,149.0,134.0,120.0,115.0,117.0,122.0,126.0,130.0,131.0,133.0,136.0,136.0,136.0,138.0,141.0,146.0,148.0,147.0,146.0,146.0,146.0,145.0,125.0,104.0,104.0,133.0,158.0,151.0,126.0,119.0,129.0,133.0,127.0,110.0,92.0,84.0,104.0,136.0,161.0,169.0,160.0,140.0,113.0,101.0,96.0,82.0,67.0,76.0,118.0,180.0,205.0,205.0,185.0,105.0,55.0,55.0,55.0,136.0,181.0,195.0,179.0,148.0,119.0,107.0,112.0,123.0,130.0,125.0,116.0,110.0,113.0,122.0,-0.24696323975000878,0.9690248491200727
55.0,55.0,70.0,186.0,194.0,155.0,121.0,114.0,89.0,67.0,55.0,55.0,55.0,67.0,166.0,204.0,205.0,192.0,161.0,132.0,113.0,101.0,91.0,90.0,98.0,114.0,131.0,143.0,148.0,148.0,144.0,136.0,129.0,124.0,122.0,123.0,127.0,131.0,133.0,135.0,137.0,141.0,144.0,145.0,144.0,143.0,144.0,145.0,146.0,145.0,156.0,127.0,105.0,143.0,110.0,125.0,122.0,118.0,92.0,95.0,102.0,142.0,169.0,179.0,175.0,169.0,163.0,155.0,130.0,78.0,55.0,55.0,55.0,98.0,205.0,205.0,205.0,205.0,98.0,58.0,65.0,110.0,149.0,145.0,101.0,55.0,55.0,55.0,66.0,159.0,199.0,205.0,193.0,169.0,154.0,150.0,147.0,138.0,122.0,103.0,0.023878212182906804,0.9997148748432966
116.0,111.0,137.0,166.0,181.0,160.0,112.0,86.0,105.0,109.0,96.0,102.0,127.0,137.0,146.0,162.0,149.0,105.0,82.0,90.0,101.0,115.0,134.0,146.0,148.0,150.0,150.0,141.0,126.0,110.0,105.0,109.0,121.0,130.0,138.0,140.0,138.0,134.0,129.0,124.0,120.0,119.0,119.0,121.0,122.0,122.0,123.0,125.0,127.0,128.0,205.0,151.0,103.0,111.0,97.0,113.0,94.0,88.0,99.0,138.0,150.0,150.0,143.0,147.0,147.0,131.0,105.0,67.0,55.0,55.0,57.0,149.0,205.0,205.0,205.0,205.0,123.0,66.0,55.0,55.0,55.0,99.0,176.0,205.0,205.0,171.0,122.0,90.0,85.0,106.0,138.0,161.0,164.0,154.0,135.0,113.0,95.0,89.0,97.0,109.0,0.2929455853072554,0.9561291147376434
93.0,119.0,78.0,109.0,60.0,100.0,83.0,106.0,100.0,146.0,138.0,158.0,165.0,169.0,137.0,130.0,150.0,157.0,151.0,147.0,136.0,108.0,102.0,110.0,116.0,116.0,124.0,133.0,142.0,151.0,153.0,144.0,131.0,116.0,107.0,105.0,109.0,115.0,126.0,136.0,143.0,147.0,149.0,149.0,149.0,148.0,145.0,142.0,138.0,134.0,125.0,98.0,110.0,125.0,100.0,91.0,96.0,121.0,140.0,153.0,147.0,136.0,128.0,126.0,123.0,117.0,98.0,67.0,55.0,80.0,142.0,205.0,205.0,205.0,144.0,65.0,55.0,55.0,57.0,160.0,205.0,205.0,176.0,115.0,68.0,56.0,83.0,128.0,164.0,180.0,173.0,154.0,137.0,123.0,114.0,106.0,101.0,102.0,107.0,115.0,0.5402479891375263,0.8415058587038234
122.0,55.0,55.0,63.0,124.0,123.0,137.0,109.0,114.0,126.0,150.0,145.0,140.0,143.0,154.0,166.0,169.0,155.0,111.0,70.0,63.0,87.0,111.0,135.0,152.0,160.0,163.0,169.0,165.0,143.0,113.0,92.0,87.0,98.0,116.0,132.0,143.0,151.0,154.0,155.0,152.0,148.0,146.0,146.0,146.0,145.0,141.0,137.0,136.0,134.0,120.0,147.0,158.0,146.0,116.0,139.0,143.0,146.0,141.0,137.0,133.0,128.0,118.0,116.0,126.0,125.0,119.0,111.0,105.0,115.0,147.0,163.0,145.0,115.0,96.0,93.0,120.0,166.0,191.0,171.0,117.0,60.0,55.0,55.0,92.0,189.0,205.0,205.0,205.0,158.0,110.0,85.0,87.0,101.0,113.0,114.0,109.0,106.0,111.0,120.0,0.7474116044537747,0.6643612673296315
155.0,104.0,81.0,97.0,98.0,83.0,91.0,123.0,135.0,149.0,169.0,156.0,106.0,69.0,57.0,55.0,55.0,84.0,132.0,161.0,180.0,191.0,181.0,159.0,131.0,107.0,87.0,80.0,86.0,106.0,129.0,146.0,153.0,150.0,143.0,132.0,123.0,117.0,113.0,112.0,113.0,115.0,119.0,122.0,124.0,127.0,129.0,131.0,133.0,135.0,148.0,129.0,121.0,105.0,141.0,154.0,144.0,120.0,123.0,128.0,127.0,110.0,94.0,89.0,95.0,115.0,138.0,159.0,172.0,187.0,183.0,154.0,115.0,83.0,57.0,55.0,93.0,152.0,199.0,205.0,194.0,142.0,99.0,94.0,125.0,163.0,180.0,163.0,123.0,83.0,63.0,65.0,83.0,106.0,124.0,132.0,133.0,134.0,139.0,147.0,0.899044802392635,0.4378566469642638
117.0,55.0,82.0,64.0,136.0,110.0,140.0,156.0,176.0,164.0,177.0,186.0,166.0,151.0,135.0,106.0,61.0,55.0,66.0,83.0,102.0,136.0,162.0,179.0,190.0,190.0,167.0,133.0,97.0,77.0,72.0,86.0,105.0,129.0,146.0,154.0,156.0,154.0,149.0,143.0,139.0,136.0,135.0,132.0,129.0,126.0,125.0,123.0,122.0,122.0,143.0,118.0,114.0,126.0,132.0,129.0,113.0,105.0,101.0,100.0,111.0,124.0,134.0,140.0,147.0,147.0,144.0,136.0,116.0,92.0,76.0,77.0,99.0,142.0,187.0,205.0,205.0,179.0,124.0,74.0,55.0,66.0,104.0,145.0,167.0,166.0,148.0,127.0,113.0,109.0,111.0,115.0,118.0,120.0,121.0,121.0,123.0,125.0,128.0,127.0,0.9838816958316239,0.1788206045384256
117.0,55.0,57.0,79.0,119.0,154.0,140.0,176.0,178.0,205.0,185.0,165.0,84.0,55.0,55.0,55.0,95.0,134.0,159.0,179.0,187.0,188.0,174.0,143.0,106.0,78.0,72.0,86.0,109.0,128.0,140.0,145.0,148.0,147.0,141.0,131.0,126.0,125.0,128.0,130.0,131.0,131.0,133.0,133.0,133.0,130.0,128.0,127.0,127.0,127.0,162.0,106.0,99.0,99.0,124.0,132.0,137.0,137.0,153.0,136.0,109.0,84.0,89.0,104.0,116.0,124.0,134.0,148.0,175.0,201.0,194.0,141.0,70.0,55.0,55.0,55.0,71.0,196.0,205.0,205.0,205.0,158.0,127.0,114.0,104.0,88.0,73.0,70.0,88.0,123.0,159.0,178.0,177.0,159.0,136.0,121.0,117.0,124.0,131.0,131.0,0.9956191606640373,-0.09350126693600419
144.0,98.0,92.0,127.0,135.0,103.0,55.0,55.0,55.0,55.0,98.0,152.0,172.0,188.0,192.0,178.0,139.0,97.0,58.0,55.0,55.0,72.0,121.0,157.0,184.0,192.0,188.0,170.0,140.0,107.0,87.0,84.0,98.0,116.0,131.0,136.0,138.0,135.0,131.0,128.0,125.0,123.0,126.0,130.0,135.0,136.0,137.0,137.0,139.0,141.0,205.0,142.0,123.0,111.0,129.0,111.0,107.0,88.0,98.0,138.0,157.0,151.0,120.0,114.0,129.0,159.0,164.0,150.0,107.0,74.0,78.0,120.0,164.0,183.0,165.0,119.0,79.0,78.0,117.0,163.0,189.0,186.0,158.0,120.0,95.0,81.0,76.0,76.0,83.0,99.0,124.0,153.0,177.0,188.0,183.0,164.0,138.0,119.0,112.0,117.0,0.9333851388201098,-0.3588762776079862
146.0,93.0,135.0,110.0,177.0,143.0,170.0,155.0,163.0,100.0,74.0,59.0,60.0,62.0,101.0,150.0,169.0,184.0,202.0,201.0,159.0,119.0,86.0,64.0,66.0,96.0,126.0,145.0,153.0,155.0,152.0,151.0,142.0,131.0,121.0,116.0,111.0,113.0,114.0,115.0,116.0,118.0,121.0,123.0,123.0,124.0,126.0,128.0,129.0,131.0,102.0,100.0,97.0,106.0,114.0,130.0,136.0,136.0,120.0,104.0,99.0,99.0,103.0,108.0,116.0,124.0,136.0,148.0,155.0,150.0,131.0,101.0,71.0,57.0,64.0,100.0,150.0,198.0,205.0,205.0,205.0,157.0,90.0,55.0,55.0,55.0,71.0,160.0,200.0,205.0,187.0,154.0,123.0,104.0,97.0,99.0,104.0,107.0,106.0,104.0,0.8018034295390778,-0.5975878683334972
98.0,113.0,180.0,183.0,185.0,127.0,81.0,55.0,70.0,80.0,105.0,139.0,182.0,205.0,205.0,205.0,121.0,56.0,55.0,55.0,55.0,87.0,137.0,172.0,196.0,205.0,191.0,153.0,105.0,75.0,71.0,89.0,114.0,133.0,142.0,145.0,144.0,139.0,133.0,126.0,123.0,123.0,124.0,125.0,123.0,122.0,122.0,125.0,126.0,127.0,70.0,101.0,139.0,128.0,143.0,130.0,138.0,116.0,101.0,85.0,113.0,137.0,165.0,176.0,167.0,156.0,155.0,144.0,110.0,73.0,55.0,55.0,68.0,150.0,205.0,205.0,205.0,205.0,138.0,108.0,93.0,79.0,56.0,55.0,55.0,55.0,136.0,201.0,205.0,205.0,166.0,116.0,87.0,87.0,107.0,129.0,139.0,134.0,123.0,110.0,0.6106501550968917,-0.7919004912740881
181.0,158.0,108.0,61.0,55.0,55.0,55.0,55.0,88.0,146.0,192.0,205.0,205.0,165.0,106.0,55.0,55.0,55.0,55.0,99.0,150.0,182.0,193.0,189.0,171.0,139.0,106.0,86.0,83.0,95.0,115.0,131.0,139.0,141.0,137.0,131.0,126.0,122.0,120.0,122.0,125.0,128.0,130.0,132.0,134.0,137.0,138.0,138.0,137.0,135.0,190.0,113.0,80.0,96.0,140.0,149.0,120.0,97.0,96.0,118.0,128.0,135.0,128.0,126.0,126.0,136.0,143.0,136.0,112.0,83.0,58.0,55.0,93.0,144.0,178.0,188.0,180.0,158.0,136.0,125.0,120.0,112.0,104.0,97.0,93.0,95.0,111.0,138.0,168.0,190.0,194.0,181.0,158.0,136.0,119.0,106.0,96.0,89.0,86.0,90.0,0.3741274245450662,-0.9273773073583782
127.0,94.0,65.0,55.0,55.0,55.0,59.0,154.0,183.0,191.0,198.0,191.0,134.0,70.0,55.0,55.0,55.0,55.0,86.0,171.0,198.0,205.0,201.0,173.0,141.0,110.0,85.0,74.0,77.0,95.0,118.0,138.0,148.0,151.0,146.0,137.0,129.0,123.0,121.0,120.0,121.0,122.0,125.0,128.0,130.0,131.0,133.0,133.0,133.0,134.0,154.0,147.0,110.0,127.0,103.0,120.0,98.0,96.0,99.0,113.0,125.0,130.0,140.0,147.0,156.0,143.0,119.0,84.0,61.0,55.0,81.0,125.0,172.0,205.0,205.0,205.0,187.0,126.0,65.0,55.0,55.0,55.0,128.0,187.0,205.0,205.0,169.0,128.0,100.0,94.0,102.0,115.0,120.0,115.0,106.0,100.0,102.0,109.0,119.0,126.0,0.10980816004393326,-0.9939527996780159
165.0,83.0,55.0,59.0,84.0,101.0,126.0,165.0,202.0,205.0,205.0,148.0,76.0,55.0,55.0,55.0,56.0,124.0,161.0,192.0,205.0,202.0,168.0,118.0,80.0,67.0,79.0,104.0,127.0,140.0,145.0,146.0,142.0,136.0,128.0,123.0,122.0,123.0,124.0,123.0,121.0,121.0,123.0,126.0,127.0,126.0,125.0,125.0,127.0,129.0,133.0,55.0,103.0,104.0,139.0,112.0,119.0,121.0,148.0,140.0,121.0,107.0,94.0,96.0,101.0,124.0,141.0,156.0,157.0,153.0,142.0,132.0,108.0,75.0,55.0,55.0,55.0,125.0,205.0,205.0,205.0,205.0,201.0,66.0,55.0,55.0,55.0,58.0,135.0,201.0,205.0,194.0,168.0,145.0,130.0,121.0,115.0,111.0,109.0,108.0,-0.16266951800382665,-0.986680610893111
181.0,136.0,80.0,102.0,138.0,160.0,144.0,102.0,74.0,59.0,66.0,88.0,119.0,142.0,167.0,177.0,167.0,137.0,105.0,70.0,57.0,68.0,95.0,126.0,158.0,179.0,184.0,177.0,158.0,126.0,98.0,85.0,90.0,107.0,127.0,140.0,146.0,148.0,145.0,137.0,127.0,121.0,121.0,127.0,131.0,132.0,132.0,132.0,133.0,135.0,138.0,129.0,117.0,149.0,105.0,130.0,128.0,135.0,115.0,120.0,119.0,138.0,136.0,120.0,109.0,105.0,107.0,119.0,132.0,130.0,142.0,159.0,168.0,163.0,162.0,141.0,103.0,76.0,73.0,88.0,118.0,158.0,183.0,184.0,171.0,156.0,141.0,129.0,119.0,106.0,91.0,83.0,83.0,91.0,105.0,119.0,129.0,134.0,138.0,140.0,-0.4230613437909331,-0.9061010425939316
99.0,85.0,69.0,93.0,115.0,154.0,139.0,165.0,160.0,153.0,101.0,78.0,55.0,55.0,55.0,55.0,111.0,193.0,205.0,205.0,190.0,168.0,133.0,102.0,79.0,61.0,64.0,95.0,134.0,158.0,168.0,161.0,149.0,136.0,129.0,123.0,122.0,119.0,119.0,122.0,124.0,124.0,124.0,127.0,131.0,134.0,136.0,136.0,138.0,140.0,129.0,129.0,131.0,130.0,130.0,130.0,130.0,130.0,130.0,130.0,130.0,130.0,130.0,130.0,130.0,130.0,130.0,130.0,130.0,130.0,130.0,130.0,130.0,130.0,130.0,130.0,130.0,130.0,130.0,130.0,130.0,130.0,130.0,130.0,129.0,129.0,129.0,130.0,130.0,130.0,130.0,130.0,130.0,130.0,130.0,130.0,130.0,130.0,130.0,130.0,-0.6520209937100772,-0.7582009125299992
149.0,205.0,170.0,187.0,120.0,92.0,55.0,55.0,69.0,102.0,130.0,148.0,171.0,185.0,201.0,192.0,170.0,135.0,106.0,84.0,87.0,97.0,108.0,116.0,126.0,129.0,137.0,148.0,158.0,158.0,149.0,131.0,115.0,105.0,103.0,107.0,113.0,120.0,124.0,128.0,130.0,132.0,132.0,132.0,131.0,131.0,131.0,131.0,131.0,129.0,128.0,130.0,130.0,130.0,120.0,55.0,55.0,55.0,55.0,55.0,59.0,57.0,60.0,131.0,118.0,134.0,118.0,128.0,137.0,133.0,143.0,148.0,144.0,140.0,139.0,141.0,145.0,147.0,145.0,144.0,143.0,144.0,143.0,142.0,141.0,141.0,142.0,143.0,143.0,143.0,143.0,143.0,143.0,142.0,142.0,142.0,142.0,141.0,141.0,141.0,-0.8325374595740337,-0.5539687521927696
107.0,93.0,87.0,108.0,79.0,63.0,56.0,95.0,130.0,172.0,179.0,169.0,141.0,120.0,85.0,56.0,55.0,55.0,55.0,88.0,160.0,195.0,205.0,201.0,174.0,138.0,112.0,95.0,86.0,86.0,96.0,112.0,132.0,148.0,155.0,154.0,147.0,138.0,131.0,126.0,123.0,122.0,125.0,127.0,130.0,132.0,134.0,136.0,137.0,138.0,132.0,130.0,129.0,128.0,130.0,132.0,130.0,130.0,128.0,130.0,130.0,131.0,130.0,130.0,129.0,130.0,130.0,130.0,131.0,130.0,130.0,129.0,129.0,129.0,127.0,105.0,129.0,129.0,128.0,128.0,131.0,131.0,130.0,128.0,129.0,127.0,129.0,125.0,131.0,129.0,131.0,131.0,131.0,124.0,130.0,131.0,128.0,131.0,138.0,130.0,-0.9511989149766004,-0.3085783922236588
205.0,180.0,136.0,98.0,105.0,123.0,136.0,92.0,56.0,55.0,55.0,55.0,55.0,110.0,155.0,192.0,200.0,168.0,126.0,96.0,61.0,55.0,55.0,79.0,107.0,151.0,191.0,204.0,195.0,168.0,130.0,97.0,81.0,85.0,104.0,125.0,134.0,137.0,135.0,133.0,129.0,125.0,122.0,120.0,122.0,126.0,132.0,136.0,140.0,141.0,95.0,115.0,143.0,155.0,146.0,134.0,126.0,103.0,75.0,74.0,96.0,127.0,147.0,154.0,155.0,168.0,177.0,161.0,115.0,61.0,55.0,55.0,55.0,134.0,205.0,205.0,205.0,205.0,205.0,70.0,55.0,55.0,55.0,55.0,72.0,198.0,205.0,205.0,205.0,140.0,78.0,55.0,55.0,55.0,82.0,110.0,120.0,120.0,118.0,122.0,-0.999189173353577,-0.040261592777675256
121.0,82.0,55.0,55.0,78.0,112.0,147.0,163.0,177.0,192.0,205.0,185.0,148.0,107.0,78.0,69.0,102.0,141.0,146.0,138.0,134.0,126.0,125.0,136.0,139.0,131.0,122.0,120.0,123.0,129.0,132.0,125.0,116.0,108.0,107.0,117.0,125.0,129.0,130.0,132.0,134.0,134.0,133.0,132.0,132.0,130.0,126.0,122.0,121.0,122.0,123.0,148.0,129.0,171.0,126.0,130.0,103.0,91.0,93.0,116.0,142.0,154.0,162.0,149.0,150.0,145.0,131.0,90.0,55.0,55.0,55.0,66.0,184.0,205.0,205.0,205.0,205.0,107.0,55.0,55.0,55.0,55.0,57.0,141.0,205.0,205.0,205.0,205.0,154.0,109.0,81.0,72.0,79.0,93.0,104.0,107.0,106.0,105.0,111.0,121.0,-0.9729427039293632,0.23104652100955664
63.0,109.0,124.0,153.0,107.0,89.0,66.0,64.0,69.0,90.0,92.0,93.0,113.0,130.0,130.0,121.0,118.0,100.0,89.0,102.0,130.0,144.0,154.0,159.0,155.0,142.0,133.0,122.0,113.0,107.0,111.0,121.0,134.0,143.0,144.0,142.0,135.0,128.0,123.0,121.0,121.0,123.0,127.0,131.0,136.0,138.0,141.0,144.0,147.0,148.0,111.0,129.0,135.0,132.0,124.0,147.0,152.0,120.0,88.0,95.0,116.0,130.0,129.0,117.0,126.0,160.0,185.0,177.0,159.0,130.0,94.0,70.0,77.0,101.0,132.0,162.0,185.0,194.0,190.0,172.0,136.0,91.0,56.0,55.0,71.0,124.0,167.0,178.0,154.0,113.0,78.0,65.0,80.0,109.0,137.0,153.0,156.0,149.0,140.0,136.0,-0.8744095398491809,0.4851885784112645
55.0,55.0,62.0,60.0,65.0,91.0,147.0,201.0,205.0,149.0,101.0,80.0,58.0,55.0,55.0,55.0,56.0,110.0,180.0,205.0,205.0,188.0,156.0,130.0,112.0,98.0,86.0,84.0,93.0,111.0,131.0,145.0,152.0,152.0,149.0,143.0,137.0,132.0,129.0,129.0,133.0,137.0,139.0,139.0,140.0,141.0,143.0,144.0,144.0,142.0,172.0,167.0,147.0,134.0,126.0,129.0,102.0,69.0,74.0,101.0,135.0,154.0,157.0,158.0,171.0,175.0,151.0,100.0,55.0,55.0,55.0,64.0,189.0,205.0,205.0,205.0,205.0,205.0,55.0,55.0,55.0,55.0,55.0,122.0,205.0,205.0,205.0,205.0,120.0,63.0,55.0,55.0,55.0,95.0,114.0,121.0,120.0,119.0,124.0,136.0,-0.7109103966254532,0.7032825946728959
170.0,107.0,109.0,98.0,134.0,122.0,143.0,143.0,150.0,144.0,162.0,143.0,115.0,103.0,112.0,103.0,100.0,115.0,120.0,111.0,120.0,138.0,135.0,131.0,134.0,133.0,127.0,129.0,131.0,129.0,124.0,116.0,113.0,115.0,124.0,131.0,138.0,139.0,136.0,132.0,128.0,125.0,122.0,121.0,120.0,121.0,121.0,121.0,121.0,121.0,188.0,180.0,140.0,127.0,91.0,118.0,92.0,90.0,112.0,148.0,165.0,164.0,147.0,137.0,145.0,127.0,86.0,55.0,55.0,55.0,73.0,205.0,205.0,205.0,205.0,205.0,69.0,55.0,55.0,55.0,55.0,72.0,160.0,205.0,205.0,205.0,205.0,125.0,74.0,55.0,60.0,90.0,117.0,128.0,124.0,112.0,105.0,108.0,121.0,137.0,-0.4945927651587055,0.8691248452625582
118.0,133.0,99.0,135.0,76.0,102.0,55.0,79.0,82.0,110.0,93.0,121.0,125.0,122.0,111.0,107.0,108.0,108.0,138.0,169.0,167.0,148.0,143.0,133.0,116.0,109.0,109.0,106.0,112.0,126.0,146.0,156.0,156.0,142.0,129.0,119.0,116.0,113.0,116.0,119.0,124.0,130.0,134.0,138.0,139.0,142.0,145.0,148.0,148.0,146.0,161.0,174.0,104.0,138.0,140.0,137.0,90.0,98.0,101.0,127.0,133.0,127.0,122.0,148.0,178.0,178.0,164.0,136.0,100.0,70.0,75.0,97.0,127.0,155.0,179.0,189.0,188.0,176.0,146.0,102.0,62.0,55.0,71.0,120.0,164.0,178.0,153.0,109.0,73.0,62.0,81.0,115.0,145.0,160.0,160.0,150.0,138.0,133.0,135.0,139.0,-0.24152838997345957,0.9703937535025813
55.0,55.0,55.0,126.0,183.0,170.0,141.0,126.0,118.0,87.0,60.0,55.0,55.0,55.0,76.0,167.0,202.0,205.0,190.0,160.0,130.0,110.0,97.0,89.0,90.0,98.0,114.0,130.0,142.0,147.0,147.0,143.0,134.0,127.0,122.0,121.0,122.0,126.0,129.0,133.0,134.0,137.0,141.0,144.0,144.0,143.0,142.0,142.0,144.0,145.0,191.0,112.0,124.0,127.0,108.0,111.0,119.0,128.0,132.0,131.0,124.0,125.0,121.0,108.0,94.0,88.0,93.0,111.0,142.0,173.0,197.0,205.0,204.0,173.0,130.0,83.0,55.0,55.0,55.0,55.0,159.0,205.0,205.0,205.0,205.0,205.0,55.0,55.0,55.0,55.0,55.0,87.0,98.0,104.0,111.0,122.0,136.0,151.0,161.0,165.0,0.029480812698792474,0.9995653463794244
150.0,95.0,111.0,149.0,172.0,175.0,158.0,125.0,93.0,105.0,112.0,100.0,92.0,121.0,133.0,141.0,156.0,161.0,126.0,97.0,95.0,103.0,108.0,123.0,137.0,139.0,142.0,144.0,142.0,132.0,120.0,112.0,113.0,120.0,126.0,132.0,135.0,134.0,131.0,128.0,124.0,121.0,120.0,120.0,121.0,122.0,122.0,121.0,123.0,125.0,170.0,128.0,77.0,78.0,113.0,160.0,154.0,137.0,124.0,112.0,111.0,85.0,61.0,55.0,71.0,101.0,155.0,204.0,205.0,205.0,205.0,123.0,55.0,55.0,55.0,55.0,55.0,95.0,205.0,205.0,205.0,205.0,205.0,167.0,55.0,55.0,55.0,55.0,65.0,138.0,158.0,157.0,145.0,133.0,127.0,127.0,130.0,133.0,132.0,128.0,0.2982996803213487,0.9544722629391497
55.0,76.0,84.0,107.0,93.0,106.0,121.0,145.0,121.0,119.0,114.0,113.0,109.0,134.0,152.0,149.0,151.0,169.0,170.0,146.0,125.0,108.0,94.0,97.0,116.0,130.0,135.0,138.0,143.0,146.0,146.0,136.0,124.0,114.0,111.0,114.0,120.0,128.0,134.0,140.0,146.0,149.0,154.0,151.0,147.0,141.0,140.0,144.0,144.0,141.0,131.0,103.0,100.0,110.0,135.0,143.0,122.0,101.0,115.0,138.0,147.0,140.0,132.0,120.0,117.0,126.0,128.0,118.0,105.0,107.0,122.0,142.0,159.0,156.0,124.0,84.0,72.0,102.0,162.0,205.0,205.0,162.0,82.0,55.0,55.0,55.0,105.0,179.0,195.0,180.0,152.0,128.0,119.0,124.0,132.0,133.0,123.0,112.0,105.0,110.0,0.5449557856144513,0.8384647826386843
205.0,205.0,163.0,123.0,98.0,55.0,56.0,55.0,65.0,84.0,110.0,120.0,164.0,190.0,188.0,166.0,144.0,131.0,125.0,137.0,149.0,146.0,123.0,108.0,104.0,108.0,114.0,123.0,128.0,136.0,146.0,155.0,153.0,141.0,123.0,107.0,98.0,98.0,102.0,111.0,122.0,132.0,140.0,144.0,145.0,146.0,146.0,147.0,145.0,142.0,143.0,149.0,123.0,132.0,120.0,146.0,126.0,105.0,107.0,101.0,112.0,101.0,102.0,117.0,169.0,202.0,205.0,205.0,175.0,133.0,99.0,65.0,55.0,55.0,55.0,132.0,205.0,205.0,205.0,205.0,205.0,55.0,55.0,55.0,56.0,115.0,116.0,92.0,65.0,56.0,75.0,114.0,155.0,180.0,187.0,179.0,168.0,161.0,159.0,154.0,0.7511233273810266,0.660161909734313
128.0,127.0,147.0,159.0,133.0,94.0,94.0,91.0,81.0,93.0,129.0,136.0,144.0,163.0,164.0,118.0,76.0,59.0,55.0,55.0,78.0,129.0,158.0,178.0,190.0,185.0,164.0,136.0,111.0,90.0,82.0,87.0,105.0,128.0,146.0,153.0,151.0,144.0,134.0,125.0,117.0,113.0,114.0,117.0,121.0,120.0,119.0,120.0,126.0,131.0,93.0,90.0,109.0,114.0,137.0,139.0,130.0,110.0,94.0,77.0,86.0,102.0,118.0,138.0,159.0,174.0,186.0,186.0,155.0,104.0,56.0,55.0,55.0,55.0,76.0,205.0,205.0,205.0,205.0,205.0,94.0,55.0,55.0,55.0,55.0,57.0,131.0,165.0,178.0,173.0,159.0,144.0,131.0,125.0,125.0,125.0,124.0,121.0,116.0,110.0,0.9014846820041175,0.4328110073830553
55.0,105.0,126.0,151.0,134.0,133.0,148.0,169.0,145.0,129.0,145.0,165.0,163.0,158.0,147.0,108.0,72.0,69.0,88.0,101.0,117.0,139.0,156.0,167.0,174.0,166.0,142.0,112.0,88.0,81.0,90.0,106.0,125.0,141.0,152.0,155.0,154.0,150.0,147.0,144.0,142.0,140.0,138.0,133.0,129.0,127.0,126.0,124.0,121.0,119.0,205.0,119.0,77.0,104.0,146.0,158.0,124.0,94.0,98.0,117.0,143.0,141.0,120.0,97.0,93.0,104.0,134.0,157.0,147.0,107.0,72.0,70.0,109.0,167.0,198.0,177.0,117.0,60.0,55.0,55.0,130.0,200.0,205.0,205.0,170.0,104.0,64.0,67.0,102.0,143.0,165.0,163.0,144.0,126.0,117.0,114.0,112.0,108.0,104.0,104.0,0.9848684564656205,0.17330355870271738
59.0,66.0,78.0,86.0,83.0,96.0,129.0,162.0,176.0,174.0,173.0,163.0,155.0,143.0,121.0,78.0,55.0,55.0,90.0,120.0,145.0,159.0,162.0,166.0,170.0,161.0,134.0,103.0,84.0,82.0,96.0,113.0,127.0,136.0,142.0,144.0,145.0,142.0,138.0,137.0,138.0,141.0,140.0,137.0,133.0,138.0,133.0,127.0,122.0,122.0,105.0,85.0,113.0,125.0,168.0,120.0,112.0,99.0,128.0,142.0,158.0,148.0,145.0,143.0,142.0,148.0,138.0,105.0,64.0,55.0,58.0,119.0,188.0,205.0,199.0,141.0,96.0,80.0,106.0,156.0,178.0,152.0,95.0,55.0,55.0,55.0,71.0,188.0,205.0,205.0,205.0,154.0,124.0,115.0,116.0,116.0,111.0,106.0,101.0,102.0,0.9950794889955553,-0.09907981923855422
190.0,135.0,135.0,108.0,108.0,103.0,116.0,95.0,100.0,122.0,131.0,110.0,99.0,92.0,74.0,69.0,94.0,127.0,147.0,164.0,176.0,171.0,155.0,131.0,106.0,87.0,80.0,90.0,111.0,135.0,149.0,154.0,151.0,144.0,133.0,124.0,116.0,113.0,111.0,112.0,115.0,116.0,119.0,120.0,124.0,128.0,131.0,133.0,134.0,136.0,156.0,100.0,112.0,123.0,126.0,124.0,116.0,125.0,146.0,131.0,131.0,123.0,130.0,118.0,105.0,89.0,90.0,92.0,108.0,132.0,154.0,173.0,185.0,182.0,146.0,108.0,79.0,56.0,55.0,88.0,145.0,195.0,205.0,205.0,150.0,109.0,99.0,117.0,143.0,158.0,153.0,127.0,99.0,80.0,75.0,85.0,102.0,117.0,126.0,129.0,0.9313591308187879,-0.36410186684562873
136.0,76.0,118.0,102.0,125.0,115.0,133.0,114.0,151.0,192.0,205.0,205.0,187.0,146.0,81.0,55.0,55.0,55.0,55.0,95.0,181.0,205.0,205.0,205.0,198.0,144.0,99.0,67.0,55.0,55.0,80.0,124.0,160.0,178.0,172.0,157.0,141.0,129.0,122.0,120.0,121.0,122.0,125.0,126.0,126.0,124.0,122.0,121.0,123.0,124.0,129.0,149.0,109.0,93.0,103.0,149.0,155.0,150.0,131.0,119.0,111.0,104.0,94.0,93.0,100.0,104.0,113.0,130.0,157.0,185.0,194.0,163.0,104.0,55.0,55.0,55.0,71.0,171.0,205.0,205.0,205.0,141.0,89.0,68.0,83.0,121.0,158.0,176.0,169.0,148.0,126.0,111.0,104.0,101.0,102.0,105.0,110.0,117.0,123.0,127.0,0.7984416114601279,-0.6020722490606538
149.0,139.0,107.0,115.0,141.0,177.0,184.0,180.0,149.0,108.0,76.0,72.0,80.0,95.0,131.0,167.0,199.0,205.0,205.0,177.0,128.0,83.0,56.0,55.0,72.0,97.0,128.0,160.0,180.0,181.0,165.0,140.0,117.0,106.0,104.0,108.0,114.0,120.0,125.0,130.0,133.0,132.0,130.0,128.0,128.0,128.0,128.0,126.0,125.0,124.0,187.0,123.0,125.0,138.0,146.0,146.0,140.0,130.0,126.0,118.0,117.0,125.0,124.0,118.0,111.0,105.0,113.0,144.0,161.0,145.0,116.0,96.0,92.0,116.0,162.0,189.0,172.0,119.0,61.0,55.0,55.0,78.0,185.0,205.0,205.0,205.0,154.0,106.0,87.0,91.0,103.0,112.0,111.0,105.0,104.0,110.0,120.0,128.0,133.0,133.0,0.6062022998364799,-0.795310487591458
78.0,55.0,89.0,159.0,164.0,119.0,73.0,66.0,62.0,82.0,104.0,124.0,136.0,167.0,184.0,170.0,132.0,86.0,56.0,55.0,56.0,104.0,140.0,170.0,186.0,186.0,174.0,147.0,110.0,86.0,80.0,91.0,111.0,130.0,143.0,147.0,145.0,134.0,129.0,131.0,135.0,136.0,132.0,129.0,130.0,134.0,138.0,140.0,140.0,139.0,146.0,103.0,132.0,146.0,137.0,132.0,125.0,123.0,113.0,101.0,92.0,93.0,99.0,121.0,144.0,162.0,177.0,187.0,174.0,138.0,102.0,70.0,55.0,58.0,112.0,171.0,205.0,205.0,173.0,120.0,91.0,101.0,138.0,170.0,176.0,149.0,106.0,72.0,59.0,68.0,90.0,112.0,127.0,137.0,133.0,131.0,134.0,145.0,155.0,152.0,0.36892399427099487,-0.929459566872672
179.0,145.0,176.0,181.0,191.0,167.0,117.0,55.0,55.0,55.0,55.0,55.0,132.0,195.0,205.0,205.0,200.0,166.0,98.0,55.0,55.0,55.0,55.0,118.0,157.0,174.0,178.0,176.0,161.0,138.0,114.0,100.0,100.0,109.0,120.0,127.0,129.0,126.0,123.0,120.0,119.0,116.0,115.0,117.0,121.0,125.0,127.0,128.0,130.0,132.0,163.0,162.0,115.0,128.0,105.0,124.0,113.0,110.0,97.0,113.0,125.0,138.0,142.0,144.0,145.0,141.0,133.0,111.0,92.0,79.0,84.0,107.0,149.0,188.0,205.0,205.0,167.0,113.0,69.0,55.0,74.0,115.0,155.0,174.0,168.0,144.0,118.0,103.0,102.0,109.0,119.0,125.0,127.0,125.0,122.0,122.0,123.0,125.0,125.0,125.0,0.10423575385793483,-0.9945526168170632
188.0,171.0,115.0,80.0,61.0,73.0,81.0,105.0,142.0,188.0,205.0,205.0,183.0,113.0,55.0,55.0,55.0,55.0,87.0,141.0,177.0,201.0,205.0,189.0,146.0,99.0,70.0,70.0,89.0,114.0,133.0,142.0,146.0,145.0,139.0,132.0,125.0,121.0,122.0,124.0,123.0,122.0,121.0,122.0,124.0,126.0,126.0,125.0,125.0,126.0,130.0,130.0,130.0,130.0,130.0,130.0,130.0,130.0,130.0,130.0,130.0,130.0,130.0,134.0,131.0,129.0,128.0,130.0,131.0,131.0,130.0,129.0,129.0,130.0,130.0,130.0,130.0,129.0,129.0,129.0,130.0,130.0,130.0,130.0,130.0,130.0,130.0,130.0,130.0,130.0,130.0,130.0,130.0,130.0,130.0,130.0,130.0,130.0,130.0,130.0,-0.16819688720783854,-0.9857534210610651
114.0,55.0,55.0,55.0,100.0,122.0,136.0,158.0,172.0,166.0,136.0,101.0,68.0,57.0,70.0,93.0,117.0,150.0,175.0,184.0,178.0,157.0,123.0,95.0,82.0,87.0,106.0,126.0,139.0,143.0,142.0,137.0,132.0,128.0,124.0,121.0,122.0,125.0,128.0,130.0,130.0,132.0,133.0,135.0,136.0,136.0,136.0,135.0,134.0,134.0,128.0,128.0,129.0,131.0,131.0,131.0,129.0,129.0,130.0,129.0,130.0,129.0,130.0,132.0,131.0,130.0,128.0,128.0,130.0,131.0,131.0,130.0,129.0,129.0,129.0,130.0,130.0,130.0,130.0,130.0,129.0,130.0,130.0,130.0,130.0,130.0,130.0,130.0,130.0,130.0,130.0,130.0,130.0,130.0,130.0,130.0,130.0,130.0,130.0,130.0,-0.4281330092303232,-0.9037157331857114
167.0,100.0,72.0,55.0,55.0,55.0,55.0,55.0,134.0,168.0,193.0,201.0,197.0,142.0,85.0,55.0,55.0,55.0,55.0,55.0,74.0,181.0,205.0,205.0,205.0,186.0,149.0,113.0,83.0,60.0,57.0,74.0,105.0,138.0,161.0,168.0,162.0,151.0,138.0,129.0,121.0,116.0,115.0,118.0,122.0,126.0,128.0,130.0,132.0,134.0,130.0,130.0,130.0,130.0,130.0,130.0,130.0,130.0,129.0,129.0,131.0,131.0,131.0,128.0,128.0,129.0,130.0,131.0,131.0,130.0,130.0,129.0,130.0,130.0,129.0,129.0,129.0,130.0,55.0,55.0,55.0,55.0,60.0,56.0,56.0,121.0,109.0,132.0,164.0,134.0,138.0,135.0,136.0,147.0,146.0,139.0,141.0,137.0,143.0,140.0,-0.6562601460110472,-0.7545347048065841
148.0,181.0,205.0,205.0,205.0,127.0,55.0,55.0,55.0,55.0,57.0,132.0,169.0,197.0,205.0,205.0,176.0,128.0,83.0,62.0,67.0,88.0,113.0,132.0,143.0,147.0,146.0,141.0,134.0,129.0,128.0,129.0,130.0,129.0,127.0,126.0,127.0,128.0,128.0,126.0,124.0,123.0,123.0,128.0,131.0,133.0,129.0,125.0,125.0,129.0,133.0,133.0,131.0,131.0,130.0,130.0,130.0,130.0,130.0,129.0,130.0,129.0,130.0,130.0,130.0,129.0,129.0,129.0,129.0,129.0,129.0,129.0,130.0,130.0,130.0,129.0,129.0,129.0,129.0,129.0,129.0,129.0,129.0,129.0,129.0,129.0,129.0,130.0,129.0,129.0,129.0,129.0,129.0,133.0,131.0,128.0,128.0,130.0,130.0,130.0,-0.8356291425662534,-0.5492940342785348
150.0,89.0,81.0,93.0,88.0,71.0,60.0,88.0,122.0,166.0,180.0,171.0,142.0,119.0,85.0,56.0,55.0,55.0,55.0,86.0,157.0,193.0,205.0,200.0,173.0,137.0,110.0,94.0,85.0,86.0,95.0,111.0,131.0,146.0,153.0,152.0,146.0,136.0,130.0,125.0,122.0,121.0,123.0,126.0,129.0,131.0,132.0,134.0,135.0,137.0,131.0,130.0,131.0,130.0,131.0,130.0,130.0,130.0,130.0,130.0,130.0,130.0,129.0,130.0,130.0,130.0,130.0,130.0,130.0,130.0,130.0,129.0,129.0,129.0,129.0,129.0,130.0,130.0,130.0,130.0,130.0,130.0,130.0,129.0,129.0,129.0,129.0,129.0,129.0,129.0,129.0,129.0,129.0,130.0,129.0,130.0,130.0,129.0,129.0,129.0,-0.9529134259822768,-0.3032424814941335
55.0,55.0,92.0,165.0,170.0,153.0,152.0,140.0,114.0,88.0,56.0,55.0,55.0,55.0,93.0,172.0,203.0,191.0,168.0,157.0,140.0,115.0,98.0,84.0,79.0,98.0,132.0,153.0,157.0,148.0,135.0,128.0,129.0,130.0,131.0,130.0,128.0,126.0,125.0,123.0,121.0,123.0,127.0,132.0,134.0,135.0,135.0,138.0,142.0,144.0,55.0,55.0,55.0,56.0,57.0,57.0,58.0,58.0,59.0,59.0,60.0,60.0,61.0,61.0,62.0,62.0,63.0,63.0,64.0,64.0,65.0,65.0,66.0,66.0,67.0,67.0,68.0,68.0,68.0,69.0,69.0,70.0,70.0,71.0,71.0,72.0,72.0,72.0,73.0,74.0,75.0,81.0,84.0,86.0,89.0,91.0,94.0,97.0,99.0,101.0,-0.9993991294003611,-0.03466093123100084
172.0,139.0,151.0,98.0,82.0,55.0,55.0,69.0,126.0,139.0,169.0,174.0,202.0,203.0,183.0,139.0,102.0,55.0,55.0,55.0,92.0,119.0,144.0,157.0,158.0,161.0,164.0,157.0,137.0,115.0,96.0,90.0,97.0,110.0,122.0,131.0,133.0,133.0,131.0,129.0,127.0,128.0,128.0,129.0,128.0,127.0,127.0,128.0,127.0,126.0,205.0,204.0,92.0,119.0,99.0,133.0,147.0,161.0,143.0,130.0,113.0,124.0,130.0,123.0,101.0,79.0,73.0,96.0,150.0,196.0,205.0,183.0,136.0,97.0,88.0,95.0,98.0,83.0,62.0,59.0,94.0,162.0,205.0,205.0,205.0,205.0,103.0,59.0,55.0,78.0,110.0,131.0,131.0,119.0,109.0,111.0,125.0,141.0,149.0,146.0,-0.9716325059191958,0.23649582119180038
163.0,65.0,55.0,55.0,74.0,148.0,156.0,148.0,148.0,137.0,133.0,95.0,59.0,55.0,55.0,55.0,82.0,115.0,133.0,136.0,151.0,162.0,156.0,146.0,138.0,129.0,121.0,118.0,113.0,107.0,103.0,107.0,118.0,135.0,147.0,151.0,150.0,143.0,135.0,128.0,124.0,121.0,121.0,124.0,127.0,131.0,133.0,134.0,136.0,139.0,132.0,132.0,131.0,134.0,131.0,130.0,130.0,130.0,130.0,134.0,133.0,134.0,133.0,135.0,135.0,131.0,142.0,134.0,145.0,128.0,127.0,128.0,127.0,128.0,161.0,126.0,131.0,133.0,157.0,205.0,205.0,205.0,102.0,105.0,131.0,129.0,128.0,141.0,122.0,145.0,201.0,205.0,98.0,122.0,120.0,120.0,121.0,121.0,121.0,204.0,-0.8716765315240079,0.4900816507381961
205.0,97.0,55.0,55.0,55.0,55.0,55.0,55.0,55.0,121.0,205.0,205.0,189.0,137.0,99.0,57.0,55.0,55.0,55.0,55.0,74.0,175.0,205.0,205.0,202.0,161.0,128.0,110.0,98.0,90.0,88.0,95.0,111.0,128.0,139.0,145.0,145.0,142.0,135.0,129.0,124.0,122.0,124.0,130.0,135.0,137.0,139.0,139.0,142.0,143.0,167.0,84.0,56.0,87.0,110.0,131.0,112.0,114.0,122.0,131.0,118.0,97.0,75.0,72.0,88.0,105.0,122.0,138.0,153.0,164.0,169.0,156.0,120.0,75.0,55.0,55.0,55.0,86.0,197.0,205.0,205.0,205.0,205.0,97.0,55.0,55.0,55.0,55.0,109.0,180.0,200.0,193.0,166.0,135.0,110.0,96.0,91.0,93.0,98.0,102.0,-0.7069576322221668,0.7072558986977964
205.0,55.0,55.0,78.0,157.0,142.0,185.0,150.0,152.0,152.0,172.0,157.0,137.0,121.0,96.0,88.0,104.0,125.0,114.0,123.0,144.0,154.0,149.0,156.0,149.0,128.0,113.0,108.0,101.0,101.0,108.0,122.0,135.0,144.0,143.0,138.0,133.0,129.0,129.0,132.0,133.0,131.0,132.0,132.0,132.0,129.0,126.0,123.0,122.0,122.0,205.0,60.0,90.0,111.0,125.0,122.0,123.0,133.0,142.0,128.0,109.0,93.0,89.0,100.0,119.0,135.0,145.0,151.0,150.0,147.0,139.0,116.0,78.0,55.0,55.0,55.0,73.0,186.0,205.0,205.0,205.0,205.0,70.0,55.0,55.0,55.0,55.0,74.0,178.0,205.0,205.0,205.0,173.0,144.0,121.0,107.0,101.0,101.0,103.0,102.0,-0.4897139230946766,0.8718831765364102
95.0,110.0,154.0,98.0,111.0,64.0,70.0,61.0,103.0,87.0,111.0,118.0,134.0,118.0,114.0,112.0,103.0,104.0,133.0,161.0,160.0,156.0,149.0,136.0,121.0,114.0,106.0,103.0,108.0,126.0,143.0,155.0,153.0,144.0,131.0,122.0,115.0,114.0,115.0,119.0,124.0,130.0,134.0,137.0,140.0,141.0,144.0,146.0,147.0,145.0,205.0,106.0,78.0,102.0,129.0,125.0,121.0,117.0,129.0,136.0,122.0,103.0,98.0,102.0,110.0,120.0,123.0,127.0,149.0,169.0,167.0,158.0,138.0,101.0,66.0,67.0,80.0,104.0,141.0,180.0,202.0,202.0,187.0,157.0,119.0,85.0,65.0,64.0,80.0,107.0,129.0,142.0,142.0,135.0,124.0,120.0,123.0,129.0,134.0,137.0,-0.2360859534299895,0.9717321763701421
94.0,55.0,55.0,55.0,58.0,126.0,172.0,163.0,145.0,131.0,125.0,89.0,58.0,55.0,55.0,55.0,71.0,165.0,199.0,205.0,190.0,161.0,129.0,111.0,97.0,90.0,88.0,96.0,112.0,129.0,141.0,146.0,146.0,142.0,134.0,127.0,122.0,120.0,121.0,125.0,128.0,132.0,134.0,136.0,139.0,142.0,143.0,142.0,141.0,141.0,91.0,95.0,106.0,143.0,153.0,144.0,133.0,113.0,84.0,65.0,85.0,113.0,140.0,152.0,154.0,160.0,174.0,171.0,136.0,84.0,55.0,55.0,55.0,77.0,205.0,205.0,205.0,205.0,205.0,205.0,55.0,55.0,55.0,55.0,55.0,141.0,205.0,205.0,205.0,205.0,99.0,55.0,55.0,55.0,55.0,103.0,116.0,118.0,116.0,118.0,0.035082487178380896,0.9993844200773688
123.0,85.0,118.0,162.0,180.0,176.0,135.0,99.0,92.0,110.0,100.0,92.0,109.0,135.0,139.0,151.0,160.0,133.0,92.0,82.0,93.0,104.0,118.0,137.0,145.0,148.0,150.0,147.0,135.0,119.0,106.0,104.0,112.0,123.0,132.0,137.0,139.0,135.0,131.0,125.0,121.0,118.0,117.0,118.0,120.0,121.0,120.0,121.0,124.0,126.0,205.0,181.0,139.0,111.0,92.0,111.0,100.0,86.0,104.0,149.0,166.0,168.0,144.0,134.0,138.0,126.0,83.0,55.0,55.0,55.0,73.0,205.0,205.0,205.0,205.0,205.0,57.0,55.0,55.0,55.0,55.0,69.0,183.0,205.0,205.0,205.0,205.0,99.0,57.0,55.0,55.0,100.0,134.0,145.0,134.0,114.0,101.0,103.0,116.0,133.0,0.3036444052976228,0.9527854297434721
55.0,55.0,120.0,127.0,147.0,126.0,140.0,157.0,167.0,136.0,124.0,147.0,165.0,166.0,160.0,137.0,90.0,66.0,76.0,95.0,103.0,119.0,141.0,159.0,172.0,176.0,162.0,133.0,102.0,83.0,80.0,93.0,111.0,130.0,144.0,153.0,155.0,154.0,150.0,146.0,143.0,141.0,139.0,136.0,132.0,128.0,127.0,124.0,123.0,120.0,205.0,99.0,115.0,115.0,107.0,113.0,119.0,125.0,130.0,116.0,107.0,121.0,139.0,141.0,135.0,130.0,122.0,118.0,124.0,126.0,116.0,105.0,107.0,122.0,141.0,158.0,154.0,119.0,82.0,73.0,106.0,166.0,205.0,205.0,155.0,76.0,55.0,55.0,55.0,113.0,180.0,199.0,179.0,146.0,121.0,117.0,127.0,135.0,133.0,120.0,0.5496464642174472,0.8353973691443243
162.0,66.0,63.0,77.0,98.0,101.0,79.0,74.0,97.0,151.0,175.0,181.0,171.0,169.0,160.0,155.0,139.0,107.0,64.0,55.0,68.0,103.0,130.0,152.0,162.0,164.0,169.0,170.0,154.0,123.0,102.0,85.0,84.0,97.0,116.0,134.0,144.0,146.0,145.0,143.0,141.0,138.0,139.0,141.0,142.0,139.0,135.0,132.0,132.0,132.0,114.0,107.0,113.0,146.0,129.0,150.0,135.0,122.0,108.0,107.0,103.0,101.0,101.0,104.0,135.0,171.0,202.0,205.0,205.0,173.0,134.0,95.0,59.0,55.0,55.0,55.0,143.0,205.0,205.0,205.0,205.0,205.0,55.0,55.0,55.0,55.0,111.0,120.0,103.0,78.0,65.0,74.0,104.0,139.0,166.0,178.0,177.0,170.0,164.0,160.0,0.7548114564044137,0.6559418154689087
65.0,79.0,102.0,150.0,138.0,127.0,134.0,154.0,141.0,134.0,128.0,95.0,60.0,55.0,64.0,65.0,84.0,122.0,155.0,172.0,184.0,183.0,166.0,142.0,117.0,93.0,78.0,75.0,89.0,113.0,138.0,152.0,156.0,153.0,145.0,136.0,128.0,123.0,119.0,118.0,119.0,121.0,123.0,124.0,125.0,127.0,129.0,131.0,132.0,134.0,151.0,100.0,83.0,86.0,136.0,136.0,132.0,125.0,122.0,121.0,110.0,89.0,80.0,95.0,109.0,133.0,156.0,171.0,182.0,189.0,169.0,121.0,73.0,55.0,55.0,55.0,61.0,176.0,205.0,205.0,205.0,205.0,178.0,55.0,55.0,55.0,55.0,56.0,127.0,156.0,164.0,159.0,147.0,137.0,131.0,130.0,131.0,130.0,128.0,123.0,0.9038962446373547,0.42775177256264796
184.0,99.0,85.0,74.0,98.0,77.0,87.0,91.0,111.0,136.0,183.0,176.0,165.0,169.0,182.0,162.0,142.0,130.0,97.0,62.0,57.0,83.0,102.0,122.0,141.0,158.0,169.0,176.0,171.0,149.0,118.0,94.0,84.0,87.0,97.0,112.0,129.0,144.0,150.0,149.0,144.0,141.0,138.0,138.0,137.0,137.0,134.0,129.0,126.0,125.0,144.0,105.0,101.0,104.0,115.0,139.0,136.0,114.0,103.0,122.0,143.0,144.0,136.0,128.0,120.0,119.0,127.0,125.0,113.0,104.0,109.0,126.0,146.0,160.0,150.0,113.0,78.0,75.0,115.0,175.0,205.0,205.0,142.0,65.0,55.0,55.0,55.0,141.0,184.0,193.0,174.0,146.0,124.0,119.0,125.0,133.0,131.0,120.0,109.0,105.0,0.9858242809126612,0.16778106914379354
55.0,82.0,73.0,90.0,110.0,154.0,165.0,174.0,171.0,171.0,160.0,151.0,134.0,101.0,60.0,55.0,71.0,103.0,131.0,152.0,161.0,163.0,168.0,168.0,150.0,118.0,91.0,78.0,85.0,105.0,124.0,136.0,139.0,139.0,141.0,143.0,142.0,139.0,138.0,138.0,139.0,137.0,135.0,133.0,132.0,131.0,128.0,126.0,124.0,124.0,162.0,167.0,118.0,121.0,115.0,141.0,126.0,107.0,104.0,101.0,102.0,97.0,105.0,131.0,179.0,203.0,205.0,200.0,165.0,125.0,93.0,59.0,55.0,55.0,55.0,138.0,205.0,205.0,205.0,205.0,168.0,55.0,55.0,55.0,90.0,118.0,107.0,76.0,55.0,55.0,83.0,131.0,171.0,190.0,189.0,176.0,162.0,157.0,155.0,150.0,0.994508560396361,-0.10465525929621278
86.0,55.0,91.0,149.0,169.0,156.0,151.0,147.0,114.0,84.0,61.0,55.0,55.0,55.0,126.0,166.0,186.0,196.0,187.0,164.0,135.0,105.0,81.0,72.0,79.0,100.0,125.0,143.0,151.0,152.0,147.0,138.0,129.0,122.0,119.0,118.0,120.0,121.0,122.0,123.0,125.0,127.0,130.0,132.0,133.0,133.0,135.0,136.0,137.0,138.0,108.0,111.0,110.0,120.0,137.0,142.0,123.0,103.0,80.0,78.0,95.0,110.0,125.0,144.0,163.0,178.0,190.0,178.0,134.0,82.0,55.0,55.0,55.0,55.0,132.0,205.0,205.0,205.0,205.0,205.0,56.0,55.0,55.0,55.0,55.0,68.0,147.0,173.0,177.0,167.0,151.0,136.0,128.0,125.0,125.0,124.0,122.0,118.0,113.0,108.0,0.9293038674382313,-0.3693160191006425
67.0,100.0,86.0,148.0,122.0,159.0,174.0,205.0,186.0,194.0,144.0,87.0,55.0,55.0,55.0,55.0,91.0,169.0,200.0,200.0,200.0,184.0,151.0,113.0,84.0,63.0,60.0,80.0,115.0,146.0,164.0,159.0,149.0,137.0,133.0,129.0,128.0,126.0,125.0,124.0,123.0,122.0,121.0,121.0,120.0,121.0,122.0,122.0,124.0,125.0,165.0,167.0,144.0,104.0,98.0,105.0,138.0,129.0,125.0,113.0,107.0,115.0,146.0,179.0,175.0,143.0,96.0,69.0,71.0,103.0,131.0,134.0,120.0,119.0,143.0,186.0,205.0,205.0,140.0,66.0,55.0,55.0,55.0,128.0,181.0,192.0,171.0,136.0,111.0,108.0,124.0,141.0,147.0,135.0,117.0,107.0,108.0,117.0,123.0,123.0,0.7950547131394479,-0.6065377178005917
72.0,109.0,114.0,202.0,184.0,183.0,115.0,86.0,56.0,76.0,81.0,106.0,143.0,185.0,205.0,205.0,188.0,125.0,66.0,55.0,55.0,55.0,93.0,135.0,171.0,195.0,204.0,186.0,148.0,104.0,78.0,77.0,94.0,115.0,132.0,140.0,143.0,143.0,139.0,132.0,125.0,122.0,123.0,125.0,125.0,123.0,121.0,122.0,125.0,127.0,150.0,105.0,87.0,121.0,140.0,121.0,99.0,94.0,119.0,152.0,157.0,143.0,131.0,131.0,139.0,148.0,133.0,92.0,56.0,55.0,55.0,125.0,187.0,205.0,179.0,126.0,83.0,73.0,108.0,161.0,185.0,163.0,108.0,55.0,55.0,55.0,62.0,156.0,201.0,205.0,205.0,185.0,162.0,145.0,130.0,115.0,100.0,87.0,84.0,90.0,0.6025889545422098,-0.7980517225491882
145.0,147.0,160.0,123.0,73.0,55.0,55.0,55.0,55.0,95.0,151.0,190.0,205.0,205.0,163.0,103.0,55.0,55.0,55.0,55.0,110.0,157.0,183.0,191.0,185.0,166.0,134.0,102.0,83.0,82.0,96.0,116.0,132.0,138.0,139.0,135.0,129.0,123.0,120.0,119.0,121.0,124.0,127.0,129.0,131.0,133.0,136.0,137.0,136.0,135.0,184.0,125.0,96.0,110.0,110.0,111.0,91.0,84.0,116.0,139.0,154.0,143.0,146.0,147.0,143.0,120.0,92.0,56.0,55.0,55.0,90.0,169.0,205.0,205.0,205.0,170.0,101.0,55.0,55.0,55.0,55.0,137.0,186.0,205.0,192.0,152.0,110.0,89.0,95.0,119.0,146.0,159.0,155.0,138.0,117.0,100.0,93.0,96.0,104.0,113.0,0.36633952117020546,-0.9304812492623291
192.0,153.0,168.0,180.0,185.0,161.0,101.0,55.0,55.0,55.0,55.0,60.0,151.0,201.0,205.0,205.0,193.0,148.0,81.0,55.0,55.0,55.0,69.0,129.0,162.0,175.0,177.0,172.0,154.0,130.0,108.0,97.0,101.0,111.0,121.0,127.0,126.0,122.0,121.0,122.0,122.0,117.0,112.0,113.0,119.0,126.0,129.0,129.0,129.0,130.0,205.0,113.0,87.0,110.0,130.0,123.0,94.0,87.0,109.0,139.0,157.0,152.0,135.0,126.0,125.0,124.0,119.0,100.0,69.0,55.0,74.0,132.0,200.0,205.0,205.0,154.0,74.0,55.0,55.0,55.0,146.0,202.0,205.0,188.0,123.0,68.0,55.0,76.0,122.0,162.0,180.0,173.0,155.0,137.0,124.0,115.0,107.0,101.0,100.0,105.0,0.10354859624467092,-0.9946243955462575
180.0,164.0,118.0,82.0,61.0,69.0,81.0,106.0,145.0,188.0,205.0,205.0,181.0,109.0,55.0,55.0,55.0,55.0,87.0,142.0,177.0,200.0,205.0,186.0,143.0,96.0,68.0,69.0,88.0,114.0,133.0,142.0,145.0,143.0,137.0,130.0,124.0,120.0,121.0,122.0,123.0,121.0,119.0,120.0,122.0,125.0,125.0,124.0,123.0,124.0,153.0,164.0,152.0,126.0,125.0,148.0,155.0,141.0,132.0,128.0,132.0,126.0,120.0,122.0,127.0,124.0,117.0,108.0,107.0,129.0,153.0,152.0,127.0,108.0,97.0,108.0,146.0,182.0,181.0,140.0,82.0,55.0,55.0,55.0,154.0,205.0,205.0,205.0,178.0,120.0,91.0,88.0,100.0,112.0,115.0,110.0,106.0,109.0,117.0,126.0,-0.16989049528051123,-0.9854629468495214
59.0,55.0,55.0,138.0,190.0,182.0,157.0,122.0,99.0,76.0,61.0,62.0,85.0,122.0,161.0,183.0,172.0,145.0,108.0,76.0,65.0,80.0,102.0,133.0,162.0,178.0,178.0,165.0,141.0,111.0,91.0,86.0,98.0,119.0,139.0,149.0,153.0,149.0,144.0,138.0,134.0,130.0,129.0,130.0,132.0,132.0,132.0,132.0,134.0,136.0,131.0,137.0,122.0,109.0,122.0,154.0,157.0,127.0,116.0,118.0,129.0,120.0,105.0,89.0,89.0,100.0,124.0,148.0,165.0,180.0,187.0,169.0,131.0,97.0,67.0,55.0,67.0,120.0,176.0,205.0,205.0,167.0,115.0,90.0,104.0,144.0,173.0,174.0,143.0,101.0,69.0,60.0,71.0,93.0,115.0,128.0,131.0,132.0,134.0,141.0,-0.4308373744987718,-0.902429585471911
113.0,101.0,68.0,58.0,79.0,138.0,155.0,153.0,153.0,158.0,134.0,104.0,72.0,55.0,55.0,55.0,56.0,128.0,189.0,202.0,183.0,166.0,154.0,129.0,103.0,87.0,78.0,86.0,114.0,142.0,154.0,154.0,143.0,132.0,129.0,131.0,131.0,130.0,128.0,126.0,126.0,124.0,121.0,121.0,124.0,129.0,133.0,134.0,135.0,136.0,130.0,130.0,55.0,55.0,55.0,55.0,56.0,92.0,97.0,58.0,56.0,63.0,122.0,131.0,138.0,137.0,137.0,146.0,146.0,142.0,143.0,138.0,142.0,141.0,141.0,140.0,141.0,144.0,145.0,144.0,142.0,141.0,140.0,141.0,141.0,142.0,141.0,140.0,140.0,140.0,141.0,140.0,140.0,140.0,140.0,140.0,140.0,140.0,140.0,139.0,-0.6596637440860413,-0.7515608722774129
157.0,182.0,199.0,178.0,158.0,106.0,71.0,55.0,58.0,86.0,111.0,138.0,156.0,171.0,190.0,200.0,185.0,161.0,131.0,104.0,88.0,90.0,94.0,100.0,113.0,123.0,129.0,138.0,152.0,162.0,161.0,146.0,126.0,108.0,100.0,99.0,104.0,112.0,119.0,124.0,128.0,131.0,132.0,131.0,131.0,131.0,131.0,130.0,129.0,128.0,190.0,134.0,123.0,132.0,122.0,129.0,125.0,130.0,124.0,118.0,123.0,144.0,152.0,150.0,133.0,108.0,96.0,103.0,113.0,116.0,124.0,134.0,145.0,167.0,190.0,185.0,144.0,87.0,55.0,55.0,55.0,95.0,182.0,205.0,205.0,172.0,124.0,93.0,87.0,100.0,116.0,126.0,124.0,117.0,115.0,118.0,124.0,130.0,132.0,131.0,-0.8390696797642452,-0.5440239631673655
166.0,81.0,96.0,91.0,108.0,69.0,58.0,65.0,109.0,148.0,178.0,178.0,155.0,133.0,105.0,70.0,55.0,55.0,55.0,55.0,126.0,178.0,201.0,205.0,191.0,158.0,125.0,104.0,90.0,84.0,88.0,101.0,120.0,139.0,151.0,154.0,151.0,143.0,134.0,128.0,124.0,122.0,122.0,125.0,128.0,130.0,132.0,133.0,135.0,136.0,132.0,132.0,131.0,132.0,130.0,131.0,129.0,129.0,129.0,129.0,129.0,129.0,129.0,129.0,130.0,129.0,129.0,129.0,129.0,129.0,129.0,129.0,130.0,130.0,130.0,130.0,130.0,129.0,129.0,129.0,129.0,129.0,129.0,129.0,130.0,129.0,129.0,129.0,129.0,128.0,129.0,129.0,129.0,129.0,129.0,130.0,129.0,130.0,130.0,130.0,-0.9554023758428228,-0.2953071286540329
187.0,150.0,123.0,151.0,104.0,142.0,109.0,100.0,55.0,57.0,55.0,55.0,55.0,122.0,158.0,194.0,195.0,159.0,125.0,105.0,82.0,69.0,77.0,85.0,106.0,146.0,182.0,191.0,182.0,156.0,125.0,103.0,98.0,102.0,115.0,126.0,133.0,134.0,133.0,127.0,121.0,120.0,120.0,122.0,126.0,129.0,133.0,136.0,139.0,141.0,132.0,132.0,130.0,130.0,130.0,130.0,130.0,129.0,129.0,131.0,131.0,131.0,129.0,129.0,129.0,130.0,130.0,129.0,128.0,129.0,129.0,131.0,131.0,131.0,130.0,130.0,129.0,129.0,129.0,129.0,129.0,129.0,129.0,130.0,130.0,130.0,130.0,130.0,129.0,129.0,129.0,129.0,129.0,129.0,129.0,129.0,130.0,130.0,130.0,130.0,-0.9997100991863473,-0.0240773251177049
148.0,169.0,140.0,128.0,68.0,55.0,55.0,88.0,117.0,159.0,164.0,186.0,197.0,205.0,171.0,132.0,101.0,74.0,75.0,109.0,139.0,138.0,136.0,132.0,127.0,130.0,143.0,140.0,129.0,120.0,119.0,122.0,127.0,125.0,120.0,116.0,115.0,115.0,119.0,123.0,127.0,131.0,133.0,132.0,130.0,132.0,134.0,134.0,128.0,121.0,205.0,172.0,99.0,99.0,104.0,129.0,140.0,132.0,134.0,146.0,131.0,101.0,80.0,88.0,107.0,121.0,129.0,135.0,146.0,171.0,193.0,181.0,125.0,57.0,55.0,55.0,55.0,73.0,202.0,205.0,205.0,205.0,154.0,128.0,116.0,105.0,86.0,67.0,63.0,83.0,123.0,162.0,184.0,181.0,160.0,134.0,117.0,114.0,121.0,128.0,-0.9684489524671812,0.2492120110773544
147.0,94.0,86.0,128.0,119.0,158.0,112.0,115.0,82.0,95.0,61.0,79.0,80.0,97.0,93.0,115.0,123.0,119.0,119.0,130.0,128.0,123.0,134.0,141.0,140.0,139.0,139.0,130.0,122.0,116.0,114.0,117.0,125.0,132.0,139.0,144.0,144.0,138.0,128.0,118.0,116.0,119.0,122.0,124.0,126.0,128.0,132.0,136.0,140.0,143.0,205.0,111.0,101.0,111.0,115.0,121.0,128.0,137.0,143.0,130.0,107.0,96.0,105.0,122.0,137.0,140.0,132.0,124.0,133.0,148.0,149.0,126.0,91.0,58.0,55.0,80.0,142.0,188.0,204.0,192.0,162.0,134.0,116.0,103.0,87.0,73.0,71.0,86.0,119.0,155.0,182.0,189.0,176.0,152.0,126.0,111.0,109.0,116.0,121.0,118.0,-0.8637854173571896,0.5038598542859569
55.0,55.0,55.0,55.0,82.0,117.0,151.0,192.0,185.0,143.0,103.0,79.0,55.0,55.0,55.0,55.0,55.0,118.0,179.0,205.0,205.0,188.0,154.0,123.0,104.0,93.0,85.0,85.0,94.0,112.0,131.0,145.0,150.0,150.0,148.0,142.0,135.0,129.0,127.0,127.0,131.0,135.0,137.0,138.0,139.0,141.0,142.0,143.0,142.0,141.0,159.0,122.0,103.0,120.0,142.0,138.0,115.0,95.0,92.0,99.0,111.0,117.0,123.0,132.0,147.0,155.0,150.0,131.0,102.0,73.0,57.0,62.0,95.0,144.0,191.0,205.0,205.0,205.0,162.0,95.0,55.0,55.0,55.0,62.0,154.0,196.0,205.0,189.0,157.0,125.0,104.0,96.0,98.0,102.0,105.0,105.0,103.0,104.0,108.0,116.0,-0.6934676967195692,0.7204877192613734
171.0,83.0,141.0,105.0,153.0,126.0,158.0,142.0,163.0,163.0,160.0,115.0,106.0,112.0,103.0,92.0,105.0,125.0,127.0,151.0,178.0,175.0,144.0,128.0,115.0,102.0,99.0,107.0,112.0,118.0,126.0,137.0,144.0,147.0,141.0,133.0,125.0,120.0,117.0,119.0,121.0,123.0,124.0,125.0,124.0,124.0,122.0,122.0,123.0,123.0,183.0,154.0,140.0,143.0,146.0,133.0,110.0,96.0,114.0,136.0,153.0,147.0,129.0,132.0,152.0,162.0,145.0,106.0,63.0,55.0,63.0,136.0,195.0,205.0,205.0,175.0,138.0,115.0,97.0,74.0,55.0,55.0,55.0,120.0,186.0,205.0,205.0,203.0,128.0,79.0,61.0,73.0,103.0,129.0,138.0,131.0,118.0,113.0,120.0,134.0,-0.4702713841661864,0.8825218553862669
59.0,98.0,82.0,116.0,127.0,136.0,117.0,109.0,120.0,110.0,116.0,134.0,158.0,143.0,142.0,149.0,149.0,128.0,120.0,111.0,104.0,109.0,129.0,141.0,144.0,140.0,135.0,132.0,131.0,125.0,120.0,117.0,117.0,121.0,127.0,132.0,135.0,139.0,143.0,147.0,148.0,147.0,145.0,144.0,144.0,142.0,140.0,138.0,135.0,133.0,205.0,169.0,126.0,77.0,116.0,128.0,127.0,116.0,127.0,136.0,141.0,137.0,134.0,143.0,133.0,108.0,72.0,55.0,55.0,112.0,170.0,200.0,201.0,183.0,148.0,120.0,113.0,109.0,97.0,83.0,74.0,77.0,103.0,150.0,195.0,205.0,205.0,166.0,124.0,99.0,97.0,106.0,114.0,113.0,104.0,96.0,96.0,104.0,116.0,128.0,-0.21105751587110383,0.9774736441430627
97.0,64.0,119.0,146.0,140.0,104.0,89.0,73.0,72.0,79.0,78.0,68.0,90.0,141.0,177.0,188.0,177.0,155.0,127.0,112.0,104.0,98.0,94.0,98.0,111.0,129.0,143.0,148.0,147.0,142.0,134.0,126.0,119.0,115.0,114.0,116.0,120.0,124.0,126.0,128.0,131.0,136.0,139.0,141.0,141.0,142.0,143.0,144.0,144.0,142.0,205.0,71.0,81.0,112.0,121.0,125.0,122.0,114.0,118.0,121.0,124.0,119.0,112.0,91.0,81.0,87.0,106.0,128.0,147.0,155.0,156.0,160.0,161.0,146.0,115.0,77.0,55.0,55.0,85.0,163.0,205.0,205.0,205.0,165.0,95.0,57.0,57.0,93.0,133.0,153.0,146.0,122.0,101.0,91.0,95.0,106.0,116.0,122.0,123.0,126.0,0.064488883574339,0.9979184254714086
114.0,119.0,154.0,178.0,174.0,123.0,83.0,94.0,108.0,99.0,98.0,123.0,131.0,140.0,157.0,156.0,113.0,82.0,84.0,96.0,109.0,128.0,144.0,146.0,147.0,148.0,142.0,127.0,111.0,102.0,105.0,116.0,126.0,135.0,138.0,137.0,132.0,128.0,123.0,118.0,117.0,117.0,119.0,120.0,120.0,120.0,122.0,125.0,126.0,126.0,191.0,178.0,126.0,115.0,94.0,121.0,146.0,161.0,134.0,132.0,112.0,128.0,129.0,123.0,97.0,80.0,70.0,93.0,146.0,194.0,205.0,185.0,139.0,97.0,85.0,91.0,94.0,81.0,63.0,59.0,93.0,162.0,205.0,205.0,205.0,205.0,101.0,55.0,55.0,55.0,108.0,139.0,145.0,133.0,118.0,115.0,123.0,138.0,146.0,144.0,0.33534640235230156,0.9420948945989296
64.0,134.0,74.0,111.0,64.0,102.0,85.0,106.0,114.0,139.0,140.0,155.0,175.0,156.0,132.0,133.0,161.0,155.0,147.0,139.0,126.0,104.0,105.0,112.0,114.0,116.0,125.0,134.0,146.0,152.0,150.0,139.0,125.0,111.0,105.0,104.0,109.0,117.0,128.0,137.0,144.0,148.0,148.0,148.0,148.0,146.0,143.0,139.0,135.0,132.0,199.0,170.0,90.0,91.0,124.0,149.0,135.0,126.0,131.0,133.0,128.0,119.0,105.0,101.0,93.0,85.0,88.0,101.0,132.0,168.0,178.0,155.0,127.0,106.0,95.0,101.0,120.0,125.0,111.0,97.0,94.0,113.0,155.0,203.0,205.0,205.0,166.0,117.0,90.0,92.0,113.0,129.0,129.0,115.0,98.0,88.0,91.0,103.0,117.0,127.0,0.58075920424803,0.8140753937327888
145.0,99.0,55.0,55.0,93.0,123.0,130.0,120.0,106.0,115.0,144.0,149.0,140.0,129.0,143.0,155.0,172.0,170.0,145.0,91.0,58.0,64.0,95.0,121.0,142.0,154.0,157.0,162.0,167.0,158.0,132.0,104.0,86.0,86.0,102.0,120.0,135.0,145.0,151.0,152.0,152.0,149.0,145.0,144.0,145.0,144.0,142.0,137.0,134.0,133.0,205.0,127.0,57.0,85.0,96.0,135.0,115.0,113.0,107.0,133.0,130.0,125.0,109.0,101.0,91.0,85.0,88.0,101.0,126.0,148.0,162.0,163.0,161.0,151.0,130.0,97.0,64.0,55.0,55.0,103.0,180.0,205.0,205.0,205.0,205.0,75.0,55.0,55.0,55.0,100.0,168.0,185.0,169.0,137.0,110.0,97.0,98.0,105.0,110.0,113.0,0.7818314824680278,0.623489801858736
