Feat_1,Feat_2,Feat_3,Feat_4,Feat_5,Feat_6,Feat_7,Feat_8,Feat_9,Feat_10,Feat_11,Feat_12,Feat_13,Feat_14,Feat_15,Feat_16,Feat_17,Feat_18,Feat_19,Feat_20,Feat_21,Feat_22,Feat_23,Feat_24,Feat_25,Feat_26,Feat_27,Feat_28,Feat_29,Feat_30,Feat_31,Feat_32,Feat_33,Feat_34,Feat_35,Feat_36,Feat_37,Feat_38,Feat_39,Feat_40,Feat_41,Feat_42,Feat_43,Feat_44,Feat_45,Feat_46,Feat_47,Feat_48,Feat_49,Feat_50,Feat_51,Feat_52,Feat_53,Feat_54,Feat_55,Feat_56,Feat_57,Feat_58,Feat_59,Feat_60,Feat_61,Feat_62,Feat_63,Feat_64,Feat_65,Feat_66,Feat_67,Feat_68,Feat_69,Feat_70,Feat_71,Feat_72,Feat_73,Feat_74,Feat_75,Feat_76,Feat_77,Feat_78,Feat_79,Feat_80,Feat_81,Feat_82,Feat_83,Feat_84,Feat_85,Feat_86,Feat_87,Feat_88,Feat_89,Feat_90,Feat_91,Feat_92,Feat_93,Feat_94,Feat_95,Feat_96,Feat_97,Feat_98,Feat_99,Feat_100,Label_Sin,Label_Cos
180.0,133.0,56.0,55.0,106.0,175.0,149.0,102.0,65.0,64.0,65.0,91.0,113.0,128.0,148.0,179.0,186.0,160.0,116.0,69.0,55.0,55.0,79.0,118.0,154.0,180.0,190.0,185.0,167.0,134.0,100.0,81.0,81.0,97.0,119.0,136.0,145.0,147.0,145.0,140.0,135.0,130.0,128.0,129.0,133.0,136.0,136.0,136.0,136.0,138.0,114.0,101.0,122.0,108.0,117.0,112.0,135.0,137.0,134.0,126.0,121.0,113.0,99.0,93.0,88.0,87.0,97.0,123.0,148.0,170.0,187.0,184.0,151.0,108.0,71.0,55.0,55.0,76.0,141.0,196.0,205.0,205.0,178.0,122.0,88.0,85.0,108.0,138.0,154.0,150.0,132.0,111.0,96.0,91.0,96.0,106.0,114.0,120.0,124.0,127.0,-0.49999999999999933,-0.866025403784439
178.0,180.0,171.0,162.0,154.0,91.0,55.0,55.0,55.0,55.0,71.0,169.0,205.0,205.0,205.0,193.0,135.0,65.0,55.0,55.0,55.0,65.0,143.0,172.0,182.0,183.0,173.0,152.0,127.0,104.0,94.0,99.0,111.0,123.0,129.0,130.0,126.0,123.0,120.0,118.0,115.0,116.0,118.0,122.0,126.0,127.0,129.0,131.0,133.0,133.0,142.0,94.0,93.0,121.0,156.0,156.0,144.0,126.0,114.0,108.0,98.0,94.0,96.0,103.0,107.0,120.0,142.0,172.0,194.0,185.0,138.0,77.0,55.0,55.0,55.0,120.0,199.0,205.0,205.0,174.0,115.0,74.0,71.0,100.0,141.0,170.0,176.0,161.0,137.0,119.0,108.0,103.0,102.0,103.0,107.0,114.0,120.0,125.0,128.0,128.0,-0.7071067811865468,-0.7071067811865482
173.0,205.0,191.0,151.0,92.0,63.0,65.0,80.0,92.0,124.0,165.0,201.0,205.0,205.0,154.0,82.0,55.0,55.0,55.0,55.0,121.0,162.0,194.0,205.0,205.0,170.0,119.0,80.0,65.0,77.0,102.0,127.0,140.0,146.0,148.0,144.0,136.0,128.0,122.0,120.0,121.0,122.0,125.0,126.0,124.0,121.0,121.0,124.0,127.0,128.0,133.0,148.0,143.0,145.0,133.0,127.0,117.0,115.0,123.0,126.0,119.0,112.0,105.0,109.0,137.0,160.0,152.0,122.0,105.0,92.0,104.0,146.0,185.0,183.0,137.0,74.0,55.0,55.0,55.0,168.0,205.0,205.0,205.0,166.0,113.0,89.0,89.0,101.0,111.0,111.0,106.0,104.0,109.0,118.0,128.0,133.0,133.0,132.0,132.0,136.0,-0.8660254037844379,-0.5000000000000011
204.0,72.0,57.0,55.0,73.0,146.0,162.0,179.0,159.0,153.0,111.0,99.0,56.0,59.0,70.0,111.0,143.0,177.0,178.0,165.0,142.0,120.0,104.0,94.0,93.0,105.0,130.0,149.0,156.0,153.0,140.0,124.0,114.0,110.0,115.0,123.0,132.0,136.0,139.0,137.0,136.0,134.0,134.0,133.0,134.0,134.0,134.0,133.0,132.0,134.0,99.0,135.0,149.0,145.0,127.0,122.0,126.0,121.0,108.0,93.0,90.0,95.0,116.0,141.0,160.0,174.0,187.0,180.0,149.0,111.0,78.0,55.0,55.0,99.0,159.0,203.0,205.0,187.0,133.0,96.0,96.0,129.0,165.0,179.0,159.0,117.0,78.0,61.0,66.0,85.0,109.0,125.0,132.0,132.0,134.0,139.0,147.0,153.0,150.0,141.0,-0.9659258262890681,-0.2588190451025215
108.0,80.0,55.0,55.0,60.0,90.0,115.0,114.0,187.0,179.0,199.0,164.0,161.0,90.0,60.0,55.0,55.0,55.0,55.0,70.0,175.0,205.0,205.0,205.0,194.0,155.0,113.0,82.0,58.0,55.0,55.0,98.0,139.0,169.0,180.0,174.0,158.0,144.0,131.0,125.0,120.0,121.0,123.0,128.0,130.0,130.0,129.0,130.0,133.0,135.0,139.0,122.0,122.0,123.0,125.0,117.0,110.0,98.0,97.0,109.0,127.0,136.0,142.0,146.0,146.0,143.0,134.0,113.0,89.0,75.0,78.0,104.0,149.0,193.0,205.0,205.0,171.0,115.0,68.0,55.0,70.0,109.0,148.0,168.0,164.0,145.0,125.0,112.0,109.0,111.0,115.0,118.0,120.0,120.0,121.0,123.0,125.0,127.0,127.0,127.0,-1.0,-1.0718754395722282e-15
102.0,114.0,114.0,130.0,148.0,175.0,192.0,187.0,141.0,87.0,55.0,55.0,55.0,90.0,120.0,146.0,172.0,190.0,197.0,180.0,141.0,96.0,70.0,69.0,88.0,114.0,135.0,147.0,151.0,149.0,143.0,135.0,128.0,124.0,124.0,125.0,124.0,122.0,120.0,121.0,123.0,124.0,123.0,123.0,123.0,125.0,128.0,129.0,129.0,129.0,119.0,133.0,134.0,129.0,137.0,145.0,148.0,141.0,116.0,94.0,96.0,107.0,112.0,121.0,136.0,151.0,171.0,194.0,195.0,159.0,101.0,55.0,55.0,55.0,60.0,168.0,205.0,205.0,205.0,151.0,107.0,89.0,93.0,107.0,119.0,125.0,122.0,117.0,112.0,113.0,122.0,130.0,135.0,135.0,134.0,136.0,141.0,142.0,139.0,131.0,-0.9659258262890686,0.2588190451025194
194.0,157.0,84.0,92.0,110.0,165.0,150.0,128.0,84.0,72.0,62.0,79.0,97.0,125.0,149.0,176.0,182.0,160.0,127.0,90.0,61.0,56.0,78.0,106.0,141.0,170.0,186.0,184.0,173.0,147.0,115.0,91.0,84.0,94.0,115.0,135.0,146.0,148.0,144.0,138.0,133.0,128.0,125.0,124.0,126.0,129.0,132.0,133.0,133.0,135.0,140.0,140.0,137.0,109.0,104.0,110.0,123.0,119.0,110.0,102.0,110.0,132.0,160.0,176.0,168.0,148.0,128.0,114.0,103.0,106.0,112.0,115.0,128.0,156.0,183.0,196.0,184.0,145.0,98.0,74.0,86.0,121.0,152.0,159.0,138.0,103.0,74.0,65.0,77.0,103.0,129.0,143.0,145.0,139.0,135.0,138.0,145.0,149.0,145.0,136.0,-0.866025403784439,0.49999999999999933
74.0,55.0,55.0,152.0,171.0,166.0,153.0,148.0,119.0,97.0,64.0,55.0,55.0,55.0,69.0,163.0,204.0,201.0,176.0,161.0,147.0,128.0,105.0,85.0,72.0,90.0,129.0,156.0,161.0,152.0,138.0,130.0,130.0,132.0,134.0,132.0,130.0,127.0,127.0,125.0,122.0,123.0,127.0,132.0,135.0,137.0,137.0,140.0,142.0,145.0,127.0,83.0,85.0,106.0,123.0,95.0,93.0,120.0,141.0,147.0,141.0,135.0,138.0,143.0,124.0,94.0,71.0,69.0,93.0,138.0,180.0,203.0,201.0,170.0,121.0,79.0,59.0,67.0,102.0,150.0,188.0,201.0,183.0,140.0,92.0,59.0,55.0,82.0,124.0,162.0,180.0,175.0,154.0,131.0,115.0,109.0,110.0,114.0,118.0,121.0,-0.7071067811865489,0.7071067811865461
102.0,106.0,148.0,160.0,200.0,185.0,179.0,107.0,81.0,55.0,55.0,68.0,112.0,125.0,156.0,169.0,192.0,202.0,192.0,162.0,129.0,97.0,75.0,82.0,96.0,107.0,117.0,127.0,131.0,141.0,154.0,162.0,157.0,143.0,122.0,107.0,100.0,102.0,108.0,116.0,121.0,125.0,129.0,131.0,132.0,132.0,131.0,131.0,131.0,131.0,155.0,106.0,99.0,113.0,130.0,132.0,131.0,127.0,153.0,144.0,123.0,86.0,87.0,98.0,113.0,121.0,139.0,147.0,164.0,191.0,197.0,160.0,92.0,55.0,55.0,55.0,57.0,151.0,205.0,205.0,205.0,166.0,128.0,112.0,103.0,91.0,79.0,75.0,87.0,115.0,148.0,170.0,172.0,158.0,137.0,122.0,118.0,124.0,132.0,133.0,-0.5000000000000012,0.8660254037844379
157.0,94.0,55.0,55.0,55.0,102.0,135.0,154.0,157.0,158.0,142.0,127.0,87.0,56.0,55.0,55.0,55.0,89.0,125.0,139.0,147.0,161.0,168.0,156.0,146.0,138.0,128.0,120.0,118.0,113.0,108.0,107.0,113.0,127.0,142.0,152.0,153.0,150.0,143.0,135.0,129.0,125.0,123.0,124.0,128.0,131.0,134.0,135.0,137.0,139.0,129.0,102.0,122.0,108.0,112.0,94.0,99.0,134.0,154.0,149.0,120.0,116.0,131.0,158.0,162.0,145.0,102.0,72.0,81.0,125.0,168.0,182.0,161.0,114.0,75.0,79.0,122.0,167.0,190.0,181.0,151.0,120.0,99.0,85.0,74.0,71.0,79.0,98.0,128.0,158.0,181.0,190.0,182.0,161.0,135.0,117.0,111.0,116.0,122.0,123.0,-0.2588190451025224,0.9659258262890679
156.0,90.0,71.0,101.0,149.0,144.0,113.0,75.0,55.0,55.0,55.0,86.0,122.0,165.0,183.0,168.0,142.0,114.0,73.0,56.0,60.0,83.0,111.0,156.0,192.0,200.0,187.0,156.0,118.0,90.0,81.0,87.0,106.0,127.0,141.0,149.0,149.0,142.0,133.0,129.0,127.0,127.0,129.0,132.0,134.0,137.0,140.0,141.0,143.0,144.0,114.0,76.0,99.0,106.0,119.0,118.0,124.0,131.0,136.0,121.0,106.0,98.0,98.0,102.0,111.0,119.0,127.0,138.0,150.0,155.0,147.0,125.0,93.0,66.0,56.0,71.0,111.0,161.0,205.0,205.0,205.0,205.0,141.0,75.0,55.0,55.0,55.0,96.0,173.0,204.0,205.0,180.0,146.0,117.0,101.0,97.0,100.0,105.0,107.0,105.0,0.0,1.0
55.0,86.0,95.0,164.0,149.0,174.0,148.0,159.0,167.0,180.0,151.0,131.0,115.0,96.0,92.0,111.0,125.0,115.0,131.0,155.0,164.0,161.0,164.0,144.0,117.0,104.0,104.0,100.0,103.0,112.0,129.0,148.0,154.0,145.0,135.0,131.0,131.0,132.0,132.0,131.0,131.0,133.0,134.0,134.0,131.0,127.0,124.0,123.0,124.0,125.0,148.0,139.0,140.0,131.0,134.0,126.0,101.0,88.0,112.0,140.0,171.0,181.0,169.0,155.0,155.0,148.0,109.0,67.0,55.0,55.0,79.0,168.0,205.0,205.0,205.0,205.0,136.0,108.0,92.0,73.0,55.0,55.0,55.0,55.0,151.0,205.0,205.0,205.0,159.0,104.0,77.0,81.0,105.0,130.0,141.0,135.0,120.0,112.0,115.0,130.0,0.25881904510251985,0.9659258262890685
129.0,125.0,82.0,152.0,135.0,123.0,90.0,64.0,55.0,83.0,110.0,102.0,112.0,121.0,134.0,116.0,116.0,110.0,105.0,115.0,155.0,181.0,176.0,163.0,147.0,125.0,108.0,103.0,101.0,102.0,112.0,132.0,154.0,167.0,163.0,147.0,128.0,116.0,108.0,109.0,113.0,120.0,127.0,135.0,138.0,141.0,142.0,144.0,147.0,149.0,75.0,119.0,146.0,144.0,102.0,99.0,102.0,125.0,131.0,133.0,127.0,126.0,130.0,140.0,143.0,126.0,100.0,70.0,55.0,65.0,114.0,160.0,185.0,187.0,172.0,148.0,130.0,123.0,116.0,108.0,100.0,94.0,93.0,100.0,121.0,150.0,178.0,194.0,190.0,172.0,148.0,128.0,113.0,108.0,95.0,84.0,81.0,90.0,102.0,112.0,0.49999999999999956,0.8660254037844389
55.0,55.0,55.0,55.0,104.0,172.0,173.0,151.0,132.0,128.0,93.0,61.0,55.0,55.0,55.0,62.0,160.0,200.0,205.0,196.0,167.0,133.0,112.0,98.0,90.0,89.0,96.0,111.0,130.0,142.0,148.0,148.0,144.0,136.0,129.0,123.0,120.0,121.0,126.0,129.0,132.0,135.0,137.0,141.0,144.0,145.0,143.0,142.0,142.0,144.0,111.0,121.0,93.0,117.0,100.0,99.0,101.0,115.0,126.0,131.0,142.0,146.0,155.0,140.0,114.0,77.0,58.0,55.0,88.0,134.0,180.0,205.0,205.0,205.0,176.0,116.0,58.0,55.0,55.0,55.0,147.0,199.0,205.0,194.0,152.0,114.0,95.0,96.0,108.0,121.0,124.0,117.0,107.0,100.0,102.0,109.0,118.0,125.0,130.0,134.0,0.7071067811865476,0.7071067811865476
133.0,146.0,95.0,140.0,130.0,139.0,148.0,148.0,153.0,167.0,169.0,132.0,107.0,105.0,112.0,95.0,105.0,119.0,125.0,141.0,180.0,192.0,166.0,137.0,119.0,100.0,92.0,100.0,108.0,114.0,123.0,137.0,149.0,155.0,150.0,139.0,127.0,119.0,114.0,116.0,119.0,122.0,125.0,127.0,127.0,126.0,125.0,124.0,124.0,124.0,87.0,69.0,116.0,155.0,155.0,132.0,117.0,115.0,128.0,124.0,103.0,81.0,72.0,78.0,115.0,168.0,201.0,200.0,166.0,117.0,83.0,78.0,81.0,75.0,63.0,58.0,78.0,134.0,205.0,205.0,205.0,205.0,205.0,58.0,55.0,55.0,55.0,103.0,165.0,175.0,160.0,139.0,127.0,128.0,133.0,136.0,131.0,124.0,119.0,119.0,0.8660254037844382,0.5000000000000009
66.0,93.0,78.0,105.0,93.0,123.0,137.0,136.0,115.0,117.0,115.0,109.0,121.0,146.0,154.0,147.0,162.0,176.0,161.0,133.0,117.0,100.0,92.0,106.0,126.0,134.0,138.0,141.0,146.0,148.0,143.0,129.0,117.0,112.0,112.0,118.0,125.0,132.0,137.0,144.0,149.0,151.0,151.0,149.0,148.0,146.0,145.0,142.0,139.0,136.0,78.0,113.0,114.0,129.0,129.0,150.0,129.0,134.0,126.0,141.0,147.0,133.0,93.0,58.0,55.0,67.0,141.0,190.0,204.0,192.0,167.0,131.0,114.0,115.0,111.0,93.0,80.0,76.0,89.0,125.0,172.0,204.0,205.0,179.0,142.0,114.0,106.0,114.0,121.0,119.0,108.0,96.0,90.0,95.0,108.0,121.0,131.0,136.0,136.0,135.0,0.9659258262890238,0.25881904510268694
205.0,145.0,162.0,112.0,86.0,55.0,55.0,55.0,74.0,91.0,113.0,134.0,178.0,197.0,184.0,157.0,132.0,124.0,129.0,148.0,155.0,141.0,116.0,105.0,105.0,111.0,118.0,125.0,128.0,138.0,150.0,158.0,152.0,137.0,117.0,103.0,97.0,98.0,104.0,114.0,125.0,135.0,143.0,145.0,146.0,146.0,148.0,148.0,145.0,141.0,138.0,103.0,62.0,96.0,99.0,131.0,117.0,124.0,128.0,125.0,115.0,97.0,84.0,77.0,92.0,102.0,124.0,142.0,157.0,165.0,168.0,155.0,123.0,83.0,55.0,55.0,55.0,98.0,189.0,205.0,205.0,205.0,205.0,95.0,55.0,55.0,55.0,55.0,121.0,190.0,200.0,181.0,148.0,118.0,101.0,95.0,97.0,102.0,106.0,109.0,1.0,1.8147167456370796e-13
181.0,113.0,177.0,120.0,175.0,142.0,158.0,98.0,102.0,102.0,97.0,91.0,113.0,141.0,138.0,161.0,167.0,138.0,85.0,73.0,74.0,85.0,106.0,139.0,154.0,161.0,165.0,162.0,146.0,128.0,111.0,103.0,101.0,107.0,120.0,136.0,147.0,146.0,141.0,133.0,126.0,120.0,118.0,118.0,120.0,120.0,119.0,120.0,123.0,126.0,64.0,88.0,108.0,126.0,121.0,117.0,126.0,146.0,135.0,113.0,94.0,88.0,97.0,117.0,133.0,143.0,151.0,152.0,149.0,143.0,125.0,89.0,55.0,55.0,55.0,57.0,168.0,205.0,205.0,205.0,205.0,108.0,55.0,55.0,55.0,55.0,71.0,164.0,205.0,205.0,205.0,178.0,148.0,126.0,111.0,104.0,102.0,103.0,102.0,100.0,0.9659258262891162,-0.25881904510234194
163.0,110.0,56.0,55.0,79.0,115.0,115.0,135.0,134.0,143.0,155.0,175.0,142.0,124.0,137.0,166.0,170.0,165.0,151.0,110.0,70.0,66.0,88.0,101.0,119.0,140.0,158.0,169.0,176.0,170.0,146.0,114.0,87.0,79.0,88.0,107.0,127.0,143.0,154.0,157.0,157.0,153.0,149.0,145.0,143.0,141.0,139.0,134.0,130.0,127.0,159.0,95.0,86.0,124.0,120.0,122.0,122.0,129.0,135.0,124.0,104.0,99.0,103.0,109.0,119.0,122.0,125.0,145.0,167.0,170.0,160.0,144.0,110.0,71.0,60.0,74.0,101.0,138.0,178.0,200.0,201.0,189.0,165.0,129.0,92.0,68.0,62.0,74.0,100.0,127.0,142.0,145.0,137.0,127.0,121.0,124.0,128.0,134.0,137.0,136.0,0.8660254037845344,-0.499999999999834
145.0,80.0,55.0,77.0,84.0,102.0,80.0,84.0,119.0,165.0,180.0,179.0,170.0,163.0,160.0,153.0,130.0,83.0,55.0,55.0,87.0,120.0,145.0,159.0,162.0,165.0,172.0,166.0,140.0,107.0,85.0,80.0,94.0,112.0,127.0,136.0,143.0,146.0,147.0,144.0,140.0,138.0,139.0,141.0,141.0,138.0,134.0,132.0,131.0,130.0,91.0,135.0,126.0,156.0,135.0,143.0,113.0,93.0,63.0,82.0,105.0,133.0,147.0,151.0,159.0,172.0,175.0,147.0,100.0,55.0,55.0,55.0,62.0,181.0,205.0,205.0,205.0,205.0,205.0,55.0,55.0,55.0,55.0,55.0,127.0,205.0,205.0,205.0,187.0,120.0,70.0,55.0,55.0,75.0,98.0,113.0,117.0,116.0,116.0,121.0,0.7071067811866858,-0.7071067811864093
110.0,102.0,81.0,91.0,131.0,141.0,133.0,140.0,153.0,141.0,132.0,131.0,102.0,63.0,55.0,63.0,65.0,81.0,119.0,155.0,172.0,184.0,186.0,170.0,146.0,119.0,96.0,78.0,75.0,87.0,112.0,138.0,153.0,158.0,155.0,147.0,138.0,130.0,123.0,120.0,119.0,120.0,122.0,124.0,125.0,126.0,127.0,130.0,132.0,134.0,139.0,108.0,146.0,131.0,137.0,106.0,91.0,88.0,108.0,132.0,145.0,155.0,152.0,152.0,146.0,136.0,102.0,62.0,55.0,55.0,55.0,142.0,205.0,205.0,205.0,205.0,205.0,55.0,55.0,55.0,55.0,55.0,126.0,204.0,205.0,205.0,204.0,159.0,126.0,105.0,95.0,96.0,100.0,104.0,103.0,100.0,99.0,103.0,112.0,124.0,0.500000000000175,-0.8660254037843377
97.0,56.0,55.0,64.0,118.0,138.0,157.0,166.0,153.0,154.0,179.0,175.0,156.0,142.0,129.0,86.0,56.0,55.0,55.0,55.0,60.0,128.0,170.0,201.0,205.0,205.0,174.0,131.0,93.0,66.0,57.0,65.0,91.0,124.0,153.0,168.0,172.0,167.0,157.0,147.0,139.0,132.0,127.0,124.0,122.0,121.0,119.0,120.0,123.0,127.0,152.0,153.0,136.0,120.0,132.0,157.0,141.0,99.0,92.0,102.0,123.0,134.0,130.0,122.0,145.0,175.0,183.0,169.0,147.0,111.0,77.0,73.0,91.0,120.0,151.0,179.0,194.0,194.0,183.0,156.0,112.0,69.0,55.0,55.0,102.0,152.0,179.0,168.0,132.0,92.0,69.0,73.0,98.0,127.0,149.0,157.0,154.0,144.0,138.0,138.0,0.2588190451027222,-0.9659258262890144
128.0,150.0,114.0,82.0,55.0,69.0,105.0,133.0,147.0,157.0,180.0,194.0,196.0,175.0,127.0,64.0,55.0,55.0,58.0,112.0,143.0,159.0,167.0,176.0,178.0,161.0,130.0,100.0,85.0,88.0,103.0,117.0,129.0,136.0,141.0,142.0,139.0,134.0,130.0,131.0,133.0,135.0,133.0,131.0,129.0,130.0,131.0,130.0,127.0,125.0,174.0,129.0,130.0,124.0,104.0,87.0,93.0,109.0,133.0,143.0,137.0,136.0,143.0,144.0,131.0,108.0,77.0,61.0,73.0,120.0,179.0,205.0,205.0,205.0,205.0,114.0,55.0,55.0,55.0,55.0,74.0,202.0,205.0,205.0,205.0,194.0,90.0,55.0,55.0,55.0,55.0,92.0,108.0,115.0,117.0,122.0,131.0,145.0,157.0,163.0,2.1506164224734504e-13,-1.0
130.0,90.0,55.0,75.0,120.0,166.0,153.0,145.0,156.0,148.0,111.0,74.0,55.0,55.0,55.0,61.0,146.0,174.0,194.0,198.0,184.0,159.0,127.0,97.0,75.0,72.0,85.0,110.0,133.0,148.0,154.0,153.0,147.0,136.0,128.0,121.0,119.0,119.0,121.0,122.0,123.0,125.0,127.0,130.0,133.0,134.0,134.0,135.0,136.0,138.0,137.0,95.0,95.0,119.0,109.0,112.0,124.0,152.0,160.0,148.0,114.0,103.0,104.0,92.0,73.0,62.0,71.0,108.0,168.0,205.0,205.0,205.0,182.0,109.0,55.0,55.0,55.0,55.0,55.0,129.0,205.0,205.0,205.0,205.0,205.0,68.0,55.0,55.0,55.0,106.0,130.0,130.0,117.0,104.0,101.0,110.0,128.0,141.0,150.0,150.0,-0.25881904510230674,-0.9659258262891256
205.0,96.0,115.0,70.0,124.0,90.0,153.0,113.0,161.0,184.0,205.0,192.0,188.0,138.0,73.0,55.0,55.0,55.0,55.0,96.0,176.0,205.0,205.0,205.0,186.0,142.0,101.0,72.0,55.0,56.0,86.0,125.0,155.0,169.0,164.0,152.0,139.0,132.0,126.0,125.0,123.0,123.0,124.0,124.0,124.0,123.0,121.0,120.0,122.0,123.0,101.0,122.0,116.0,109.0,113.0,115.0,124.0,133.0,120.0,107.0,121.0,138.0,142.0,137.0,132.0,123.0,119.0,125.0,127.0,118.0,106.0,108.0,122.0,142.0,159.0,156.0,122.0,84.0,74.0,105.0,165.0,205.0,205.0,160.0,81.0,55.0,55.0,55.0,109.0,180.0,195.0,180.0,152.0,128.0,119.0,125.0,133.0,134.0,124.0,111.0,-0.49999999999980477,-0.8660254037845514
75.0,110.0,155.0,202.0,191.0,150.0,91.0,59.0,63.0,81.0,98.0,131.0,173.0,205.0,205.0,205.0,144.0,72.0,55.0,55.0,55.0,59.0,126.0,168.0,198.0,205.0,205.0,167.0,117.0,79.0,67.0,77.0,102.0,131.0,146.0,151.0,149.0,143.0,136.0,128.0,124.0,123.0,125.0,126.0,123.0,121.0,122.0,125.0,128.0,128.0,145.0,131.0,141.0,138.0,130.0,109.0,106.0,100.0,104.0,105.0,113.0,143.0,181.0,205.0,205.0,205.0,168.0,126.0,89.0,57.0,55.0,55.0,87.0,162.0,205.0,205.0,205.0,205.0,123.0,55.0,55.0,55.0,61.0,126.0,130.0,106.0,75.0,60.0,71.0,104.0,143.0,171.0,183.0,180.0,173.0,167.0,162.0,156.0,145.0,132.0,-0.7071067811863835,-0.7071067811867116
176.0,150.0,76.0,55.0,55.0,55.0,86.0,109.0,131.0,165.0,187.0,201.0,177.0,126.0,77.0,55.0,55.0,55.0,81.0,128.0,162.0,188.0,195.0,186.0,166.0,134.0,102.0,81.0,78.0,90.0,112.0,132.0,143.0,146.0,144.0,138.0,134.0,130.0,129.0,130.0,132.0,134.0,136.0,137.0,138.0,139.0,139.0,139.0,137.0,136.0,78.0,70.0,106.0,136.0,138.0,130.0,121.0,117.0,108.0,88.0,79.0,91.0,109.0,131.0,155.0,169.0,181.0,189.0,172.0,125.0,74.0,55.0,55.0,55.0,58.0,161.0,205.0,205.0,205.0,205.0,205.0,55.0,55.0,55.0,55.0,55.0,99.0,155.0,175.0,177.0,166.0,150.0,136.0,127.0,124.0,123.0,123.0,127.0,124.0,115.0,-0.8660254037843207,-0.5000000000002043
130.0,186.0,125.0,189.0,137.0,146.0,55.0,55.0,55.0,55.0,81.0,146.0,180.0,186.0,202.0,203.0,155.0,80.0,55.0,55.0,55.0,55.0,123.0,170.0,192.0,198.0,191.0,165.0,136.0,107.0,92.0,86.0,91.0,105.0,128.0,144.0,148.0,145.0,138.0,131.0,126.0,123.0,123.0,125.0,126.0,125.0,126.0,129.0,132.0,134.0,106.0,125.0,151.0,150.0,131.0,123.0,126.0,131.0,126.0,114.0,95.0,84.0,100.0,131.0,158.0,167.0,160.0,142.0,120.0,106.0,97.0,80.0,64.0,72.0,112.0,174.0,205.0,205.0,200.0,111.0,55.0,55.0,55.0,128.0,176.0,194.0,182.0,151.0,122.0,107.0,110.0,122.0,129.0,126.0,116.0,110.0,112.0,121.0,128.0,128.0,-0.9659258262890049,-0.25881904510275744
94.0,71.0,55.0,71.0,116.0,150.0,180.0,205.0,205.0,205.0,174.0,97.0,55.0,55.0,55.0,55.0,87.0,155.0,187.0,205.0,205.0,196.0,154.0,103.0,67.0,60.0,76.0,101.0,125.0,140.0,147.0,149.0,146.0,139.0,132.0,128.0,129.0,131.0,131.0,129.0,127.0,126.0,128.0,129.0,128.0,126.0,124.0,125.0,127.0,129.0,112.0,133.0,90.0,105.0,110.0,111.0,95.0,95.0,111.0,161.0,199.0,205.0,205.0,173.0,135.0,99.0,74.0,55.0,55.0,55.0,102.0,178.0,205.0,205.0,205.0,205.0,59.0,55.0,55.0,93.0,128.0,120.0,81.0,55.0,55.0,55.0,91.0,169.0,205.0,205.0,202.0,175.0,157.0,150.0,146.0,137.0,122.0,106.0,95.0,97.0,-1.0,-2.4887365453590716e-13
182.0,134.0,78.0,104.0,140.0,161.0,142.0,98.0,71.0,58.0,66.0,89.0,122.0,145.0,170.0,178.0,165.0,134.0,100.0,66.0,56.0,69.0,97.0,130.0,162.0,182.0,185.0,176.0,155.0,123.0,95.0,84.0,90.0,109.0,131.0,143.0,147.0,144.0,138.0,133.0,127.0,122.0,121.0,127.0,133.0,135.0,130.0,128.0,130.0,136.0,110.0,122.0,109.0,126.0,96.0,98.0,86.0,119.0,134.0,151.0,148.0,150.0,152.0,137.0,119.0,96.0,64.0,55.0,55.0,89.0,164.0,205.0,205.0,205.0,205.0,112.0,58.0,55.0,55.0,55.0,118.0,174.0,197.0,189.0,157.0,128.0,113.0,114.0,125.0,137.0,139.0,132.0,122.0,111.0,104.0,100.0,103.0,110.0,119.0,126.0,-0.9659258262891339,0.25881904510227577
205.0,95.0,109.0,73.0,115.0,55.0,101.0,106.0,164.0,148.0,174.0,165.0,147.0,108.0,78.0,55.0,55.0,55.0,55.0,123.0,205.0,205.0,205.0,205.0,169.0,123.0,85.0,60.0,55.0,55.0,86.0,137.0,172.0,189.0,181.0,160.0,137.0,122.0,112.0,110.0,112.0,115.0,121.0,126.0,127.0,128.0,130.0,133.0,136.0,138.0,99.0,118.0,122.0,100.0,90.0,102.0,124.0,149.0,154.0,143.0,130.0,127.0,124.0,122.0,112.0,84.0,58.0,57.0,101.0,170.0,205.0,205.0,205.0,110.0,55.0,55.0,55.0,96.0,186.0,205.0,205.0,152.0,92.0,58.0,63.0,100.0,145.0,174.0,179.0,165.0,146.0,130.0,119.0,110.0,103.0,101.0,103.0,110.0,118.0,125.0,-0.8660254037845674,0.499999999999777
66.0,180.0,138.0,205.0,178.0,188.0,120.0,90.0,55.0,55.0,55.0,90.0,128.0,146.0,178.0,189.0,204.0,187.0,160.0,118.0,91.0,75.0,86.0,102.0,117.0,128.0,136.0,138.0,142.0,147.0,150.0,146.0,138.0,127.0,116.0,110.0,109.0,112.0,117.0,122.0,125.0,128.0,128.0,130.0,131.0,131.0,131.0,131.0,131.0,132.0,131.0,151.0,158.0,125.0,129.0,141.0,155.0,142.0,139.0,128.0,130.0,124.0,120.0,123.0,126.0,120.0,113.0,106.0,109.0,135.0,160.0,155.0,125.0,101.0,91.0,105.0,147.0,186.0,185.0,141.0,81.0,55.0,55.0,55.0,157.0,205.0,205.0,205.0,180.0,121.0,92.0,88.0,100.0,110.0,113.0,108.0,105.0,109.0,117.0,127.0,-0.7071067811867361,0.707106781186359
205.0,185.0,100.0,81.0,77.0,95.0,71.0,65.0,72.0,113.0,150.0,183.0,180.0,156.0,129.0,99.0,62.0,55.0,55.0,55.0,56.0,137.0,185.0,205.0,205.0,189.0,153.0,120.0,101.0,88.0,84.0,90.0,105.0,125.0,143.0,154.0,156.0,151.0,142.0,134.0,127.0,124.0,122.0,123.0,126.0,130.0,132.0,133.0,135.0,137.0,132.0,115.0,105.0,147.0,152.0,137.0,124.0,124.0,129.0,121.0,112.0,93.0,89.0,94.0,120.0,148.0,166.0,179.0,188.0,176.0,141.0,105.0,74.0,55.0,60.0,108.0,168.0,205.0,205.0,179.0,125.0,93.0,100.0,137.0,170.0,179.0,154.0,110.0,74.0,61.0,69.0,89.0,113.0,127.0,132.0,133.0,135.0,141.0,149.0,154.0,-0.5000000000002366,0.866025403784302
163.0,110.0,166.0,109.0,141.0,108.0,93.0,57.0,59.0,55.0,55.0,55.0,121.0,167.0,192.0,195.0,155.0,132.0,115.0,99.0,89.0,95.0,92.0,105.0,137.0,168.0,177.0,171.0,148.0,124.0,113.0,116.0,123.0,125.0,125.0,124.0,127.0,127.0,123.0,118.0,119.0,122.0,126.0,131.0,134.0,137.0,140.0,142.0,144.0,145.0,153.0,98.0,91.0,125.0,155.0,161.0,144.0,117.0,106.0,100.0,97.0,96.0,101.0,103.0,111.0,130.0,157.0,185.0,194.0,165.0,108.0,56.0,55.0,55.0,64.0,167.0,205.0,205.0,205.0,146.0,92.0,68.0,82.0,120.0,158.0,176.0,171.0,150.0,127.0,112.0,105.0,102.0,102.0,105.0,110.0,116.0,121.0,125.0,130.0,134.0,-0.25881904510278836,0.9659258262889966
158.0,205.0,185.0,134.0,144.0,62.0,60.0,55.0,77.0,91.0,150.0,143.0,180.0,190.0,205.0,193.0,156.0,112.0,77.0,58.0,78.0,113.0,124.0,132.0,137.0,139.0,142.0,156.0,157.0,144.0,127.0,115.0,108.0,111.0,115.0,119.0,120.0,123.0,123.0,127.0,128.0,130.0,130.0,133.0,133.0,133.0,131.0,130.0,130.0,129.0,138.0,130.0,131.0,121.0,121.0,126.0,129.0,123.0,123.0,142.0,152.0,153.0,136.0,109.0,90.0,97.0,110.0,114.0,120.0,136.0,150.0,170.0,194.0,195.0,158.0,99.0,55.0,55.0,55.0,62.0,170.0,205.0,205.0,205.0,149.0,106.0,89.0,94.0,109.0,121.0,123.0,117.0,112.0,113.0,118.0,125.0,130.0,132.0,132.0,133.0,-2.835738452441694e-13,1.0
98.0,94.0,146.0,123.0,116.0,71.0,63.0,55.0,89.0,95.0,99.0,106.0,129.0,128.0,123.0,121.0,111.0,95.0,103.0,128.0,143.0,152.0,158.0,154.0,142.0,133.0,123.0,115.0,110.0,114.0,123.0,136.0,143.0,144.0,140.0,132.0,128.0,124.0,121.0,121.0,122.0,128.0,133.0,137.0,135.0,137.0,144.0,150.0,152.0,149.0,95.0,102.0,127.0,127.0,112.0,100.0,110.0,136.0,166.0,178.0,165.0,143.0,124.0,109.0,103.0,112.0,117.0,116.0,129.0,157.0,184.0,195.0,185.0,143.0,95.0,70.0,85.0,125.0,157.0,162.0,135.0,97.0,69.0,64.0,80.0,109.0,134.0,145.0,144.0,137.0,135.0,139.0,147.0,150.0,144.0,134.0,127.0,127.0,131.0,133.0,0.25881904510224224,0.9659258262891429
204.0,125.0,55.0,55.0,55.0,57.0,59.0,69.0,89.0,148.0,200.0,205.0,153.0,104.0,82.0,60.0,55.0,55.0,56.0,56.0,110.0,176.0,205.0,205.0,196.0,162.0,130.0,109.0,97.0,87.0,86.0,94.0,112.0,133.0,146.0,151.0,152.0,153.0,150.0,142.0,130.0,125.0,127.0,135.0,140.0,141.0,140.0,139.0,141.0,144.0,165.0,98.0,107.0,84.0,129.0,109.0,99.0,94.0,131.0,138.0,146.0,139.0,138.0,145.0,143.0,121.0,90.0,73.0,73.0,99.0,141.0,182.0,204.0,205.0,173.0,124.0,81.0,60.0,67.0,104.0,152.0,187.0,194.0,171.0,130.0,88.0,66.0,71.0,100.0,134.0,159.0,167.0,157.0,139.0,123.0,113.0,111.0,119.0,124.0,126.0,0.49999999999974226,0.8660254037845875
135.0,91.0,120.0,131.0,128.0,148.0,146.0,161.0,156.0,175.0,130.0,114.0,101.0,116.0,93.0,102.0,119.0,128.0,131.0,160.0,174.0,153.0,133.0,124.0,112.0,105.0,111.0,118.0,121.0,125.0,131.0,137.0,142.0,140.0,136.0,131.0,128.0,122.0,123.0,123.0,125.0,125.0,126.0,125.0,125.0,124.0,122.0,122.0,122.0,125.0,140.0,117.0,113.0,123.0,136.0,131.0,128.0,140.0,146.0,148.0,135.0,109.0,92.0,99.0,109.0,113.0,124.0,140.0,155.0,177.0,198.0,189.0,145.0,84.0,55.0,55.0,55.0,76.0,187.0,205.0,205.0,204.0,137.0,100.0,88.0,97.0,113.0,123.0,121.0,115.0,112.0,114.0,120.0,127.0,132.0,132.0,133.0,134.0,139.0,143.0,0.7071067811863344,0.7071067811867606
140.0,187.0,56.0,95.0,55.0,93.0,79.0,105.0,85.0,102.0,125.0,135.0,126.0,110.0,122.0,110.0,121.0,140.0,161.0,141.0,134.0,137.0,137.0,123.0,122.0,121.0,118.0,128.0,142.0,148.0,144.0,138.0,131.0,126.0,125.0,122.0,121.0,123.0,126.0,130.0,135.0,137.0,137.0,140.0,143.0,148.0,149.0,149.0,146.0,146.0,164.0,131.0,102.0,112.0,129.0,151.0,135.0,106.0,93.0,104.0,129.0,146.0,147.0,129.0,123.0,135.0,153.0,162.0,157.0,125.0,86.0,76.0,103.0,149.0,182.0,183.0,148.0,103.0,86.0,107.0,148.0,179.0,187.0,150.0,100.0,66.0,63.0,84.0,112.0,131.0,134.0,128.0,123.0,126.0,137.0,149.0,153.0,145.0,134.0,127.0,0.866025403784286,0.5000000000002643
113.0,64.0,171.0,134.0,137.0,92.0,99.0,79.0,82.0,84.0,77.0,77.0,102.0,158.0,179.0,189.0,173.0,158.0,133.0,127.0,119.0,110.0,99.0,100.0,110.0,125.0,137.0,143.0,143.0,143.0,141.0,138.0,131.0,124.0,117.0,116.0,117.0,120.0,123.0,127.0,133.0,139.0,144.0,144.0,144.0,144.0,145.0,145.0,146.0,143.0,109.0,73.0,89.0,119.0,135.0,109.0,111.0,118.0,145.0,136.0,126.0,103.0,105.0,105.0,106.0,107.0,118.0,129.0,141.0,152.0,153.0,148.0,133.0,112.0,86.0,70.0,74.0,100.0,143.0,190.0,205.0,205.0,205.0,146.0,83.0,55.0,55.0,55.0,127.0,172.0,192.0,181.0,156.0,129.0,112.0,106.0,107.0,111.0,114.0,115.0,0.9659258262889869,0.25881904510282444
169.0,109.0,173.0,108.0,172.0,137.0,170.0,95.0,106.0,94.0,98.0,88.0,118.0,139.0,141.0,161.0,168.0,138.0,85.0,71.0,68.0,75.0,97.0,137.0,155.0,166.0,173.0,171.0,153.0,132.0,109.0,96.0,95.0,104.0,118.0,134.0,143.0,147.0,147.0,142.0,130.0,119.0,114.0,116.0,119.0,120.0,119.0,120.0,122.0,125.0,95.0,88.0,146.0,116.0,143.0,117.0,144.0,112.0,104.0,87.0,110.0,135.0,156.0,164.0,160.0,160.0,158.0,151.0,116.0,78.0,55.0,55.0,55.0,131.0,196.0,205.0,205.0,205.0,156.0,122.0,102.0,86.0,66.0,55.0,55.0,55.0,116.0,169.0,201.0,200.0,176.0,142.0,116.0,108.0,115.0,128.0,134.0,129.0,116.0,106.0,1.0,3.209156864566276e-13
66.0,55.0,65.0,102.0,110.0,114.0,126.0,173.0,177.0,171.0,169.0,181.0,162.0,147.0,131.0,98.0,59.0,55.0,81.0,102.0,121.0,141.0,158.0,168.0,177.0,174.0,153.0,119.0,90.0,77.0,82.0,98.0,116.0,132.0,143.0,148.0,148.0,146.0,143.0,139.0,137.0,136.0,136.0,134.0,130.0,127.0,125.0,124.0,122.0,120.0,89.0,82.0,115.0,155.0,143.0,106.0,95.0,102.0,126.0,131.0,134.0,126.0,127.0,128.0,140.0,143.0,131.0,105.0,75.0,56.0,59.0,106.0,155.0,182.0,187.0,180.0,157.0,134.0,119.0,113.0,107.0,103.0,98.0,94.0,98.0,117.0,146.0,176.0,193.0,192.0,174.0,151.0,130.0,114.0,103.0,94.0,88.0,86.0,91.0,99.0,0.9659258262891524,-0.25881904510220705
127.0,73.0,55.0,76.0,89.0,95.0,79.0,90.0,135.0,169.0,185.0,180.0,174.0,157.0,150.0,140.0,115.0,71.0,55.0,55.0,96.0,126.0,150.0,163.0,165.0,169.0,171.0,157.0,127.0,97.0,81.0,84.0,100.0,117.0,130.0,139.0,145.0,147.0,146.0,142.0,138.0,137.0,140.0,142.0,140.0,136.0,133.0,131.0,131.0,130.0,137.0,101.0,103.0,97.0,109.0,99.0,109.0,111.0,125.0,135.0,147.0,152.0,149.0,130.0,98.0,69.0,55.0,64.0,101.0,152.0,196.0,205.0,205.0,205.0,155.0,91.0,55.0,55.0,55.0,71.0,165.0,204.0,205.0,181.0,143.0,113.0,98.0,99.0,107.0,114.0,114.0,108.0,102.0,101.0,106.0,114.0,123.0,128.0,133.0,139.0,0.8660254037846057,-0.49999999999971056
93.0,55.0,83.0,140.0,168.0,156.0,153.0,153.0,121.0,87.0,60.0,55.0,55.0,55.0,115.0,164.0,187.0,199.0,192.0,169.0,139.0,108.0,82.0,71.0,77.0,99.0,125.0,143.0,153.0,154.0,149.0,140.0,131.0,123.0,120.0,118.0,120.0,122.0,123.0,124.0,126.0,128.0,131.0,133.0,134.0,135.0,136.0,137.0,138.0,139.0,128.0,72.0,79.0,121.0,163.0,151.0,127.0,119.0,119.0,132.0,126.0,105.0,82.0,75.0,77.0,111.0,163.0,200.0,204.0,173.0,124.0,86.0,78.0,82.0,78.0,66.0,60.0,75.0,127.0,203.0,205.0,205.0,205.0,205.0,57.0,55.0,55.0,55.0,97.0,163.0,177.0,163.0,141.0,129.0,128.0,134.0,137.0,133.0,126.0,120.0,0.7071067811867863,-0.7071067811863088
56.0,143.0,91.0,129.0,98.0,131.0,123.0,165.0,201.0,205.0,198.0,177.0,140.0,66.0,55.0,55.0,55.0,55.0,103.0,191.0,205.0,205.0,205.0,183.0,134.0,92.0,62.0,55.0,55.0,89.0,132.0,166.0,179.0,171.0,155.0,139.0,127.0,122.0,121.0,121.0,122.0,125.0,126.0,126.0,124.0,122.0,121.0,123.0,124.0,125.0,159.0,166.0,152.0,109.0,111.0,128.0,124.0,124.0,125.0,138.0,143.0,143.0,139.0,146.0,141.0,121.0,89.0,60.0,55.0,96.0,157.0,197.0,205.0,200.0,169.0,136.0,119.0,111.0,100.0,85.0,72.0,66.0,82.0,125.0,181.0,205.0,205.0,205.0,152.0,104.0,80.0,79.0,90.0,101.0,106.0,105.0,105.0,110.0,120.0,131.0,0.500000000000298,-0.8660254037842666
148.0,143.0,113.0,113.0,133.0,171.0,184.0,185.0,157.0,115.0,76.0,71.0,76.0,92.0,124.0,162.0,195.0,205.0,205.0,194.0,134.0,88.0,57.0,55.0,67.0,92.0,124.0,156.0,179.0,181.0,167.0,144.0,123.0,111.0,105.0,104.0,108.0,117.0,126.0,133.0,135.0,132.0,129.0,127.0,128.0,129.0,129.0,127.0,125.0,123.0,55.0,94.0,105.0,128.0,115.0,110.0,122.0,127.0,130.0,114.0,108.0,94.0,89.0,83.0,95.0,112.0,139.0,156.0,163.0,163.0,158.0,143.0,116.0,81.0,56.0,55.0,57.0,141.0,205.0,205.0,205.0,205.0,114.0,57.0,55.0,55.0,63.0,150.0,181.0,177.0,150.0,118.0,100.0,96.0,102.0,109.0,114.0,116.0,118.0,121.0,0.25881904510285686,-0.9659258262889783
154.0,96.0,55.0,87.0,149.0,167.0,124.0,78.0,64.0,61.0,78.0,103.0,125.0,137.0,168.0,186.0,174.0,135.0,89.0,56.0,55.0,55.0,103.0,139.0,172.0,188.0,189.0,177.0,149.0,113.0,86.0,79.0,90.0,110.0,130.0,142.0,147.0,147.0,142.0,137.0,132.0,129.0,129.0,132.0,135.0,136.0,136.0,136.0,137.0,139.0,74.0,95.0,122.0,119.0,125.0,118.0,138.0,133.0,133.0,110.0,104.0,95.0,99.0,109.0,131.0,146.0,156.0,155.0,147.0,138.0,125.0,100.0,64.0,55.0,55.0,57.0,154.0,205.0,205.0,205.0,205.0,89.0,55.0,55.0,55.0,55.0,90.0,182.0,205.0,196.0,172.0,149.0,134.0,126.0,121.0,116.0,113.0,111.0,110.0,109.0,3.571701893993651e-13,-1.0
116.0,128.0,178.0,205.0,205.0,205.0,145.0,64.0,55.0,55.0,55.0,55.0,72.0,187.0,205.0,205.0,205.0,172.0,97.0,55.0,55.0,55.0,56.0,126.0,159.0,173.0,176.0,170.0,152.0,130.0,110.0,100.0,106.0,119.0,130.0,137.0,137.0,135.0,131.0,127.0,120.0,117.0,121.0,126.0,128.0,127.0,126.0,129.0,132.0,134.0,126.0,87.0,117.0,137.0,134.0,113.0,119.0,124.0,141.0,129.0,111.0,103.0,104.0,110.0,123.0,129.0,130.0,148.0,167.0,169.0,160.0,151.0,119.0,83.0,69.0,78.0,102.0,137.0,173.0,189.0,186.0,178.0,159.0,132.0,108.0,92.0,85.0,86.0,96.0,107.0,117.0,123.0,126.0,127.0,130.0,134.0,137.0,140.0,143.0,144.0,-0.258819045102172,-0.9659258262891617
125.0,182.0,186.0,175.0,124.0,82.0,55.0,62.0,77.0,107.0,146.0,190.0,205.0,205.0,190.0,115.0,55.0,55.0,55.0,55.0,83.0,141.0,179.0,203.0,205.0,190.0,147.0,98.0,69.0,68.0,88.0,114.0,134.0,143.0,147.0,146.0,140.0,132.0,124.0,121.0,122.0,124.0,124.0,122.0,120.0,121.0,123.0,126.0,126.0,125.0,137.0,145.0,126.0,138.0,115.0,82.0,66.0,87.0,122.0,145.0,157.0,154.0,166.0,176.0,174.0,128.0,72.0,55.0,55.0,55.0,120.0,205.0,205.0,205.0,205.0,205.0,99.0,55.0,55.0,55.0,55.0,69.0,185.0,205.0,205.0,205.0,156.0,91.0,55.0,55.0,55.0,84.0,108.0,119.0,120.0,118.0,120.0,130.0,143.0,156.0,-0.499999999999684,-0.8660254037846211
119.0,62.0,55.0,55.0,88.0,112.0,132.0,157.0,174.0,175.0,147.0,112.0,74.0,56.0,58.0,86.0,114.0,148.0,174.0,184.0,180.0,164.0,134.0,103.0,85.0,84.0,99.0,121.0,138.0,145.0,145.0,140.0,135.0,129.0,125.0,122.0,123.0,125.0,129.0,130.0,131.0,132.0,134.0,136.0,137.0,137.0,136.0,136.0,135.0,135.0,113.0,111.0,116.0,157.0,150.0,134.0,98.0,91.0,86.0,109.0,131.0,147.0,151.0,150.0,148.0,147.0,141.0,115.0,75.0,55.0,55.0,55.0,101.0,205.0,205.0,205.0,205.0,205.0,59.0,55.0,55.0,55.0,55.0,81.0,193.0,205.0,205.0,205.0,168.0,136.0,113.0,101.0,98.0,101.0,104.0,103.0,101.0,99.0,101.0,109.0,-0.707106781186283,-0.707106781186812
205.0,175.0,84.0,82.0,55.0,56.0,55.0,55.0,55.0,138.0,176.0,198.0,205.0,195.0,139.0,76.0,55.0,55.0,55.0,55.0,56.0,120.0,195.0,205.0,205.0,205.0,180.0,142.0,106.0,75.0,58.0,58.0,84.0,117.0,147.0,164.0,166.0,158.0,147.0,136.0,127.0,120.0,116.0,116.0,120.0,125.0,127.0,130.0,131.0,134.0,116.0,135.0,151.0,131.0,97.0,96.0,104.0,124.0,134.0,128.0,126.0,152.0,179.0,179.0,165.0,139.0,102.0,71.0,75.0,97.0,127.0,159.0,184.0,195.0,193.0,178.0,146.0,100.0,61.0,55.0,62.0,114.0,161.0,179.0,161.0,121.0,84.0,67.0,77.0,105.0,133.0,150.0,156.0,156.0,147.0,138.0,134.0,138.0,141.0,139.0,-0.8660254037842496,-0.5000000000003273
80.0,55.0,55.0,109.0,140.0,175.0,203.0,205.0,205.0,198.0,111.0,55.0,55.0,55.0,55.0,64.0,143.0,179.0,205.0,205.0,205.0,162.0,111.0,72.0,59.0,72.0,97.0,122.0,137.0,145.0,149.0,148.0,141.0,133.0,129.0,128.0,131.0,132.0,130.0,128.0,126.0,127.0,129.0,129.0,126.0,125.0,125.0,127.0,128.0,129.0,124.0,133.0,133.0,119.0,90.0,88.0,100.0,129.0,143.0,139.0,133.0,143.0,150.0,141.0,117.0,86.0,64.0,67.0,106.0,163.0,205.0,205.0,205.0,205.0,137.0,70.0,55.0,55.0,55.0,65.0,180.0,205.0,205.0,205.0,205.0,102.0,56.0,55.0,55.0,55.0,83.0,105.0,115.0,118.0,122.0,130.0,142.0,154.0,162.0,165.0,-0.9659258262889681,-0.2588190451028947
204.0,152.0,133.0,91.0,104.0,107.0,92.0,62.0,55.0,78.0,117.0,158.0,177.0,181.0,155.0,136.0,103.0,66.0,55.0,55.0,55.0,58.0,142.0,187.0,205.0,205.0,188.0,152.0,120.0,99.0,88.0,85.0,94.0,108.0,128.0,145.0,154.0,155.0,150.0,141.0,133.0,128.0,125.0,124.0,125.0,127.0,130.0,132.0,134.0,135.0,100.0,113.0,99.0,131.0,149.0,152.0,152.0,124.0,113.0,106.0,94.0,68.0,64.0,69.0,102.0,157.0,205.0,205.0,205.0,205.0,123.0,58.0,55.0,55.0,55.0,55.0,113.0,205.0,205.0,205.0,205.0,205.0,94.0,55.0,55.0,55.0,60.0,124.0,140.0,135.0,122.0,111.0,112.0,123.0,135.0,143.0,146.0,143.0,137.0,133.0,-1.0,-3.909822016879272e-13
57.0,75.0,78.0,170.0,152.0,179.0,155.0,139.0,97.0,80.0,55.0,55.0,55.0,55.0,114.0,190.0,205.0,188.0,162.0,144.0,121.0,101.0,94.0,85.0,90.0,118.0,152.0,166.0,166.0,149.0,131.0,121.0,122.0,126.0,132.0,134.0,134.0,133.0,131.0,127.0,124.0,126.0,129.0,133.0,134.0,135.0,137.0,140.0,144.0,145.0,109.0,105.0,104.0,119.0,133.0,134.0,115.0,103.0,120.0,142.0,144.0,137.0,130.0,121.0,119.0,126.0,126.0,116.0,105.0,107.0,124.0,144.0,160.0,155.0,120.0,82.0,74.0,108.0,168.0,205.0,205.0,153.0,74.0,55.0,55.0,55.0,128.0,182.0,195.0,178.0,150.0,127.0,119.0,125.0,133.0,133.0,122.0,110.0,105.0,111.0,-0.9659258262891705,0.2588190451021394
205.0,205.0,154.0,169.0,124.0,95.0,55.0,55.0,55.0,107.0,147.0,171.0,181.0,193.0,205.0,188.0,150.0,108.0,79.0,68.0,100.0,140.0,149.0,140.0,136.0,127.0,126.0,136.0,141.0,131.0,122.0,121.0,124.0,129.0,130.0,124.0,118.0,114.0,113.0,117.0,121.0,126.0,131.0,135.0,137.0,135.0,133.0,132.0,131.0,131.0,128.0,113.0,114.0,131.0,119.0,105.0,98.0,110.0,103.0,96.0,96.0,132.0,180.0,205.0,205.0,193.0,158.0,121.0,91.0,59.0,55.0,55.0,55.0,142.0,205.0,205.0,205.0,205.0,117.0,59.0,55.0,55.0,107.0,123.0,100.0,60.0,55.0,55.0,59.0,146.0,192.0,205.0,200.0,177.0,158.0,151.0,151.0,147.0,136.0,118.0,-0.8660254037846407,0.4999999999996501
56.0,55.0,56.0,127.0,176.0,171.0,154.0,126.0,120.0,89.0,60.0,55.0,55.0,55.0,86.0,123.0,137.0,142.0,154.0,163.0,154.0,146.0,138.0,129.0,121.0,119.0,114.0,107.0,104.0,109.0,122.0,139.0,150.0,153.0,151.0,144.0,136.0,129.0,124.0,122.0,121.0,125.0,129.0,132.0,135.0,136.0,139.0,141.0,144.0,145.0,106.0,112.0,117.0,96.0,79.0,83.0,105.0,130.0,158.0,169.0,180.0,185.0,171.0,124.0,72.0,55.0,55.0,55.0,57.0,161.0,205.0,205.0,205.0,205.0,205.0,55.0,55.0,55.0,55.0,55.0,102.0,152.0,170.0,173.0,165.0,152.0,137.0,127.0,123.0,123.0,123.0,122.0,118.0,112.0,107.0,105.0,110.0,119.0,129.0,137.0,-0.7071067811868359,0.7071067811862591
205.0,193.0,150.0,86.0,73.0,61.0,55.0,55.0,55.0,55.0,70.0,181.0,205.0,205.0,168.0,129.0,84.0,55.0,55.0,55.0,55.0,56.0,124.0,205.0,205.0,205.0,182.0,145.0,119.0,104.0,92.0,87.0,91.0,105.0,123.0,139.0,145.0,146.0,143.0,138.0,132.0,127.0,124.0,123.0,127.0,133.0,138.0,139.0,141.0,141.0,159.0,75.0,99.0,112.0,165.0,141.0,114.0,96.0,112.0,129.0,141.0,133.0,111.0,99.0,97.0,115.0,142.0,160.0,138.0,98.0,68.0,78.0,126.0,182.0,201.0,168.0,104.0,55.0,55.0,55.0,149.0,205.0,205.0,205.0,150.0,91.0,67.0,82.0,121.0,153.0,164.0,152.0,132.0,119.0,114.0,116.0,115.0,112.0,109.0,110.0,-0.5000000000003612,0.8660254037842301
101.0,55.0,84.0,114.0,158.0,166.0,162.0,154.0,152.0,178.0,166.0,151.0,121.0,116.0,89.0,98.0,117.0,124.0,114.0,134.0,153.0,154.0,155.0,158.0,141.0,121.0,112.0,107.0,101.0,105.0,115.0,129.0,142.0,147.0,144.0,138.0,134.0,130.0,133.0,134.0,134.0,132.0,134.0,133.0,132.0,129.0,125.0,124.0,124.0,124.0,100.0,113.0,127.0,119.0,101.0,104.0,111.0,147.0,155.0,148.0,134.0,133.0,136.0,148.0,139.0,102.0,61.0,55.0,55.0,112.0,182.0,205.0,185.0,130.0,87.0,74.0,104.0,155.0,184.0,168.0,118.0,64.0,55.0,55.0,55.0,143.0,193.0,205.0,205.0,190.0,168.0,151.0,136.0,120.0,103.0,89.0,83.0,87.0,98.0,107.0,-0.25881904510292736,0.9659258262889593
144.0,113.0,81.0,156.0,133.0,132.0,84.0,67.0,55.0,93.0,111.0,105.0,103.0,119.0,135.0,122.0,116.0,108.0,104.0,116.0,159.0,188.0,183.0,166.0,148.0,124.0,106.0,100.0,95.0,94.0,109.0,136.0,161.0,173.0,166.0,147.0,128.0,114.0,108.0,108.0,112.0,118.0,126.0,135.0,139.0,142.0,143.0,145.0,147.0,149.0,102.0,121.0,104.0,126.0,104.0,118.0,127.0,137.0,138.0,127.0,126.0,120.0,113.0,95.0,94.0,87.0,91.0,108.0,136.0,157.0,178.0,189.0,174.0,134.0,96.0,62.0,55.0,55.0,104.0,164.0,205.0,205.0,205.0,150.0,103.0,88.0,101.0,130.0,151.0,152.0,136.0,112.0,96.0,89.0,93.0,103.0,114.0,120.0,124.0,126.0,-4.2479421397648933e-13,1.0
55.0,55.0,55.0,68.0,148.0,186.0,160.0,138.0,127.0,119.0,81.0,56.0,55.0,55.0,55.0,103.0,182.0,205.0,205.0,184.0,151.0,124.0,107.0,94.0,89.0,90.0,101.0,119.0,136.0,145.0,149.0,146.0,141.0,133.0,126.0,121.0,120.0,123.0,127.0,131.0,133.0,136.0,139.0,142.0,144.0,144.0,143.0,142.0,143.0,144.0,120.0,127.0,109.0,108.0,125.0,139.0,143.0,144.0,135.0,121.0,106.0,95.0,89.0,97.0,104.0,107.0,117.0,138.0,168.0,192.0,187.0,141.0,80.0,55.0,55.0,55.0,102.0,194.0,205.0,205.0,179.0,119.0,76.0,69.0,96.0,138.0,168.0,176.0,162.0,138.0,119.0,107.0,102.0,101.0,103.0,107.0,113.0,120.0,125.0,128.0,0.2588190451021075,0.965925826289179
165.0,75.0,162.0,113.0,144.0,113.0,153.0,155.0,168.0,174.0,141.0,112.0,102.0,118.0,94.0,97.0,109.0,128.0,130.0,165.0,188.0,177.0,146.0,128.0,108.0,95.0,96.0,103.0,108.0,116.0,131.0,147.0,156.0,151.0,139.0,129.0,124.0,118.0,116.0,117.0,120.0,122.0,126.0,127.0,128.0,125.0,124.0,123.0,124.0,124.0,145.0,128.0,134.0,121.0,122.0,125.0,131.0,126.0,124.0,137.0,147.0,149.0,140.0,118.0,95.0,96.0,106.0,110.0,117.0,134.0,149.0,167.0,190.0,195.0,164.0,107.0,55.0,55.0,55.0,55.0,152.0,205.0,205.0,205.0,163.0,113.0,88.0,90.0,105.0,120.0,124.0,118.0,112.0,111.0,116.0,124.0,130.0,132.0,132.0,132.0,0.49999999999962624,0.8660254037846544
63.0,85.0,86.0,105.0,86.0,107.0,129.0,149.0,121.0,118.0,113.0,111.0,112.0,140.0,155.0,150.0,154.0,172.0,167.0,142.0,123.0,105.0,92.0,99.0,121.0,133.0,137.0,140.0,145.0,147.0,145.0,133.0,122.0,113.0,111.0,115.0,123.0,130.0,136.0,142.0,148.0,150.0,151.0,149.0,148.0,147.0,146.0,143.0,140.0,137.0,139.0,126.0,98.0,105.0,126.0,127.0,112.0,98.0,103.0,122.0,152.0,172.0,174.0,155.0,136.0,118.0,105.0,106.0,115.0,116.0,117.0,137.0,169.0,193.0,196.0,169.0,120.0,80.0,75.0,103.0,141.0,161.0,152.0,119.0,85.0,66.0,69.0,90.0,118.0,138.0,145.0,142.0,137.0,136.0,142.0,147.0,146.0,138.0,129.0,130.0,0.7071067811862357,0.7071067811868593
187.0,138.0,193.0,129.0,119.0,55.0,67.0,55.0,55.0,55.0,93.0,102.0,140.0,181.0,196.0,184.0,160.0,137.0,113.0,111.0,111.0,112.0,103.0,105.0,114.0,127.0,138.0,141.0,142.0,146.0,146.0,140.0,129.0,119.0,111.0,107.0,110.0,115.0,119.0,119.0,119.0,126.0,135.0,142.0,143.0,142.0,143.0,143.0,144.0,143.0,118.0,113.0,93.0,121.0,112.0,111.0,87.0,118.0,126.0,144.0,139.0,144.0,143.0,145.0,133.0,106.0,83.0,71.0,83.0,113.0,158.0,194.0,205.0,202.0,158.0,106.0,67.0,56.0,79.0,122.0,163.0,183.0,173.0,143.0,109.0,89.0,87.0,101.0,122.0,138.0,144.0,141.0,132.0,124.0,120.0,119.0,120.0,121.0,124.0,128.0,0.8660254037842163,0.500000000000385
141.0,125.0,148.0,163.0,174.0,129.0,93.0,91.0,107.0,97.0,98.0,123.0,135.0,139.0,158.0,158.0,117.0,83.0,83.0,95.0,107.0,126.0,142.0,145.0,149.0,154.0,150.0,130.0,109.0,98.0,104.0,119.0,130.0,136.0,138.0,137.0,132.0,129.0,125.0,120.0,118.0,117.0,119.0,121.0,121.0,121.0,123.0,126.0,127.0,128.0,144.0,101.0,108.0,111.0,136.0,126.0,139.0,129.0,156.0,141.0,126.0,90.0,90.0,100.0,113.0,118.0,130.0,145.0,164.0,192.0,201.0,169.0,105.0,55.0,55.0,55.0,55.0,132.0,205.0,205.0,205.0,172.0,127.0,104.0,96.0,94.0,94.0,95.0,102.0,115.0,133.0,145.0,149.0,147.0,142.0,132.0,124.0,123.0,130.0,136.0,0.9659258262889523,0.2588190451029538
199.0,163.0,92.0,120.0,62.0,100.0,79.0,107.0,79.0,113.0,133.0,160.0,152.0,168.0,167.0,140.0,126.0,143.0,160.0,157.0,161.0,156.0,130.0,108.0,109.0,108.0,105.0,109.0,121.0,132.0,147.0,155.0,156.0,144.0,129.0,112.0,103.0,101.0,107.0,117.0,130.0,141.0,147.0,150.0,151.0,151.0,150.0,147.0,143.0,139.0,110.0,107.0,132.0,145.0,131.0,104.0,97.0,110.0,136.0,150.0,141.0,126.0,128.0,144.0,157.0,162.0,145.0,105.0,76.0,86.0,127.0,169.0,186.0,166.0,122.0,94.0,98.0,129.0,162.0,179.0,165.0,127.0,88.0,67.0,71.0,94.0,120.0,134.0,134.0,127.0,125.0,130.0,142.0,151.0,151.0,141.0,130.0,126.0,129.0,133.0,1.0,4.576951630904469e-13
127.0,98.0,55.0,55.0,91.0,121.0,129.0,124.0,108.0,119.0,144.0,149.0,141.0,134.0,147.0,159.0,170.0,166.0,141.0,92.0,61.0,69.0,96.0,121.0,144.0,157.0,160.0,166.0,169.0,157.0,129.0,101.0,86.0,88.0,104.0,123.0,138.0,148.0,154.0,155.0,154.0,150.0,146.0,145.0,146.0,145.0,143.0,138.0,135.0,134.0,104.0,123.0,118.0,118.0,116.0,139.0,132.0,127.0,104.0,104.0,101.0,104.0,106.0,117.0,127.0,138.0,150.0,153.0,147.0,132.0,108.0,82.0,66.0,71.0,99.0,142.0,190.0,205.0,205.0,205.0,149.0,84.0,55.0,55.0,55.0,119.0,170.0,194.0,186.0,161.0,132.0,113.0,104.0,104.0,108.0,111.0,112.0,112.0,111.0,114.0,0.9659258262891891,-0.25881904510206977
205.0,177.0,144.0,130.0,135.0,125.0,101.0,104.0,91.0,77.0,89.0,131.0,138.0,149.0,165.0,165.0,117.0,77.0,58.0,55.0,55.0,70.0,130.0,160.0,181.0,193.0,187.0,164.0,137.0,110.0,89.0,80.0,85.0,104.0,129.0,147.0,155.0,153.0,145.0,135.0,125.0,119.0,115.0,113.0,114.0,116.0,120.0,123.0,125.0,127.0,94.0,94.0,113.0,136.0,139.0,147.0,145.0,122.0,93.0,83.0,93.0,106.0,116.0,126.0,137.0,155.0,185.0,201.0,177.0,112.0,55.0,55.0,55.0,55.0,118.0,205.0,205.0,205.0,185.0,144.0,123.0,113.0,99.0,79.0,63.0,66.0,93.0,135.0,172.0,187.0,179.0,155.0,129.0,115.0,116.0,124.0,130.0,126.0,115.0,103.0,0.8660254037846739,-0.4999999999995925
176.0,112.0,116.0,55.0,82.0,65.0,129.0,106.0,145.0,162.0,183.0,162.0,175.0,182.0,165.0,151.0,134.0,104.0,58.0,55.0,66.0,85.0,105.0,140.0,163.0,179.0,190.0,188.0,164.0,129.0,94.0,73.0,71.0,87.0,107.0,131.0,147.0,155.0,156.0,153.0,148.0,142.0,139.0,135.0,134.0,131.0,129.0,126.0,124.0,123.0,107.0,131.0,123.0,115.0,99.0,95.0,131.0,143.0,152.0,126.0,120.0,127.0,154.0,160.0,156.0,121.0,83.0,74.0,104.0,150.0,184.0,182.0,141.0,92.0,77.0,105.0,151.0,185.0,186.0,159.0,115.0,84.0,71.0,75.0,89.0,104.0,118.0,128.0,141.0,152.0,162.0,164.0,157.0,142.0,126.0,119.0,121.0,127.0,129.0,126.0,0.7071067811868871,-0.707106781186208
181.0,145.0,97.0,56.0,55.0,88.0,130.0,144.0,150.0,166.0,187.0,200.0,191.0,155.0,92.0,55.0,55.0,55.0,97.0,130.0,153.0,165.0,173.0,180.0,172.0,145.0,113.0,90.0,85.0,96.0,111.0,124.0,133.0,140.0,142.0,141.0,137.0,132.0,130.0,132.0,135.0,135.0,133.0,130.0,130.0,131.0,131.0,129.0,126.0,125.0,103.0,103.0,119.0,152.0,144.0,119.0,96.0,95.0,101.0,108.0,113.0,118.0,127.0,140.0,153.0,156.0,147.0,123.0,93.0,66.0,57.0,74.0,114.0,165.0,205.0,205.0,205.0,205.0,138.0,73.0,55.0,55.0,55.0,99.0,176.0,205.0,205.0,179.0,145.0,117.0,101.0,98.0,101.0,105.0,107.0,106.0,105.0,107.0,113.0,120.0,0.5000000000004188,-0.8660254037841969
138.0,123.0,102.0,122.0,154.0,191.0,149.0,89.0,55.0,55.0,55.0,55.0,72.0,152.0,187.0,205.0,205.0,169.0,118.0,66.0,55.0,55.0,55.0,107.0,150.0,180.0,191.0,189.0,174.0,145.0,110.0,87.0,82.0,96.0,118.0,137.0,146.0,148.0,145.0,140.0,136.0,131.0,127.0,127.0,130.0,133.0,135.0,137.0,137.0,138.0,135.0,149.0,147.0,154.0,141.0,108.0,86.0,108.0,135.0,158.0,155.0,133.0,125.0,146.0,164.0,156.0,121.0,77.0,55.0,55.0,117.0,182.0,205.0,205.0,190.0,148.0,121.0,104.0,84.0,59.0,55.0,55.0,102.0,170.0,205.0,205.0,205.0,148.0,92.0,64.0,69.0,95.0,124.0,139.0,135.0,121.0,112.0,120.0,136.0,149.0,0.25881904510299714,-0.9659258262889406
77.0,55.0,55.0,132.0,134.0,205.0,204.0,205.0,201.0,177.0,82.0,55.0,55.0,55.0,55.0,66.0,174.0,204.0,205.0,205.0,205.0,159.0,110.0,69.0,55.0,55.0,83.0,115.0,137.0,149.0,160.0,165.0,164.0,150.0,135.0,120.0,114.0,111.0,114.0,116.0,118.0,121.0,126.0,129.0,128.0,127.0,126.0,127.0,129.0,130.0,167.0,149.0,120.0,91.0,127.0,126.0,113.0,126.0,132.0,146.0,140.0,138.0,135.0,147.0,130.0,103.0,66.0,55.0,67.0,132.0,184.0,204.0,202.0,178.0,142.0,119.0,115.0,109.0,95.0,81.0,75.0,82.0,114.0,163.0,204.0,205.0,205.0,160.0,119.0,97.0,97.0,106.0,112.0,111.0,103.0,98.0,100.0,110.0,122.0,133.0,4.966142012922848e-13,-1.0
146.0,92.0,114.0,175.0,188.0,182.0,126.0,73.0,55.0,67.0,83.0,109.0,147.0,189.0,205.0,205.0,194.0,114.0,55.0,55.0,55.0,55.0,86.0,144.0,181.0,204.0,205.0,189.0,144.0,97.0,68.0,69.0,89.0,115.0,134.0,144.0,147.0,146.0,140.0,132.0,125.0,121.0,122.0,124.0,124.0,122.0,121.0,121.0,124.0,127.0,134.0,94.0,63.0,106.0,119.0,124.0,111.0,111.0,124.0,127.0,128.0,117.0,115.0,103.0,93.0,82.0,92.0,109.0,138.0,157.0,164.0,162.0,159.0,150.0,127.0,94.0,61.0,55.0,55.0,126.0,201.0,205.0,205.0,205.0,137.0,69.0,55.0,55.0,61.0,143.0,179.0,178.0,151.0,115.0,95.0,94.0,104.0,115.0,120.0,120.0,-0.25881904510203735,-0.9659258262891978
131.0,67.0,55.0,55.0,55.0,113.0,138.0,161.0,180.0,195.0,185.0,137.0,87.0,55.0,55.0,55.0,59.0,122.0,158.0,184.0,195.0,188.0,171.0,140.0,106.0,83.0,77.0,87.0,108.0,129.0,142.0,146.0,144.0,139.0,135.0,131.0,129.0,129.0,132.0,134.0,136.0,137.0,137.0,139.0,139.0,139.0,138.0,137.0,136.0,136.0,62.0,92.0,104.0,132.0,120.0,123.0,129.0,139.0,134.0,113.0,102.0,94.0,100.0,108.0,129.0,141.0,154.0,155.0,151.0,141.0,127.0,100.0,64.0,55.0,55.0,55.0,146.0,205.0,205.0,205.0,205.0,134.0,55.0,55.0,55.0,55.0,69.0,174.0,205.0,205.0,187.0,161.0,141.0,127.0,119.0,112.0,109.0,107.0,107.0,106.0,-0.49999999999956324,-0.8660254037846908
191.0,102.0,97.0,55.0,55.0,55.0,55.0,55.0,114.0,159.0,195.0,198.0,205.0,166.0,103.0,56.0,55.0,55.0,55.0,55.0,73.0,179.0,205.0,205.0,205.0,188.0,150.0,115.0,83.0,64.0,58.0,77.0,107.0,138.0,159.0,165.0,160.0,149.0,137.0,128.0,121.0,117.0,116.0,119.0,123.0,127.0,129.0,131.0,133.0,135.0,172.0,141.0,93.0,90.0,123.0,134.0,118.0,106.0,120.0,140.0,141.0,116.0,99.0,98.0,106.0,115.0,123.0,123.0,142.0,166.0,175.0,161.0,150.0,125.0,88.0,64.0,69.0,90.0,122.0,164.0,195.0,204.0,196.0,177.0,146.0,107.0,77.0,63.0,68.0,90.0,119.0,139.0,146.0,142.0,132.0,124.0,124.0,127.0,133.0,137.0,-0.7071067811861844,-0.7071067811869106
100.0,55.0,55.0,81.0,126.0,160.0,184.0,205.0,205.0,205.0,157.0,76.0,55.0,55.0,55.0,55.0,106.0,163.0,193.0,205.0,205.0,188.0,142.0,92.0,62.0,61.0,82.0,108.0,130.0,142.0,148.0,149.0,145.0,137.0,130.0,128.0,129.0,131.0,131.0,129.0,127.0,126.0,128.0,129.0,128.0,125.0,125.0,125.0,127.0,129.0,119.0,91.0,113.0,132.0,141.0,108.0,75.0,63.0,80.0,106.0,123.0,136.0,145.0,158.0,167.0,164.0,134.0,89.0,55.0,55.0,55.0,59.0,173.0,205.0,205.0,205.0,205.0,157.0,65.0,55.0,55.0,55.0,65.0,153.0,193.0,204.0,191.0,163.0,132.0,108.0,94.0,90.0,93.0,97.0,101.0,104.0,105.0,108.0,113.0,123.0,-0.8660254037841826,-0.5000000000004434
93.0,90.0,83.0,109.0,73.0,62.0,62.0,105.0,141.0,180.0,182.0,165.0,137.0,111.0,74.0,55.0,55.0,55.0,55.0,118.0,176.0,202.0,205.0,197.0,165.0,129.0,107.0,91.0,84.0,88.0,100.0,119.0,139.0,152.0,156.0,154.0,145.0,136.0,130.0,125.0,123.0,123.0,126.0,129.0,132.0,134.0,135.0,137.0,138.0,139.0,138.0,140.0,130.0,104.0,87.0,88.0,110.0,131.0,143.0,150.0,152.0,149.0,145.0,133.0,101.0,61.0,55.0,55.0,55.0,136.0,205.0,205.0,205.0,205.0,205.0,62.0,55.0,55.0,55.0,55.0,128.0,202.0,205.0,205.0,187.0,157.0,132.0,116.0,107.0,103.0,103.0,102.0,100.0,97.0,97.0,101.0,109.0,120.0,131.0,141.0,-0.965925826288932,-0.2588190451030294
103.0,193.0,120.0,164.0,112.0,128.0,107.0,89.0,57.0,55.0,55.0,55.0,57.0,124.0,170.0,193.0,191.0,151.0,130.0,113.0,97.0,88.0,93.0,91.0,106.0,140.0,169.0,177.0,169.0,145.0,126.0,114.0,109.0,113.0,122.0,131.0,130.0,127.0,122.0,118.0,116.0,119.0,123.0,128.0,131.0,132.0,135.0,139.0,142.0,144.0,76.0,154.0,123.0,133.0,112.0,149.0,151.0,126.0,92.0,91.0,107.0,121.0,133.0,123.0,128.0,151.0,177.0,174.0,162.0,137.0,102.0,72.0,73.0,92.0,123.0,154.0,182.0,195.0,193.0,177.0,145.0,103.0,66.0,55.0,72.0,113.0,150.0,164.0,149.0,119.0,91.0,88.0,93.0,112.0,131.0,147.0,154.0,150.0,140.0,132.0,-1.0,-5.304262135808469e-13
164.0,148.0,131.0,93.0,76.0,55.0,55.0,72.0,126.0,142.0,177.0,180.0,205.0,204.0,181.0,136.0,96.0,55.0,55.0,73.0,104.0,123.0,144.0,152.0,149.0,157.0,170.0,167.0,145.0,113.0,90.0,88.0,102.0,117.0,127.0,132.0,132.0,131.0,130.0,131.0,130.0,131.0,130.0,130.0,130.0,130.0,130.0,130.0,129.0,126.0,142.0,127.0,126.0,115.0,85.0,69.0,88.0,121.0,148.0,158.0,158.0,166.0,176.0,166.0,125.0,71.0,55.0,55.0,55.0,122.0,205.0,205.0,205.0,205.0,205.0,92.0,55.0,55.0,55.0,55.0,69.0,184.0,205.0,205.0,205.0,145.0,83.0,55.0,55.0,55.0,84.0,105.0,117.0,120.0,120.0,124.0,132.0,145.0,157.0,164.0,-0.9659258262892065,0.2588190451020047
205.0,126.0,56.0,55.0,55.0,74.0,142.0,158.0,156.0,155.0,140.0,133.0,96.0,60.0,55.0,55.0,55.0,84.0,118.0,137.0,142.0,155.0,165.0,158.0,148.0,141.0,132.0,123.0,121.0,116.0,110.0,105.0,109.0,121.0,138.0,150.0,155.0,152.0,146.0,138.0,131.0,126.0,123.0,123.0,126.0,130.0,133.0,135.0,137.0,139.0,174.0,134.0,98.0,100.0,106.0,96.0,95.0,133.0,151.0,173.0,161.0,146.0,137.0,135.0,104.0,61.0,55.0,55.0,55.0,161.0,205.0,205.0,205.0,205.0,205.0,55.0,55.0,55.0,55.0,55.0,122.0,205.0,205.0,205.0,205.0,148.0,97.0,60.0,55.0,76.0,106.0,125.0,128.0,118.0,107.0,105.0,115.0,131.0,145.0,154.0,-0.8660254037847104,0.4999999999995293
205.0,171.0,126.0,89.0,70.0,57.0,55.0,55.0,55.0,55.0,109.0,205.0,205.0,205.0,154.0,115.0,65.0,55.0,55.0,55.0,55.0,74.0,178.0,205.0,205.0,205.0,166.0,130.0,110.0,97.0,89.0,87.0,95.0,112.0,133.0,147.0,150.0,143.0,135.0,130.0,129.0,128.0,126.0,125.0,129.0,134.0,138.0,141.0,142.0,143.0,142.0,140.0,106.0,100.0,96.0,122.0,128.0,132.0,120.0,141.0,170.0,184.0,169.0,149.0,115.0,80.0,71.0,88.0,116.0,146.0,174.0,190.0,193.0,183.0,160.0,118.0,74.0,55.0,55.0,99.0,150.0,178.0,168.0,130.0,89.0,66.0,71.0,99.0,132.0,153.0,160.0,154.0,143.0,136.0,135.0,140.0,142.0,138.0,131.0,125.0,-0.7071067811869345,0.7071067811861605
154.0,145.0,72.0,55.0,55.0,120.0,158.0,163.0,160.0,139.0,154.0,162.0,166.0,135.0,124.0,111.0,104.0,112.0,122.0,99.0,80.0,88.0,111.0,134.0,161.0,176.0,167.0,152.0,140.0,128.0,112.0,98.0,89.0,96.0,114.0,133.0,147.0,153.0,152.0,149.0,146.0,141.0,134.0,129.0,127.0,128.0,128.0,127.0,123.0,122.0,135.0,108.0,100.0,111.0,133.0,139.0,134.0,123.0,122.0,123.0,114.0,98.0,89.0,91.0,107.0,138.0,168.0,192.0,205.0,205.0,186.0,147.0,94.0,55.0,55.0,55.0,55.0,121.0,205.0,205.0,205.0,205.0,205.0,64.0,55.0,55.0,55.0,55.0,85.0,97.0,103.0,109.0,120.0,135.0,150.0,161.0,165.0,163.0,159.0,155.0,-0.500000000000482,0.8660254037841604
135.0,91.0,75.0,69.0,73.0,74.0,93.0,91.0,92.0,111.0,131.0,123.0,113.0,116.0,116.0,116.0,135.0,154.0,139.0,115.0,113.0,126.0,124.0,126.0,125.0,124.0,132.0,148.0,158.0,151.0,133.0,117.0,107.0,110.0,118.0,129.0,135.0,136.0,132.0,132.0,134.0,137.0,138.0,140.0,143.0,146.0,146.0,145.0,145.0,145.0,100.0,114.0,102.0,117.0,137.0,149.0,155.0,134.0,113.0,106.0,101.0,78.0,64.0,63.0,85.0,133.0,191.0,205.0,205.0,205.0,154.0,84.0,55.0,55.0,55.0,55.0,72.0,185.0,205.0,205.0,205.0,205.0,135.0,58.0,55.0,55.0,76.0,117.0,132.0,125.0,111.0,101.0,103.0,116.0,133.0,145.0,150.0,148.0,143.0,139.0,-0.25881904510306203,0.9659258262889232
142.0,68.0,55.0,55.0,55.0,123.0,183.0,173.0,140.0,127.0,123.0,92.0,60.0,55.0,55.0,55.0,75.0,172.0,205.0,205.0,191.0,159.0,129.0,111.0,98.0,89.0,88.0,97.0,115.0,133.0,144.0,148.0,147.0,143.0,135.0,128.0,123.0,121.0,122.0,126.0,130.0,133.0,135.0,138.0,142.0,145.0,145.0,144.0,142.0,143.0,148.0,117.0,120.0,114.0,105.0,109.0,118.0,129.0,131.0,116.0,108.0,124.0,141.0,141.0,135.0,130.0,121.0,119.0,126.0,131.0,116.0,102.0,105.0,125.0,148.0,164.0,152.0,112.0,77.0,76.0,116.0,178.0,205.0,205.0,141.0,64.0,55.0,55.0,55.0,142.0,186.0,194.0,174.0,146.0,125.0,120.0,127.0,133.0,132.0,120.0,-5.64238225869409e-13,1.0
126.0,143.0,113.0,132.0,112.0,174.0,152.0,171.0,149.0,136.0,97.0,114.0,110.0,98.0,91.0,118.0,132.0,136.0,159.0,170.0,142.0,111.0,109.0,107.0,106.0,116.0,127.0,128.0,133.0,138.0,141.0,137.0,130.0,122.0,121.0,123.0,125.0,126.0,129.0,129.0,127.0,126.0,125.0,123.0,122.0,121.0,122.0,123.0,123.0,122.0,121.0,101.0,121.0,123.0,144.0,133.0,129.0,117.0,121.0,111.0,101.0,92.0,92.0,107.0,138.0,173.0,197.0,205.0,205.0,177.0,137.0,93.0,55.0,55.0,55.0,55.0,143.0,205.0,205.0,205.0,205.0,205.0,56.0,55.0,55.0,55.0,64.0,92.0,94.0,93.0,98.0,112.0,133.0,153.0,165.0,169.0,166.0,161.0,157.0,152.0,0.25881904510196735,0.9659258262892165
152.0,55.0,73.0,72.0,89.0,102.0,94.0,103.0,123.0,145.0,125.0,120.0,114.0,113.0,107.0,134.0,153.0,151.0,150.0,170.0,172.0,149.0,126.0,109.0,93.0,95.0,111.0,131.0,136.0,139.0,143.0,147.0,147.0,140.0,126.0,110.0,106.0,112.0,125.0,132.0,135.0,138.0,145.0,150.0,152.0,151.0,149.0,147.0,145.0,143.0,97.0,72.0,106.0,121.0,141.0,133.0,126.0,113.0,103.0,83.0,82.0,94.0,111.0,132.0,155.0,170.0,182.0,187.0,167.0,119.0,68.0,55.0,55.0,55.0,64.0,183.0,205.0,205.0,205.0,205.0,199.0,55.0,55.0,55.0,55.0,55.0,100.0,156.0,175.0,175.0,164.0,149.0,135.0,126.0,124.0,124.0,124.0,122.0,117.0,111.0,0.49999999999950057,0.866025403784727
205.0,133.0,55.0,55.0,55.0,55.0,77.0,97.0,95.0,130.0,177.0,200.0,182.0,152.0,137.0,134.0,142.0,143.0,132.0,93.0,64.0,69.0,98.0,123.0,145.0,159.0,163.0,167.0,171.0,161.0,133.0,103.0,83.0,81.0,93.0,110.0,125.0,136.0,144.0,147.0,148.0,145.0,142.0,142.0,144.0,146.0,144.0,139.0,135.0,134.0,134.0,158.0,150.0,125.0,119.0,129.0,132.0,126.0,110.0,91.0,84.0,105.0,138.0,162.0,167.0,157.0,137.0,114.0,102.0,95.0,82.0,68.0,76.0,116.0,181.0,205.0,205.0,181.0,100.0,55.0,55.0,55.0,139.0,183.0,195.0,178.0,146.0,117.0,106.0,112.0,124.0,129.0,124.0,114.0,110.0,114.0,123.0,129.0,127.0,122.0,0.7071067811861371,0.7071067811869579
118.0,80.0,80.0,107.0,145.0,137.0,130.0,144.0,152.0,137.0,133.0,126.0,87.0,57.0,55.0,64.0,67.0,91.0,133.0,161.0,177.0,186.0,183.0,163.0,137.0,111.0,89.0,76.0,77.0,94.0,121.0,144.0,156.0,158.0,153.0,144.0,135.0,127.0,122.0,119.0,119.0,120.0,122.0,124.0,125.0,126.0,128.0,130.0,132.0,134.0,158.0,115.0,100.0,98.0,116.0,133.0,100.0,78.0,87.0,121.0,157.0,172.0,167.0,163.0,167.0,163.0,147.0,110.0,59.0,55.0,55.0,55.0,134.0,205.0,205.0,205.0,146.0,84.0,58.0,79.0,131.0,165.0,156.0,109.0,57.0,55.0,55.0,55.0,129.0,193.0,205.0,205.0,205.0,184.0,163.0,143.0,124.0,106.0,91.0,85.0,0.8660254037841438,0.5000000000005106
155.0,62.0,90.0,84.0,111.0,109.0,125.0,112.0,130.0,172.0,205.0,201.0,185.0,159.0,98.0,55.0,55.0,55.0,55.0,55.0,89.0,168.0,204.0,205.0,205.0,187.0,142.0,102.0,72.0,57.0,59.0,82.0,115.0,145.0,162.0,165.0,160.0,151.0,141.0,133.0,127.0,121.0,119.0,119.0,120.0,120.0,120.0,119.0,120.0,123.0,104.0,102.0,96.0,107.0,95.0,84.0,106.0,145.0,157.0,147.0,136.0,143.0,144.0,131.0,101.0,60.0,55.0,55.0,66.0,158.0,205.0,205.0,205.0,193.0,109.0,57.0,55.0,55.0,55.0,127.0,186.0,205.0,205.0,165.0,114.0,82.0,79.0,105.0,142.0,168.0,173.0,157.0,131.0,107.0,92.0,92.0,100.0,110.0,118.0,123.0,0.9659258262889132,0.2588190451030994
162.0,136.0,101.0,62.0,55.0,81.0,123.0,137.0,150.0,162.0,186.0,197.0,193.0,163.0,105.0,55.0,55.0,55.0,87.0,122.0,151.0,166.0,175.0,178.0,171.0,148.0,118.0,95.0,86.0,93.0,107.0,121.0,130.0,139.0,141.0,141.0,137.0,132.0,130.0,132.0,134.0,135.0,133.0,130.0,129.0,130.0,131.0,129.0,127.0,124.0,99.0,110.0,117.0,93.0,95.0,105.0,126.0,144.0,149.0,141.0,130.0,134.0,131.0,126.0,109.0,82.0,57.0,56.0,98.0,164.0,205.0,205.0,205.0,117.0,55.0,55.0,55.0,76.0,179.0,205.0,205.0,159.0,98.0,60.0,59.0,95.0,140.0,172.0,179.0,167.0,148.0,131.0,120.0,110.0,104.0,100.0,102.0,109.0,118.0,124.0,1.0,6.026902901064924e-13
205.0,145.0,162.0,101.0,131.0,109.0,140.0,98.0,64.0,55.0,55.0,55.0,69.0,138.0,172.0,188.0,188.0,181.0,148.0,114.0,73.0,55.0,55.0,64.0,107.0,144.0,174.0,188.0,186.0,174.0,148.0,115.0,93.0,87.0,96.0,112.0,126.0,133.0,135.0,133.0,130.0,127.0,124.0,123.0,124.0,129.0,133.0,136.0,136.0,136.0,108.0,128.0,143.0,152.0,149.0,135.0,131.0,124.0,118.0,118.0,128.0,124.0,118.0,110.0,106.0,118.0,150.0,162.0,141.0,113.0,94.0,95.0,125.0,171.0,191.0,166.0,109.0,55.0,55.0,55.0,100.0,199.0,205.0,205.0,205.0,144.0,101.0,87.0,94.0,106.0,113.0,111.0,106.0,106.0,113.0,123.0,131.0,134.0,134.0,132.0,0.9659258262892253,-0.2588190451019349
180.0,205.0,132.0,153.0,86.0,122.0,98.0,161.0,153.0,164.0,151.0,165.0,121.0,78.0,57.0,56.0,60.0,90.0,138.0,157.0,161.0,168.0,175.0,154.0,129.0,106.0,88.0,83.0,105.0,133.0,150.0,151.0,141.0,131.0,129.0,131.0,133.0,132.0,130.0,125.0,123.0,120.0,116.0,113.0,113.0,115.0,119.0,122.0,123.0,124.0,154.0,111.0,105.0,140.0,154.0,141.0,126.0,120.0,127.0,119.0,107.0,92.0,91.0,98.0,121.0,145.0,163.0,178.0,188.0,177.0,141.0,105.0,72.0,55.0,57.0,110.0,169.0,205.0,205.0,178.0,125.0,93.0,100.0,137.0,171.0,178.0,152.0,109.0,74.0,60.0,68.0,90.0,113.0,127.0,132.0,132.0,134.0,141.0,149.0,153.0,0.8660254037847409,-0.49999999999947636
176.0,101.0,104.0,109.0,188.0,178.0,195.0,128.0,109.0,56.0,79.0,74.0,102.0,129.0,177.0,205.0,205.0,205.0,148.0,85.0,55.0,55.0,55.0,86.0,123.0,158.0,185.0,201.0,191.0,160.0,116.0,89.0,82.0,95.0,112.0,129.0,135.0,140.0,141.0,139.0,134.0,128.0,125.0,125.0,127.0,127.0,125.0,124.0,123.0,125.0,115.0,126.0,130.0,123.0,111.0,103.0,98.0,101.0,118.0,129.0,138.0,144.0,147.0,145.0,141.0,127.0,104.0,83.0,74.0,84.0,117.0,164.0,203.0,205.0,205.0,153.0,97.0,59.0,55.0,83.0,124.0,158.0,169.0,159.0,137.0,119.0,110.0,109.0,112.0,116.0,119.0,120.0,121.0,122.0,124.0,126.0,127.0,127.0,127.0,130.0,0.7071067811869816,-0.7071067811861135
183.0,180.0,160.0,112.0,61.0,55.0,55.0,55.0,55.0,86.0,150.0,195.0,205.0,205.0,163.0,103.0,55.0,55.0,55.0,55.0,90.0,153.0,185.0,195.0,190.0,173.0,137.0,101.0,77.0,77.0,96.0,119.0,134.0,139.0,139.0,136.0,130.0,125.0,122.0,120.0,121.0,123.0,127.0,130.0,132.0,134.0,137.0,138.0,138.0,137.0,122.0,119.0,113.0,133.0,134.0,126.0,128.0,143.0,149.0,147.0,130.0,103.0,92.0,101.0,110.0,114.0,126.0,143.0,158.0,181.0,198.0,183.0,134.0,74.0,55.0,55.0,55.0,103.0,195.0,205.0,205.0,184.0,129.0,96.0,89.0,100.0,115.0,123.0,120.0,114.0,112.0,115.0,121.0,128.0,132.0,133.0,133.0,134.0,139.0,143.0,0.49928380191389166,-0.8664385062694351
191.0,169.0,159.0,172.0,187.0,179.0,152.0,78.0,55.0,55.0,55.0,55.0,81.0,178.0,205.0,205.0,203.0,186.0,131.0,67.0,55.0,55.0,55.0,89.0,143.0,171.0,180.0,180.0,170.0,149.0,123.0,104.0,97.0,104.0,115.0,125.0,129.0,128.0,124.0,122.0,120.0,117.0,116.0,116.0,120.0,124.0,127.0,128.0,130.0,131.0,108.0,108.0,123.0,147.0,140.0,113.0,93.0,102.0,124.0,146.0,148.0,132.0,123.0,133.0,151.0,162.0,159.0,128.0,88.0,75.0,101.0,146.0,180.0,184.0,151.0,107.0,86.0,104.0,145.0,177.0,180.0,151.0,106.0,73.0,65.0,80.0,107.0,129.0,135.0,130.0,124.0,126.0,135.0,147.0,152.0,147.0,136.0,128.0,127.0,131.0,0.2567077780400094,-0.9664890670327116
104.0,110.0,185.0,186.0,165.0,110.0,71.0,56.0,70.0,84.0,114.0,155.0,197.0,205.0,205.0,169.0,96.0,55.0,55.0,55.0,55.0,99.0,152.0,186.0,205.0,205.0,181.0,132.0,87.0,65.0,71.0,95.0,121.0,137.0,144.0,146.0,143.0,136.0,128.0,124.0,124.0,127.0,124.0,119.0,117.0,119.0,124.0,127.0,127.0,125.0,118.0,56.0,108.0,108.0,130.0,110.0,118.0,128.0,138.0,131.0,110.0,103.0,99.0,105.0,104.0,115.0,122.0,135.0,146.0,154.0,151.0,138.0,114.0,87.0,67.0,66.0,89.0,130.0,177.0,205.0,205.0,205.0,169.0,103.0,55.0,55.0,55.0,90.0,156.0,191.0,195.0,174.0,144.0,120.0,106.0,103.0,105.0,109.0,111.0,111.0,-0.0037999990809400655,-0.9999927799774281
122.0,70.0,57.0,55.0,75.0,73.0,90.0,122.0,163.0,187.0,201.0,183.0,136.0,89.0,56.0,55.0,55.0,56.0,118.0,156.0,184.0,196.0,189.0,172.0,143.0,109.0,84.0,76.0,85.0,106.0,128.0,141.0,146.0,144.0,139.0,135.0,131.0,129.0,129.0,131.0,134.0,136.0,137.0,138.0,139.0,139.0,139.0,137.0,136.0,136.0,96.0,104.0,108.0,129.0,136.0,137.0,149.0,140.0,118.0,87.0,87.0,98.0,112.0,117.0,130.0,142.0,164.0,192.0,201.0,163.0,95.0,55.0,55.0,55.0,55.0,145.0,205.0,205.0,205.0,169.0,131.0,113.0,103.0,92.0,79.0,73.0,83.0,110.0,145.0,168.0,173.0,160.0,140.0,123.0,117.0,122.0,130.0,132.0,126.0,113.0,-0.26404759059491534,-0.9645096525701647
159.0,123.0,181.0,124.0,182.0,137.0,144.0,55.0,55.0,55.0,55.0,78.0,146.0,178.0,188.0,203.0,205.0,154.0,79.0,55.0,55.0,55.0,55.0,111.0,172.0,193.0,200.0,193.0,166.0,137.0,107.0,89.0,84.0,94.0,109.0,129.0,141.0,145.0,144.0,140.0,133.0,126.0,123.0,122.0,124.0,125.0,126.0,127.0,129.0,131.0,96.0,129.0,104.0,120.0,92.0,98.0,116.0,153.0,151.0,131.0,114.0,123.0,150.0,162.0,156.0,118.0,81.0,71.0,107.0,153.0,181.0,172.0,133.0,86.0,72.0,101.0,151.0,190.0,195.0,168.0,124.0,95.0,82.0,78.0,78.0,81.0,92.0,114.0,144.0,172.0,189.0,187.0,170.0,144.0,121.0,111.0,114.0,121.0,124.0,120.0,-0.5058788593875733,-0.8626045325783582
77.0,55.0,55.0,93.0,136.0,164.0,186.0,205.0,205.0,205.0,146.0,65.0,55.0,55.0,55.0,55.0,115.0,168.0,196.0,205.0,205.0,182.0,133.0,86.0,61.0,64.0,85.0,111.0,132.0,143.0,148.0,149.0,144.0,136.0,130.0,127.0,129.0,131.0,131.0,128.0,126.0,127.0,128.0,129.0,128.0,125.0,124.0,126.0,128.0,129.0,111.0,96.0,106.0,115.0,137.0,145.0,131.0,110.0,98.0,99.0,102.0,107.0,112.0,120.0,130.0,143.0,152.0,154.0,142.0,116.0,85.0,61.0,56.0,81.0,126.0,175.0,205.0,205.0,205.0,187.0,121.0,60.0,55.0,55.0,55.0,128.0,186.0,205.0,199.0,170.0,137.0,112.0,99.0,98.0,102.0,106.0,106.0,105.0,104.0,107.0,-0.7125589253133843,-0.7016122703860266
188.0,137.0,86.0,97.0,140.0,157.0,143.0,98.0,69.0,56.0,66.0,91.0,124.0,147.0,170.0,178.0,163.0,132.0,97.0,64.0,55.0,73.0,103.0,133.0,160.0,177.0,182.0,176.0,154.0,120.0,93.0,83.0,90.0,111.0,132.0,144.0,146.0,143.0,137.0,132.0,128.0,124.0,123.0,124.0,128.0,131.0,132.0,133.0,134.0,135.0,133.0,149.0,126.0,135.0,132.0,137.0,114.0,88.0,96.0,121.0,156.0,174.0,176.0,159.0,156.0,151.0,130.0,91.0,58.0,55.0,55.0,116.0,189.0,205.0,205.0,205.0,166.0,124.0,102.0,87.0,64.0,55.0,55.0,55.0,84.0,175.0,205.0,205.0,198.0,139.0,98.0,83.0,95.0,119.0,136.0,138.0,127.0,114.0,109.0,117.0,-0.8700173151618522,-0.4930211672114721
89.0,111.0,92.0,102.0,56.0,98.0,138.0,157.0,163.0,164.0,167.0,126.0,99.0,58.0,55.0,55.0,55.0,63.0,169.0,205.0,205.0,205.0,205.0,153.0,107.0,73.0,55.0,55.0,55.0,106.0,153.0,183.0,190.0,176.0,152.0,132.0,117.0,111.0,110.0,113.0,117.0,124.0,127.0,128.0,129.0,132.0,135.0,138.0,138.0,138.0,178.0,131.0,91.0,111.0,101.0,148.0,144.0,141.0,105.0,108.0,103.0,121.0,127.0,136.0,136.0,130.0,129.0,139.0,149.0,137.0,112.0,76.0,55.0,55.0,109.0,164.0,196.0,199.0,180.0,150.0,128.0,118.0,109.0,96.0,84.0,81.0,90.0,115.0,148.0,176.0,190.0,186.0,165.0,140.0,123.0,116.0,114.0,112.0,106.0,98.0,-0.967846502003121,-0.2515415444023566
98.0,110.0,138.0,128.0,177.0,172.0,204.0,155.0,129.0,58.0,55.0,55.0,73.0,101.0,136.0,155.0,181.0,196.0,199.0,176.0,135.0,97.0,72.0,76.0,93.0,115.0,130.0,140.0,143.0,144.0,142.0,142.0,139.0,135.0,129.0,123.0,117.0,115.0,114.0,118.0,121.0,124.0,125.0,126.0,127.0,129.0,130.0,130.0,130.0,130.0,138.0,106.0,108.0,129.0,148.0,132.0,107.0,91.0,95.0,104.0,115.0,120.0,125.0,136.0,150.0,156.0,150.0,128.0,97.0,69.0,57.0,69.0,107.0,157.0,202.0,205.0,205.0,205.0,150.0,83.0,55.0,55.0,55.0,87.0,168.0,203.0,205.0,183.0,150.0,120.0,103.0,97.0,100.0,105.0,107.0,106.0,104.0,106.0,111.0,119.0,-0.9999817094243573,0.006048207729600059
128.0,88.0,86.0,98.0,84.0,65.0,60.0,93.0,129.0,171.0,182.0,172.0,142.0,120.0,83.0,56.0,55.0,55.0,55.0,93.0,163.0,198.0,205.0,204.0,175.0,138.0,112.0,94.0,85.0,86.0,97.0,113.0,134.0,150.0,157.0,155.0,148.0,138.0,131.0,126.0,123.0,123.0,125.0,128.0,131.0,133.0,134.0,136.0,138.0,139.0,144.0,145.0,138.0,110.0,92.0,108.0,130.0,153.0,154.0,135.0,126.0,144.0,162.0,156.0,124.0,80.0,55.0,55.0,110.0,177.0,205.0,205.0,198.0,150.0,122.0,104.0,84.0,59.0,55.0,55.0,99.0,161.0,205.0,205.0,205.0,155.0,96.0,63.0,65.0,93.0,123.0,139.0,137.0,123.0,113.0,116.0,130.0,144.0,150.0,146.0,-0.9650213495478029,0.2621713083404383
177.0,116.0,79.0,55.0,89.0,145.0,167.0,128.0,89.0,65.0,55.0,55.0,55.0,98.0,133.0,181.0,184.0,162.0,133.0,101.0,64.0,57.0,71.0,91.0,126.0,171.0,200.0,200.0,180.0,144.0,108.0,86.0,83.0,94.0,114.0,134.0,146.0,151.0,148.0,140.0,133.0,129.0,128.0,129.0,131.0,134.0,137.0,139.0,141.0,143.0,105.0,75.0,110.0,115.0,117.0,130.0,131.0,144.0,138.0,137.0,133.0,137.0,116.0,86.0,56.0,55.0,82.0,150.0,194.0,204.0,191.0,157.0,119.0,106.0,108.0,104.0,92.0,81.0,81.0,100.0,143.0,191.0,205.0,205.0,161.0,116.0,92.0,97.0,120.0,138.0,138.0,123.0,102.0,91.0,93.0,104.0,118.0,128.0,132.0,131.0,-0.8661821675357757,0.49972837886498445
106.0,123.0,73.0,123.0,61.0,97.0,94.0,142.0,154.0,180.0,164.0,158.0,166.0,161.0,146.0,121.0,106.0,87.0,106.0,142.0,159.0,145.0,137.0,125.0,119.0,126.0,135.0,129.0,120.0,116.0,121.0,128.0,135.0,131.0,126.0,122.0,121.0,123.0,127.0,131.0,134.0,139.0,141.0,141.0,137.0,134.0,131.0,131.0,129.0,125.0,161.0,79.0,62.0,93.0,109.0,128.0,110.0,114.0,127.0,134.0,122.0,107.0,90.0,81.0,86.0,94.0,109.0,130.0,150.0,162.0,168.0,163.0,143.0,110.0,72.0,55.0,55.0,55.0,139.0,205.0,205.0,205.0,205.0,205.0,64.0,55.0,55.0,55.0,78.0,172.0,195.0,189.0,162.0,129.0,103.0,91.0,93.0,102.0,110.0,113.0,-0.7109152901480382,0.7032776480407511
142.0,138.0,69.0,130.0,101.0,165.0,110.0,114.0,74.0,81.0,57.0,86.0,89.0,96.0,102.0,123.0,129.0,120.0,124.0,124.0,115.0,114.0,135.0,142.0,146.0,148.0,146.0,134.0,127.0,119.0,116.0,116.0,123.0,131.0,140.0,143.0,142.0,136.0,131.0,125.0,121.0,120.0,121.0,123.0,127.0,131.0,136.0,139.0,142.0,144.0,73.0,97.0,112.0,125.0,119.0,122.0,137.0,143.0,126.0,104.0,91.0,90.0,104.0,124.0,137.0,147.0,152.0,151.0,147.0,137.0,111.0,72.0,55.0,55.0,55.0,97.0,201.0,205.0,205.0,205.0,205.0,76.0,55.0,55.0,55.0,55.0,86.0,191.0,205.0,205.0,199.0,166.0,139.0,120.0,108.0,103.0,102.0,103.0,101.0,98.0,-0.5102358808943479,0.8600345027078674
79.0,55.0,55.0,55.0,55.0,88.0,123.0,159.0,203.0,181.0,135.0,96.0,73.0,55.0,55.0,55.0,55.0,56.0,136.0,193.0,205.0,205.0,183.0,147.0,119.0,102.0,91.0,84.0,86.0,99.0,119.0,138.0,148.0,152.0,151.0,148.0,141.0,135.0,129.0,128.0,129.0,133.0,137.0,138.0,139.0,140.0,142.0,144.0,144.0,143.0,89.0,90.0,119.0,131.0,121.0,112.0,124.0,137.0,133.0,111.0,98.0,99.0,106.0,116.0,122.0,121.0,136.0,166.0,178.0,168.0,148.0,117.0,79.0,61.0,71.0,95.0,126.0,166.0,194.0,202.0,195.0,176.0,142.0,104.0,74.0,62.0,69.0,92.0,120.0,139.0,145.0,141.0,130.0,123.0,123.0,127.0,133.0,137.0,138.0,133.0,-0.27783796982203873,0.960627952188134
205.0,108.0,139.0,136.0,145.0,122.0,120.0,117.0,117.0,152.0,161.0,170.0,162.0,162.0,124.0,105.0,100.0,102.0,98.0,119.0,150.0,162.0,164.0,169.0,152.0,122.0,103.0,97.0,94.0,99.0,114.0,134.0,151.0,157.0,149.0,135.0,124.0,116.0,117.0,120.0,124.0,124.0,127.0,128.0,131.0,132.0,131.0,126.0,120.0,119.0,126.0,97.0,115.0,119.0,151.0,121.0,92.0,65.0,72.0,94.0,117.0,131.0,141.0,154.0,164.0,170.0,153.0,114.0,65.0,55.0,55.0,55.0,110.0,205.0,205.0,205.0,205.0,205.0,83.0,55.0,55.0,55.0,55.0,105.0,179.0,205.0,205.0,179.0,146.0,114.0,94.0,87.0,88.0,95.0,100.0,104.0,105.0,106.0,110.0,118.0,-0.02907635022883833,0.9995771935460362
122.0,116.0,91.0,92.0,57.0,67.0,81.0,114.0,97.0,121.0,119.0,124.0,110.0,119.0,113.0,109.0,127.0,160.0,165.0,153.0,147.0,137.0,121.0,112.0,110.0,105.0,108.0,125.0,145.0,156.0,156.0,143.0,130.0,120.0,116.0,113.0,117.0,119.0,124.0,130.0,135.0,138.0,140.0,141.0,145.0,148.0,149.0,147.0,146.0,144.0,103.0,106.0,136.0,160.0,142.0,109.0,91.0,88.0,100.0,118.0,132.0,141.0,151.0,154.0,151.0,144.0,126.0,92.0,56.0,55.0,55.0,55.0,161.0,205.0,205.0,205.0,205.0,116.0,55.0,55.0,55.0,55.0,64.0,148.0,205.0,205.0,205.0,181.0,151.0,128.0,113.0,105.0,103.0,103.0,103.0,100.0,97.0,98.0,103.0,112.0,0.22010063035468638,0.9754771717049404
70.0,55.0,55.0,65.0,177.0,203.0,162.0,125.0,119.0,95.0,71.0,55.0,55.0,55.0,57.0,156.0,202.0,205.0,197.0,167.0,136.0,115.0,102.0,91.0,88.0,95.0,110.0,129.0,142.0,147.0,148.0,145.0,137.0,128.0,121.0,120.0,125.0,131.0,133.0,130.0,129.0,134.0,140.0,146.0,146.0,144.0,142.0,142.0,145.0,147.0,129.0,124.0,122.0,153.0,151.0,110.0,92.0,96.0,118.0,127.0,132.0,119.0,134.0,163.0,183.0,173.0,156.0,127.0,90.0,71.0,79.0,104.0,135.0,166.0,188.0,197.0,190.0,170.0,133.0,89.0,57.0,55.0,81.0,127.0,167.0,174.0,148.0,106.0,77.0,75.0,96.0,125.0,145.0,152.0,151.0,144.0,138.0,136.0,138.0,140.0,0.454188993312011,0.8909053588087917
159.0,121.0,105.0,88.0,112.0,101.0,77.0,81.0,124.0,136.0,151.0,166.0,160.0,111.0,74.0,58.0,55.0,55.0,71.0,129.0,159.0,180.0,191.0,185.0,161.0,134.0,108.0,87.0,78.0,85.0,104.0,128.0,146.0,153.0,152.0,143.0,132.0,123.0,117.0,113.0,112.0,113.0,115.0,119.0,122.0,124.0,126.0,129.0,131.0,133.0,101.0,88.0,93.0,113.0,136.0,141.0,141.0,129.0,143.0,142.0,136.0,114.0,87.0,62.0,71.0,114.0,175.0,205.0,205.0,205.0,205.0,124.0,59.0,55.0,55.0,55.0,70.0,193.0,205.0,205.0,205.0,205.0,89.0,55.0,55.0,55.0,58.0,96.0,106.0,106.0,106.0,112.0,126.0,144.0,159.0,167.0,168.0,163.0,158.0,152.0,0.6590705590922583,0.7520811114087483
118.0,106.0,55.0,76.0,78.0,120.0,115.0,136.0,169.0,176.0,173.0,173.0,183.0,157.0,145.0,132.0,105.0,61.0,55.0,69.0,91.0,115.0,147.0,167.0,175.0,180.0,176.0,157.0,127.0,94.0,75.0,75.0,91.0,112.0,132.0,147.0,153.0,153.0,149.0,144.0,140.0,138.0,136.0,135.0,132.0,129.0,126.0,125.0,124.0,122.0,106.0,113.0,121.0,145.0,127.0,102.0,72.0,77.0,98.0,119.0,137.0,155.0,169.0,183.0,189.0,164.0,113.0,63.0,55.0,55.0,55.0,73.0,193.0,205.0,205.0,205.0,205.0,129.0,55.0,55.0,55.0,55.0,55.0,101.0,161.0,182.0,180.0,162.0,142.0,130.0,126.0,127.0,127.0,124.0,120.0,115.0,110.0,107.0,108.0,113.0,0.8228056731152436,0.5683228169705762
133.0,164.0,125.0,99.0,59.0,61.0,84.0,125.0,138.0,151.0,165.0,188.0,197.0,190.0,157.0,97.0,55.0,55.0,55.0,94.0,128.0,152.0,164.0,171.0,179.0,173.0,147.0,114.0,91.0,84.0,94.0,110.0,123.0,132.0,139.0,141.0,140.0,136.0,132.0,130.0,132.0,134.0,135.0,132.0,130.0,130.0,130.0,131.0,129.0,126.0,143.0,123.0,102.0,107.0,123.0,131.0,130.0,119.0,107.0,110.0,142.0,172.0,179.0,151.0,107.0,74.0,70.0,97.0,128.0,136.0,124.0,120.0,142.0,183.0,205.0,205.0,151.0,75.0,55.0,55.0,55.0,102.0,174.0,191.0,177.0,147.0,120.0,113.0,123.0,138.0,142.0,132.0,116.0,107.0,109.0,118.0,125.0,125.0,121.0,118.0,0.9362418420136566,0.351356248361795
149.0,94.0,55.0,55.0,117.0,174.0,158.0,145.0,152.0,147.0,110.0,77.0,55.0,55.0,55.0,58.0,144.0,174.0,195.0,198.0,184.0,158.0,127.0,97.0,76.0,72.0,85.0,109.0,133.0,148.0,154.0,153.0,147.0,136.0,127.0,121.0,119.0,119.0,121.0,122.0,124.0,125.0,127.0,130.0,132.0,134.0,134.0,135.0,136.0,138.0,145.0,136.0,111.0,104.0,112.0,128.0,107.0,90.0,95.0,111.0,146.0,166.0,179.0,176.0,172.0,155.0,142.0,109.0,61.0,55.0,55.0,55.0,140.0,205.0,205.0,205.0,131.0,86.0,57.0,78.0,129.0,162.0,150.0,102.0,55.0,55.0,55.0,57.0,151.0,201.0,205.0,205.0,191.0,170.0,156.0,143.0,126.0,110.0,94.0,86.0,0.9934197477625141,0.11453036608455842
113.0,84.0,130.0,100.0,137.0,114.0,154.0,186.0,205.0,205.0,190.0,157.0,89.0,55.0,55.0,55.0,55.0,74.0,176.0,205.0,205.0,205.0,205.0,147.0,100.0,67.0,55.0,55.0,70.0,119.0,159.0,182.0,179.0,162.0,142.0,128.0,120.0,119.0,120.0,121.0,124.0,126.0,127.0,125.0,123.0,122.0,123.0,124.0,124.0,125.0,133.0,116.0,111.0,128.0,126.0,113.0,89.0,82.0,112.0,130.0,151.0,143.0,148.0,150.0,154.0,131.0,108.0,74.0,55.0,55.0,55.0,135.0,200.0,205.0,205.0,205.0,132.0,71.0,55.0,55.0,55.0,91.0,158.0,189.0,193.0,171.0,141.0,119.0,114.0,120.0,132.0,139.0,137.0,128.0,117.0,107.0,101.0,102.0,107.0,116.0,0.9917735197218087,-0.12800502169296007
114.0,120.0,139.0,140.0,106.0,118.0,138.0,175.0,184.0,182.0,145.0,105.0,74.0,74.0,80.0,94.0,127.0,166.0,198.0,205.0,205.0,181.0,127.0,81.0,55.0,55.0,70.0,96.0,128.0,160.0,181.0,182.0,166.0,140.0,116.0,104.0,103.0,107.0,112.0,117.0,125.0,134.0,137.0,132.0,126.0,124.0,127.0,130.0,130.0,126.0,96.0,124.0,120.0,99.0,89.0,104.0,129.0,152.0,154.0,140.0,129.0,126.0,124.0,122.0,109.0,79.0,56.0,62.0,110.0,181.0,205.0,205.0,194.0,98.0,55.0,55.0,55.0,107.0,193.0,205.0,205.0,143.0,86.0,57.0,67.0,107.0,150.0,175.0,176.0,160.0,142.0,133.0,123.0,112.0,99.0,96.0,102.0,113.0,123.0,127.0,0.9321350700701166,-0.362110771926739
205.0,126.0,55.0,55.0,55.0,55.0,55.0,83.0,143.0,188.0,205.0,205.0,168.0,103.0,55.0,55.0,55.0,55.0,94.0,150.0,184.0,196.0,192.0,172.0,138.0,104.0,84.0,82.0,95.0,115.0,131.0,140.0,141.0,137.0,131.0,126.0,122.0,120.0,122.0,125.0,128.0,130.0,132.0,134.0,137.0,139.0,139.0,138.0,136.0,136.0,132.0,145.0,149.0,149.0,133.0,129.0,122.0,118.0,120.0,128.0,122.0,115.0,108.0,106.0,125.0,154.0,160.0,135.0,108.0,92.0,98.0,134.0,178.0,189.0,156.0,98.0,55.0,55.0,55.0,126.0,205.0,205.0,205.0,205.0,134.0,96.0,86.0,96.0,108.0,113.0,110.0,105.0,107.0,114.0,124.0,132.0,135.0,134.0,132.0,134.0,0.8185621321371367,-0.5744179974818902
147.0,161.0,112.0,181.0,159.0,174.0,83.0,55.0,55.0,55.0,55.0,122.0,164.0,182.0,192.0,202.0,180.0,116.0,63.0,55.0,55.0,55.0,120.0,162.0,179.0,182.0,179.0,162.0,138.0,112.0,97.0,95.0,106.0,117.0,130.0,137.0,138.0,135.0,133.0,129.0,125.0,123.0,123.0,126.0,128.0,128.0,128.0,130.0,132.0,134.0,138.0,142.0,138.0,122.0,103.0,107.0,119.0,121.0,114.0,103.0,108.0,123.0,151.0,172.0,180.0,155.0,132.0,110.0,99.0,108.0,119.0,118.0,119.0,140.0,171.0,194.0,194.0,163.0,113.0,77.0,76.0,107.0,145.0,162.0,149.0,114.0,81.0,64.0,71.0,94.0,122.0,140.0,145.0,141.0,136.0,137.0,142.0,149.0,148.0,140.0,0.6580161906305971,-0.7530037801153442
148.0,76.0,55.0,60.0,87.0,103.0,130.0,172.0,205.0,205.0,205.0,136.0,64.0,55.0,55.0,55.0,65.0,136.0,171.0,196.0,205.0,201.0,164.0,110.0,69.0,62.0,83.0,111.0,132.0,141.0,145.0,146.0,142.0,135.0,127.0,122.0,121.0,123.0,123.0,122.0,121.0,121.0,123.0,126.0,127.0,126.0,125.0,126.0,128.0,129.0,106.0,114.0,89.0,127.0,109.0,107.0,87.0,125.0,131.0,144.0,139.0,141.0,144.0,145.0,130.0,100.0,79.0,71.0,88.0,121.0,166.0,198.0,205.0,191.0,147.0,98.0,64.0,58.0,86.0,131.0,171.0,188.0,174.0,141.0,104.0,81.0,81.0,100.0,125.0,145.0,152.0,147.0,135.0,124.0,119.0,118.0,119.0,120.0,123.0,127.0,0.4599199094772427,-0.8879604027581663
190.0,162.0,82.0,91.0,120.0,161.0,147.0,114.0,74.0,61.0,59.0,83.0,113.0,139.0,163.0,178.0,172.0,145.0,111.0,75.0,56.0,61.0,88.0,119.0,153.0,178.0,186.0,180.0,163.0,132.0,102.0,85.0,86.0,102.0,124.0,140.0,146.0,145.0,140.0,135.0,130.0,126.0,123.0,123.0,127.0,130.0,132.0,133.0,133.0,134.0,138.0,105.0,124.0,119.0,139.0,122.0,139.0,141.0,153.0,142.0,121.0,94.0,94.0,106.0,112.0,119.0,132.0,148.0,166.0,193.0,199.0,167.0,107.0,55.0,55.0,55.0,55.0,156.0,205.0,205.0,205.0,165.0,119.0,95.0,93.0,100.0,110.0,113.0,113.0,115.0,122.0,130.0,135.0,137.0,134.0,130.0,129.0,133.0,138.0,141.0,0.23601002845804703,-0.9717506194838426
112.0,132.0,63.0,72.0,56.0,137.0,153.0,161.0,154.0,164.0,139.0,108.0,77.0,55.0,55.0,55.0,55.0,116.0,194.0,205.0,195.0,173.0,163.0,135.0,109.0,87.0,72.0,73.0,104.0,139.0,158.0,162.0,153.0,141.0,133.0,132.0,129.0,128.0,126.0,124.0,124.0,125.0,123.0,123.0,127.0,131.0,135.0,136.0,137.0,138.0,125.0,116.0,144.0,132.0,128.0,98.0,100.0,115.0,139.0,151.0,141.0,124.0,125.0,146.0,158.0,164.0,145.0,106.0,76.0,86.0,126.0,167.0,186.0,169.0,124.0,90.0,91.0,126.0,166.0,186.0,173.0,133.0,92.0,70.0,71.0,88.0,111.0,126.0,131.0,130.0,132.0,140.0,150.0,155.0,151.0,139.0,128.0,124.0,126.0,131.0,-0.0011362551621811998,-0.9999993544618948
103.0,92.0,168.0,179.0,200.0,181.0,166.0,111.0,79.0,55.0,55.0,77.0,110.0,134.0,157.0,173.0,189.0,200.0,190.0,166.0,138.0,109.0,89.0,89.0,97.0,104.0,111.0,119.0,124.0,135.0,152.0,165.0,165.0,152.0,130.0,116.0,101.0,97.0,98.0,107.0,120.0,128.0,132.0,132.0,131.0,132.0,132.0,132.0,132.0,132.0,98.0,100.0,107.0,117.0,131.0,139.0,133.0,118.0,102.0,98.0,99.0,104.0,110.0,118.0,126.0,138.0,150.0,155.0,148.0,126.0,95.0,66.0,56.0,70.0,109.0,160.0,205.0,205.0,205.0,205.0,144.0,78.0,55.0,55.0,55.0,94.0,171.0,204.0,205.0,181.0,147.0,118.0,102.0,97.0,100.0,105.0,107.0,105.0,104.0,106.0,-0.23834731560148073,-0.971179981849692
55.0,63.0,55.0,92.0,92.0,146.0,143.0,185.0,159.0,156.0,119.0,86.0,55.0,55.0,55.0,55.0,92.0,142.0,172.0,187.0,197.0,179.0,150.0,127.0,113.0,100.0,98.0,100.0,108.0,118.0,132.0,141.0,149.0,150.0,147.0,140.0,136.0,129.0,126.0,124.0,125.0,126.0,129.0,131.0,134.0,136.0,137.0,138.0,140.0,141.0,134.0,137.0,128.0,135.0,113.0,95.0,96.0,126.0,157.0,180.0,177.0,160.0,156.0,151.0,127.0,88.0,56.0,55.0,55.0,127.0,201.0,205.0,205.0,205.0,160.0,119.0,99.0,83.0,58.0,55.0,55.0,55.0,94.0,189.0,205.0,205.0,198.0,130.0,87.0,75.0,92.0,119.0,138.0,140.0,128.0,115.0,112.0,122.0,137.0,148.0,-0.4624192991754512,-0.8866613737781096
142.0,79.0,64.0,105.0,156.0,148.0,113.0,72.0,55.0,55.0,55.0,84.0,119.0,161.0,185.0,170.0,145.0,115.0,75.0,57.0,58.0,82.0,109.0,154.0,192.0,201.0,189.0,159.0,120.0,92.0,81.0,87.0,105.0,126.0,141.0,150.0,149.0,143.0,134.0,129.0,127.0,127.0,129.0,132.0,135.0,137.0,140.0,141.0,144.0,144.0,80.0,104.0,103.0,166.0,145.0,120.0,99.0,103.0,119.0,128.0,135.0,131.0,134.0,127.0,138.0,144.0,144.0,120.0,91.0,60.0,55.0,86.0,143.0,183.0,197.0,189.0,162.0,137.0,123.0,118.0,107.0,96.0,88.0,87.0,98.0,124.0,156.0,182.0,194.0,186.0,164.0,139.0,123.0,115.0,110.0,105.0,98.0,93.0,94.0,101.0,-0.6606753679237316,-0.7506717379912753
153.0,71.0,85.0,55.0,122.0,126.0,161.0,152.0,160.0,150.0,165.0,169.0,149.0,130.0,115.0,99.0,93.0,119.0,129.0,115.0,107.0,119.0,124.0,139.0,156.0,157.0,141.0,131.0,123.0,117.0,112.0,109.0,108.0,116.0,126.0,133.0,139.0,142.0,141.0,141.0,141.0,137.0,134.0,131.0,130.0,130.0,128.0,125.0,122.0,122.0,119.0,99.0,118.0,145.0,146.0,119.0,96.0,92.0,99.0,110.0,116.0,122.0,128.0,143.0,154.0,156.0,143.0,116.0,85.0,62.0,58.0,81.0,126.0,175.0,205.0,205.0,205.0,192.0,124.0,62.0,55.0,55.0,55.0,127.0,185.0,205.0,200.0,171.0,138.0,112.0,100.0,98.0,102.0,106.0,107.0,105.0,105.0,108.0,114.0,122.0,-0.8208675712744063,-0.5711185782567902
119.0,137.0,67.0,131.0,110.0,155.0,111.0,105.0,84.0,86.0,72.0,79.0,90.0,88.0,103.0,119.0,128.0,118.0,128.0,134.0,133.0,133.0,144.0,143.0,138.0,136.0,131.0,123.0,117.0,114.0,117.0,125.0,136.0,143.0,146.0,143.0,136.0,129.0,124.0,120.0,118.0,119.0,122.0,126.0,129.0,133.0,136.0,139.0,142.0,145.0,176.0,146.0,144.0,137.0,108.0,91.0,108.0,130.0,153.0,154.0,134.0,124.0,144.0,161.0,156.0,123.0,78.0,55.0,55.0,110.0,172.0,205.0,205.0,204.0,152.0,121.0,102.0,83.0,59.0,55.0,55.0,98.0,165.0,205.0,205.0,205.0,151.0,94.0,64.0,67.0,93.0,122.0,138.0,136.0,123.0,114.0,116.0,130.0,143.0,149.0,-0.9336408112354007,-0.35821060229382234
92.0,60.0,55.0,55.0,55.0,55.0,110.0,173.0,179.0,157.0,132.0,116.0,82.0,58.0,55.0,55.0,55.0,76.0,170.0,204.0,205.0,191.0,159.0,128.0,110.0,97.0,90.0,89.0,98.0,115.0,133.0,144.0,148.0,147.0,143.0,135.0,128.0,122.0,121.0,122.0,127.0,130.0,134.0,136.0,138.0,142.0,144.0,144.0,142.0,142.0,93.0,114.0,115.0,122.0,139.0,140.0,139.0,129.0,129.0,139.0,137.0,109.0,71.0,55.0,55.0,110.0,173.0,203.0,201.0,178.0,141.0,112.0,107.0,108.0,98.0,84.0,82.0,91.0,118.0,159.0,197.0,205.0,187.0,147.0,109.0,95.0,106.0,126.0,136.0,130.0,112.0,95.0,90.0,97.0,110.0,124.0,132.0,133.0,131.0,130.0,-0.9922669193070572,-0.12412236240453176
181.0,167.0,101.0,133.0,107.0,141.0,130.0,162.0,146.0,164.0,160.0,160.0,117.0,114.0,116.0,103.0,87.0,104.0,127.0,134.0,157.0,183.0,177.0,146.0,129.0,115.0,101.0,99.0,108.0,111.0,118.0,128.0,141.0,149.0,151.0,143.0,134.0,125.0,120.0,118.0,119.0,122.0,124.0,126.0,127.0,126.0,125.0,124.0,124.0,124.0,165.0,98.0,64.0,90.0,116.0,120.0,118.0,108.0,128.0,125.0,128.0,110.0,108.0,94.0,88.0,83.0,96.0,116.0,141.0,158.0,163.0,162.0,156.0,141.0,113.0,78.0,55.0,55.0,72.0,150.0,205.0,205.0,205.0,205.0,102.0,55.0,55.0,55.0,91.0,157.0,180.0,168.0,138.0,110.0,97.0,97.0,105.0,112.0,116.0,117.0,-0.9930546271305752,0.11765418621772084
168.0,185.0,55.0,108.0,55.0,104.0,78.0,110.0,80.0,109.0,128.0,141.0,123.0,113.0,120.0,109.0,121.0,142.0,160.0,143.0,145.0,153.0,150.0,129.0,122.0,112.0,105.0,115.0,135.0,145.0,146.0,141.0,142.0,136.0,130.0,121.0,120.0,122.0,124.0,125.0,129.0,133.0,137.0,142.0,147.0,150.0,151.0,149.0,146.0,146.0,139.0,68.0,68.0,105.0,135.0,125.0,117.0,111.0,145.0,141.0,133.0,104.0,96.0,92.0,105.0,120.0,136.0,149.0,155.0,154.0,147.0,138.0,116.0,83.0,55.0,55.0,55.0,97.0,187.0,205.0,205.0,205.0,205.0,78.0,55.0,55.0,55.0,55.0,114.0,192.0,205.0,205.0,182.0,155.0,135.0,122.0,114.0,110.0,108.0,107.0,-0.9356059380617091,0.3530460715879292
195.0,128.0,74.0,55.0,85.0,148.0,162.0,123.0,89.0,91.0,86.0,83.0,79.0,75.0,66.0,93.0,144.0,181.0,188.0,180.0,158.0,132.0,116.0,106.0,99.0,96.0,100.0,113.0,131.0,145.0,150.0,149.0,144.0,137.0,128.0,121.0,116.0,115.0,118.0,121.0,126.0,128.0,130.0,133.0,138.0,142.0,143.0,143.0,143.0,144.0,119.0,138.0,153.0,118.0,118.0,130.0,128.0,129.0,117.0,124.0,135.0,137.0,119.0,110.0,104.0,110.0,124.0,134.0,132.0,142.0,160.0,167.0,167.0,164.0,142.0,102.0,76.0,73.0,90.0,121.0,158.0,178.0,175.0,163.0,153.0,148.0,141.0,130.0,110.0,87.0,71.0,69.0,80.0,100.0,120.0,133.0,139.0,142.0,143.0,146.0,-0.8228983434612807,0.5681886274193458
111.0,92.0,98.0,158.0,113.0,166.0,139.0,167.0,160.0,173.0,124.0,111.0,109.0,110.0,90.0,98.0,120.0,126.0,147.0,181.0,193.0,165.0,140.0,119.0,100.0,91.0,97.0,104.0,112.0,122.0,137.0,151.0,158.0,152.0,140.0,127.0,118.0,113.0,114.0,117.0,122.0,125.0,127.0,127.0,126.0,125.0,124.0,124.0,125.0,124.0,92.0,57.0,95.0,99.0,133.0,110.0,120.0,125.0,132.0,117.0,101.0,82.0,80.0,93.0,103.0,115.0,129.0,150.0,163.0,172.0,163.0,134.0,94.0,57.0,55.0,55.0,61.0,165.0,205.0,205.0,205.0,205.0,147.0,56.0,55.0,55.0,55.0,106.0,181.0,201.0,189.0,158.0,125.0,105.0,96.0,96.0,100.0,104.0,108.0,110.0,-0.6611800571811265,0.7502272535611875
194.0,59.0,78.0,69.0,86.0,96.0,98.0,100.0,124.0,143.0,126.0,122.0,115.0,111.0,102.0,131.0,155.0,155.0,149.0,167.0,172.0,151.0,127.0,111.0,95.0,95.0,113.0,129.0,135.0,138.0,142.0,145.0,145.0,140.0,129.0,118.0,110.0,109.0,116.0,128.0,136.0,141.0,146.0,149.0,150.0,149.0,148.0,148.0,147.0,144.0,99.0,103.0,116.0,116.0,124.0,135.0,144.0,128.0,107.0,97.0,96.0,105.0,117.0,128.0,139.0,151.0,155.0,152.0,143.0,121.0,85.0,55.0,55.0,55.0,61.0,173.0,205.0,205.0,205.0,205.0,99.0,55.0,55.0,55.0,55.0,70.0,172.0,205.0,205.0,205.0,176.0,147.0,125.0,111.0,104.0,102.0,103.0,102.0,99.0,97.0,-0.4596748333984492,0.8880872972518569
136.0,175.0,130.0,113.0,55.0,55.0,55.0,55.0,74.0,112.0,112.0,161.0,187.0,196.0,169.0,147.0,128.0,123.0,134.0,146.0,141.0,119.0,106.0,105.0,113.0,120.0,129.0,131.0,137.0,145.0,153.0,150.0,139.0,121.0,108.0,100.0,101.0,104.0,113.0,122.0,131.0,139.0,144.0,145.0,145.0,146.0,147.0,146.0,143.0,139.0,90.0,93.0,128.0,124.0,124.0,122.0,126.0,132.0,119.0,104.0,102.0,104.0,109.0,119.0,122.0,128.0,151.0,170.0,169.0,158.0,139.0,103.0,67.0,61.0,78.0,107.0,146.0,183.0,201.0,199.0,186.0,160.0,122.0,87.0,66.0,63.0,78.0,105.0,130.0,143.0,144.0,135.0,126.0,122.0,124.0,129.0,135.0,138.0,135.0,129.0,-0.23010362929711167,0.9731661316467489
142.0,196.0,131.0,159.0,140.0,120.0,95.0,104.0,93.0,78.0,100.0,130.0,144.0,148.0,171.0,155.0,108.0,70.0,62.0,55.0,65.0,104.0,145.0,164.0,178.0,184.0,173.0,150.0,125.0,102.0,88.0,88.0,98.0,118.0,138.0,150.0,150.0,146.0,137.0,128.0,121.0,117.0,115.0,115.0,116.0,118.0,121.0,123.0,125.0,128.0,117.0,133.0,125.0,142.0,123.0,80.0,70.0,79.0,114.0,131.0,148.0,148.0,163.0,172.0,171.0,138.0,91.0,55.0,55.0,55.0,71.0,188.0,205.0,205.0,205.0,205.0,205.0,55.0,55.0,55.0,55.0,59.0,154.0,205.0,205.0,205.0,168.0,117.0,82.0,69.0,75.0,89.0,102.0,110.0,110.0,109.0,111.0,119.0,131.0,142.0,0.013958162143137018,0.9999025801094754
96.0,116.0,110.0,83.0,90.0,97.0,106.0,129.0,153.0,155.0,163.0,174.0,161.0,129.0,128.0,151.0,159.0,165.0,176.0,168.0,138.0,118.0,111.0,102.0,96.0,102.0,116.0,131.0,148.0,161.0,163.0,154.0,133.0,115.0,102.0,100.0,104.0,117.0,131.0,142.0,148.0,152.0,154.0,153.0,150.0,146.0,142.0,138.0,134.0,130.0,139.0,115.0,163.0,134.0,139.0,106.0,98.0,81.0,106.0,132.0,153.0,161.0,154.0,150.0,146.0,138.0,106.0,65.0,55.0,55.0,55.0,143.0,205.0,205.0,205.0,205.0,205.0,55.0,55.0,55.0,55.0,55.0,118.0,203.0,205.0,205.0,205.0,166.0,126.0,97.0,85.0,86.0,95.0,103.0,105.0,104.0,103.0,106.0,115.0,127.0,0.2578576562789657,0.9661829169977695
186.0,184.0,93.0,91.0,65.0,98.0,80.0,92.0,74.0,88.0,119.0,165.0,178.0,179.0,175.0,168.0,162.0,150.0,134.0,95.0,61.0,56.0,86.0,114.0,140.0,156.0,162.0,164.0,171.0,167.0,146.0,116.0,93.0,85.0,95.0,110.0,124.0,134.0,142.0,146.0,147.0,146.0,142.0,140.0,141.0,143.0,143.0,140.0,136.0,134.0,150.0,127.0,119.0,124.0,149.0,153.0,108.0,96.0,95.0,118.0,122.0,131.0,119.0,131.0,160.0,180.0,172.0,157.0,130.0,95.0,72.0,75.0,93.0,123.0,161.0,189.0,201.0,192.0,173.0,137.0,96.0,64.0,58.0,81.0,119.0,151.0,158.0,143.0,115.0,92.0,86.0,100.0,121.0,140.0,150.0,150.0,144.0,136.0,132.0,134.0,0.48673458915304546,0.8735499068296075
102.0,82.0,110.0,131.0,139.0,134.0,155.0,144.0,133.0,129.0,123.0,80.0,57.0,56.0,65.0,71.0,102.0,142.0,165.0,179.0,186.0,180.0,158.0,132.0,106.0,85.0,74.0,80.0,100.0,127.0,148.0,157.0,158.0,151.0,142.0,133.0,126.0,122.0,119.0,119.0,121.0,123.0,125.0,126.0,127.0,129.0,131.0,133.0,135.0,136.0,135.0,149.0,132.0,138.0,113.0,81.0,65.0,87.0,121.0,144.0,156.0,154.0,165.0,176.0,170.0,130.0,77.0,55.0,55.0,55.0,112.0,205.0,205.0,205.0,205.0,205.0,128.0,55.0,55.0,55.0,55.0,72.0,175.0,205.0,205.0,205.0,160.0,94.0,55.0,55.0,55.0,79.0,107.0,119.0,120.0,118.0,120.0,129.0,143.0,156.0,0.6864345194953286,0.7271916187946732
170.0,76.0,92.0,55.0,76.0,92.0,125.0,127.0,163.0,171.0,161.0,166.0,180.0,177.0,151.0,146.0,117.0,76.0,55.0,55.0,55.0,73.0,107.0,152.0,179.0,200.0,205.0,189.0,152.0,115.0,84.0,67.0,65.0,80.0,108.0,140.0,160.0,166.0,164.0,157.0,148.0,141.0,136.0,133.0,130.0,127.0,124.0,122.0,121.0,120.0,131.0,160.0,126.0,134.0,106.0,105.0,84.0,110.0,128.0,152.0,158.0,155.0,149.0,148.0,141.0,109.0,67.0,55.0,55.0,55.0,141.0,205.0,205.0,205.0,205.0,205.0,55.0,55.0,55.0,55.0,55.0,111.0,201.0,205.0,205.0,205.0,168.0,127.0,97.0,84.0,85.0,94.0,103.0,106.0,105.0,103.0,107.0,115.0,127.0,139.0,0.8444085761326832,0.5356996887749466
179.0,153.0,106.0,59.0,55.0,78.0,126.0,143.0,149.0,161.0,183.0,197.0,192.0,164.0,106.0,55.0,55.0,55.0,84.0,124.0,153.0,166.0,171.0,178.0,174.0,150.0,118.0,94.0,86.0,93.0,108.0,121.0,132.0,139.0,142.0,141.0,137.0,132.0,130.0,133.0,135.0,136.0,133.0,130.0,130.0,131.0,131.0,129.0,127.0,125.0,160.0,135.0,125.0,128.0,154.0,146.0,105.0,85.0,99.0,121.0,134.0,133.0,120.0,136.0,167.0,185.0,174.0,155.0,120.0,82.0,67.0,87.0,116.0,147.0,171.0,187.0,193.0,188.0,167.0,126.0,79.0,55.0,55.0,88.0,141.0,176.0,175.0,144.0,102.0,72.0,70.0,90.0,120.0,144.0,155.0,155.0,147.0,139.0,137.0,141.0,0.950540179493373,0.31060162132337005
205.0,205.0,152.0,95.0,92.0,120.0,139.0,93.0,55.0,55.0,55.0,55.0,109.0,156.0,175.0,189.0,194.0,177.0,133.0,87.0,55.0,55.0,55.0,59.0,128.0,166.0,192.0,198.0,192.0,171.0,136.0,100.0,80.0,79.0,96.0,117.0,133.0,140.0,141.0,137.0,132.0,128.0,124.0,122.0,125.0,130.0,134.0,136.0,136.0,137.0,136.0,127.0,111.0,84.0,92.0,104.0,126.0,139.0,138.0,135.0,141.0,145.0,135.0,118.0,91.0,67.0,66.0,99.0,156.0,205.0,205.0,205.0,205.0,126.0,65.0,55.0,55.0,55.0,64.0,176.0,205.0,205.0,205.0,205.0,106.0,57.0,55.0,55.0,55.0,79.0,105.0,114.0,117.0,120.0,128.0,141.0,153.0,162.0,164.0,161.0,0.9978402320793515,0.06568767954362505
173.0,106.0,125.0,118.0,124.0,165.0,153.0,165.0,164.0,165.0,102.0,74.0,55.0,55.0,55.0,105.0,151.0,176.0,188.0,205.0,205.0,168.0,120.0,83.0,57.0,56.0,86.0,118.0,140.0,152.0,159.0,161.0,159.0,148.0,133.0,118.0,111.0,106.0,108.0,109.0,112.0,114.0,119.0,122.0,124.0,124.0,125.0,127.0,129.0,130.0,155.0,98.0,93.0,115.0,115.0,113.0,118.0,144.0,153.0,151.0,123.0,109.0,108.0,95.0,71.0,57.0,63.0,101.0,162.0,205.0,205.0,205.0,201.0,123.0,61.0,55.0,55.0,55.0,55.0,104.0,205.0,205.0,205.0,205.0,205.0,82.0,55.0,55.0,55.0,100.0,126.0,131.0,120.0,106.0,101.0,108.0,124.0,139.0,149.0,151.0,0.9829578132402202,-0.18383127424354184
172.0,135.0,91.0,123.0,176.0,190.0,181.0,121.0,70.0,55.0,69.0,87.0,113.0,145.0,187.0,205.0,205.0,190.0,109.0,55.0,55.0,55.0,55.0,90.0,147.0,183.0,204.0,205.0,187.0,142.0,94.0,68.0,70.0,91.0,117.0,136.0,145.0,148.0,146.0,140.0,132.0,124.0,121.0,122.0,124.0,124.0,122.0,121.0,122.0,125.0,125.0,110.0,105.0,102.0,124.0,139.0,128.0,109.0,108.0,129.0,144.0,141.0,134.0,127.0,119.0,122.0,128.0,123.0,110.0,105.0,114.0,132.0,152.0,161.0,143.0,102.0,74.0,84.0,133.0,192.0,205.0,202.0,120.0,55.0,55.0,55.0,67.0,158.0,192.0,191.0,167.0,138.0,121.0,120.0,129.0,134.0,129.0,117.0,107.0,106.0,0.9064634553091784,-0.4222842694074043
160.0,91.0,55.0,55.0,55.0,91.0,112.0,139.0,166.0,189.0,200.0,175.0,121.0,73.0,55.0,55.0,55.0,81.0,131.0,165.0,190.0,195.0,186.0,164.0,132.0,99.0,80.0,78.0,92.0,114.0,133.0,144.0,146.0,143.0,138.0,134.0,131.0,129.0,130.0,132.0,135.0,136.0,137.0,138.0,139.0,139.0,139.0,137.0,137.0,136.0,131.0,115.0,146.0,127.0,147.0,130.0,126.0,102.0,109.0,101.0,104.0,100.0,108.0,139.0,178.0,205.0,205.0,205.0,168.0,129.0,90.0,57.0,55.0,55.0,72.0,156.0,205.0,205.0,205.0,205.0,134.0,55.0,55.0,55.0,59.0,120.0,122.0,99.0,71.0,61.0,76.0,111.0,149.0,174.0,183.0,178.0,170.0,164.0,161.0,155.0,0.7728762391607238,-0.6345567893741076
178.0,104.0,179.0,124.0,186.0,146.0,134.0,55.0,55.0,55.0,55.0,92.0,149.0,183.0,185.0,205.0,198.0,148.0,74.0,55.0,55.0,55.0,55.0,136.0,175.0,193.0,199.0,188.0,160.0,130.0,102.0,88.0,90.0,101.0,114.0,127.0,137.0,143.0,146.0,142.0,132.0,125.0,121.0,121.0,124.0,126.0,127.0,127.0,129.0,131.0,92.0,106.0,118.0,131.0,138.0,130.0,114.0,99.0,79.0,84.0,98.0,115.0,133.0,157.0,171.0,184.0,188.0,163.0,113.0,63.0,55.0,55.0,55.0,72.0,195.0,205.0,205.0,205.0,205.0,122.0,55.0,55.0,55.0,55.0,55.0,116.0,161.0,178.0,175.0,162.0,146.0,133.0,126.0,125.0,125.0,124.0,122.0,117.0,111.0,107.0,0.5904234180992302,-0.8070936670300553
55.0,55.0,100.0,138.0,166.0,190.0,205.0,205.0,205.0,134.0,57.0,55.0,55.0,55.0,58.0,134.0,172.0,199.0,205.0,205.0,177.0,127.0,82.0,60.0,66.0,88.0,114.0,134.0,144.0,149.0,148.0,143.0,135.0,129.0,128.0,130.0,137.0,133.0,125.0,121.0,124.0,131.0,133.0,129.0,124.0,123.0,126.0,128.0,130.0,130.0,154.0,109.0,95.0,99.0,133.0,134.0,129.0,114.0,106.0,112.0,143.0,172.0,177.0,152.0,108.0,75.0,69.0,96.0,128.0,136.0,125.0,121.0,141.0,182.0,205.0,205.0,152.0,77.0,55.0,55.0,55.0,102.0,176.0,194.0,176.0,139.0,113.0,111.0,127.0,144.0,146.0,134.0,117.0,107.0,109.0,119.0,126.0,125.0,120.0,117.0,0.370540849255353,-0.9288161707426942
161.0,132.0,98.0,132.0,137.0,141.0,102.0,75.0,55.0,60.0,89.0,129.0,151.0,172.0,175.0,158.0,128.0,94.0,62.0,55.0,72.0,100.0,135.0,165.0,183.0,183.0,173.0,148.0,116.0,91.0,83.0,91.0,111.0,132.0,143.0,146.0,142.0,137.0,132.0,127.0,123.0,122.0,124.0,127.0,130.0,132.0,132.0,133.0,135.0,136.0,102.0,140.0,156.0,136.0,104.0,106.0,125.0,141.0,156.0,156.0,149.0,142.0,141.0,144.0,148.0,116.0,75.0,55.0,55.0,103.0,176.0,205.0,205.0,156.0,106.0,82.0,98.0,147.0,177.0,161.0,105.0,55.0,55.0,55.0,64.0,181.0,205.0,205.0,205.0,160.0,121.0,108.0,112.0,117.0,116.0,107.0,99.0,99.0,108.0,119.0,0.12714264520360577,-0.9918844427505807
137.0,73.0,104.0,55.0,108.0,120.0,170.0,142.0,173.0,156.0,144.0,97.0,67.0,55.0,55.0,55.0,56.0,138.0,205.0,205.0,205.0,196.0,162.0,121.0,88.0,67.0,55.0,65.0,102.0,144.0,168.0,177.0,167.0,151.0,136.0,126.0,119.0,117.0,117.0,118.0,122.0,124.0,125.0,127.0,130.0,134.0,137.0,137.0,138.0,139.0,93.0,115.0,101.0,120.0,120.0,136.0,135.0,130.0,125.0,121.0,115.0,99.0,94.0,87.0,87.0,97.0,124.0,149.0,171.0,187.0,183.0,149.0,107.0,71.0,55.0,55.0,79.0,143.0,197.0,205.0,205.0,177.0,121.0,87.0,85.0,109.0,139.0,154.0,150.0,131.0,111.0,95.0,91.0,97.0,106.0,114.0,120.0,124.0,127.0,132.0,-0.1242925841745516,-0.9922456114890164
119.0,156.0,191.0,157.0,187.0,148.0,133.0,70.0,55.0,55.0,55.0,98.0,133.0,154.0,173.0,193.0,205.0,200.0,161.0,118.0,72.0,55.0,55.0,86.0,111.0,132.0,148.0,155.0,160.0,169.0,168.0,151.0,125.0,102.0,90.0,94.0,106.0,119.0,129.0,134.0,134.0,133.0,132.0,130.0,129.0,129.0,130.0,130.0,130.0,130.0,143.0,140.0,104.0,94.0,113.0,151.0,153.0,146.0,131.0,119.0,112.0,101.0,94.0,94.0,101.0,105.0,115.0,134.0,161.0,189.0,193.0,157.0,96.0,55.0,55.0,55.0,90.0,180.0,205.0,205.0,203.0,134.0,85.0,68.0,88.0,128.0,163.0,177.0,168.0,145.0,124.0,111.0,104.0,102.0,103.0,106.0,112.0,119.0,124.0,128.0,-0.36775553019424984,-0.9299225075303567
120.0,68.0,55.0,55.0,55.0,121.0,130.0,156.0,161.0,160.0,141.0,118.0,79.0,56.0,55.0,55.0,56.0,96.0,129.0,142.0,150.0,165.0,168.0,154.0,144.0,136.0,126.0,119.0,117.0,112.0,108.0,108.0,116.0,130.0,145.0,153.0,153.0,149.0,142.0,134.0,128.0,125.0,124.0,125.0,128.0,132.0,134.0,136.0,137.0,140.0,124.0,128.0,134.0,126.0,126.0,119.0,127.0,127.0,125.0,130.0,144.0,148.0,145.0,129.0,104.0,93.0,101.0,109.0,113.0,127.0,143.0,158.0,181.0,197.0,184.0,134.0,75.0,55.0,55.0,55.0,103.0,196.0,205.0,205.0,186.0,129.0,96.0,89.0,100.0,115.0,123.0,120.0,114.0,111.0,114.0,121.0,128.0,131.0,132.0,132.0,-0.5877852522917217,-0.8090169943754933
152.0,99.0,79.0,93.0,146.0,143.0,120.0,81.0,56.0,55.0,55.0,70.0,116.0,159.0,183.0,172.0,146.0,119.0,78.0,57.0,58.0,81.0,106.0,150.0,188.0,201.0,190.0,162.0,123.0,94.0,81.0,86.0,103.0,125.0,140.0,149.0,149.0,143.0,134.0,129.0,127.0,127.0,129.0,131.0,135.0,137.0,139.0,141.0,143.0,145.0,145.0,149.0,136.0,109.0,96.0,104.0,125.0,125.0,114.0,102.0,109.0,129.0,159.0,176.0,171.0,150.0,129.0,111.0,101.0,109.0,118.0,116.0,124.0,150.0,180.0,197.0,189.0,150.0,101.0,74.0,83.0,119.0,152.0,161.0,140.0,104.0,74.0,64.0,76.0,102.0,129.0,143.0,145.0,139.0,136.0,138.0,145.0,149.0,146.0,137.0,-0.7705132427751937,-0.6374239897494095
113.0,89.0,55.0,70.0,102.0,136.0,153.0,159.0,151.0,143.0,161.0,168.0,150.0,126.0,114.0,100.0,101.0,117.0,116.0,89.0,83.0,100.0,121.0,148.0,172.0,173.0,156.0,142.0,131.0,116.0,102.0,92.0,92.0,105.0,125.0,140.0,149.0,152.0,149.0,146.0,142.0,136.0,130.0,127.0,127.0,128.0,126.0,124.0,121.0,122.0,109.0,83.0,130.0,106.0,99.0,97.0,129.0,138.0,143.0,141.0,138.0,146.0,139.0,120.0,88.0,74.0,73.0,100.0,141.0,182.0,205.0,205.0,171.0,122.0,79.0,59.0,68.0,106.0,153.0,186.0,190.0,166.0,126.0,88.0,70.0,78.0,105.0,136.0,156.0,161.0,151.0,135.0,122.0,116.0,115.0,117.0,119.0,123.0,126.0,128.0,-0.904827052465617,-0.42577929156592803
159.0,103.0,124.0,68.0,140.0,110.0,160.0,105.0,114.0,79.0,88.0,61.0,82.0,90.0,95.0,102.0,120.0,126.0,118.0,126.0,130.0,126.0,125.0,139.0,143.0,142.0,142.0,139.0,129.0,122.0,116.0,117.0,121.0,131.0,138.0,144.0,143.0,139.0,132.0,128.0,123.0,120.0,120.0,121.0,125.0,128.0,132.0,136.0,140.0,142.0,111.0,127.0,123.0,131.0,123.0,143.0,148.0,150.0,139.0,112.0,94.0,96.0,110.0,111.0,122.0,137.0,153.0,173.0,197.0,201.0,155.0,91.0,55.0,55.0,55.0,71.0,178.0,205.0,205.0,205.0,151.0,111.0,93.0,95.0,103.0,111.0,114.0,114.0,116.0,123.0,129.0,134.0,135.0,133.0,130.0,130.0,135.0,139.0,140.0,135.0,-0.9822872507285116,-0.18738131458665291
164.0,59.0,55.0,55.0,55.0,57.0,69.0,80.0,128.0,181.0,205.0,171.0,120.0,91.0,66.0,55.0,55.0,55.0,56.0,81.0,159.0,204.0,205.0,202.0,173.0,138.0,115.0,100.0,89.0,84.0,90.0,106.0,126.0,143.0,150.0,153.0,151.0,147.0,140.0,134.0,129.0,128.0,131.0,136.0,139.0,140.0,140.0,141.0,143.0,145.0,97.0,144.0,130.0,137.0,90.0,95.0,106.0,143.0,153.0,142.0,121.0,120.0,143.0,158.0,165.0,145.0,107.0,74.0,85.0,123.0,165.0,184.0,168.0,122.0,88.0,89.0,125.0,165.0,187.0,176.0,139.0,99.0,73.0,70.0,82.0,101.0,118.0,127.0,132.0,139.0,148.0,156.0,158.0,151.0,138.0,125.0,121.0,124.0,129.0,130.0,-0.9980267284283312,0.06279051952836524
146.0,110.0,160.0,117.0,136.0,99.0,127.0,130.0,170.0,164.0,166.0,163.0,137.0,109.0,100.0,110.0,94.0,105.0,134.0,160.0,167.0,174.0,159.0,128.0,107.0,101.0,96.0,99.0,108.0,127.0,144.0,154.0,151.0,141.0,128.0,119.0,116.0,119.0,123.0,125.0,127.0,130.0,131.0,129.0,126.0,124.0,124.0,124.0,123.0,123.0,105.0,90.0,100.0,105.0,118.0,125.0,132.0,138.0,127.0,110.0,100.0,98.0,100.0,107.0,115.0,123.0,132.0,145.0,154.0,153.0,138.0,110.0,78.0,58.0,58.0,89.0,137.0,186.0,205.0,205.0,205.0,174.0,108.0,55.0,55.0,55.0,56.0,146.0,193.0,205.0,194.0,164.0,130.0,108.0,98.0,98.0,103.0,106.0,106.0,104.0,-0.9510565162954523,0.3090169943740282
150.0,94.0,73.0,78.0,70.0,82.0,84.0,101.0,86.0,124.0,127.0,131.0,108.0,118.0,111.0,115.0,132.0,161.0,155.0,140.0,136.0,133.0,122.0,119.0,117.0,113.0,116.0,133.0,150.0,155.0,150.0,134.0,124.0,118.0,118.0,117.0,120.0,122.0,129.0,136.0,139.0,136.0,135.0,138.0,146.0,151.0,150.0,147.0,145.0,143.0,134.0,121.0,122.0,135.0,133.0,118.0,83.0,98.0,116.0,149.0,161.0,172.0,160.0,159.0,154.0,136.0,100.0,64.0,55.0,55.0,93.0,161.0,205.0,205.0,205.0,181.0,139.0,111.0,97.0,79.0,59.0,55.0,55.0,77.0,138.0,184.0,202.0,193.0,163.0,133.0,114.0,113.0,122.0,131.0,132.0,123.0,110.0,104.0,107.0,119.0,-0.8443279255025328,0.5358267949781809
157.0,111.0,55.0,55.0,55.0,55.0,104.0,167.0,173.0,152.0,133.0,131.0,97.0,63.0,55.0,55.0,55.0,59.0,156.0,199.0,205.0,197.0,169.0,136.0,114.0,99.0,91.0,89.0,96.0,111.0,129.0,142.0,148.0,148.0,144.0,137.0,129.0,123.0,121.0,122.0,125.0,128.0,131.0,136.0,141.0,145.0,143.0,141.0,140.0,143.0,139.0,78.0,107.0,100.0,162.0,145.0,126.0,97.0,105.0,114.0,127.0,132.0,132.0,134.0,128.0,135.0,143.0,146.0,125.0,98.0,64.0,55.0,74.0,133.0,177.0,197.0,192.0,169.0,141.0,125.0,118.0,108.0,97.0,87.0,86.0,95.0,119.0,150.0,179.0,192.0,188.0,167.0,143.0,125.0,116.0,112.0,106.0,99.0,94.0,94.0,-0.6845471059293973,0.7289686274207461
168.0,95.0,131.0,112.0,175.0,155.0,179.0,151.0,128.0,95.0,111.0,111.0,92.0,98.0,121.0,132.0,141.0,170.0,169.0,133.0,106.0,108.0,106.0,111.0,121.0,128.0,128.0,134.0,138.0,141.0,137.0,130.0,123.0,122.0,124.0,125.0,128.0,129.0,129.0,127.0,126.0,124.0,123.0,122.0,122.0,123.0,123.0,123.0,123.0,125.0,128.0,124.0,115.0,106.0,99.0,95.0,103.0,114.0,124.0,132.0,144.0,151.0,152.0,139.0,110.0,79.0,58.0,58.0,87.0,135.0,183.0,205.0,205.0,205.0,176.0,111.0,55.0,55.0,55.0,55.0,142.0,191.0,205.0,195.0,164.0,131.0,108.0,98.0,98.0,102.0,106.0,106.0,104.0,104.0,108.0,115.0,123.0,129.0,134.0,140.0,-0.4817536741025668,0.8763066800433955
74.0,79.0,62.0,94.0,82.0,107.0,93.0,122.0,139.0,133.0,118.0,121.0,117.0,105.0,119.0,145.0,156.0,151.0,166.0,174.0,157.0,131.0,115.0,98.0,94.0,109.0,128.0,134.0,138.0,142.0,147.0,148.0,141.0,128.0,117.0,112.0,112.0,119.0,126.0,132.0,137.0,145.0,149.0,151.0,150.0,148.0,147.0,146.0,145.0,142.0,144.0,147.0,139.0,112.0,93.0,107.0,129.0,154.0,156.0,136.0,125.0,143.0,162.0,158.0,127.0,82.0,55.0,55.0,107.0,175.0,205.0,205.0,205.0,152.0,123.0,106.0,86.0,61.0,55.0,55.0,94.0,161.0,205.0,205.0,205.0,155.0,98.0,65.0,67.0,92.0,122.0,139.0,136.0,124.0,114.0,117.0,130.0,143.0,149.0,145.0,-0.24868988716581197,0.9685831611283854
167.0,148.0,144.0,161.0,136.0,94.0,58.0,55.0,55.0,55.0,55.0,91.0,111.0,149.0,189.0,197.0,180.0,155.0,127.0,106.0,99.0,99.0,99.0,102.0,110.0,124.0,140.0,151.0,154.0,151.0,144.0,135.0,126.0,118.0,113.0,111.0,112.0,114.0,117.0,120.0,123.0,127.0,131.0,135.0,137.0,139.0,141.0,143.0,144.0,144.0,154.0,154.0,129.0,92.0,114.0,128.0,115.0,106.0,134.0,143.0,149.0,136.0,131.0,138.0,139.0,113.0,76.0,55.0,55.0,109.0,171.0,203.0,203.0,184.0,147.0,116.0,110.0,111.0,103.0,89.0,80.0,85.0,110.0,157.0,200.0,205.0,194.0,153.0,114.0,98.0,107.0,125.0,134.0,128.0,112.0,97.0,92.0,99.0,112.0,126.0,-9.878993320663688e-13,1.0
186.0,108.0,150.0,133.0,166.0,162.0,151.0,99.0,91.0,106.0,95.0,98.0,113.0,141.0,137.0,160.0,165.0,134.0,85.0,76.0,80.0,91.0,113.0,141.0,152.0,156.0,163.0,162.0,148.0,124.0,102.0,96.0,104.0,118.0,131.0,139.0,143.0,140.0,137.0,131.0,126.0,121.0,118.0,118.0,119.0,125.0,122.0,120.0,119.0,123.0,162.0,106.0,92.0,88.0,107.0,103.0,95.0,115.0,121.0,134.0,134.0,144.0,147.0,149.0,120.0,85.0,57.0,55.0,75.0,124.0,172.0,205.0,205.0,205.0,179.0,126.0,72.0,55.0,55.0,55.0,138.0,201.0,205.0,205.0,158.0,102.0,72.0,74.0,100.0,132.0,149.0,146.0,127.0,108.0,97.0,99.0,108.0,117.0,123.0,126.0,0.24868988716389828,0.9685831611288767
135.0,69.0,92.0,73.0,115.0,93.0,111.0,127.0,157.0,160.0,174.0,175.0,140.0,124.0,135.0,158.0,159.0,171.0,172.0,152.0,124.0,116.0,108.0,99.0,97.0,107.0,121.0,138.0,153.0,162.0,159.0,145.0,123.0,108.0,100.0,101.0,109.0,123.0,134.0,142.0,148.0,154.0,157.0,155.0,147.0,140.0,138.0,137.0,135.0,130.0,112.0,120.0,93.0,138.0,147.0,160.0,144.0,124.0,115.0,124.0,132.0,116.0,96.0,74.0,78.0,111.0,169.0,204.0,205.0,171.0,122.0,90.0,87.0,95.0,97.0,81.0,64.0,66.0,112.0,187.0,205.0,205.0,205.0,164.0,81.0,55.0,55.0,89.0,124.0,140.0,135.0,120.0,112.0,117.0,132.0,146.0,150.0,144.0,135.0,131.0,0.48175367410173525,0.8763066800438526
177.0,97.0,55.0,66.0,79.0,102.0,85.0,81.0,103.0,156.0,176.0,182.0,173.0,168.0,159.0,152.0,135.0,99.0,59.0,55.0,75.0,108.0,136.0,156.0,163.0,165.0,171.0,169.0,148.0,116.0,90.0,81.0,89.0,107.0,123.0,134.0,142.0,145.0,147.0,145.0,141.0,138.0,139.0,141.0,142.0,139.0,135.0,133.0,132.0,132.0,98.0,106.0,152.0,142.0,136.0,143.0,151.0,128.0,114.0,103.0,112.0,119.0,107.0,87.0,89.0,111.0,151.0,183.0,178.0,144.0,118.0,109.0,109.0,128.0,146.0,138.0,107.0,87.0,85.0,106.0,149.0,191.0,205.0,189.0,165.0,149.0,144.0,139.0,125.0,97.0,69.0,55.0,56.0,78.0,105.0,128.0,140.0,143.0,143.0,143.0,0.6845471059287054,0.7289686274213959
104.0,79.0,86.0,123.0,146.0,131.0,133.0,153.0,145.0,134.0,132.0,113.0,72.0,55.0,60.0,65.0,74.0,108.0,147.0,168.0,181.0,187.0,176.0,154.0,127.0,102.0,82.0,75.0,83.0,105.0,132.0,150.0,157.0,155.0,148.0,142.0,136.0,129.0,119.0,114.0,117.0,122.0,126.0,126.0,125.0,126.0,128.0,131.0,134.0,136.0,80.0,87.0,124.0,123.0,131.0,126.0,120.0,110.0,94.0,80.0,78.0,91.0,105.0,127.0,144.0,157.0,165.0,168.0,151.0,115.0,71.0,55.0,55.0,55.0,104.0,205.0,205.0,205.0,205.0,205.0,77.0,55.0,55.0,55.0,57.0,135.0,193.0,198.0,181.0,154.0,127.0,108.0,97.0,93.0,95.0,100.0,106.0,109.0,112.0,113.0,0.8443279255020245,0.5358267949789818
142.0,105.0,55.0,55.0,63.0,130.0,110.0,151.0,160.0,181.0,152.0,179.0,178.0,170.0,148.0,138.0,105.0,62.0,55.0,55.0,69.0,90.0,131.0,163.0,186.0,201.0,200.0,173.0,135.0,103.0,77.0,67.0,72.0,90.0,123.0,150.0,165.0,164.0,159.0,151.0,144.0,139.0,136.0,133.0,130.0,126.0,123.0,123.0,122.0,122.0,104.0,113.0,109.0,129.0,145.0,145.0,124.0,102.0,92.0,92.0,105.0,122.0,136.0,146.0,153.0,152.0,147.0,139.0,114.0,76.0,55.0,55.0,55.0,88.0,195.0,205.0,205.0,205.0,205.0,83.0,55.0,55.0,55.0,55.0,77.0,195.0,205.0,205.0,193.0,165.0,143.0,125.0,111.0,102.0,101.0,102.0,102.0,100.0,98.0,100.0,0.9510565162951591,0.3090169943749306
74.0,55.0,55.0,112.0,141.0,152.0,154.0,177.0,192.0,200.0,178.0,128.0,63.0,55.0,55.0,65.0,114.0,143.0,160.0,168.0,177.0,179.0,162.0,130.0,101.0,86.0,89.0,103.0,118.0,129.0,137.0,140.0,141.0,139.0,134.0,131.0,132.0,134.0,135.0,134.0,131.0,130.0,130.0,131.0,130.0,128.0,125.0,125.0,126.0,128.0,151.0,94.0,89.0,117.0,135.0,123.0,112.0,124.0,137.0,136.0,113.0,99.0,100.0,108.0,118.0,125.0,126.0,138.0,162.0,173.0,165.0,151.0,124.0,84.0,62.0,70.0,94.0,128.0,167.0,195.0,202.0,193.0,175.0,145.0,108.0,78.0,64.0,68.0,89.0,117.0,138.0,146.0,142.0,132.0,125.0,124.0,128.0,133.0,138.0,138.0,0.9980267284282727,0.06279051952929535
111.0,75.0,84.0,140.0,157.0,163.0,161.0,150.0,111.0,78.0,58.0,55.0,55.0,55.0,132.0,168.0,192.0,199.0,189.0,163.0,133.0,103.0,79.0,72.0,81.0,103.0,128.0,146.0,154.0,154.0,148.0,138.0,129.0,122.0,119.0,117.0,118.0,125.0,128.0,125.0,122.0,124.0,131.0,136.0,136.0,136.0,135.0,137.0,138.0,139.0,121.0,103.0,120.0,119.0,136.0,138.0,131.0,112.0,78.0,73.0,82.0,109.0,124.0,141.0,147.0,162.0,170.0,168.0,140.0,94.0,55.0,55.0,55.0,59.0,177.0,205.0,205.0,205.0,205.0,205.0,55.0,55.0,55.0,55.0,58.0,153.0,203.0,205.0,205.0,167.0,124.0,94.0,79.0,79.0,89.0,99.0,105.0,108.0,108.0,110.0,0.9822872507286863,-0.18738131458573704
112.0,79.0,119.0,128.0,202.0,205.0,200.0,168.0,161.0,104.0,55.0,55.0,55.0,55.0,64.0,147.0,179.0,178.0,172.0,172.0,155.0,129.0,106.0,90.0,81.0,96.0,123.0,146.0,151.0,143.0,130.0,127.0,131.0,137.0,141.0,142.0,138.0,133.0,129.0,124.0,119.0,117.0,117.0,120.0,122.0,123.0,124.0,127.0,129.0,131.0,131.0,170.0,135.0,134.0,103.0,105.0,83.0,114.0,130.0,155.0,160.0,158.0,155.0,150.0,137.0,101.0,61.0,55.0,55.0,55.0,155.0,205.0,205.0,205.0,205.0,205.0,55.0,55.0,55.0,55.0,55.0,112.0,203.0,205.0,205.0,205.0,173.0,124.0,87.0,70.0,73.0,87.0,101.0,108.0,109.0,107.0,110.0,119.0,132.0,144.0,0.904827052466014,-0.4257792915650844
199.0,144.0,117.0,101.0,114.0,167.0,181.0,190.0,160.0,135.0,79.0,77.0,68.0,88.0,106.0,152.0,185.0,205.0,205.0,205.0,142.0,93.0,61.0,55.0,61.0,89.0,120.0,152.0,179.0,186.0,174.0,146.0,121.0,106.0,104.0,104.0,111.0,119.0,129.0,134.0,136.0,134.0,130.0,127.0,127.0,129.0,130.0,128.0,126.0,124.0,115.0,125.0,109.0,93.0,90.0,99.0,125.0,134.0,128.0,117.0,144.0,170.0,179.0,160.0,131.0,90.0,65.0,73.0,102.0,132.0,154.0,170.0,176.0,172.0,165.0,143.0,103.0,65.0,57.0,86.0,142.0,187.0,190.0,143.0,78.0,55.0,55.0,55.0,137.0,183.0,197.0,184.0,157.0,132.0,122.0,125.0,132.0,132.0,124.0,113.0,0.7705132427757844,-0.6374239897486955
165.0,160.0,140.0,91.0,55.0,55.0,55.0,55.0,55.0,133.0,174.0,205.0,205.0,189.0,129.0,71.0,55.0,55.0,55.0,63.0,135.0,174.0,193.0,194.0,180.0,152.0,116.0,90.0,81.0,88.0,106.0,125.0,137.0,141.0,139.0,133.0,127.0,122.0,120.0,120.0,124.0,127.0,129.0,131.0,133.0,136.0,138.0,139.0,137.0,136.0,138.0,121.0,101.0,106.0,122.0,134.0,136.0,129.0,123.0,124.0,118.0,104.0,92.0,89.0,98.0,121.0,154.0,183.0,203.0,205.0,195.0,161.0,116.0,68.0,55.0,55.0,55.0,71.0,188.0,205.0,205.0,205.0,205.0,120.0,55.0,55.0,55.0,55.0,58.0,93.0,101.0,106.0,113.0,126.0,141.0,158.0,170.0,171.0,162.0,152.0,0.5877852522924667,-0.8090169943749521
157.0,166.0,141.0,176.0,183.0,198.0,167.0,143.0,81.0,55.0,55.0,55.0,55.0,67.0,172.0,205.0,205.0,205.0,190.0,134.0,74.0,55.0,55.0,55.0,91.0,138.0,165.0,175.0,177.0,169.0,150.0,128.0,110.0,102.0,107.0,116.0,123.0,126.0,125.0,122.0,121.0,119.0,118.0,117.0,117.0,121.0,124.0,127.0,128.0,130.0,108.0,92.0,82.0,134.0,150.0,157.0,141.0,123.0,111.0,105.0,83.0,61.0,62.0,71.0,111.0,166.0,205.0,205.0,205.0,185.0,109.0,55.0,55.0,55.0,55.0,55.0,142.0,205.0,205.0,205.0,205.0,205.0,86.0,55.0,55.0,55.0,55.0,109.0,146.0,153.0,144.0,131.0,124.0,125.0,130.0,137.0,139.0,135.0,130.0,126.0,0.3681245526846707,-0.9297764858882542
110.0,118.0,175.0,188.0,179.0,128.0,77.0,55.0,66.0,81.0,108.0,145.0,188.0,205.0,205.0,191.0,115.0,55.0,55.0,55.0,55.0,85.0,143.0,180.0,203.0,205.0,189.0,146.0,98.0,69.0,69.0,88.0,114.0,134.0,144.0,147.0,146.0,141.0,132.0,125.0,121.0,122.0,123.0,124.0,122.0,121.0,121.0,124.0,126.0,127.0,122.0,113.0,109.0,108.0,114.0,125.0,134.0,123.0,107.0,114.0,134.0,143.0,139.0,133.0,125.0,119.0,123.0,128.0,121.0,109.0,106.0,117.0,136.0,154.0,160.0,136.0,95.0,72.0,90.0,146.0,201.0,205.0,183.0,104.0,55.0,55.0,55.0,83.0,168.0,195.0,188.0,161.0,134.0,120.0,122.0,131.0,134.0,127.0,115.0,107.0,0.1253332335643019,-0.9921147013144781
204.0,141.0,65.0,55.0,55.0,89.0,105.0,129.0,148.0,172.0,177.0,155.0,120.0,82.0,57.0,55.0,81.0,108.0,142.0,170.0,184.0,182.0,169.0,140.0,109.0,87.0,83.0,96.0,117.0,136.0,144.0,145.0,142.0,136.0,131.0,126.0,123.0,122.0,125.0,128.0,130.0,131.0,131.0,133.0,135.0,137.0,137.0,137.0,136.0,135.0,117.0,127.0,126.0,142.0,140.0,139.0,110.0,116.0,103.0,107.0,97.0,101.0,110.0,147.0,182.0,205.0,205.0,205.0,166.0,125.0,87.0,55.0,55.0,55.0,60.0,163.0,205.0,205.0,205.0,205.0,118.0,55.0,55.0,55.0,72.0,107.0,107.0,92.0,77.0,78.0,96.0,126.0,155.0,173.0,177.0,173.0,166.0,162.0,158.0,150.0,-0.12533323356430695,-0.9921147013144775
110.0,59.0,55.0,55.0,55.0,55.0,59.0,133.0,166.0,194.0,203.0,202.0,140.0,82.0,55.0,55.0,55.0,55.0,55.0,77.0,185.0,205.0,205.0,205.0,186.0,147.0,112.0,81.0,59.0,56.0,75.0,108.0,141.0,163.0,169.0,162.0,151.0,138.0,129.0,120.0,115.0,112.0,116.0,124.0,130.0,134.0,131.0,129.0,131.0,138.0,136.0,72.0,73.0,105.0,140.0,134.0,128.0,120.0,119.0,111.0,89.0,78.0,90.0,108.0,130.0,153.0,167.0,180.0,188.0,175.0,129.0,78.0,55.0,55.0,55.0,55.0,142.0,205.0,205.0,205.0,205.0,205.0,55.0,55.0,55.0,55.0,55.0,94.0,152.0,175.0,178.0,167.0,151.0,136.0,128.0,125.0,126.0,125.0,123.0,119.0,-0.3681245526846808,-0.9297764858882502
83.0,55.0,55.0,103.0,136.0,170.0,196.0,205.0,205.0,205.0,126.0,55.0,55.0,55.0,55.0,66.0,141.0,176.0,202.0,205.0,205.0,170.0,119.0,76.0,62.0,73.0,96.0,116.0,130.0,142.0,150.0,151.0,144.0,134.0,128.0,127.0,130.0,132.0,131.0,128.0,126.0,127.0,128.0,129.0,127.0,125.0,124.0,126.0,128.0,129.0,112.0,144.0,153.0,144.0,123.0,122.0,130.0,132.0,124.0,108.0,88.0,85.0,111.0,144.0,165.0,167.0,154.0,133.0,113.0,103.0,92.0,73.0,63.0,83.0,135.0,197.0,205.0,205.0,160.0,85.0,55.0,55.0,83.0,150.0,187.0,193.0,171.0,139.0,114.0,106.0,115.0,126.0,129.0,122.0,114.0,110.0,115.0,124.0,129.0,127.0,-0.5877852522924712,-0.8090169943749488
112.0,116.0,141.0,125.0,129.0,85.0,72.0,55.0,80.0,101.0,150.0,162.0,184.0,167.0,149.0,114.0,77.0,55.0,55.0,58.0,100.0,146.0,181.0,195.0,193.0,177.0,145.0,112.0,91.0,85.0,92.0,110.0,127.0,138.0,146.0,147.0,142.0,138.0,132.0,128.0,126.0,125.0,121.0,123.0,130.0,135.0,136.0,134.0,134.0,136.0,125.0,107.0,99.0,101.0,130.0,116.0,85.0,77.0,106.0,140.0,168.0,170.0,164.0,166.0,165.0,155.0,126.0,78.0,55.0,55.0,55.0,90.0,190.0,205.0,205.0,205.0,113.0,66.0,64.0,105.0,153.0,165.0,133.0,78.0,55.0,55.0,55.0,71.0,172.0,205.0,205.0,205.0,192.0,171.0,152.0,133.0,114.0,97.0,86.0,85.0,-0.7705132427757843,-0.6374239897486957
