Feat_1,Feat_2,Feat_3,Feat_4,Feat_5,Feat_6,Feat_7,Feat_8,Feat_9,Feat_10,Feat_11,Feat_12,Feat_13,Feat_14,Feat_15,Feat_16,Feat_17,Feat_18,Feat_19,Feat_20,Feat_21,Feat_22,Feat_23,Feat_24,Feat_25,Feat_26,Feat_27,Feat_28,Feat_29,Feat_30,Feat_31,Feat_32,Feat_33,Feat_34,Feat_35,Feat_36,Feat_37,Feat_38,Feat_39,Feat_40,Feat_41,Feat_42,Feat_43,Feat_44,Feat_45,Feat_46,Feat_47,Feat_48,Feat_49,Feat_50,Feat_51,Feat_52,Feat_53,Feat_54,Feat_55,Feat_56,Feat_57,Feat_58,Feat_59,Feat_60,Feat_61,Feat_62,Feat_63,Feat_64,Feat_65,Feat_66,Feat_67,Feat_68,Feat_69,Feat_70,Feat_71,Feat_72,Feat_73,Feat_74,Feat_75,Feat_76,Feat_77,Feat_78,Feat_79,Feat_80,Feat_81,Feat_82,Feat_83,Feat_84,Feat_85,Feat_86,Feat_87,Feat_88,Feat_89,Feat_90,Feat_91,Feat_92,Feat_93,Feat_94,Feat_95,Feat_96,Feat_97,Feat_98,Feat_99,Feat_100,Label_Sin,Label_Cos
184.0,185.0,165.0,116.0,74.0,56.0,72.0,84.0,111.0,151.0,192.0,205.0,205.0,174.0,104.0,55.0,55.0,55.0,55.0,92.0,147.0,182.0,203.0,205.0,183.0,138.0,92.0,68.0,72.0,93.0,118.0,135.0,143.0,145.0,144.0,139.0,131.0,124.0,121.0,122.0,124.0,123.0,122.0,120.0,122.0,124.0,126.0,126.0,125.0,125.0,176.0,130.0,95.0,84.0,121.0,156.0,161.0,129.0,127.0,112.0,133.0,128.0,116.0,89.0,78.0,73.0,102.0,156.0,199.0,205.0,180.0,130.0,91.0,82.0,88.0,87.0,74.0,62.0,67.0,111.0,184.0,205.0,205.0,205.0,205.0,82.0,55.0,55.0,55.0,98.0,153.0,163.0,150.0,130.0,122.0,126.0,136.0,142.0,139.0,131.0,0.5406408174555974,-0.8412535328311813
205.0,138.0,63.0,55.0,55.0,91.0,116.0,135.0,151.0,171.0,170.0,148.0,113.0,76.0,55.0,59.0,86.0,116.0,148.0,173.0,181.0,178.0,162.0,133.0,103.0,85.0,85.0,100.0,122.0,138.0,144.0,143.0,139.0,134.0,129.0,125.0,122.0,122.0,125.0,128.0,129.0,130.0,131.0,133.0,136.0,136.0,137.0,136.0,136.0,135.0,134.0,164.0,93.0,109.0,132.0,162.0,137.0,136.0,143.0,127.0,124.0,110.0,115.0,116.0,110.0,86.0,87.0,102.0,138.0,174.0,183.0,155.0,128.0,113.0,106.0,117.0,137.0,136.0,112.0,93.0,89.0,103.0,139.0,183.0,205.0,205.0,182.0,155.0,132.0,120.0,113.0,103.0,90.0,78.0,76.0,83.0,100.0,118.0,130.0,137.0,0.27871978472123343,-0.9603724702452425
156.0,88.0,92.0,55.0,70.0,55.0,55.0,55.0,132.0,175.0,194.0,199.0,193.0,149.0,89.0,55.0,55.0,55.0,55.0,56.0,80.0,185.0,205.0,205.0,205.0,182.0,145.0,111.0,82.0,62.0,60.0,80.0,111.0,141.0,161.0,166.0,159.0,148.0,136.0,128.0,121.0,117.0,117.0,120.0,124.0,127.0,129.0,131.0,133.0,135.0,145.0,99.0,55.0,89.0,100.0,135.0,114.0,121.0,124.0,126.0,116.0,95.0,78.0,75.0,93.0,107.0,127.0,142.0,157.0,165.0,169.0,152.0,115.0,71.0,55.0,55.0,55.0,105.0,205.0,205.0,205.0,205.0,205.0,81.0,55.0,55.0,55.0,55.0,116.0,187.0,202.0,190.0,161.0,130.0,108.0,96.0,93.0,96.0,101.0,105.0,-0.0055486138351301464,-0.9999846063237716
148.0,61.0,55.0,55.0,101.0,135.0,160.0,181.0,205.0,205.0,205.0,146.0,67.0,55.0,55.0,55.0,55.0,124.0,165.0,193.0,205.0,205.0,182.0,135.0,88.0,63.0,65.0,86.0,112.0,131.0,142.0,147.0,147.0,143.0,136.0,131.0,128.0,130.0,131.0,131.0,128.0,127.0,128.0,129.0,129.0,127.0,125.0,124.0,126.0,128.0,92.0,91.0,100.0,114.0,116.0,120.0,128.0,144.0,138.0,120.0,101.0,92.0,93.0,108.0,126.0,138.0,148.0,153.0,151.0,146.0,134.0,106.0,67.0,55.0,55.0,55.0,105.0,205.0,205.0,205.0,205.0,205.0,72.0,55.0,55.0,55.0,55.0,120.0,198.0,205.0,205.0,191.0,161.0,135.0,117.0,107.0,103.0,103.0,103.0,101.0,-0.28866261365713375,-0.957430882871778
77.0,98.0,132.0,161.0,146.0,106.0,74.0,61.0,64.0,85.0,116.0,139.0,165.0,177.0,168.0,140.0,108.0,73.0,57.0,65.0,91.0,121.0,155.0,178.0,184.0,178.0,160.0,129.0,100.0,85.0,88.0,105.0,126.0,141.0,146.0,144.0,139.0,134.0,130.0,126.0,123.0,124.0,127.0,130.0,132.0,133.0,133.0,135.0,136.0,137.0,138.0,86.0,85.0,124.0,132.0,123.0,117.0,123.0,138.0,124.0,108.0,97.0,103.0,108.0,121.0,122.0,124.0,137.0,161.0,172.0,166.0,150.0,116.0,76.0,61.0,73.0,100.0,135.0,172.0,196.0,199.0,188.0,166.0,131.0,94.0,70.0,65.0,79.0,105.0,129.0,140.0,138.0,129.0,119.0,117.0,121.0,129.0,136.0,140.0,139.0,-0.5475071867742815,-0.8368009801801812
167.0,117.0,55.0,55.0,99.0,168.0,171.0,160.0,156.0,132.0,109.0,81.0,55.0,55.0,55.0,55.0,111.0,182.0,205.0,188.0,167.0,157.0,135.0,113.0,97.0,82.0,81.0,107.0,140.0,156.0,157.0,146.0,134.0,129.0,131.0,132.0,133.0,131.0,129.0,127.0,126.0,123.0,122.0,125.0,130.0,134.0,135.0,136.0,137.0,141.0,171.0,153.0,127.0,126.0,120.0,96.0,70.0,81.0,109.0,140.0,156.0,157.0,163.0,174.0,173.0,140.0,88.0,55.0,55.0,55.0,78.0,205.0,205.0,205.0,205.0,205.0,205.0,55.0,55.0,55.0,55.0,55.0,143.0,205.0,205.0,205.0,200.0,106.0,56.0,55.0,55.0,55.0,101.0,118.0,122.0,120.0,120.0,128.0,141.0,155.0,-0.761229252859335,-0.6484828637606538
130.0,137.0,91.0,88.0,55.0,55.0,67.0,115.0,140.0,167.0,177.0,201.0,205.0,192.0,148.0,94.0,55.0,55.0,55.0,96.0,122.0,141.0,155.0,159.0,169.0,175.0,166.0,139.0,110.0,89.0,86.0,98.0,114.0,127.0,134.0,136.0,135.0,134.0,131.0,129.0,127.0,128.0,130.0,129.0,130.0,129.0,129.0,129.0,127.0,125.0,176.0,149.0,94.0,107.0,102.0,103.0,98.0,128.0,147.0,165.0,160.0,146.0,145.0,139.0,111.0,65.0,55.0,55.0,55.0,129.0,205.0,205.0,205.0,205.0,205.0,55.0,55.0,55.0,55.0,55.0,79.0,199.0,205.0,205.0,205.0,205.0,111.0,69.0,60.0,71.0,89.0,106.0,117.0,117.0,112.0,109.0,116.0,129.0,144.0,155.0,-0.9128874427430089,-0.40821136299976957
60.0,55.0,55.0,76.0,150.0,159.0,151.0,147.0,136.0,132.0,94.0,58.0,55.0,55.0,55.0,86.0,120.0,136.0,139.0,153.0,163.0,157.0,147.0,140.0,130.0,122.0,119.0,115.0,108.0,105.0,109.0,121.0,138.0,149.0,153.0,151.0,145.0,136.0,130.0,126.0,123.0,123.0,125.0,129.0,133.0,135.0,136.0,138.0,141.0,144.0,157.0,119.0,117.0,130.0,116.0,95.0,91.0,100.0,134.0,138.0,130.0,117.0,145.0,173.0,183.0,164.0,132.0,91.0,66.0,77.0,105.0,133.0,155.0,173.0,179.0,177.0,169.0,147.0,104.0,66.0,58.0,89.0,143.0,188.0,189.0,143.0,80.0,55.0,55.0,55.0,139.0,181.0,195.0,182.0,157.0,134.0,124.0,128.0,134.0,134.0,-0.9907490952086898,-0.13570641231409278
104.0,55.0,61.0,55.0,55.0,55.0,55.0,68.0,190.0,205.0,205.0,163.0,127.0,80.0,55.0,55.0,55.0,55.0,60.0,163.0,205.0,205.0,205.0,171.0,133.0,111.0,97.0,92.0,91.0,100.0,114.0,132.0,141.0,143.0,139.0,136.0,132.0,128.0,125.0,123.0,124.0,129.0,134.0,139.0,141.0,142.0,142.0,144.0,144.0,144.0,150.0,135.0,116.0,100.0,109.0,127.0,136.0,134.0,126.0,123.0,125.0,118.0,103.0,91.0,89.0,100.0,126.0,158.0,186.0,204.0,205.0,191.0,157.0,111.0,64.0,55.0,55.0,55.0,84.0,197.0,205.0,205.0,205.0,205.0,97.0,55.0,55.0,55.0,55.0,71.0,94.0,101.0,107.0,116.0,129.0,145.0,157.0,164.0,164.0,161.0,-0.9891397295632621,0.14697821403023167
82.0,55.0,55.0,131.0,126.0,180.0,150.0,160.0,132.0,176.0,164.0,160.0,124.0,115.0,92.0,97.0,119.0,122.0,107.0,112.0,130.0,134.0,148.0,161.0,155.0,136.0,127.0,119.0,112.0,107.0,108.0,113.0,125.0,134.0,139.0,140.0,141.0,138.0,139.0,138.0,137.0,133.0,132.0,131.0,131.0,128.0,125.0,123.0,123.0,124.0,205.0,126.0,105.0,101.0,112.0,98.0,131.0,142.0,151.0,151.0,128.0,114.0,107.0,97.0,72.0,64.0,66.0,93.0,145.0,202.0,205.0,205.0,205.0,137.0,68.0,55.0,55.0,55.0,55.0,75.0,205.0,205.0,205.0,205.0,205.0,124.0,55.0,55.0,55.0,57.0,120.0,137.0,133.0,120.0,108.0,109.0,119.0,132.0,143.0,147.0,-0.9087892251108779,0.4172554904640201
75.0,121.0,112.0,129.0,83.0,64.0,55.0,76.0,90.0,105.0,100.0,126.0,126.0,124.0,121.0,112.0,90.0,88.0,112.0,134.0,149.0,158.0,160.0,150.0,141.0,130.0,119.0,109.0,107.0,112.0,126.0,138.0,144.0,143.0,139.0,132.0,127.0,122.0,121.0,121.0,124.0,128.0,133.0,137.0,140.0,142.0,145.0,147.0,148.0,148.0,127.0,102.0,106.0,122.0,142.0,127.0,109.0,116.0,137.0,144.0,140.0,133.0,123.0,119.0,127.0,128.0,118.0,106.0,108.0,123.0,143.0,160.0,156.0,123.0,85.0,75.0,106.0,166.0,205.0,205.0,159.0,80.0,55.0,55.0,55.0,117.0,180.0,195.0,180.0,152.0,129.0,120.0,126.0,133.0,134.0,124.0,112.0,106.0,111.0,121.0,-0.7566609504119851,0.6538074686952049
106.0,55.0,55.0,55.0,70.0,156.0,185.0,155.0,134.0,128.0,114.0,78.0,56.0,55.0,55.0,55.0,105.0,187.0,205.0,205.0,180.0,144.0,117.0,105.0,97.0,92.0,92.0,103.0,119.0,136.0,145.0,149.0,147.0,141.0,132.0,125.0,122.0,122.0,124.0,127.0,131.0,133.0,135.0,138.0,142.0,144.0,144.0,143.0,142.0,143.0,169.0,128.0,139.0,113.0,144.0,129.0,125.0,104.0,106.0,101.0,103.0,101.0,113.0,152.0,187.0,205.0,205.0,195.0,155.0,118.0,82.0,55.0,55.0,55.0,92.0,174.0,205.0,205.0,205.0,205.0,83.0,55.0,55.0,55.0,98.0,120.0,110.0,83.0,62.0,63.0,91.0,132.0,165.0,183.0,183.0,174.0,165.0,161.0,158.0,152.0,-0.5452916319032594,0.8382464054061194
91.0,104.0,133.0,175.0,174.0,167.0,121.0,94.0,98.0,115.0,100.0,94.0,119.0,136.0,142.0,158.0,160.0,120.0,85.0,86.0,102.0,112.0,126.0,139.0,145.0,149.0,153.0,148.0,137.0,117.0,102.0,100.0,112.0,130.0,140.0,143.0,138.0,133.0,130.0,126.0,122.0,120.0,120.0,120.0,121.0,121.0,122.0,124.0,126.0,128.0,121.0,108.0,110.0,112.0,127.0,143.0,131.0,113.0,87.0,75.0,86.0,105.0,120.0,139.0,162.0,179.0,194.0,183.0,142.0,88.0,55.0,55.0,55.0,55.0,110.0,205.0,205.0,205.0,205.0,205.0,83.0,55.0,55.0,55.0,55.0,67.0,138.0,168.0,177.0,171.0,157.0,142.0,131.0,126.0,125.0,125.0,124.0,120.0,116.0,109.0,-0.29170754486998546,0.9565075578718264
123.0,144.0,77.0,120.0,84.0,88.0,79.0,92.0,94.0,100.0,134.0,139.0,154.0,156.0,177.0,143.0,130.0,138.0,160.0,151.0,150.0,142.0,119.0,100.0,106.0,115.0,114.0,119.0,128.0,138.0,148.0,153.0,148.0,136.0,122.0,110.0,104.0,106.0,111.0,120.0,131.0,141.0,145.0,148.0,148.0,149.0,148.0,146.0,142.0,139.0,157.0,164.0,146.0,123.0,96.0,104.0,125.0,134.0,129.0,118.0,105.0,111.0,142.0,172.0,178.0,151.0,108.0,75.0,70.0,96.0,128.0,136.0,124.0,120.0,142.0,183.0,205.0,205.0,152.0,76.0,55.0,55.0,55.0,101.0,173.0,191.0,176.0,147.0,120.0,113.0,124.0,138.0,142.0,132.0,117.0,107.0,109.0,118.0,125.0,126.0,-0.01601381403248931,0.9998717706586845
90.0,55.0,55.0,92.0,141.0,126.0,123.0,104.0,146.0,148.0,148.0,127.0,138.0,149.0,165.0,169.0,157.0,118.0,83.0,79.0,95.0,114.0,129.0,142.0,144.0,150.0,158.0,158.0,141.0,119.0,100.0,95.0,103.0,116.0,127.0,137.0,144.0,148.0,150.0,150.0,147.0,146.0,146.0,146.0,144.0,141.0,137.0,135.0,134.0,132.0,198.0,120.0,112.0,128.0,115.0,118.0,129.0,119.0,91.0,101.0,100.0,134.0,157.0,176.0,175.0,176.0,164.0,156.0,133.0,88.0,55.0,55.0,55.0,72.0,196.0,205.0,205.0,205.0,110.0,63.0,61.0,101.0,146.0,152.0,115.0,63.0,55.0,55.0,55.0,139.0,191.0,205.0,204.0,180.0,161.0,152.0,147.0,139.0,125.0,107.0,0.2602239552867207,0.9655482862575723
145.0,127.0,117.0,109.0,106.0,109.0,80.0,72.0,98.0,133.0,143.0,158.0,174.0,145.0,92.0,61.0,55.0,55.0,55.0,100.0,141.0,166.0,183.0,190.0,177.0,154.0,125.0,100.0,83.0,79.0,90.0,113.0,136.0,149.0,152.0,148.0,140.0,130.0,122.0,116.0,113.0,112.0,114.0,117.0,120.0,123.0,125.0,128.0,129.0,132.0,154.0,135.0,94.0,131.0,125.0,134.0,93.0,88.0,93.0,117.0,140.0,147.0,147.0,149.0,158.0,142.0,123.0,95.0,62.0,55.0,55.0,94.0,165.0,205.0,205.0,205.0,205.0,111.0,55.0,55.0,55.0,55.0,120.0,169.0,189.0,183.0,161.0,139.0,125.0,122.0,125.0,128.0,127.0,123.0,117.0,111.0,107.0,104.0,107.0,113.0,0.5156742195423404,0.8567847450202403
55.0,78.0,85.0,109.0,99.0,111.0,147.0,183.0,178.0,166.0,175.0,173.0,157.0,140.0,120.0,79.0,58.0,70.0,94.0,107.0,124.0,146.0,163.0,175.0,179.0,168.0,139.0,106.0,83.0,79.0,90.0,106.0,123.0,136.0,145.0,147.0,147.0,144.0,141.0,138.0,137.0,137.0,136.0,133.0,129.0,126.0,125.0,123.0,122.0,121.0,114.0,92.0,117.0,128.0,110.0,89.0,94.0,118.0,146.0,156.0,146.0,132.0,126.0,125.0,123.0,116.0,92.0,63.0,55.0,88.0,151.0,205.0,205.0,205.0,131.0,57.0,55.0,55.0,69.0,169.0,205.0,205.0,167.0,107.0,64.0,58.0,89.0,134.0,168.0,180.0,170.0,151.0,133.0,121.0,112.0,105.0,100.0,100.0,105.0,117.0,0.7304232735718288,0.6829947594415445
106.0,89.0,66.0,74.0,111.0,162.0,177.0,175.0,169.0,168.0,164.0,154.0,137.0,101.0,62.0,55.0,74.0,106.0,133.0,154.0,162.0,165.0,170.0,170.0,152.0,121.0,93.0,82.0,88.0,106.0,122.0,133.0,141.0,144.0,146.0,145.0,141.0,138.0,139.0,141.0,142.0,139.0,136.0,133.0,132.0,132.0,130.0,128.0,126.0,125.0,151.0,109.0,131.0,143.0,150.0,148.0,134.0,130.0,124.0,118.0,119.0,126.0,123.0,117.0,110.0,105.0,119.0,150.0,163.0,141.0,108.0,89.0,95.0,130.0,175.0,190.0,162.0,105.0,55.0,55.0,55.0,99.0,200.0,205.0,205.0,205.0,143.0,101.0,87.0,94.0,106.0,113.0,110.0,106.0,106.0,113.0,122.0,130.0,134.0,133.0,0.8890392089231122,0.4578310660029165
89.0,55.0,89.0,145.0,167.0,154.0,152.0,149.0,118.0,85.0,61.0,55.0,55.0,55.0,120.0,165.0,188.0,197.0,189.0,166.0,136.0,106.0,84.0,76.0,83.0,99.0,120.0,140.0,152.0,155.0,150.0,140.0,129.0,122.0,119.0,119.0,121.0,122.0,123.0,124.0,125.0,128.0,131.0,133.0,133.0,134.0,136.0,137.0,138.0,139.0,156.0,103.0,122.0,145.0,149.0,129.0,126.0,123.0,124.0,111.0,98.0,90.0,93.0,108.0,132.0,153.0,168.0,183.0,185.0,161.0,123.0,92.0,60.0,55.0,74.0,134.0,191.0,205.0,205.0,152.0,103.0,89.0,115.0,155.0,179.0,170.0,131.0,88.0,62.0,59.0,80.0,106.0,125.0,128.0,126.0,129.0,137.0,148.0,154.0,152.0,0.9800555459194837,0.19872374521546904
155.0,67.0,145.0,67.0,116.0,99.0,149.0,122.0,173.0,194.0,205.0,190.0,172.0,123.0,56.0,55.0,55.0,55.0,55.0,130.0,178.0,198.0,200.0,201.0,174.0,134.0,100.0,75.0,60.0,71.0,100.0,133.0,154.0,159.0,152.0,143.0,137.0,133.0,131.0,129.0,127.0,125.0,125.0,123.0,122.0,121.0,120.0,121.0,122.0,123.0,139.0,123.0,120.0,123.0,125.0,118.0,111.0,100.0,97.0,107.0,125.0,134.0,142.0,145.0,146.0,144.0,136.0,115.0,90.0,74.0,76.0,103.0,146.0,187.0,205.0,205.0,176.0,125.0,76.0,55.0,65.0,102.0,142.0,166.0,167.0,149.0,127.0,113.0,108.0,110.0,115.0,118.0,120.0,120.0,121.0,123.0,125.0,127.0,127.0,127.0,0.9972114642342904,-0.07462771334901351
154.0,145.0,129.0,104.0,123.0,152.0,180.0,184.0,172.0,138.0,95.0,73.0,72.0,83.0,103.0,142.0,176.0,204.0,205.0,205.0,160.0,114.0,76.0,57.0,56.0,74.0,101.0,138.0,170.0,184.0,178.0,157.0,131.0,111.0,105.0,106.0,111.0,116.0,120.0,126.0,132.0,133.0,132.0,129.0,127.0,127.0,128.0,128.0,126.0,125.0,170.0,131.0,128.0,116.0,125.0,129.0,130.0,130.0,140.0,151.0,147.0,136.0,107.0,94.0,99.0,111.0,114.0,126.0,141.0,155.0,178.0,198.0,189.0,142.0,81.0,55.0,55.0,55.0,81.0,188.0,205.0,205.0,205.0,146.0,107.0,88.0,92.0,105.0,116.0,119.0,116.0,115.0,120.0,126.0,132.0,135.0,133.0,131.0,131.0,135.0,0.9397927162671682,-0.3417450079389279
205.0,146.0,80.0,55.0,55.0,55.0,55.0,55.0,120.0,164.0,205.0,205.0,204.0,134.0,77.0,55.0,55.0,55.0,58.0,128.0,167.0,190.0,194.0,184.0,157.0,122.0,93.0,82.0,87.0,104.0,124.0,136.0,140.0,139.0,134.0,129.0,124.0,121.0,120.0,123.0,126.0,129.0,131.0,133.0,135.0,138.0,139.0,138.0,137.0,136.0,176.0,131.0,90.0,131.0,126.0,144.0,99.0,98.0,96.0,139.0,149.0,147.0,117.0,115.0,139.0,159.0,167.0,149.0,111.0,76.0,80.0,116.0,160.0,183.0,172.0,129.0,90.0,86.0,118.0,159.0,185.0,180.0,147.0,105.0,78.0,70.0,78.0,95.0,112.0,124.0,132.0,140.0,149.0,157.0,159.0,153.0,140.0,127.0,121.0,123.0,0.8125668322402698,-0.582868032356393
170.0,172.0,177.0,174.0,130.0,56.0,55.0,55.0,55.0,55.0,123.0,190.0,205.0,205.0,203.0,170.0,104.0,55.0,55.0,55.0,55.0,114.0,155.0,173.0,178.0,176.0,162.0,139.0,116.0,100.0,99.0,108.0,119.0,127.0,129.0,127.0,122.0,121.0,118.0,116.0,115.0,117.0,121.0,125.0,127.0,129.0,130.0,132.0,133.0,134.0,95.0,106.0,98.0,105.0,120.0,136.0,145.0,127.0,109.0,98.0,100.0,102.0,107.0,112.0,120.0,131.0,144.0,153.0,153.0,141.0,114.0,82.0,58.0,56.0,88.0,134.0,179.0,205.0,205.0,205.0,185.0,119.0,59.0,55.0,55.0,55.0,132.0,188.0,205.0,197.0,168.0,134.0,110.0,99.0,98.0,102.0,105.0,106.0,105.0,104.0,0.6253365279148014,-0.7803551927522882
131.0,183.0,186.0,167.0,116.0,74.0,55.0,71.0,84.0,112.0,151.0,192.0,205.0,205.0,174.0,103.0,55.0,55.0,55.0,55.0,87.0,147.0,182.0,204.0,205.0,184.0,138.0,92.0,68.0,72.0,93.0,119.0,136.0,143.0,146.0,144.0,139.0,132.0,124.0,120.0,122.0,124.0,124.0,122.0,121.0,122.0,124.0,127.0,126.0,126.0,77.0,88.0,141.0,124.0,144.0,126.0,142.0,114.0,102.0,83.0,112.0,134.0,162.0,173.0,166.0,157.0,160.0,147.0,108.0,70.0,55.0,55.0,75.0,146.0,205.0,205.0,205.0,205.0,148.0,115.0,97.0,79.0,56.0,55.0,55.0,55.0,129.0,192.0,205.0,205.0,169.0,123.0,95.0,92.0,107.0,128.0,137.0,133.0,119.0,109.0,0.3921587790434671,-0.9198975443054173
75.0,55.0,55.0,92.0,148.0,150.0,177.0,165.0,156.0,121.0,91.0,60.0,57.0,79.0,108.0,143.0,168.0,180.0,176.0,163.0,138.0,111.0,91.0,87.0,99.0,121.0,138.0,147.0,146.0,140.0,132.0,127.0,124.0,123.0,124.0,127.0,130.0,132.0,132.0,133.0,134.0,134.0,134.0,133.0,135.0,139.0,141.0,138.0,133.0,131.0,161.0,128.0,83.0,94.0,115.0,162.0,144.0,110.0,101.0,105.0,123.0,127.0,134.0,130.0,134.0,129.0,139.0,144.0,138.0,113.0,84.0,57.0,55.0,98.0,152.0,186.0,195.0,184.0,156.0,133.0,123.0,117.0,107.0,97.0,90.0,89.0,99.0,124.0,156.0,182.0,194.0,187.0,165.0,139.0,122.0,111.0,109.0,107.0,101.0,92.0,0.13029512031983562,-0.9914752551732391
77.0,55.0,55.0,70.0,110.0,98.0,124.0,175.0,195.0,197.0,177.0,157.0,94.0,59.0,55.0,55.0,55.0,55.0,73.0,184.0,205.0,205.0,205.0,202.0,152.0,109.0,76.0,56.0,55.0,55.0,96.0,145.0,178.0,189.0,179.0,159.0,141.0,128.0,122.0,120.0,121.0,123.0,129.0,132.0,132.0,131.0,132.0,135.0,137.0,138.0,149.0,124.0,99.0,118.0,139.0,146.0,120.0,98.0,91.0,98.0,107.0,114.0,122.0,133.0,147.0,153.0,151.0,138.0,115.0,87.0,65.0,59.0,81.0,124.0,174.0,205.0,205.0,205.0,188.0,122.0,61.0,55.0,55.0,55.0,128.0,185.0,205.0,199.0,171.0,138.0,113.0,100.0,98.0,102.0,106.0,107.0,105.0,104.0,108.0,115.0,-0.14102905476435937,-0.9900054574153979
111.0,125.0,149.0,187.0,201.0,174.0,121.0,69.0,55.0,55.0,55.0,100.0,127.0,156.0,181.0,191.0,189.0,167.0,129.0,90.0,70.0,74.0,96.0,122.0,139.0,148.0,151.0,148.0,140.0,132.0,126.0,125.0,125.0,125.0,124.0,121.0,121.0,122.0,124.0,124.0,123.0,123.0,124.0,127.0,128.0,129.0,129.0,130.0,131.0,133.0,166.0,147.0,141.0,149.0,153.0,129.0,99.0,94.0,116.0,146.0,159.0,147.0,127.0,133.0,154.0,163.0,144.0,103.0,60.0,55.0,78.0,148.0,203.0,205.0,205.0,170.0,134.0,113.0,96.0,72.0,55.0,55.0,57.0,132.0,197.0,205.0,205.0,182.0,120.0,76.0,63.0,80.0,110.0,133.0,139.0,130.0,118.0,115.0,123.0,138.0,-0.40197196602455254,-0.9156519745680429
143.0,125.0,93.0,115.0,108.0,103.0,62.0,56.0,68.0,111.0,144.0,172.0,179.0,164.0,142.0,114.0,76.0,56.0,55.0,55.0,56.0,121.0,174.0,201.0,205.0,197.0,164.0,129.0,107.0,93.0,87.0,90.0,102.0,120.0,139.0,151.0,156.0,153.0,144.0,135.0,130.0,126.0,125.0,125.0,127.0,130.0,131.0,134.0,135.0,137.0,114.0,78.0,133.0,154.0,153.0,114.0,116.0,120.0,117.0,121.0,124.0,139.0,141.0,141.0,136.0,145.0,144.0,121.0,86.0,55.0,55.0,93.0,156.0,196.0,205.0,197.0,168.0,135.0,120.0,112.0,101.0,84.0,70.0,65.0,81.0,122.0,177.0,205.0,205.0,205.0,154.0,106.0,81.0,80.0,90.0,100.0,105.0,104.0,104.0,109.0,-0.6334442694222874,-0.773788315714359
76.0,55.0,55.0,145.0,172.0,166.0,157.0,150.0,117.0,91.0,61.0,55.0,55.0,55.0,69.0,163.0,200.0,197.0,173.0,162.0,148.0,123.0,103.0,88.0,78.0,93.0,126.0,152.0,158.0,151.0,138.0,130.0,131.0,132.0,133.0,132.0,130.0,127.0,127.0,124.0,122.0,123.0,127.0,132.0,135.0,136.0,137.0,139.0,142.0,145.0,141.0,77.0,65.0,96.0,110.0,126.0,111.0,115.0,130.0,130.0,120.0,104.0,89.0,81.0,87.0,95.0,112.0,133.0,152.0,162.0,168.0,161.0,139.0,105.0,68.0,55.0,55.0,56.0,150.0,205.0,205.0,205.0,205.0,178.0,60.0,55.0,55.0,55.0,108.0,180.0,197.0,181.0,150.0,119.0,102.0,96.0,99.0,103.0,108.0,111.0,-0.8184170912611185,-0.5746246294161867
205.0,137.0,145.0,128.0,63.0,55.0,55.0,85.0,111.0,153.0,161.0,182.0,194.0,205.0,181.0,142.0,103.0,74.0,70.0,106.0,140.0,139.0,130.0,128.0,128.0,134.0,147.0,143.0,131.0,120.0,119.0,121.0,127.0,127.0,121.0,115.0,114.0,115.0,120.0,124.0,127.0,131.0,134.0,135.0,134.0,133.0,131.0,131.0,129.0,126.0,100.0,116.0,108.0,114.0,105.0,130.0,148.0,146.0,121.0,101.0,91.0,94.0,107.0,123.0,136.0,147.0,154.0,151.0,147.0,137.0,111.0,72.0,55.0,55.0,55.0,99.0,195.0,205.0,205.0,205.0,205.0,86.0,55.0,55.0,55.0,55.0,80.0,190.0,205.0,205.0,197.0,167.0,140.0,121.0,109.0,103.0,102.0,103.0,102.0,99.0,-0.9430939775416186,-0.33252631403353483
87.0,125.0,77.0,131.0,127.0,136.0,106.0,94.0,79.0,64.0,71.0,83.0,98.0,93.0,117.0,127.0,126.0,118.0,124.0,112.0,105.0,116.0,137.0,144.0,150.0,152.0,146.0,134.0,127.0,119.0,114.0,115.0,121.0,131.0,140.0,144.0,141.0,137.0,131.0,126.0,122.0,121.0,121.0,124.0,129.0,133.0,137.0,139.0,142.0,145.0,140.0,89.0,94.0,125.0,126.0,118.0,114.0,128.0,140.0,131.0,107.0,98.0,101.0,109.0,119.0,124.0,124.0,141.0,165.0,171.0,163.0,149.0,116.0,77.0,61.0,72.0,97.0,132.0,172.0,198.0,202.0,191.0,170.0,136.0,99.0,72.0,63.0,72.0,97.0,124.0,141.0,145.0,139.0,129.0,123.0,124.0,128.0,134.0,137.0,137.0,-0.9978348620034868,-0.0657692038151777
127.0,55.0,55.0,55.0,58.0,59.0,64.0,83.0,141.0,195.0,205.0,159.0,107.0,84.0,62.0,56.0,55.0,56.0,56.0,95.0,168.0,205.0,205.0,197.0,166.0,133.0,112.0,99.0,89.0,86.0,92.0,109.0,129.0,144.0,149.0,151.0,151.0,150.0,145.0,135.0,127.0,124.0,131.0,139.0,143.0,141.0,140.0,140.0,143.0,145.0,55.0,86.0,118.0,134.0,153.0,143.0,139.0,117.0,102.0,66.0,80.0,96.0,129.0,142.0,152.0,155.0,170.0,176.0,158.0,114.0,60.0,55.0,55.0,55.0,152.0,205.0,205.0,205.0,205.0,205.0,67.0,55.0,55.0,55.0,55.0,79.0,201.0,205.0,205.0,205.0,136.0,80.0,55.0,55.0,64.0,92.0,110.0,117.0,115.0,113.0,-0.9785803839823108,0.20586508223842384
122.0,86.0,97.0,127.0,134.0,148.0,143.0,145.0,149.0,160.0,134.0,108.0,105.0,113.0,103.0,107.0,119.0,112.0,101.0,115.0,132.0,133.0,135.0,141.0,138.0,134.0,136.0,136.0,129.0,117.0,108.0,106.0,114.0,126.0,137.0,144.0,144.0,138.0,134.0,129.0,125.0,122.0,120.0,120.0,121.0,121.0,121.0,122.0,123.0,124.0,165.0,119.0,126.0,134.0,159.0,139.0,120.0,103.0,83.0,99.0,117.0,143.0,150.0,159.0,149.0,151.0,146.0,128.0,90.0,55.0,55.0,55.0,66.0,182.0,205.0,205.0,205.0,205.0,108.0,55.0,55.0,55.0,55.0,62.0,145.0,205.0,205.0,205.0,200.0,149.0,113.0,91.0,84.0,90.0,98.0,105.0,105.0,103.0,103.0,109.0,-0.8867583770153348,0.4622332536643479
151.0,163.0,125.0,91.0,67.0,83.0,66.0,88.0,87.0,95.0,90.0,123.0,127.0,121.0,110.0,118.0,114.0,118.0,141.0,155.0,138.0,120.0,124.0,125.0,123.0,125.0,127.0,121.0,128.0,143.0,154.0,150.0,136.0,120.0,114.0,116.0,121.0,125.0,128.0,130.0,132.0,135.0,136.0,136.0,138.0,141.0,145.0,147.0,147.0,146.0,112.0,164.0,138.0,133.0,117.0,147.0,155.0,125.0,90.0,95.0,110.0,129.0,134.0,125.0,128.0,156.0,182.0,178.0,162.0,135.0,97.0,72.0,78.0,100.0,130.0,162.0,186.0,196.0,191.0,174.0,140.0,96.0,59.0,55.0,72.0,121.0,165.0,178.0,157.0,116.0,80.0,68.0,81.0,110.0,137.0,153.0,157.0,150.0,142.0,137.0,-0.729177986531489,0.68432409277906
55.0,80.0,178.0,198.0,157.0,123.0,111.0,87.0,65.0,55.0,55.0,55.0,68.0,168.0,205.0,205.0,190.0,160.0,131.0,112.0,100.0,91.0,89.0,96.0,114.0,131.0,143.0,147.0,147.0,143.0,136.0,128.0,123.0,121.0,126.0,129.0,129.0,127.0,130.0,138.0,144.0,145.0,144.0,142.0,142.0,143.0,145.0,146.0,146.0,142.0,134.0,126.0,118.0,101.0,115.0,125.0,132.0,133.0,127.0,124.0,124.0,116.0,100.0,90.0,90.0,103.0,129.0,161.0,188.0,205.0,205.0,187.0,151.0,105.0,58.0,55.0,55.0,55.0,101.0,204.0,205.0,205.0,205.0,205.0,84.0,55.0,55.0,55.0,55.0,78.0,95.0,102.0,107.0,117.0,131.0,146.0,158.0,164.0,164.0,160.0,-0.517524731405775,0.8556682490214186
106.0,110.0,136.0,169.0,181.0,163.0,114.0,86.0,102.0,113.0,99.0,99.0,124.0,135.0,144.0,162.0,153.0,109.0,82.0,88.0,100.0,112.0,132.0,146.0,148.0,149.0,150.0,143.0,128.0,111.0,104.0,108.0,120.0,130.0,137.0,140.0,138.0,133.0,129.0,125.0,120.0,119.0,119.0,121.0,122.0,122.0,122.0,124.0,126.0,128.0,205.0,126.0,97.0,83.0,84.0,129.0,150.0,144.0,134.0,130.0,118.0,112.0,83.0,58.0,55.0,74.0,104.0,154.0,204.0,205.0,205.0,205.0,123.0,55.0,55.0,55.0,55.0,55.0,98.0,205.0,205.0,205.0,205.0,205.0,146.0,55.0,55.0,55.0,55.0,67.0,138.0,159.0,161.0,149.0,136.0,129.0,128.0,130.0,133.0,132.0,-0.2674939535530818,0.9635595388000379
55.0,55.0,82.0,117.0,136.0,140.0,132.0,139.0,168.0,163.0,135.0,123.0,153.0,166.0,167.0,160.0,136.0,90.0,69.0,81.0,98.0,109.0,126.0,144.0,157.0,168.0,172.0,159.0,132.0,103.0,86.0,85.0,99.0,116.0,133.0,146.0,153.0,154.0,153.0,150.0,147.0,145.0,142.0,141.0,138.0,133.0,130.0,128.0,126.0,123.0,119.0,93.0,114.0,148.0,161.0,142.0,121.0,119.0,131.0,131.0,123.0,106.0,87.0,88.0,114.0,148.0,165.0,166.0,152.0,131.0,111.0,102.0,89.0,71.0,64.0,88.0,143.0,203.0,205.0,205.0,150.0,77.0,55.0,55.0,97.0,156.0,189.0,190.0,167.0,135.0,112.0,107.0,116.0,126.0,129.0,121.0,113.0,110.0,117.0,125.0,0.0023730845956697628,0.9999971842307867
64.0,55.0,77.0,98.0,89.0,81.0,92.0,144.0,170.0,181.0,173.0,170.0,159.0,154.0,139.0,110.0,66.0,55.0,64.0,101.0,129.0,151.0,161.0,163.0,169.0,170.0,155.0,124.0,96.0,81.0,86.0,103.0,119.0,131.0,139.0,143.0,146.0,145.0,142.0,138.0,138.0,140.0,141.0,140.0,136.0,133.0,132.0,131.0,130.0,128.0,152.0,155.0,111.0,113.0,126.0,122.0,107.0,100.0,107.0,102.0,100.0,97.0,122.0,166.0,202.0,205.0,204.0,168.0,130.0,98.0,67.0,55.0,55.0,55.0,121.0,201.0,205.0,205.0,205.0,204.0,66.0,55.0,55.0,93.0,122.0,110.0,71.0,55.0,55.0,55.0,132.0,183.0,205.0,203.0,183.0,161.0,151.0,151.0,149.0,139.0,0.2720641444723204,0.9622791181837754
99.0,122.0,126.0,144.0,162.0,148.0,129.0,125.0,121.0,84.0,58.0,59.0,68.0,70.0,97.0,135.0,163.0,178.0,187.0,181.0,160.0,133.0,108.0,87.0,77.0,81.0,99.0,124.0,145.0,155.0,157.0,152.0,143.0,134.0,127.0,123.0,120.0,120.0,121.0,123.0,124.0,125.0,126.0,129.0,131.0,133.0,135.0,136.0,137.0,137.0,124.0,108.0,114.0,124.0,145.0,127.0,106.0,76.0,76.0,96.0,115.0,132.0,150.0,166.0,180.0,190.0,172.0,125.0,74.0,55.0,55.0,55.0,57.0,167.0,205.0,205.0,205.0,205.0,205.0,55.0,55.0,55.0,55.0,55.0,97.0,154.0,175.0,176.0,165.0,150.0,136.0,128.0,125.0,125.0,124.0,122.0,118.0,113.0,108.0,106.0,0.5215800373394215,0.8532023585580432
143.0,55.0,126.0,99.0,108.0,110.0,129.0,125.0,146.0,198.0,205.0,204.0,178.0,148.0,73.0,55.0,55.0,55.0,55.0,92.0,169.0,204.0,205.0,205.0,191.0,147.0,105.0,74.0,56.0,58.0,83.0,119.0,151.0,167.0,165.0,154.0,142.0,132.0,127.0,124.0,123.0,122.0,124.0,124.0,124.0,122.0,119.0,118.0,119.0,124.0,182.0,105.0,83.0,102.0,152.0,154.0,127.0,93.0,102.0,115.0,142.0,141.0,123.0,100.0,93.0,104.0,133.0,158.0,149.0,110.0,73.0,69.0,106.0,167.0,200.0,181.0,122.0,62.0,55.0,55.0,127.0,197.0,205.0,205.0,169.0,106.0,69.0,72.0,106.0,144.0,163.0,159.0,140.0,123.0,116.0,115.0,114.0,112.0,109.0,108.0,0.7324176825360025,0.680855592845202
55.0,78.0,128.0,127.0,157.0,148.0,197.0,196.0,205.0,173.0,133.0,58.0,55.0,55.0,55.0,112.0,158.0,191.0,205.0,205.0,205.0,162.0,113.0,74.0,55.0,59.0,79.0,105.0,134.0,161.0,173.0,171.0,154.0,134.0,117.0,115.0,116.0,122.0,126.0,128.0,132.0,136.0,136.0,135.0,131.0,128.0,127.0,128.0,127.0,127.0,94.0,122.0,113.0,162.0,113.0,113.0,94.0,120.0,140.0,163.0,153.0,141.0,136.0,135.0,148.0,147.0,117.0,71.0,55.0,55.0,98.0,171.0,205.0,205.0,153.0,102.0,77.0,95.0,145.0,177.0,166.0,116.0,59.0,55.0,55.0,57.0,158.0,205.0,205.0,205.0,172.0,143.0,129.0,125.0,122.0,114.0,102.0,93.0,93.0,102.0,0.8889422204520607,0.45801935406460703
172.0,130.0,108.0,105.0,134.0,130.0,102.0,55.0,55.0,55.0,55.0,92.0,148.0,169.0,186.0,190.0,180.0,143.0,103.0,63.0,55.0,55.0,80.0,117.0,151.0,178.0,186.0,185.0,170.0,142.0,109.0,91.0,88.0,100.0,116.0,129.0,134.0,135.0,133.0,130.0,127.0,125.0,123.0,126.0,130.0,134.0,136.0,137.0,138.0,139.0,115.0,109.0,118.0,120.0,128.0,110.0,130.0,142.0,142.0,123.0,124.0,127.0,128.0,113.0,97.0,89.0,90.0,102.0,124.0,147.0,163.0,180.0,187.0,168.0,129.0,94.0,64.0,55.0,66.0,122.0,178.0,205.0,205.0,169.0,117.0,92.0,104.0,140.0,167.0,168.0,141.0,103.0,75.0,66.0,75.0,95.0,115.0,126.0,129.0,130.0,0.9795464299314448,0.20121826857559705
145.0,98.0,131.0,147.0,166.0,157.0,168.0,158.0,107.0,74.0,56.0,63.0,55.0,94.0,138.0,171.0,184.0,205.0,205.0,171.0,119.0,86.0,59.0,59.0,86.0,119.0,141.0,151.0,156.0,156.0,155.0,147.0,133.0,119.0,111.0,108.0,110.0,112.0,114.0,115.0,118.0,120.0,122.0,123.0,124.0,125.0,127.0,128.0,130.0,131.0,166.0,118.0,84.0,106.0,144.0,162.0,153.0,129.0,114.0,106.0,102.0,95.0,98.0,101.0,106.0,117.0,137.0,165.0,191.0,190.0,150.0,90.0,55.0,55.0,55.0,99.0,187.0,205.0,205.0,187.0,127.0,81.0,70.0,92.0,133.0,165.0,176.0,164.0,140.0,120.0,113.0,109.0,105.0,100.0,102.0,110.0,120.0,127.0,130.0,129.0,0.9975114724386321,-0.07050434279753261
87.0,97.0,144.0,194.0,191.0,160.0,100.0,61.0,59.0,78.0,94.0,123.0,163.0,201.0,205.0,205.0,155.0,82.0,55.0,55.0,55.0,55.0,117.0,154.0,188.0,205.0,205.0,175.0,124.0,83.0,66.0,77.0,102.0,127.0,140.0,145.0,146.0,143.0,138.0,130.0,124.0,121.0,123.0,124.0,124.0,123.0,122.0,124.0,126.0,128.0,149.0,132.0,130.0,133.0,122.0,122.0,124.0,130.0,126.0,125.0,138.0,146.0,148.0,140.0,118.0,96.0,96.0,106.0,111.0,118.0,134.0,149.0,167.0,190.0,196.0,165.0,109.0,55.0,55.0,55.0,55.0,158.0,205.0,205.0,205.0,158.0,111.0,89.0,92.0,106.0,120.0,123.0,118.0,112.0,112.0,117.0,124.0,130.0,132.0,132.0,0.9415051337135673,-0.33699863974650984
55.0,55.0,55.0,83.0,123.0,156.0,166.0,190.0,191.0,166.0,111.0,68.0,55.0,55.0,55.0,100.0,138.0,170.0,190.0,192.0,181.0,157.0,123.0,93.0,79.0,81.0,97.0,119.0,135.0,144.0,145.0,141.0,137.0,133.0,130.0,129.0,130.0,133.0,135.0,136.0,137.0,138.0,139.0,139.0,139.0,138.0,137.0,136.0,136.0,136.0,164.0,138.0,109.0,99.0,106.0,127.0,124.0,110.0,101.0,109.0,131.0,159.0,176.0,168.0,149.0,130.0,113.0,103.0,109.0,116.0,115.0,124.0,150.0,180.0,196.0,188.0,151.0,102.0,74.0,83.0,118.0,152.0,161.0,141.0,105.0,74.0,65.0,76.0,101.0,127.0,142.0,144.0,139.0,136.0,138.0,145.0,149.0,146.0,137.0,129.0,0.8156806153461292,-0.578502492430724
75.0,55.0,55.0,55.0,55.0,55.0,81.0,143.0,175.0,201.0,205.0,175.0,110.0,60.0,55.0,55.0,55.0,55.0,55.0,122.0,198.0,205.0,205.0,205.0,170.0,133.0,99.0,70.0,56.0,56.0,85.0,118.0,148.0,164.0,165.0,156.0,145.0,133.0,124.0,117.0,114.0,115.0,119.0,123.0,126.0,128.0,130.0,132.0,135.0,138.0,177.0,134.0,95.0,95.0,106.0,122.0,104.0,87.0,117.0,130.0,146.0,139.0,141.0,139.0,147.0,132.0,105.0,79.0,70.0,83.0,118.0,161.0,194.0,205.0,191.0,150.0,101.0,67.0,59.0,83.0,128.0,170.0,190.0,182.0,154.0,112.0,78.0,65.0,82.0,115.0,148.0,165.0,161.0,145.0,128.0,118.0,114.0,116.0,118.0,121.0,0.6301982123308443,-0.7764342941775615
119.0,148.0,183.0,205.0,205.0,205.0,155.0,77.0,55.0,55.0,55.0,55.0,104.0,162.0,192.0,205.0,205.0,187.0,144.0,95.0,65.0,63.0,82.0,108.0,129.0,142.0,147.0,148.0,144.0,137.0,132.0,128.0,130.0,131.0,131.0,129.0,127.0,127.0,129.0,129.0,127.0,124.0,122.0,125.0,131.0,135.0,132.0,126.0,124.0,128.0,144.0,127.0,122.0,127.0,133.0,119.0,139.0,142.0,154.0,144.0,128.0,98.0,94.0,105.0,112.0,116.0,130.0,145.0,162.0,187.0,199.0,176.0,122.0,63.0,55.0,55.0,55.0,116.0,205.0,205.0,205.0,171.0,126.0,101.0,95.0,100.0,108.0,113.0,114.0,114.0,120.0,126.0,132.0,134.0,133.0,131.0,130.0,133.0,138.0,141.0,0.39897507870963295,-0.9169617694149752
151.0,152.0,98.0,146.0,98.0,134.0,70.0,73.0,55.0,91.0,111.0,159.0,170.0,180.0,159.0,136.0,105.0,65.0,55.0,55.0,55.0,95.0,149.0,190.0,205.0,199.0,175.0,138.0,112.0,96.0,90.0,91.0,104.0,118.0,135.0,145.0,151.0,149.0,143.0,134.0,129.0,126.0,126.0,125.0,127.0,129.0,131.0,132.0,135.0,136.0,151.0,110.0,115.0,112.0,117.0,101.0,96.0,104.0,146.0,152.0,142.0,115.0,118.0,140.0,162.0,160.0,133.0,91.0,70.0,91.0,138.0,175.0,179.0,149.0,100.0,72.0,89.0,136.0,176.0,190.0,174.0,143.0,114.0,95.0,82.0,71.0,71.0,83.0,105.0,136.0,165.0,185.0,190.0,178.0,155.0,130.0,114.0,112.0,118.0,122.0,0.13887041062678462,-0.9903105619210311
55.0,55.0,128.0,164.0,170.0,160.0,151.0,123.0,98.0,72.0,55.0,55.0,55.0,62.0,150.0,195.0,200.0,178.0,163.0,151.0,128.0,107.0,91.0,78.0,87.0,119.0,148.0,158.0,153.0,141.0,131.0,130.0,132.0,133.0,132.0,130.0,128.0,127.0,125.0,122.0,122.0,126.0,131.0,134.0,136.0,136.0,138.0,141.0,145.0,146.0,124.0,86.0,95.0,102.0,115.0,118.0,127.0,134.0,134.0,119.0,104.0,100.0,100.0,103.0,105.0,114.0,127.0,142.0,153.0,155.0,146.0,124.0,94.0,67.0,57.0,72.0,109.0,159.0,204.0,205.0,205.0,205.0,143.0,78.0,55.0,55.0,55.0,95.0,171.0,203.0,204.0,180.0,147.0,118.0,102.0,97.0,100.0,104.0,106.0,104.0,-0.131373978235101,-0.9913328794318703
205.0,155.0,167.0,135.0,136.0,77.0,56.0,55.0,55.0,101.0,139.0,158.0,175.0,195.0,205.0,202.0,159.0,113.0,64.0,55.0,55.0,84.0,118.0,139.0,152.0,155.0,162.0,177.0,175.0,152.0,119.0,94.0,86.0,94.0,110.0,125.0,134.0,137.0,135.0,134.0,132.0,130.0,129.0,129.0,130.0,131.0,130.0,130.0,130.0,130.0,120.0,101.0,140.0,113.0,139.0,126.0,140.0,114.0,88.0,92.0,113.0,142.0,158.0,172.0,160.0,160.0,154.0,142.0,105.0,71.0,55.0,55.0,80.0,148.0,205.0,205.0,205.0,190.0,139.0,112.0,100.0,88.0,66.0,55.0,55.0,55.0,129.0,183.0,205.0,198.0,165.0,130.0,109.0,109.0,120.0,131.0,134.0,126.0,112.0,104.0,-0.3922996052351925,-0.919837496372219
104.0,55.0,55.0,55.0,109.0,123.0,151.0,158.0,164.0,148.0,131.0,97.0,59.0,55.0,55.0,55.0,78.0,119.0,140.0,152.0,166.0,175.0,160.0,146.0,135.0,125.0,116.0,114.0,112.0,109.0,110.0,117.0,130.0,143.0,151.0,151.0,148.0,142.0,134.0,129.0,126.0,124.0,125.0,128.0,131.0,134.0,135.0,137.0,139.0,141.0,150.0,85.0,81.0,111.0,158.0,145.0,106.0,91.0,105.0,124.0,127.0,133.0,131.0,133.0,128.0,135.0,139.0,133.0,111.0,82.0,58.0,57.0,99.0,150.0,182.0,189.0,179.0,155.0,133.0,124.0,119.0,111.0,104.0,98.0,94.0,97.0,113.0,142.0,172.0,192.0,194.0,179.0,156.0,134.0,117.0,105.0,95.0,89.0,87.0,91.0,-0.6249612132430683,-0.7806558024774761
188.0,190.0,114.0,157.0,79.0,98.0,55.0,55.0,55.0,55.0,57.0,163.0,205.0,205.0,183.0,141.0,96.0,55.0,55.0,55.0,55.0,66.0,159.0,201.0,205.0,199.0,169.0,130.0,104.0,90.0,89.0,96.0,111.0,125.0,144.0,144.0,138.0,126.0,124.0,127.0,128.0,126.0,123.0,124.0,129.0,135.0,139.0,142.0,143.0,143.0,205.0,165.0,105.0,102.0,80.0,115.0,102.0,95.0,96.0,125.0,130.0,138.0,138.0,143.0,150.0,136.0,102.0,65.0,55.0,55.0,103.0,153.0,194.0,205.0,205.0,202.0,149.0,94.0,55.0,55.0,55.0,96.0,180.0,205.0,205.0,188.0,124.0,77.0,62.0,82.0,118.0,149.0,158.0,144.0,121.0,103.0,97.0,102.0,111.0,120.0,-0.8121685371544191,-0.5834228888691727
55.0,81.0,110.0,149.0,162.0,158.0,158.0,147.0,178.0,166.0,157.0,121.0,120.0,92.0,98.0,114.0,126.0,111.0,124.0,143.0,147.0,146.0,158.0,149.0,128.0,118.0,113.0,108.0,107.0,112.0,118.0,130.0,142.0,146.0,142.0,136.0,131.0,133.0,135.0,136.0,134.0,134.0,133.0,132.0,128.0,126.0,124.0,124.0,124.0,124.0,176.0,94.0,91.0,97.0,150.0,152.0,144.0,129.0,116.0,124.0,126.0,120.0,95.0,83.0,70.0,92.0,138.0,189.0,205.0,190.0,145.0,100.0,81.0,84.0,86.0,77.0,63.0,62.0,93.0,162.0,205.0,205.0,205.0,205.0,89.0,55.0,55.0,55.0,70.0,144.0,164.0,156.0,136.0,123.0,123.0,132.0,140.0,139.0,132.0,125.0,-0.9396776768842948,-0.342061198567354
176.0,150.0,80.0,123.0,93.0,127.0,79.0,68.0,55.0,79.0,88.0,105.0,107.0,128.0,124.0,121.0,120.0,108.0,88.0,91.0,118.0,136.0,151.0,159.0,159.0,146.0,138.0,126.0,116.0,107.0,107.0,115.0,128.0,139.0,143.0,142.0,137.0,131.0,125.0,121.0,120.0,127.0,126.0,126.0,128.0,133.0,142.0,146.0,147.0,146.0,158.0,105.0,105.0,151.0,145.0,134.0,129.0,137.0,122.0,130.0,116.0,119.0,110.0,96.0,80.0,92.0,114.0,150.0,179.0,175.0,144.0,121.0,112.0,108.0,123.0,139.0,130.0,105.0,91.0,90.0,110.0,148.0,189.0,205.0,199.0,175.0,149.0,130.0,118.0,112.0,99.0,85.0,74.0,74.0,85.0,104.0,121.0,132.0,138.0,140.0,-0.9972606424761606,-0.07396763459808123
84.0,55.0,55.0,55.0,57.0,127.0,169.0,167.0,146.0,134.0,120.0,87.0,57.0,55.0,55.0,55.0,76.0,170.0,202.0,205.0,188.0,158.0,129.0,111.0,99.0,90.0,90.0,98.0,114.0,132.0,143.0,148.0,147.0,142.0,134.0,128.0,123.0,121.0,122.0,126.0,130.0,133.0,135.0,138.0,141.0,143.0,144.0,142.0,142.0,142.0,161.0,110.0,57.0,84.0,93.0,135.0,121.0,124.0,122.0,120.0,111.0,91.0,77.0,77.0,95.0,110.0,131.0,145.0,157.0,165.0,167.0,146.0,106.0,62.0,55.0,55.0,55.0,133.0,205.0,205.0,205.0,205.0,205.0,63.0,55.0,55.0,55.0,57.0,146.0,190.0,202.0,187.0,157.0,127.0,106.0,94.0,92.0,95.0,99.0,102.0,-0.9795754846641611,0.2010767759960703
131.0,111.0,131.0,130.0,156.0,156.0,154.0,170.0,140.0,119.0,99.0,122.0,98.0,96.0,103.0,124.0,125.0,152.0,170.0,158.0,133.0,126.0,117.0,108.0,110.0,118.0,120.0,122.0,126.0,133.0,138.0,139.0,135.0,132.0,128.0,124.0,123.0,123.0,125.0,124.0,125.0,124.0,124.0,123.0,122.0,122.0,123.0,123.0,123.0,124.0,102.0,85.0,90.0,110.0,119.0,121.0,122.0,133.0,144.0,131.0,110.0,95.0,90.0,99.0,118.0,133.0,144.0,151.0,152.0,148.0,142.0,122.0,86.0,55.0,55.0,55.0,63.0,175.0,205.0,205.0,205.0,205.0,94.0,55.0,55.0,55.0,55.0,70.0,179.0,205.0,205.0,205.0,170.0,145.0,127.0,114.0,106.0,102.0,101.0,101.0,-0.886758387683474,0.46223323319835574
60.0,55.0,63.0,104.0,90.0,101.0,91.0,142.0,122.0,126.0,109.0,118.0,106.0,124.0,149.0,156.0,136.0,134.0,142.0,132.0,123.0,120.0,115.0,111.0,125.0,142.0,149.0,145.0,136.0,127.0,125.0,124.0,123.0,121.0,123.0,123.0,128.0,132.0,135.0,136.0,140.0,144.0,147.0,147.0,146.0,145.0,145.0,144.0,143.0,141.0,172.0,168.0,102.0,90.0,109.0,133.0,122.0,113.0,120.0,136.0,140.0,119.0,100.0,99.0,105.0,114.0,123.0,124.0,131.0,154.0,172.0,168.0,158.0,135.0,97.0,65.0,64.0,83.0,113.0,153.0,186.0,200.0,195.0,181.0,159.0,123.0,88.0,63.0,60.0,80.0,112.0,137.0,146.0,142.0,132.0,123.0,122.0,126.0,132.0,137.0,-0.7246651473358496,0.6891011712634882
68.0,55.0,107.0,162.0,144.0,106.0,84.0,83.0,77.0,82.0,79.0,67.0,76.0,125.0,171.0,189.0,183.0,164.0,137.0,118.0,108.0,102.0,96.0,96.0,106.0,123.0,140.0,148.0,148.0,143.0,137.0,133.0,128.0,122.0,114.0,111.0,116.0,124.0,129.0,131.0,131.0,134.0,138.0,141.0,143.0,144.0,144.0,145.0,145.0,144.0,132.0,123.0,138.0,126.0,151.0,125.0,112.0,62.0,76.0,89.0,127.0,137.0,149.0,151.0,167.0,176.0,163.0,124.0,71.0,55.0,55.0,55.0,111.0,205.0,205.0,205.0,205.0,205.0,99.0,55.0,55.0,55.0,55.0,71.0,185.0,205.0,205.0,205.0,147.0,96.0,66.0,61.0,73.0,92.0,106.0,113.0,113.0,112.0,115.0,125.0,-0.5047041202939839,0.8632923901890227
123.0,171.0,138.0,157.0,97.0,109.0,95.0,98.0,81.0,116.0,136.0,142.0,158.0,170.0,139.0,87.0,67.0,61.0,63.0,84.0,128.0,153.0,169.0,178.0,179.0,161.0,139.0,114.0,97.0,89.0,95.0,109.0,129.0,144.0,150.0,148.0,141.0,133.0,124.0,119.0,116.0,116.0,116.0,117.0,119.0,122.0,124.0,126.0,129.0,130.0,169.0,164.0,159.0,121.0,111.0,115.0,108.0,90.0,117.0,135.0,162.0,171.0,160.0,142.0,142.0,129.0,95.0,55.0,55.0,55.0,69.0,194.0,205.0,205.0,205.0,205.0,123.0,55.0,55.0,55.0,55.0,56.0,138.0,205.0,205.0,205.0,205.0,161.0,106.0,67.0,55.0,66.0,88.0,105.0,113.0,113.0,112.0,116.0,127.0,140.0,-0.24322677187468736,0.9699694518093953
197.0,104.0,94.0,55.0,79.0,107.0,105.0,104.0,115.0,149.0,145.0,171.0,168.0,156.0,119.0,136.0,156.0,164.0,160.0,167.0,142.0,109.0,97.0,102.0,106.0,110.0,119.0,128.0,141.0,155.0,160.0,152.0,137.0,117.0,104.0,99.0,104.0,114.0,127.0,137.0,145.0,149.0,150.0,150.0,150.0,148.0,145.0,141.0,137.0,133.0,178.0,118.0,116.0,124.0,114.0,92.0,91.0,99.0,138.0,141.0,129.0,113.0,143.0,172.0,182.0,164.0,129.0,86.0,63.0,76.0,107.0,136.0,157.0,173.0,177.0,174.0,166.0,142.0,100.0,64.0,57.0,91.0,148.0,190.0,187.0,138.0,74.0,55.0,55.0,56.0,143.0,184.0,196.0,181.0,155.0,132.0,123.0,127.0,133.0,133.0,0.039524977023119134,0.9992185827892323
63.0,55.0,81.0,95.0,95.0,74.0,86.0,133.0,169.0,183.0,175.0,172.0,162.0,157.0,145.0,121.0,76.0,55.0,55.0,94.0,123.0,148.0,160.0,163.0,167.0,172.0,161.0,133.0,103.0,83.0,84.0,98.0,116.0,128.0,138.0,144.0,146.0,146.0,143.0,139.0,138.0,140.0,142.0,141.0,138.0,134.0,133.0,132.0,131.0,129.0,143.0,137.0,126.0,124.0,104.0,111.0,121.0,127.0,132.0,130.0,123.0,125.0,120.0,108.0,95.0,88.0,90.0,110.0,147.0,181.0,203.0,205.0,198.0,166.0,124.0,77.0,55.0,55.0,55.0,57.0,169.0,205.0,205.0,205.0,205.0,201.0,55.0,55.0,55.0,55.0,55.0,90.0,99.0,105.0,112.0,124.0,140.0,154.0,163.0,164.0,0.3208750207306366,0.9471215450358594
66.0,83.0,103.0,148.0,135.0,126.0,136.0,155.0,142.0,134.0,128.0,95.0,61.0,56.0,65.0,66.0,84.0,122.0,156.0,172.0,184.0,184.0,168.0,143.0,118.0,94.0,78.0,76.0,90.0,114.0,139.0,153.0,157.0,154.0,146.0,137.0,129.0,123.0,120.0,119.0,120.0,122.0,124.0,125.0,126.0,128.0,130.0,132.0,134.0,136.0,136.0,90.0,87.0,86.0,148.0,150.0,151.0,132.0,122.0,112.0,106.0,77.0,58.0,62.0,79.0,119.0,173.0,205.0,205.0,205.0,173.0,96.0,55.0,55.0,55.0,55.0,56.0,151.0,205.0,205.0,205.0,205.0,205.0,75.0,55.0,55.0,55.0,55.0,106.0,148.0,157.0,149.0,136.0,128.0,126.0,130.0,134.0,136.0,133.0,128.0,0.5774889155979888,0.8163985254527711
55.0,67.0,106.0,123.0,152.0,162.0,168.0,151.0,174.0,179.0,171.0,146.0,142.0,105.0,61.0,55.0,55.0,55.0,79.0,118.0,158.0,187.0,205.0,205.0,183.0,144.0,105.0,75.0,61.0,67.0,89.0,118.0,145.0,161.0,166.0,164.0,157.0,149.0,142.0,135.0,131.0,128.0,125.0,124.0,123.0,121.0,120.0,122.0,123.0,124.0,123.0,112.0,112.0,106.0,102.0,117.0,132.0,132.0,114.0,104.0,122.0,141.0,143.0,135.0,129.0,121.0,119.0,126.0,126.0,115.0,105.0,108.0,124.0,144.0,160.0,153.0,118.0,80.0,74.0,109.0,169.0,205.0,205.0,152.0,74.0,55.0,55.0,55.0,131.0,182.0,194.0,177.0,149.0,126.0,119.0,125.0,133.0,132.0,122.0,110.0,0.7873413903112154,0.6165172626154132
98.0,55.0,55.0,92.0,134.0,152.0,145.0,167.0,184.0,202.0,189.0,154.0,87.0,55.0,55.0,55.0,100.0,132.0,153.0,164.0,173.0,180.0,171.0,143.0,111.0,89.0,85.0,96.0,111.0,124.0,134.0,140.0,142.0,141.0,136.0,132.0,130.0,132.0,134.0,134.0,132.0,130.0,130.0,131.0,131.0,129.0,127.0,125.0,126.0,127.0,156.0,142.0,118.0,127.0,118.0,142.0,119.0,104.0,103.0,108.0,105.0,100.0,102.0,130.0,177.0,205.0,205.0,202.0,165.0,125.0,93.0,61.0,55.0,55.0,55.0,136.0,205.0,205.0,205.0,205.0,146.0,59.0,55.0,55.0,98.0,121.0,106.0,73.0,55.0,55.0,79.0,136.0,178.0,197.0,194.0,178.0,163.0,156.0,155.0,151.0,0.9317100774118092,0.36320287946171415
69.0,125.0,164.0,160.0,155.0,154.0,127.0,91.0,66.0,55.0,55.0,55.0,96.0,156.0,182.0,196.0,194.0,173.0,146.0,115.0,88.0,73.0,75.0,93.0,118.0,139.0,150.0,153.0,150.0,141.0,131.0,122.0,119.0,121.0,125.0,125.0,121.0,119.0,122.0,129.0,133.0,134.0,133.0,133.0,134.0,136.0,139.0,140.0,139.0,137.0,107.0,89.0,103.0,116.0,134.0,138.0,131.0,114.0,99.0,79.0,84.0,98.0,115.0,133.0,156.0,170.0,183.0,187.0,164.0,114.0,64.0,55.0,55.0,55.0,73.0,192.0,205.0,205.0,205.0,205.0,132.0,55.0,55.0,55.0,55.0,55.0,107.0,160.0,177.0,175.0,162.0,146.0,133.0,126.0,125.0,125.0,124.0,122.0,117.0,111.0,0.9970050460996669,0.07733652469435828
111.0,107.0,119.0,105.0,131.0,128.0,167.0,199.0,205.0,197.0,180.0,136.0,64.0,55.0,55.0,55.0,55.0,128.0,196.0,205.0,205.0,205.0,178.0,131.0,90.0,62.0,55.0,55.0,92.0,136.0,168.0,178.0,169.0,151.0,136.0,126.0,122.0,121.0,122.0,122.0,125.0,126.0,127.0,124.0,122.0,121.0,123.0,124.0,125.0,125.0,131.0,109.0,119.0,149.0,151.0,134.0,123.0,125.0,132.0,128.0,118.0,100.0,85.0,93.0,123.0,153.0,166.0,163.0,146.0,124.0,108.0,100.0,85.0,66.0,66.0,98.0,159.0,205.0,205.0,205.0,130.0,63.0,55.0,55.0,113.0,166.0,192.0,186.0,159.0,128.0,109.0,108.0,119.0,128.0,127.0,119.0,111.0,111.0,118.0,126.0,0.9762370763041348,-0.21670526262450307
101.0,130.0,138.0,137.0,163.0,192.0,205.0,205.0,177.0,119.0,58.0,55.0,55.0,55.0,114.0,163.0,199.0,205.0,205.0,205.0,161.0,107.0,65.0,55.0,55.0,74.0,101.0,135.0,166.0,182.0,180.0,160.0,134.0,115.0,110.0,112.0,118.0,123.0,128.0,133.0,138.0,139.0,136.0,132.0,129.0,128.0,128.0,128.0,126.0,125.0,192.0,124.0,104.0,126.0,105.0,129.0,125.0,107.0,80.0,98.0,114.0,155.0,169.0,172.0,168.0,168.0,162.0,149.0,115.0,62.0,55.0,55.0,55.0,115.0,205.0,205.0,205.0,155.0,88.0,57.0,77.0,127.0,159.0,145.0,96.0,55.0,55.0,55.0,60.0,151.0,198.0,205.0,205.0,187.0,166.0,152.0,141.0,129.0,114.0,98.0,0.8699436250740857,-0.4931511828972517
119.0,64.0,73.0,136.0,161.0,133.0,85.0,65.0,58.0,72.0,98.0,121.0,133.0,159.0,182.0,176.0,142.0,96.0,57.0,55.0,55.0,97.0,133.0,164.0,184.0,186.0,178.0,154.0,118.0,90.0,79.0,86.0,105.0,126.0,138.0,143.0,143.0,144.0,142.0,136.0,127.0,123.0,127.0,134.0,139.0,137.0,135.0,135.0,137.0,140.0,201.0,143.0,96.0,122.0,103.0,120.0,90.0,87.0,100.0,137.0,150.0,148.0,144.0,146.0,151.0,133.0,109.0,71.0,55.0,55.0,55.0,142.0,202.0,205.0,205.0,205.0,131.0,71.0,55.0,55.0,55.0,96.0,169.0,203.0,205.0,173.0,128.0,97.0,91.0,109.0,137.0,157.0,161.0,148.0,128.0,108.0,97.0,95.0,102.0,111.0,0.6864318931920934,-0.7271940978918342
80.0,106.0,159.0,205.0,205.0,204.0,186.0,148.0,66.0,55.0,55.0,55.0,55.0,87.0,185.0,205.0,205.0,205.0,178.0,115.0,76.0,57.0,55.0,73.0,115.0,142.0,156.0,162.0,160.0,151.0,139.0,124.0,117.0,115.0,119.0,124.0,127.0,127.0,125.0,125.0,125.0,125.0,124.0,123.0,123.0,125.0,127.0,128.0,130.0,131.0,129.0,97.0,105.0,128.0,117.0,93.0,89.0,110.0,138.0,155.0,152.0,136.0,127.0,125.0,124.0,120.0,101.0,70.0,55.0,74.0,131.0,200.0,205.0,205.0,158.0,76.0,55.0,55.0,55.0,148.0,204.0,205.0,183.0,124.0,73.0,56.0,77.0,120.0,159.0,178.0,174.0,157.0,139.0,125.0,115.0,107.0,102.0,101.0,106.0,114.0,0.44126173363560856,-0.8973784499467865
99.0,158.0,192.0,187.0,146.0,89.0,56.0,64.0,79.0,100.0,132.0,173.0,205.0,205.0,205.0,138.0,68.0,55.0,55.0,55.0,59.0,128.0,166.0,195.0,205.0,198.0,162.0,112.0,74.0,65.0,82.0,111.0,134.0,141.0,141.0,142.0,141.0,137.0,130.0,122.0,120.0,122.0,123.0,123.0,122.0,122.0,124.0,125.0,126.0,126.0,104.0,141.0,153.0,152.0,119.0,135.0,142.0,148.0,138.0,138.0,134.0,131.0,120.0,115.0,127.0,126.0,119.0,107.0,101.0,111.0,144.0,165.0,151.0,119.0,97.0,91.0,112.0,157.0,189.0,178.0,129.0,70.0,55.0,55.0,60.0,172.0,205.0,205.0,205.0,165.0,113.0,90.0,90.0,102.0,111.0,112.0,107.0,105.0,110.0,119.0,0.15597199918917246,-0.9877614770120026
55.0,55.0,55.0,79.0,99.0,122.0,161.0,184.0,201.0,182.0,135.0,85.0,56.0,55.0,55.0,57.0,119.0,155.0,182.0,194.0,187.0,171.0,141.0,109.0,84.0,78.0,87.0,108.0,128.0,141.0,145.0,144.0,139.0,134.0,131.0,129.0,129.0,131.0,134.0,136.0,137.0,138.0,139.0,139.0,138.0,136.0,134.0,138.0,141.0,141.0,117.0,100.0,126.0,129.0,116.0,124.0,147.0,144.0,124.0,122.0,126.0,132.0,118.0,100.0,87.0,90.0,101.0,123.0,146.0,163.0,178.0,187.0,173.0,136.0,101.0,69.0,55.0,63.0,115.0,172.0,205.0,205.0,171.0,118.0,90.0,103.0,141.0,173.0,176.0,147.0,104.0,71.0,60.0,70.0,92.0,114.0,127.0,131.0,132.0,134.0,-0.14385665118617222,-0.9895985367357311
188.0,121.0,183.0,149.0,172.0,81.0,59.0,55.0,55.0,55.0,119.0,157.0,183.0,189.0,202.0,183.0,116.0,62.0,55.0,55.0,55.0,97.0,155.0,178.0,186.0,186.0,170.0,145.0,116.0,97.0,89.0,97.0,109.0,126.0,136.0,140.0,138.0,136.0,131.0,126.0,123.0,122.0,124.0,126.0,126.0,127.0,128.0,131.0,132.0,134.0,162.0,113.0,85.0,106.0,147.0,162.0,152.0,128.0,114.0,107.0,102.0,95.0,97.0,101.0,106.0,117.0,138.0,166.0,191.0,190.0,149.0,89.0,55.0,55.0,55.0,99.0,187.0,205.0,205.0,186.0,126.0,81.0,70.0,93.0,134.0,166.0,177.0,165.0,142.0,122.0,109.0,103.0,102.0,103.0,107.0,113.0,119.0,125.0,128.0,129.0,-0.43102314121304486,-0.9023408733615249
174.0,119.0,77.0,62.0,73.0,82.0,103.0,137.0,184.0,205.0,205.0,199.0,121.0,57.0,55.0,55.0,55.0,84.0,138.0,175.0,200.0,205.0,192.0,152.0,103.0,72.0,69.0,87.0,112.0,132.0,142.0,146.0,146.0,141.0,133.0,126.0,121.0,122.0,124.0,124.0,123.0,121.0,121.0,124.0,126.0,127.0,126.0,125.0,126.0,128.0,149.0,134.0,132.0,124.0,121.0,120.0,130.0,126.0,124.0,129.0,145.0,148.0,146.0,132.0,104.0,92.0,96.0,105.0,114.0,130.0,145.0,157.0,178.0,196.0,184.0,138.0,79.0,55.0,55.0,55.0,99.0,193.0,205.0,205.0,189.0,131.0,97.0,88.0,99.0,115.0,123.0,120.0,114.0,111.0,114.0,121.0,127.0,132.0,132.0,132.0,-0.6793617858488958,-0.7338034913573244
168.0,94.0,88.0,122.0,152.0,151.0,112.0,76.0,59.0,60.0,81.0,113.0,138.0,162.0,176.0,169.0,143.0,110.0,75.0,56.0,62.0,88.0,118.0,152.0,176.0,183.0,178.0,161.0,132.0,102.0,85.0,86.0,102.0,124.0,139.0,145.0,144.0,139.0,134.0,130.0,126.0,123.0,123.0,126.0,129.0,131.0,132.0,133.0,134.0,136.0,166.0,134.0,103.0,111.0,128.0,151.0,137.0,108.0,94.0,104.0,126.0,145.0,147.0,131.0,123.0,134.0,151.0,161.0,158.0,129.0,89.0,75.0,100.0,144.0,180.0,184.0,151.0,105.0,84.0,103.0,150.0,183.0,182.0,147.0,103.0,73.0,67.0,83.0,107.0,127.0,133.0,129.0,125.0,127.0,136.0,147.0,152.0,146.0,136.0,128.0,-0.8663400954989189,-0.4994545414058462
121.0,146.0,64.0,65.0,55.0,130.0,160.0,154.0,159.0,157.0,149.0,105.0,84.0,55.0,55.0,55.0,55.0,108.0,190.0,205.0,205.0,186.0,170.0,136.0,106.0,85.0,68.0,69.0,97.0,134.0,156.0,165.0,159.0,147.0,137.0,132.0,127.0,125.0,123.0,122.0,123.0,124.0,124.0,124.0,127.0,132.0,135.0,137.0,137.0,138.0,168.0,115.0,59.0,108.0,109.0,128.0,111.0,117.0,130.0,136.0,130.0,109.0,103.0,100.0,105.0,104.0,115.0,122.0,135.0,146.0,154.0,150.0,137.0,114.0,87.0,67.0,66.0,89.0,131.0,179.0,205.0,205.0,205.0,167.0,102.0,55.0,55.0,55.0,90.0,156.0,191.0,195.0,175.0,144.0,119.0,106.0,103.0,105.0,109.0,111.0,-0.9753000455154714,-0.22088418055062115
153.0,135.0,127.0,166.0,163.0,205.0,175.0,142.0,64.0,55.0,55.0,57.0,98.0,134.0,147.0,174.0,190.0,200.0,183.0,147.0,107.0,77.0,74.0,89.0,112.0,126.0,137.0,141.0,142.0,142.0,143.0,141.0,137.0,131.0,125.0,118.0,115.0,114.0,117.0,120.0,124.0,124.0,126.0,127.0,129.0,130.0,130.0,130.0,130.0,131.0,180.0,140.0,93.0,88.0,108.0,134.0,139.0,142.0,144.0,135.0,107.0,86.0,87.0,102.0,111.0,120.0,131.0,144.0,169.0,196.0,195.0,147.0,76.0,55.0,55.0,55.0,72.0,185.0,205.0,205.0,205.0,161.0,130.0,117.0,107.0,89.0,69.0,62.0,77.0,114.0,156.0,182.0,184.0,166.0,140.0,120.0,114.0,120.0,128.0,129.0,-0.9970784300423884,0.07638458184873372
59.0,55.0,55.0,96.0,128.0,145.0,171.0,170.0,154.0,131.0,95.0,58.0,55.0,55.0,55.0,57.0,138.0,180.0,200.0,203.0,185.0,150.0,120.0,101.0,90.0,86.0,91.0,104.0,122.0,140.0,150.0,153.0,149.0,141.0,133.0,128.0,124.0,122.0,122.0,124.0,128.0,130.0,132.0,134.0,136.0,137.0,138.0,139.0,139.0,140.0,143.0,108.0,105.0,112.0,119.0,118.0,125.0,137.0,145.0,136.0,107.0,92.0,102.0,123.0,141.0,145.0,132.0,124.0,134.0,149.0,148.0,125.0,89.0,57.0,55.0,87.0,149.0,193.0,205.0,190.0,159.0,132.0,116.0,103.0,87.0,74.0,72.0,90.0,124.0,160.0,184.0,189.0,174.0,149.0,124.0,111.0,111.0,118.0,122.0,118.0,-0.930273360522209,0.36686710768712455
101.0,137.0,128.0,114.0,78.0,55.0,55.0,55.0,90.0,128.0,171.0,178.0,162.0,136.0,108.0,68.0,57.0,65.0,86.0,115.0,161.0,193.0,198.0,181.0,150.0,113.0,89.0,82.0,90.0,109.0,128.0,142.0,149.0,147.0,140.0,132.0,128.0,127.0,127.0,129.0,131.0,134.0,137.0,140.0,142.0,143.0,145.0,144.0,144.0,143.0,133.0,112.0,98.0,110.0,137.0,153.0,132.0,104.0,94.0,97.0,105.0,111.0,116.0,121.0,132.0,147.0,155.0,153.0,136.0,108.0,79.0,59.0,61.0,87.0,136.0,190.0,205.0,205.0,205.0,168.0,103.0,55.0,55.0,55.0,59.0,149.0,194.0,205.0,193.0,161.0,129.0,107.0,99.0,99.0,104.0,107.0,107.0,105.0,105.0,109.0,-0.7808200007571456,0.6247560535261831
123.0,66.0,63.0,71.0,116.0,137.0,155.0,160.0,150.0,152.0,161.0,166.0,141.0,128.0,111.0,96.0,98.0,122.0,117.0,100.0,100.0,116.0,127.0,148.0,165.0,159.0,143.0,132.0,124.0,114.0,107.0,101.0,104.0,115.0,128.0,136.0,141.0,144.0,146.0,148.0,142.0,133.0,127.0,127.0,131.0,132.0,128.0,123.0,120.0,121.0,145.0,136.0,146.0,147.0,153.0,146.0,112.0,86.0,104.0,131.0,156.0,156.0,136.0,124.0,143.0,162.0,159.0,127.0,83.0,55.0,55.0,107.0,173.0,205.0,205.0,203.0,153.0,124.0,107.0,87.0,62.0,55.0,55.0,92.0,160.0,205.0,205.0,205.0,156.0,99.0,67.0,67.0,91.0,121.0,138.0,137.0,125.0,115.0,117.0,129.0,-0.5619962378501924,0.8271397878486018
88.0,120.0,116.0,137.0,118.0,99.0,86.0,69.0,76.0,79.0,96.0,84.0,106.0,120.0,127.0,117.0,129.0,129.0,125.0,130.0,142.0,142.0,139.0,138.0,132.0,123.0,118.0,115.0,117.0,124.0,133.0,140.0,144.0,142.0,135.0,130.0,124.0,121.0,119.0,120.0,121.0,125.0,128.0,132.0,136.0,140.0,142.0,144.0,146.0,147.0,187.0,111.0,78.0,99.0,141.0,150.0,118.0,96.0,97.0,119.0,128.0,133.0,127.0,127.0,126.0,137.0,142.0,135.0,111.0,83.0,58.0,55.0,92.0,144.0,177.0,188.0,180.0,157.0,136.0,125.0,120.0,112.0,104.0,97.0,93.0,95.0,110.0,137.0,167.0,189.0,194.0,181.0,158.0,136.0,118.0,106.0,96.0,89.0,87.0,89.0,-0.29324303468032276,0.9560379294836974
55.0,55.0,55.0,55.0,55.0,80.0,115.0,160.0,204.0,184.0,133.0,95.0,71.0,56.0,55.0,55.0,55.0,56.0,133.0,191.0,205.0,205.0,182.0,148.0,120.0,104.0,93.0,86.0,87.0,98.0,117.0,136.0,147.0,151.0,151.0,148.0,141.0,135.0,130.0,128.0,130.0,134.0,137.0,139.0,140.0,140.0,142.0,144.0,145.0,143.0,167.0,122.0,76.0,88.0,112.0,120.0,121.0,117.0,117.0,121.0,124.0,120.0,116.0,106.0,89.0,81.0,91.0,110.0,134.0,151.0,157.0,158.0,160.0,156.0,136.0,104.0,67.0,55.0,55.0,110.0,185.0,205.0,205.0,205.0,146.0,78.0,55.0,55.0,100.0,142.0,161.0,151.0,125.0,103.0,93.0,97.0,107.0,116.0,121.0,123.0,0.0015627638567244884,0.9999987788838185
175.0,87.0,150.0,101.0,150.0,117.0,160.0,140.0,168.0,161.0,166.0,118.0,106.0,111.0,107.0,95.0,105.0,126.0,126.0,146.0,173.0,175.0,146.0,130.0,118.0,106.0,103.0,112.0,116.0,121.0,126.0,136.0,142.0,146.0,141.0,135.0,128.0,124.0,120.0,121.0,123.0,124.0,125.0,126.0,126.0,124.0,124.0,123.0,124.0,124.0,205.0,120.0,71.0,68.0,115.0,138.0,124.0,112.0,111.0,143.0,144.0,136.0,108.0,100.0,95.0,103.0,113.0,131.0,144.0,154.0,161.0,156.0,144.0,121.0,91.0,58.0,55.0,55.0,77.0,162.0,205.0,205.0,205.0,205.0,90.0,55.0,55.0,55.0,55.0,82.0,184.0,205.0,202.0,178.0,153.0,137.0,126.0,120.0,115.0,112.0,0.29622972174080764,0.9551167216405352
155.0,101.0,89.0,57.0,89.0,69.0,106.0,82.0,103.0,98.0,148.0,123.0,125.0,110.0,121.0,111.0,127.0,151.0,154.0,137.0,138.0,147.0,134.0,125.0,120.0,115.0,111.0,127.0,143.0,150.0,145.0,137.0,129.0,128.0,126.0,124.0,122.0,123.0,124.0,129.0,133.0,137.0,138.0,142.0,145.0,148.0,149.0,148.0,147.0,146.0,148.0,138.0,143.0,95.0,116.0,127.0,136.0,114.0,124.0,121.0,141.0,130.0,115.0,105.0,107.0,108.0,119.0,129.0,129.0,143.0,163.0,169.0,163.0,157.0,132.0,96.0,73.0,75.0,91.0,124.0,163.0,188.0,189.0,176.0,158.0,137.0,119.0,106.0,95.0,88.0,89.0,95.0,104.0,115.0,124.0,129.0,131.0,134.0,137.0,141.0,0.5645787379740012,0.8253792150446267
131.0,77.0,55.0,76.0,135.0,165.0,133.0,93.0,88.0,90.0,82.0,79.0,78.0,66.0,79.0,124.0,171.0,189.0,184.0,161.0,135.0,120.0,113.0,106.0,97.0,96.0,105.0,123.0,138.0,148.0,151.0,151.0,145.0,132.0,120.0,114.0,115.0,119.0,123.0,125.0,126.0,128.0,131.0,136.0,141.0,143.0,143.0,143.0,143.0,144.0,132.0,79.0,55.0,83.0,119.0,134.0,126.0,116.0,122.0,112.0,99.0,76.0,74.0,86.0,109.0,127.0,142.0,152.0,163.0,168.0,154.0,115.0,68.0,55.0,55.0,55.0,104.0,205.0,205.0,205.0,205.0,205.0,86.0,55.0,55.0,55.0,55.0,104.0,173.0,199.0,200.0,179.0,149.0,120.0,100.0,91.0,91.0,95.0,100.0,103.0,0.7827688768467034,0.6223125303576575
93.0,117.0,154.0,176.0,177.0,141.0,96.0,91.0,112.0,106.0,94.0,109.0,132.0,139.0,154.0,163.0,133.0,91.0,81.0,94.0,105.0,121.0,140.0,147.0,149.0,150.0,149.0,136.0,120.0,105.0,104.0,113.0,125.0,134.0,139.0,140.0,136.0,132.0,127.0,122.0,119.0,118.0,119.0,122.0,122.0,122.0,123.0,125.0,128.0,128.0,104.0,95.0,104.0,111.0,102.0,129.0,148.0,149.0,123.0,102.0,91.0,92.0,105.0,122.0,135.0,145.0,152.0,151.0,148.0,139.0,117.0,79.0,55.0,55.0,55.0,75.0,190.0,205.0,205.0,205.0,205.0,76.0,55.0,55.0,55.0,55.0,73.0,183.0,205.0,205.0,205.0,170.0,142.0,122.0,109.0,103.0,102.0,103.0,101.0,99.0,0.9314154685496021,0.3639577241198833
151.0,98.0,112.0,65.0,90.0,92.0,111.0,95.0,121.0,140.0,154.0,162.0,173.0,162.0,128.0,127.0,149.0,161.0,161.0,170.0,160.0,130.0,111.0,110.0,103.0,100.0,106.0,119.0,132.0,148.0,159.0,159.0,148.0,129.0,112.0,102.0,101.0,107.0,119.0,131.0,141.0,147.0,151.0,152.0,151.0,149.0,146.0,143.0,138.0,134.0,66.0,79.0,151.0,130.0,135.0,113.0,145.0,147.0,131.0,92.0,95.0,106.0,122.0,130.0,124.0,123.0,147.0,176.0,176.0,163.0,139.0,107.0,80.0,78.0,92.0,114.0,143.0,174.0,194.0,197.0,183.0,152.0,109.0,68.0,55.0,66.0,106.0,148.0,168.0,156.0,125.0,93.0,77.0,84.0,107.0,131.0,148.0,153.0,149.0,141.0,0.9973123016868586,0.07326781629105969
55.0,68.0,114.0,140.0,131.0,107.0,110.0,139.0,150.0,145.0,133.0,144.0,155.0,168.0,166.0,142.0,95.0,63.0,69.0,95.0,119.0,140.0,153.0,156.0,162.0,167.0,157.0,131.0,104.0,88.0,88.0,104.0,121.0,135.0,144.0,150.0,152.0,151.0,147.0,144.0,147.0,150.0,150.0,141.0,134.0,132.0,135.0,136.0,133.0,128.0,160.0,148.0,149.0,132.0,133.0,124.0,94.0,65.0,81.0,109.0,140.0,153.0,156.0,167.0,181.0,177.0,138.0,86.0,55.0,55.0,55.0,76.0,204.0,205.0,205.0,205.0,205.0,205.0,55.0,55.0,55.0,55.0,55.0,138.0,205.0,205.0,205.0,204.0,109.0,58.0,55.0,55.0,55.0,101.0,117.0,122.0,120.0,120.0,127.0,140.0,0.9746049029149689,-0.22393142524912404
152.0,112.0,107.0,91.0,116.0,89.0,75.0,90.0,134.0,141.0,152.0,162.0,144.0,102.0,71.0,59.0,55.0,55.0,87.0,136.0,163.0,183.0,191.0,179.0,155.0,127.0,104.0,85.0,80.0,88.0,108.0,132.0,147.0,153.0,150.0,142.0,130.0,122.0,116.0,113.0,112.0,113.0,115.0,119.0,122.0,124.0,127.0,129.0,131.0,133.0,145.0,165.0,173.0,157.0,117.0,113.0,108.0,99.0,106.0,129.0,152.0,168.0,165.0,152.0,148.0,141.0,113.0,69.0,55.0,55.0,55.0,150.0,205.0,205.0,205.0,205.0,205.0,55.0,55.0,55.0,55.0,55.0,76.0,193.0,205.0,205.0,205.0,205.0,133.0,80.0,56.0,55.0,72.0,90.0,103.0,112.0,115.0,120.0,126.0,136.0,0.8653106660066102,-0.501235923787588
80.0,56.0,78.0,77.0,108.0,100.0,112.0,138.0,184.0,176.0,169.0,171.0,178.0,161.0,145.0,127.0,86.0,56.0,59.0,87.0,105.0,125.0,145.0,161.0,172.0,180.0,173.0,147.0,113.0,85.0,75.0,84.0,104.0,125.0,139.0,143.0,143.0,145.0,146.0,145.0,141.0,137.0,136.0,135.0,133.0,130.0,128.0,126.0,123.0,121.0,181.0,131.0,106.0,134.0,113.0,101.0,90.0,96.0,125.0,138.0,132.0,117.0,141.0,168.0,182.0,165.0,136.0,94.0,67.0,74.0,102.0,131.0,153.0,170.0,177.0,175.0,168.0,149.0,108.0,69.0,57.0,84.0,138.0,186.0,192.0,150.0,85.0,55.0,55.0,55.0,132.0,179.0,197.0,186.0,161.0,136.0,124.0,126.0,132.0,134.0,0.6791396205051758,-0.7340091115647582
106.0,66.0,69.0,74.0,93.0,85.0,88.0,107.0,155.0,173.0,180.0,173.0,167.0,158.0,150.0,133.0,97.0,58.0,55.0,77.0,109.0,137.0,155.0,162.0,164.0,170.0,168.0,147.0,115.0,90.0,81.0,90.0,108.0,123.0,133.0,141.0,145.0,146.0,144.0,140.0,137.0,138.0,140.0,141.0,139.0,135.0,133.0,132.0,131.0,129.0,142.0,142.0,127.0,125.0,106.0,108.0,120.0,131.0,133.0,131.0,124.0,125.0,121.0,108.0,94.0,89.0,94.0,114.0,145.0,175.0,199.0,205.0,203.0,171.0,129.0,82.0,55.0,55.0,55.0,55.0,162.0,205.0,205.0,205.0,205.0,205.0,55.0,55.0,55.0,55.0,55.0,89.0,99.0,104.0,111.0,123.0,138.0,153.0,162.0,165.0,0.4326317634230945,-0.9015707167368645
134.0,106.0,88.0,103.0,122.0,106.0,99.0,115.0,129.0,114.0,102.0,94.0,75.0,67.0,92.0,124.0,145.0,163.0,177.0,173.0,158.0,134.0,109.0,88.0,81.0,90.0,111.0,134.0,149.0,154.0,152.0,145.0,135.0,126.0,118.0,113.0,112.0,113.0,115.0,117.0,119.0,121.0,124.0,128.0,131.0,133.0,135.0,136.0,137.0,138.0,144.0,102.0,71.0,84.0,140.0,157.0,150.0,128.0,120.0,112.0,107.0,75.0,57.0,56.0,79.0,118.0,172.0,205.0,205.0,205.0,180.0,99.0,55.0,55.0,55.0,55.0,56.0,153.0,205.0,205.0,205.0,205.0,205.0,80.0,55.0,55.0,55.0,55.0,94.0,147.0,162.0,158.0,144.0,133.0,128.0,128.0,131.0,133.0,131.0,126.0,0.1476875960370522,-0.9890340610802019
136.0,113.0,96.0,96.0,113.0,91.0,133.0,114.0,136.0,137.0,205.0,203.0,205.0,175.0,144.0,71.0,55.0,55.0,55.0,55.0,89.0,163.0,196.0,205.0,205.0,196.0,151.0,111.0,78.0,60.0,61.0,84.0,115.0,147.0,162.0,163.0,154.0,146.0,135.0,131.0,127.0,125.0,123.0,123.0,123.0,123.0,122.0,120.0,120.0,122.0,142.0,113.0,99.0,101.0,127.0,143.0,127.0,106.0,116.0,136.0,144.0,139.0,133.0,124.0,120.0,126.0,127.0,118.0,106.0,107.0,122.0,142.0,158.0,157.0,126.0,87.0,73.0,101.0,159.0,205.0,205.0,165.0,86.0,55.0,55.0,55.0,103.0,177.0,195.0,182.0,155.0,130.0,120.0,125.0,133.0,134.0,125.0,113.0,106.0,110.0,-0.15037758267837775,-0.9886286373698708
55.0,84.0,55.0,151.0,109.0,169.0,142.0,203.0,190.0,205.0,169.0,125.0,58.0,55.0,55.0,70.0,119.0,152.0,185.0,204.0,205.0,192.0,155.0,110.0,77.0,61.0,70.0,88.0,114.0,138.0,159.0,165.0,162.0,147.0,131.0,119.0,119.0,121.0,126.0,129.0,130.0,133.0,135.0,135.0,133.0,130.0,127.0,127.0,128.0,128.0,121.0,134.0,145.0,145.0,131.0,136.0,137.0,126.0,115.0,103.0,101.0,102.0,105.0,116.0,150.0,187.0,205.0,205.0,205.0,159.0,123.0,88.0,56.0,55.0,55.0,95.0,174.0,205.0,205.0,205.0,205.0,88.0,55.0,55.0,55.0,67.0,131.0,132.0,105.0,74.0,59.0,70.0,104.0,143.0,171.0,182.0,181.0,174.0,168.0,163.0,-0.4350827635405424,-0.9003904646707029
190.0,140.0,154.0,116.0,122.0,115.0,108.0,62.0,55.0,55.0,55.0,93.0,136.0,170.0,175.0,182.0,173.0,157.0,130.0,107.0,86.0,79.0,83.0,99.0,123.0,144.0,157.0,162.0,156.0,144.0,129.0,120.0,115.0,115.0,116.0,116.0,117.0,118.0,120.0,121.0,124.0,125.0,127.0,129.0,132.0,135.0,137.0,138.0,138.0,138.0,133.0,78.0,73.0,112.0,133.0,138.0,128.0,121.0,116.0,104.0,84.0,81.0,95.0,112.0,134.0,156.0,170.0,182.0,188.0,166.0,116.0,66.0,55.0,55.0,55.0,73.0,190.0,205.0,205.0,205.0,205.0,144.0,55.0,55.0,55.0,55.0,55.0,101.0,159.0,176.0,175.0,162.0,147.0,133.0,126.0,125.0,125.0,125.0,122.0,118.0,-0.6811338798582135,-0.7321588882949498
84.0,133.0,132.0,179.0,153.0,176.0,148.0,111.0,65.0,60.0,57.0,57.0,92.0,142.0,174.0,185.0,205.0,203.0,156.0,104.0,79.0,60.0,64.0,93.0,129.0,147.0,159.0,161.0,158.0,148.0,135.0,121.0,113.0,112.0,112.0,115.0,117.0,118.0,117.0,119.0,120.0,121.0,122.0,123.0,125.0,127.0,128.0,131.0,131.0,131.0,157.0,154.0,137.0,114.0,97.0,110.0,129.0,132.0,126.0,113.0,106.0,119.0,153.0,177.0,173.0,138.0,96.0,70.0,75.0,106.0,133.0,133.0,121.0,124.0,153.0,195.0,205.0,202.0,127.0,58.0,55.0,55.0,55.0,139.0,182.0,190.0,169.0,138.0,116.0,115.0,128.0,141.0,140.0,128.0,113.0,107.0,112.0,121.0,126.0,124.0,-0.8666710085813806,-0.4988801087280716
141.0,84.0,113.0,172.0,192.0,188.0,134.0,78.0,55.0,63.0,82.0,108.0,143.0,184.0,205.0,205.0,199.0,122.0,58.0,55.0,55.0,55.0,82.0,138.0,175.0,199.0,205.0,192.0,152.0,103.0,72.0,69.0,90.0,114.0,128.0,137.0,145.0,149.0,145.0,134.0,125.0,120.0,121.0,124.0,125.0,123.0,122.0,121.0,123.0,126.0,104.0,126.0,138.0,122.0,125.0,116.0,121.0,97.0,98.0,96.0,132.0,161.0,179.0,176.0,172.0,163.0,157.0,137.0,90.0,55.0,55.0,55.0,66.0,191.0,205.0,205.0,205.0,101.0,64.0,55.0,95.0,141.0,149.0,113.0,62.0,55.0,55.0,56.0,147.0,193.0,205.0,195.0,171.0,154.0,149.0,149.0,144.0,131.0,112.0,98.0,-0.9752104717755105,-0.2212793161128854
55.0,55.0,55.0,118.0,145.0,166.0,177.0,192.0,177.0,133.0,83.0,55.0,55.0,55.0,77.0,126.0,159.0,184.0,192.0,185.0,168.0,137.0,104.0,82.0,78.0,89.0,111.0,130.0,142.0,144.0,143.0,138.0,134.0,131.0,129.0,129.0,132.0,134.0,136.0,137.0,137.0,139.0,139.0,139.0,137.0,137.0,136.0,136.0,136.0,135.0,191.0,135.0,100.0,122.0,109.0,120.0,90.0,85.0,97.0,136.0,151.0,150.0,143.0,146.0,152.0,136.0,112.0,75.0,55.0,55.0,55.0,132.0,197.0,205.0,205.0,205.0,135.0,74.0,55.0,55.0,55.0,93.0,162.0,199.0,205.0,179.0,135.0,101.0,91.0,106.0,133.0,156.0,162.0,151.0,131.0,111.0,98.0,95.0,101.0,110.0,-0.9971092962697312,0.07598059813190085
168.0,142.0,141.0,112.0,66.0,55.0,55.0,55.0,66.0,146.0,176.0,187.0,197.0,201.0,149.0,80.0,55.0,55.0,55.0,55.0,75.0,168.0,194.0,205.0,201.0,176.0,145.0,113.0,89.0,77.0,79.0,95.0,118.0,137.0,147.0,150.0,146.0,138.0,129.0,124.0,121.0,121.0,122.0,123.0,125.0,128.0,130.0,131.0,132.0,133.0,109.0,104.0,115.0,126.0,100.0,87.0,94.0,122.0,146.0,155.0,146.0,132.0,127.0,125.0,124.0,117.0,94.0,62.0,55.0,85.0,150.0,205.0,205.0,205.0,134.0,59.0,55.0,55.0,64.0,167.0,205.0,205.0,169.0,108.0,64.0,57.0,88.0,133.0,167.0,180.0,171.0,151.0,134.0,122.0,113.0,105.0,101.0,102.0,108.0,116.0,-0.9304219244681535,0.36649016694718783
205.0,168.0,112.0,71.0,63.0,77.0,85.0,106.0,144.0,188.0,205.0,205.0,182.0,111.0,55.0,55.0,55.0,55.0,85.0,144.0,179.0,203.0,205.0,188.0,144.0,97.0,70.0,71.0,91.0,116.0,135.0,143.0,146.0,145.0,140.0,133.0,125.0,122.0,122.0,124.0,124.0,123.0,121.0,122.0,125.0,127.0,127.0,126.0,125.0,126.0,177.0,163.0,124.0,118.0,139.0,153.0,147.0,141.0,133.0,132.0,123.0,118.0,122.0,127.0,123.0,116.0,108.0,107.0,131.0,159.0,158.0,130.0,105.0,92.0,103.0,143.0,184.0,187.0,147.0,87.0,55.0,55.0,55.0,149.0,205.0,205.0,205.0,203.0,126.0,94.0,88.0,99.0,110.0,114.0,109.0,105.0,109.0,117.0,126.0,133.0,-0.781073063552791,0.6244396443150112
160.0,82.0,91.0,122.0,159.0,149.0,113.0,75.0,61.0,61.0,82.0,112.0,137.0,162.0,176.0,171.0,144.0,112.0,76.0,57.0,62.0,87.0,117.0,151.0,176.0,184.0,179.0,162.0,132.0,103.0,86.0,87.0,102.0,124.0,139.0,145.0,145.0,140.0,135.0,130.0,126.0,123.0,124.0,126.0,130.0,132.0,133.0,133.0,135.0,135.0,162.0,117.0,119.0,144.0,144.0,127.0,128.0,125.0,124.0,109.0,96.0,90.0,93.0,108.0,132.0,154.0,169.0,183.0,191.0,160.0,119.0,83.0,57.0,55.0,85.0,142.0,191.0,205.0,203.0,151.0,105.0,92.0,116.0,154.0,177.0,167.0,131.0,90.0,64.0,62.0,78.0,101.0,120.0,130.0,132.0,132.0,136.0,144.0,151.0,152.0,-0.5623313166337571,0.8269120209145259
105.0,55.0,55.0,123.0,163.0,168.0,160.0,155.0,128.0,102.0,75.0,55.0,55.0,55.0,57.0,141.0,192.0,202.0,181.0,162.0,151.0,131.0,113.0,99.0,81.0,82.0,110.0,145.0,160.0,158.0,143.0,131.0,128.0,130.0,133.0,133.0,132.0,128.0,127.0,125.0,123.0,122.0,126.0,131.0,134.0,136.0,136.0,138.0,141.0,145.0,187.0,119.0,104.0,90.0,117.0,112.0,99.0,106.0,117.0,135.0,137.0,144.0,139.0,147.0,136.0,119.0,91.0,74.0,73.0,97.0,137.0,178.0,205.0,205.0,177.0,127.0,81.0,57.0,64.0,101.0,147.0,178.0,182.0,159.0,123.0,94.0,82.0,90.0,110.0,131.0,145.0,147.0,138.0,128.0,121.0,118.0,119.0,120.0,121.0,124.0,-0.29363036004237,0.9559190403278869
205.0,158.0,157.0,129.0,122.0,76.0,55.0,55.0,60.0,108.0,142.0,164.0,177.0,199.0,205.0,192.0,150.0,105.0,58.0,55.0,55.0,94.0,118.0,140.0,154.0,160.0,166.0,175.0,167.0,144.0,114.0,94.0,88.0,98.0,112.0,125.0,134.0,136.0,135.0,134.0,132.0,129.0,128.0,129.0,130.0,131.0,130.0,130.0,130.0,129.0,160.0,94.0,110.0,98.0,132.0,127.0,140.0,141.0,152.0,130.0,101.0,83.0,90.0,112.0,114.0,126.0,136.0,157.0,180.0,201.0,182.0,125.0,59.0,55.0,55.0,55.0,85.0,205.0,205.0,205.0,200.0,147.0,120.0,107.0,98.0,85.0,75.0,78.0,98.0,130.0,159.0,172.0,167.0,149.0,129.0,119.0,120.0,128.0,133.0,131.0,0.001157603069196777,0.9999993299773426
55.0,55.0,55.0,111.0,142.0,160.0,150.0,152.0,136.0,126.0,85.0,56.0,55.0,55.0,56.0,94.0,126.0,136.0,143.0,157.0,165.0,154.0,146.0,138.0,129.0,122.0,120.0,114.0,108.0,105.0,111.0,126.0,141.0,151.0,154.0,150.0,144.0,136.0,130.0,126.0,123.0,124.0,127.0,131.0,134.0,135.0,136.0,139.0,142.0,145.0,149.0,110.0,98.0,108.0,119.0,123.0,126.0,136.0,143.0,129.0,107.0,96.0,107.0,124.0,137.0,140.0,131.0,125.0,135.0,149.0,149.0,126.0,91.0,58.0,55.0,83.0,144.0,189.0,205.0,192.0,162.0,134.0,117.0,104.0,88.0,74.0,72.0,88.0,120.0,156.0,183.0,189.0,176.0,152.0,126.0,111.0,110.0,117.0,122.0,120.0,0.2958427212337761,0.9552366640225836
205.0,99.0,103.0,55.0,70.0,55.0,55.0,55.0,55.0,123.0,205.0,205.0,189.0,154.0,107.0,65.0,55.0,55.0,55.0,55.0,103.0,191.0,205.0,205.0,189.0,153.0,119.0,102.0,93.0,91.0,97.0,109.0,126.0,139.0,144.0,140.0,137.0,133.0,129.0,126.0,124.0,124.0,126.0,131.0,134.0,140.0,144.0,148.0,146.0,141.0,123.0,125.0,103.0,103.0,108.0,138.0,150.0,134.0,107.0,96.0,97.0,104.0,109.0,113.0,120.0,130.0,145.0,153.0,154.0,141.0,114.0,84.0,61.0,58.0,83.0,129.0,178.0,205.0,205.0,205.0,183.0,118.0,58.0,55.0,55.0,55.0,134.0,188.0,205.0,198.0,168.0,135.0,111.0,99.0,98.0,102.0,106.0,106.0,105.0,105.0,0.5642442800393676,0.8256078926723361
86.0,99.0,140.0,134.0,171.0,154.0,156.0,156.0,176.0,141.0,136.0,112.0,103.0,88.0,113.0,123.0,115.0,123.0,146.0,144.0,134.0,143.0,143.0,128.0,119.0,119.0,113.0,112.0,117.0,126.0,133.0,137.0,132.0,130.0,130.0,132.0,136.0,139.0,139.0,136.0,134.0,133.0,131.0,129.0,125.0,123.0,123.0,123.0,123.0,123.0,166.0,148.0,144.0,148.0,122.0,98.0,98.0,118.0,145.0,157.0,145.0,126.0,134.0,155.0,163.0,142.0,100.0,58.0,55.0,79.0,150.0,203.0,205.0,205.0,168.0,133.0,112.0,95.0,72.0,55.0,55.0,59.0,134.0,198.0,205.0,205.0,181.0,118.0,75.0,63.0,80.0,107.0,133.0,139.0,130.0,117.0,114.0,123.0,139.0,148.0,0.7825166757358153,0.6226296268210892
146.0,156.0,115.0,118.0,70.0,94.0,57.0,86.0,84.0,104.0,89.0,123.0,124.0,123.0,111.0,117.0,112.0,111.0,136.0,160.0,153.0,136.0,136.0,130.0,121.0,118.0,119.0,112.0,118.0,134.0,150.0,153.0,146.0,131.0,122.0,118.0,118.0,120.0,123.0,125.0,127.0,132.0,135.0,137.0,139.0,141.0,145.0,147.0,148.0,146.0,141.0,164.0,142.0,114.0,100.0,126.0,115.0,104.0,131.0,145.0,153.0,134.0,129.0,130.0,148.0,131.0,101.0,62.0,55.0,69.0,140.0,190.0,205.0,198.0,169.0,133.0,115.0,115.0,108.0,95.0,82.0,77.0,89.0,125.0,173.0,205.0,205.0,186.0,145.0,111.0,99.0,107.0,118.0,121.0,114.0,103.0,96.0,98.0,108.0,121.0,0.9312679305695701,0.3643350676131387
55.0,55.0,138.0,200.0,170.0,129.0,123.0,107.0,82.0,57.0,55.0,55.0,55.0,106.0,191.0,205.0,202.0,178.0,146.0,121.0,106.0,95.0,89.0,91.0,103.0,122.0,137.0,146.0,148.0,145.0,140.0,133.0,126.0,122.0,121.0,124.0,128.0,132.0,133.0,136.0,138.0,142.0,144.0,144.0,143.0,143.0,144.0,145.0,146.0,143.0,55.0,89.0,97.0,130.0,113.0,112.0,114.0,133.0,131.0,118.0,106.0,93.0,88.0,85.0,94.0,108.0,134.0,153.0,163.0,165.0,160.0,144.0,115.0,80.0,55.0,55.0,55.0,136.0,205.0,205.0,205.0,205.0,168.0,64.0,55.0,55.0,55.0,127.0,180.0,188.0,167.0,134.0,109.0,98.0,99.0,104.0,110.0,113.0,115.0,117.0,0.9972825345566746,0.07367188248046341
119.0,90.0,119.0,165.0,177.0,176.0,135.0,98.0,92.0,115.0,104.0,95.0,110.0,134.0,139.0,155.0,163.0,133.0,91.0,82.0,95.0,106.0,122.0,142.0,149.0,150.0,152.0,150.0,136.0,119.0,105.0,105.0,114.0,125.0,134.0,139.0,141.0,137.0,133.0,128.0,123.0,119.0,119.0,120.0,122.0,123.0,122.0,124.0,125.0,128.0,205.0,176.0,97.0,57.0,103.0,118.0,133.0,112.0,114.0,134.0,149.0,140.0,112.0,97.0,91.0,102.0,115.0,132.0,142.0,153.0,155.0,152.0,143.0,127.0,96.0,60.0,55.0,55.0,55.0,156.0,205.0,205.0,205.0,205.0,118.0,55.0,55.0,55.0,55.0,71.0,170.0,205.0,205.0,198.0,170.0,145.0,127.0,116.0,110.0,107.0,0.9746955512362324,-0.22353653482215632
84.0,82.0,78.0,101.0,95.0,133.0,132.0,134.0,110.0,122.0,113.0,111.0,121.0,150.0,149.0,146.0,163.0,178.0,162.0,141.0,124.0,101.0,92.0,104.0,121.0,127.0,130.0,136.0,143.0,149.0,147.0,136.0,123.0,115.0,111.0,115.0,122.0,128.0,135.0,143.0,149.0,151.0,151.0,149.0,149.0,147.0,145.0,143.0,139.0,136.0,180.0,105.0,78.0,108.0,132.0,126.0,117.0,119.0,132.0,135.0,118.0,102.0,101.0,105.0,112.0,121.0,123.0,132.0,155.0,171.0,166.0,156.0,133.0,95.0,64.0,64.0,84.0,113.0,154.0,188.0,202.0,196.0,181.0,153.0,115.0,83.0,65.0,66.0,83.0,111.0,134.0,144.0,142.0,133.0,124.0,122.0,125.0,130.0,135.0,138.0,0.8655136763091434,-0.5008852923792344
144.0,130.0,64.0,55.0,65.0,113.0,112.0,133.0,113.0,115.0,120.0,151.0,146.0,138.0,134.0,148.0,160.0,168.0,164.0,135.0,92.0,66.0,79.0,101.0,123.0,142.0,153.0,155.0,162.0,165.0,153.0,128.0,103.0,90.0,93.0,108.0,124.0,136.0,145.0,150.0,152.0,152.0,149.0,146.0,146.0,146.0,145.0,142.0,138.0,135.0,99.0,141.0,118.0,152.0,130.0,148.0,115.0,95.0,63.0,80.0,108.0,130.0,142.0,143.0,154.0,172.0,180.0,153.0,105.0,55.0,55.0,55.0,56.0,169.0,205.0,205.0,205.0,205.0,205.0,58.0,55.0,55.0,55.0,55.0,119.0,205.0,205.0,205.0,187.0,126.0,78.0,56.0,57.0,76.0,97.0,111.0,116.0,115.0,115.0,120.0,0.6794369567415953,-0.7337338903265404
114.0,75.0,93.0,85.0,94.0,104.0,129.0,133.0,150.0,172.0,149.0,97.0,63.0,55.0,55.0,55.0,98.0,141.0,165.0,184.0,190.0,178.0,154.0,126.0,101.0,83.0,80.0,90.0,111.0,135.0,148.0,152.0,146.0,138.0,130.0,126.0,122.0,115.0,109.0,108.0,115.0,122.0,125.0,126.0,127.0,128.0,131.0,133.0,137.0,139.0,178.0,119.0,87.0,111.0,109.0,113.0,122.0,143.0,150.0,150.0,126.0,111.0,107.0,97.0,74.0,61.0,65.0,93.0,148.0,203.0,205.0,205.0,205.0,133.0,68.0,55.0,55.0,55.0,55.0,75.0,205.0,205.0,205.0,205.0,205.0,97.0,55.0,55.0,55.0,93.0,123.0,131.0,121.0,107.0,100.0,106.0,120.0,136.0,147.0,150.0,0.43299700934565644,-0.9013953571534067
197.0,67.0,98.0,109.0,121.0,102.0,129.0,119.0,162.0,202.0,205.0,201.0,177.0,136.0,67.0,55.0,55.0,55.0,55.0,108.0,187.0,205.0,205.0,205.0,182.0,134.0,93.0,63.0,55.0,55.0,89.0,131.0,163.0,176.0,169.0,153.0,137.0,127.0,122.0,121.0,121.0,122.0,124.0,125.0,125.0,123.0,122.0,121.0,127.0,125.0,136.0,111.0,115.0,113.0,105.0,109.0,124.0,134.0,126.0,110.0,115.0,130.0,140.0,134.0,131.0,130.0,124.0,123.0,126.0,122.0,110.0,104.0,113.0,130.0,149.0,160.0,145.0,106.0,77.0,81.0,125.0,184.0,205.0,205.0,130.0,57.0,55.0,55.0,58.0,151.0,189.0,192.0,170.0,142.0,123.0,120.0,128.0,134.0,131.0,119.0,0.14808830209672796,-0.9889741426256342
58.0,56.0,132.0,113.0,164.0,138.0,199.0,186.0,205.0,172.0,142.0,65.0,55.0,55.0,55.0,110.0,152.0,182.0,200.0,205.0,193.0,164.0,120.0,84.0,63.0,67.0,84.0,108.0,133.0,155.0,164.0,163.0,149.0,134.0,121.0,119.0,120.0,126.0,128.0,130.0,132.0,135.0,135.0,134.0,130.0,127.0,127.0,127.0,128.0,128.0,127.0,102.0,117.0,112.0,143.0,131.0,140.0,131.0,115.0,119.0,110.0,106.0,95.0,98.0,100.0,133.0,166.0,197.0,205.0,205.0,178.0,141.0,104.0,66.0,55.0,55.0,55.0,121.0,205.0,205.0,205.0,205.0,205.0,57.0,55.0,55.0,55.0,94.0,104.0,97.0,83.0,79.0,91.0,117.0,145.0,166.0,175.0,173.0,167.0,162.0,-0.14997701641611105,-0.9886894833803592
155.0,143.0,127.0,115.0,132.0,122.0,111.0,56.0,55.0,55.0,55.0,77.0,138.0,162.0,185.0,187.0,188.0,153.0,114.0,74.0,56.0,58.0,85.0,110.0,137.0,163.0,176.0,179.0,169.0,147.0,119.0,101.0,94.0,102.0,115.0,126.0,130.0,131.0,129.0,127.0,126.0,125.0,125.0,126.0,130.0,134.0,136.0,137.0,138.0,139.0,169.0,124.0,64.0,78.0,111.0,143.0,132.0,125.0,120.0,120.0,112.0,88.0,79.0,90.0,109.0,130.0,154.0,167.0,180.0,188.0,174.0,128.0,77.0,55.0,55.0,55.0,56.0,149.0,205.0,205.0,205.0,205.0,205.0,55.0,55.0,55.0,55.0,55.0,95.0,152.0,175.0,177.0,166.0,150.0,136.0,127.0,125.0,126.0,125.0,123.0,-0.4347179245901844,-0.9005666694032168
158.0,88.0,131.0,118.0,176.0,153.0,165.0,161.0,138.0,90.0,60.0,60.0,55.0,75.0,116.0,161.0,168.0,187.0,202.0,193.0,147.0,109.0,76.0,60.0,71.0,104.0,131.0,148.0,153.0,154.0,151.0,148.0,138.0,128.0,118.0,112.0,110.0,112.0,113.0,114.0,116.0,118.0,120.0,122.0,123.0,123.0,126.0,127.0,129.0,130.0,153.0,115.0,94.0,108.0,135.0,164.0,149.0,122.0,117.0,130.0,135.0,127.0,111.0,91.0,84.0,104.0,136.0,160.0,167.0,159.0,140.0,118.0,105.0,95.0,79.0,64.0,75.0,118.0,180.0,205.0,205.0,183.0,104.0,55.0,55.0,55.0,134.0,179.0,193.0,179.0,149.0,120.0,107.0,111.0,123.0,129.0,125.0,116.0,110.0,113.0,-0.680837181612155,-0.7324347971897686
192.0,168.0,84.0,116.0,103.0,195.0,174.0,199.0,130.0,117.0,59.0,81.0,74.0,99.0,122.0,170.0,202.0,205.0,205.0,159.0,99.0,56.0,55.0,55.0,83.0,115.0,149.0,177.0,197.0,191.0,166.0,126.0,98.0,86.0,96.0,111.0,126.0,133.0,138.0,139.0,139.0,135.0,130.0,126.0,126.0,127.0,128.0,126.0,125.0,124.0,173.0,151.0,128.0,118.0,117.0,133.0,122.0,104.0,98.0,109.0,105.0,103.0,99.0,125.0,170.0,205.0,205.0,204.0,166.0,128.0,97.0,65.0,55.0,55.0,55.0,130.0,205.0,205.0,205.0,205.0,162.0,65.0,55.0,55.0,103.0,123.0,105.0,66.0,55.0,55.0,56.0,138.0,186.0,205.0,202.0,182.0,162.0,153.0,152.0,149.0,-0.8664688106063813,-0.49923120920707975
160.0,118.0,70.0,55.0,55.0,55.0,55.0,73.0,145.0,187.0,205.0,205.0,169.0,109.0,56.0,55.0,55.0,55.0,88.0,147.0,180.0,192.0,190.0,172.0,141.0,106.0,86.0,82.0,94.0,113.0,129.0,138.0,140.0,137.0,131.0,126.0,121.0,119.0,121.0,124.0,127.0,129.0,131.0,133.0,136.0,138.0,138.0,136.0,135.0,135.0,151.0,134.0,114.0,111.0,116.0,143.0,131.0,109.0,75.0,75.0,93.0,117.0,133.0,153.0,166.0,181.0,190.0,172.0,124.0,72.0,55.0,55.0,55.0,58.0,173.0,205.0,205.0,205.0,205.0,203.0,55.0,55.0,55.0,55.0,55.0,99.0,154.0,176.0,177.0,164.0,147.0,133.0,127.0,132.0,132.0,127.0,118.0,114.0,111.0,110.0,-0.9751207379493194,-0.22167441535092575
153.0,158.0,174.0,192.0,175.0,148.0,73.0,55.0,55.0,55.0,55.0,89.0,173.0,205.0,205.0,205.0,185.0,127.0,66.0,55.0,55.0,55.0,96.0,143.0,169.0,177.0,178.0,169.0,148.0,123.0,104.0,99.0,106.0,116.0,125.0,129.0,128.0,124.0,122.0,119.0,118.0,116.0,116.0,120.0,124.0,127.0,128.0,130.0,132.0,133.0,151.0,155.0,146.0,129.0,101.0,103.0,120.0,132.0,130.0,121.0,108.0,108.0,134.0,166.0,180.0,159.0,118.0,80.0,68.0,88.0,122.0,136.0,127.0,119.0,134.0,172.0,205.0,205.0,168.0,94.0,55.0,55.0,55.0,80.0,163.0,188.0,180.0,152.0,126.0,119.0,126.0,135.0,137.0,131.0,119.0,111.0,111.0,117.0,123.0,124.0,-0.9971399988160323,0.07557660194242091
173.0,187.0,179.0,131.0,82.0,55.0,67.0,81.0,105.0,140.0,182.0,205.0,205.0,199.0,121.0,57.0,55.0,55.0,55.0,82.0,137.0,174.0,199.0,205.0,192.0,151.0,103.0,71.0,69.0,87.0,112.0,132.0,142.0,146.0,145.0,141.0,133.0,126.0,121.0,122.0,123.0,124.0,122.0,121.0,121.0,124.0,126.0,126.0,126.0,125.0,163.0,134.0,102.0,137.0,101.0,132.0,120.0,110.0,85.0,98.0,114.0,153.0,171.0,174.0,173.0,167.0,162.0,148.0,115.0,60.0,55.0,55.0,55.0,123.0,205.0,205.0,205.0,165.0,86.0,56.0,78.0,128.0,157.0,142.0,92.0,55.0,55.0,55.0,72.0,164.0,204.0,205.0,200.0,176.0,159.0,149.0,141.0,135.0,120.0,102.0,-0.9305703356801571,0.3661131660458548
114.0,55.0,55.0,55.0,108.0,132.0,149.0,162.0,172.0,155.0,129.0,91.0,60.0,55.0,74.0,102.0,135.0,164.0,180.0,181.0,170.0,146.0,114.0,90.0,82.0,93.0,112.0,132.0,142.0,144.0,141.0,135.0,131.0,126.0,123.0,122.0,124.0,127.0,129.0,130.0,131.0,132.0,134.0,136.0,136.0,137.0,136.0,136.0,135.0,135.0,174.0,124.0,102.0,94.0,101.0,96.0,93.0,103.0,135.0,145.0,144.0,139.0,145.0,149.0,136.0,109.0,72.0,55.0,55.0,55.0,138.0,200.0,205.0,205.0,205.0,132.0,73.0,55.0,55.0,55.0,91.0,166.0,203.0,205.0,177.0,129.0,92.0,83.0,101.0,133.0,158.0,165.0,154.0,132.0,110.0,95.0,92.0,98.0,107.0,116.0,-0.781325998130951,0.6241231325985868
108.0,91.0,58.0,57.0,56.0,55.0,55.0,106.0,153.0,188.0,197.0,205.0,169.0,107.0,57.0,55.0,55.0,55.0,55.0,69.0,164.0,205.0,205.0,205.0,195.0,158.0,122.0,90.0,66.0,58.0,72.0,100.0,132.0,155.0,165.0,162.0,152.0,141.0,131.0,123.0,118.0,116.0,119.0,123.0,126.0,128.0,130.0,133.0,135.0,137.0,119.0,95.0,114.0,127.0,110.0,91.0,94.0,117.0,144.0,155.0,148.0,133.0,127.0,125.0,123.0,117.0,94.0,64.0,55.0,85.0,149.0,205.0,205.0,205.0,135.0,59.0,55.0,55.0,64.0,167.0,205.0,205.0,170.0,109.0,65.0,57.0,87.0,132.0,166.0,179.0,170.0,152.0,135.0,122.0,112.0,105.0,101.0,102.0,108.0,116.0,-0.5626663031075106,0.8266841182382343
143.0,78.0,55.0,55.0,102.0,138.0,165.0,189.0,205.0,205.0,205.0,136.0,59.0,55.0,55.0,55.0,58.0,133.0,170.0,196.0,205.0,205.0,177.0,129.0,84.0,62.0,67.0,89.0,115.0,133.0,143.0,147.0,147.0,142.0,135.0,130.0,128.0,130.0,131.0,130.0,128.0,127.0,127.0,128.0,129.0,127.0,125.0,124.0,126.0,128.0,189.0,168.0,109.0,129.0,139.0,150.0,148.0,136.0,128.0,123.0,117.0,123.0,133.0,127.0,115.0,106.0,103.0,115.0,149.0,164.0,145.0,115.0,95.0,99.0,121.0,162.0,184.0,169.0,119.0,64.0,55.0,55.0,89.0,186.0,205.0,205.0,205.0,154.0,106.0,87.0,92.0,104.0,113.0,111.0,106.0,105.0,111.0,120.0,129.0,134.0,-0.2940176372033639,0.9557999942526423
133.0,87.0,96.0,104.0,93.0,65.0,56.0,78.0,119.0,158.0,179.0,177.0,152.0,133.0,100.0,66.0,55.0,55.0,55.0,57.0,139.0,185.0,205.0,205.0,189.0,154.0,122.0,102.0,90.0,86.0,92.0,105.0,125.0,143.0,154.0,156.0,151.0,142.0,134.0,129.0,125.0,123.0,124.0,127.0,130.0,132.0,134.0,135.0,137.0,138.0,162.0,132.0,103.0,143.0,152.0,138.0,123.0,119.0,126.0,122.0,109.0,93.0,90.0,94.0,117.0,142.0,162.0,176.0,187.0,178.0,145.0,108.0,77.0,55.0,55.0,101.0,161.0,203.0,205.0,183.0,130.0,94.0,97.0,132.0,167.0,178.0,156.0,114.0,77.0,61.0,66.0,86.0,110.0,125.0,131.0,132.0,134.0,139.0,148.0,153.0,0.0007524420916420768,0.9999997169154093
65.0,111.0,156.0,161.0,162.0,154.0,121.0,100.0,75.0,55.0,55.0,55.0,55.0,114.0,189.0,203.0,183.0,163.0,150.0,128.0,108.0,94.0,79.0,82.0,110.0,142.0,156.0,155.0,143.0,130.0,127.0,129.0,131.0,131.0,129.0,126.0,126.0,124.0,121.0,120.0,124.0,129.0,133.0,134.0,135.0,137.0,140.0,143.0,144.0,143.0,152.0,126.0,114.0,126.0,127.0,128.0,114.0,107.0,99.0,99.0,111.0,125.0,135.0,141.0,147.0,146.0,143.0,133.0,113.0,89.0,75.0,78.0,102.0,146.0,191.0,205.0,205.0,174.0,117.0,70.0,55.0,69.0,108.0,147.0,168.0,164.0,146.0,125.0,113.0,108.0,111.0,115.0,118.0,120.0,120.0,121.0,123.0,126.0,127.0,127.0,0.29545567216250934,0.955356449597217
146.0,199.0,157.0,168.0,98.0,69.0,55.0,55.0,90.0,119.0,147.0,157.0,184.0,197.0,205.0,174.0,145.0,110.0,86.0,75.0,90.0,101.0,114.0,126.0,134.0,138.0,151.0,161.0,160.0,149.0,131.0,114.0,103.0,103.0,108.0,115.0,122.0,126.0,128.0,130.0,131.0,131.0,132.0,132.0,132.0,132.0,131.0,131.0,130.0,129.0,138.0,118.0,113.0,123.0,137.0,131.0,126.0,138.0,146.0,149.0,139.0,113.0,93.0,98.0,109.0,113.0,122.0,138.0,152.0,173.0,195.0,193.0,153.0,94.0,55.0,55.0,55.0,71.0,176.0,205.0,205.0,205.0,145.0,104.0,89.0,95.0,111.0,122.0,123.0,116.0,112.0,113.0,119.0,126.0,131.0,133.0,132.0,134.0,138.0,142.0,0.5639097294808895,0.8258364347719166
55.0,55.0,55.0,92.0,107.0,156.0,150.0,170.0,149.0,142.0,117.0,78.0,55.0,55.0,55.0,55.0,108.0,145.0,163.0,174.0,184.0,168.0,147.0,132.0,120.0,108.0,106.0,105.0,109.0,113.0,124.0,134.0,145.0,149.0,148.0,144.0,138.0,132.0,127.0,125.0,124.0,125.0,128.0,131.0,133.0,135.0,136.0,138.0,140.0,142.0,175.0,144.0,101.0,110.0,125.0,152.0,139.0,109.0,93.0,103.0,126.0,147.0,147.0,130.0,123.0,134.0,152.0,162.0,158.0,125.0,86.0,75.0,103.0,148.0,181.0,183.0,148.0,104.0,86.0,106.0,147.0,179.0,179.0,148.0,104.0,72.0,66.0,82.0,108.0,129.0,135.0,130.0,124.0,126.0,136.0,147.0,152.0,146.0,135.0,128.0,0.7822643461704581,0.6229466210764013
131.0,105.0,118.0,87.0,70.0,55.0,55.0,55.0,126.0,161.0,188.0,163.0,144.0,117.0,79.0,56.0,56.0,67.0,94.0,146.0,190.0,204.0,195.0,168.0,129.0,101.0,86.0,87.0,97.0,116.0,130.0,144.0,148.0,146.0,139.0,135.0,131.0,130.0,129.0,130.0,132.0,134.0,138.0,140.0,142.0,143.0,150.0,147.0,141.0,137.0,99.0,106.0,98.0,105.0,121.0,138.0,145.0,125.0,107.0,97.0,101.0,102.0,108.0,112.0,121.0,131.0,145.0,153.0,153.0,139.0,112.0,81.0,60.0,58.0,86.0,133.0,182.0,205.0,205.0,205.0,177.0,112.0,56.0,55.0,55.0,55.0,141.0,190.0,205.0,195.0,165.0,132.0,110.0,99.0,98.0,102.0,106.0,106.0,104.0,105.0,0.9311202397167204,0.3647123512987695
78.0,66.0,55.0,98.0,143.0,172.0,158.0,148.0,142.0,161.0,169.0,146.0,130.0,110.0,99.0,100.0,126.0,115.0,87.0,81.0,102.0,126.0,156.0,176.0,167.0,148.0,136.0,130.0,120.0,108.0,97.0,95.0,107.0,124.0,140.0,149.0,151.0,148.0,146.0,142.0,137.0,132.0,129.0,129.0,128.0,127.0,124.0,122.0,122.0,124.0,139.0,142.0,124.0,126.0,137.0,134.0,116.0,82.0,100.0,121.0,157.0,170.0,175.0,158.0,158.0,153.0,131.0,92.0,58.0,55.0,55.0,114.0,185.0,205.0,205.0,205.0,167.0,127.0,104.0,90.0,67.0,55.0,55.0,55.0,92.0,168.0,205.0,205.0,188.0,142.0,107.0,94.0,103.0,122.0,136.0,136.0,125.0,112.0,108.0,115.0,0.9972526037170111,0.0740759365762064
141.0,121.0,144.0,89.0,94.0,55.0,74.0,85.0,111.0,98.0,114.0,127.0,126.0,115.0,112.0,110.0,104.0,128.0,165.0,180.0,168.0,157.0,141.0,120.0,107.0,102.0,97.0,100.0,117.0,143.0,161.0,166.0,155.0,138.0,123.0,114.0,109.0,111.0,115.0,121.0,128.0,135.0,139.0,141.0,142.0,145.0,147.0,148.0,147.0,146.0,205.0,140.0,81.0,99.0,101.0,162.0,146.0,120.0,94.0,106.0,118.0,129.0,132.0,130.0,131.0,128.0,137.0,143.0,142.0,120.0,93.0,62.0,55.0,82.0,137.0,178.0,194.0,188.0,165.0,139.0,126.0,119.0,111.0,100.0,92.0,89.0,95.0,114.0,145.0,174.0,192.0,192.0,174.0,150.0,129.0,117.0,109.0,103.0,96.0,92.0,0.9747860395557932,-0.2231416077004273
128.0,66.0,56.0,55.0,55.0,55.0,91.0,143.0,179.0,162.0,141.0,128.0,101.0,69.0,55.0,55.0,55.0,55.0,135.0,192.0,205.0,201.0,174.0,142.0,118.0,104.0,94.0,90.0,93.0,105.0,123.0,139.0,146.0,148.0,145.0,139.0,131.0,125.0,121.0,121.0,124.0,129.0,132.0,135.0,137.0,140.0,143.0,144.0,143.0,142.0,141.0,112.0,104.0,123.0,148.0,139.0,112.0,93.0,94.0,101.0,113.0,118.0,123.0,132.0,147.0,155.0,153.0,135.0,106.0,76.0,59.0,63.0,94.0,143.0,190.0,205.0,205.0,205.0,167.0,102.0,55.0,55.0,55.0,60.0,152.0,196.0,205.0,191.0,160.0,128.0,107.0,98.0,99.0,104.0,107.0,106.0,105.0,105.0,110.0,117.0,0.8657165445327852,-0.5005345787477765
87.0,142.0,123.0,144.0,131.0,155.0,151.0,167.0,170.0,147.0,113.0,105.0,114.0,98.0,97.0,111.0,126.0,131.0,163.0,188.0,177.0,148.0,126.0,106.0,94.0,100.0,111.0,115.0,121.0,130.0,142.0,150.0,151.0,143.0,133.0,124.0,118.0,117.0,119.0,122.0,124.0,133.0,128.0,124.0,119.0,120.0,126.0,129.0,126.0,123.0,177.0,143.0,144.0,124.0,99.0,96.0,118.0,141.0,155.0,145.0,127.0,131.0,152.0,163.0,146.0,107.0,64.0,55.0,62.0,137.0,196.0,205.0,205.0,174.0,137.0,115.0,98.0,75.0,55.0,55.0,55.0,121.0,188.0,205.0,205.0,201.0,127.0,80.0,62.0,76.0,104.0,130.0,138.0,131.0,118.0,114.0,121.0,134.0,146.0,148.0,0.6797341814446596,-0.7334585486418157
76.0,69.0,69.0,95.0,92.0,103.0,83.0,109.0,131.0,149.0,121.0,117.0,117.0,115.0,111.0,133.0,152.0,152.0,159.0,175.0,170.0,144.0,124.0,107.0,94.0,100.0,120.0,131.0,135.0,139.0,146.0,150.0,148.0,137.0,124.0,114.0,112.0,116.0,124.0,130.0,135.0,142.0,148.0,151.0,152.0,150.0,148.0,148.0,147.0,145.0,101.0,153.0,159.0,145.0,105.0,122.0,123.0,121.0,118.0,130.0,141.0,145.0,144.0,138.0,143.0,133.0,112.0,84.0,60.0,61.0,107.0,164.0,198.0,205.0,195.0,163.0,132.0,118.0,109.0,97.0,83.0,70.0,67.0,87.0,135.0,192.0,205.0,205.0,205.0,140.0,95.0,77.0,81.0,94.0,104.0,107.0,105.0,105.0,111.0,121.0,0.4333621841893486,-0.9012198496008824
55.0,156.0,134.0,149.0,91.0,100.0,77.0,84.0,79.0,81.0,70.0,88.0,141.0,175.0,189.0,177.0,162.0,135.0,127.0,118.0,112.0,99.0,98.0,105.0,121.0,135.0,143.0,144.0,143.0,140.0,136.0,130.0,124.0,118.0,116.0,117.0,121.0,123.0,127.0,131.0,136.0,141.0,143.0,144.0,144.0,145.0,145.0,146.0,144.0,141.0,200.0,108.0,65.0,87.0,94.0,126.0,115.0,120.0,122.0,132.0,119.0,110.0,92.0,83.0,83.0,92.0,107.0,127.0,148.0,160.0,168.0,164.0,146.0,113.0,77.0,55.0,55.0,55.0,128.0,204.0,205.0,205.0,205.0,205.0,64.0,55.0,55.0,55.0,70.0,168.0,196.0,190.0,160.0,127.0,106.0,97.0,97.0,101.0,106.0,109.0,0.1484889838468897,-0.9889140618254542
115.0,160.0,130.0,170.0,156.0,158.0,102.0,91.0,105.0,101.0,102.0,110.0,136.0,131.0,157.0,167.0,144.0,91.0,75.0,76.0,88.0,108.0,139.0,153.0,159.0,162.0,161.0,147.0,128.0,109.0,99.0,102.0,112.0,125.0,137.0,144.0,142.0,139.0,132.0,127.0,121.0,118.0,118.0,119.0,120.0,120.0,121.0,124.0,126.0,128.0,94.0,114.0,108.0,112.0,111.0,133.0,150.0,140.0,117.0,98.0,92.0,95.0,110.0,125.0,138.0,148.0,154.0,151.0,146.0,134.0,106.0,67.0,55.0,55.0,55.0,105.0,205.0,205.0,205.0,205.0,202.0,74.0,55.0,55.0,55.0,55.0,119.0,197.0,205.0,205.0,191.0,161.0,135.0,117.0,107.0,103.0,103.0,103.0,101.0,98.0,-0.14957642553428785,-0.9887501670919634
134.0,67.0,98.0,64.0,116.0,91.0,119.0,125.0,158.0,152.0,171.0,175.0,148.0,126.0,134.0,157.0,159.0,168.0,170.0,153.0,124.0,116.0,110.0,101.0,99.0,107.0,121.0,138.0,152.0,161.0,158.0,146.0,125.0,110.0,100.0,100.0,110.0,127.0,140.0,144.0,145.0,148.0,152.0,154.0,151.0,145.0,141.0,136.0,133.0,130.0,147.0,112.0,87.0,126.0,122.0,113.0,114.0,129.0,140.0,132.0,107.0,98.0,100.0,107.0,118.0,124.0,125.0,141.0,163.0,169.0,162.0,149.0,118.0,78.0,61.0,70.0,96.0,131.0,171.0,197.0,201.0,191.0,171.0,137.0,100.0,73.0,62.0,71.0,95.0,122.0,140.0,145.0,139.0,128.0,122.0,123.0,127.0,133.0,137.0,137.0,-0.43435301427846873,-0.9007427263026931
129.0,69.0,55.0,74.0,93.0,86.0,82.0,97.0,150.0,173.0,179.0,170.0,168.0,160.0,156.0,140.0,107.0,63.0,55.0,57.0,102.0,131.0,152.0,160.0,164.0,170.0,172.0,150.0,119.0,94.0,84.0,89.0,104.0,119.0,130.0,139.0,143.0,146.0,146.0,142.0,137.0,137.0,139.0,142.0,141.0,136.0,133.0,132.0,132.0,130.0,64.0,93.0,142.0,132.0,160.0,135.0,135.0,109.0,86.0,66.0,85.0,112.0,137.0,151.0,153.0,163.0,174.0,172.0,139.0,89.0,55.0,55.0,55.0,72.0,202.0,205.0,205.0,205.0,205.0,205.0,55.0,55.0,55.0,55.0,55.0,141.0,205.0,205.0,205.0,175.0,107.0,60.0,55.0,55.0,76.0,102.0,116.0,119.0,117.0,118.0,-0.6805403716028829,-0.7327105858513374
116.0,131.0,140.0,136.0,156.0,143.0,133.0,130.0,117.0,76.0,56.0,57.0,64.0,72.0,104.0,144.0,165.0,179.0,186.0,178.0,157.0,130.0,105.0,84.0,75.0,82.0,102.0,129.0,148.0,157.0,156.0,150.0,141.0,133.0,126.0,122.0,120.0,120.0,121.0,123.0,125.0,125.0,127.0,129.0,132.0,133.0,135.0,137.0,137.0,138.0,134.0,159.0,151.0,162.0,119.0,120.0,108.0,92.0,101.0,121.0,149.0,161.0,166.0,149.0,150.0,144.0,122.0,79.0,55.0,55.0,55.0,106.0,205.0,205.0,205.0,205.0,205.0,68.0,55.0,55.0,55.0,55.0,68.0,180.0,205.0,205.0,205.0,205.0,143.0,95.0,68.0,62.0,74.0,91.0,109.0,116.0,114.0,109.0,113.0,126.0,-0.8662664703957048,-0.49958222773450167
106.0,57.0,55.0,55.0,120.0,143.0,161.0,160.0,151.0,152.0,183.0,176.0,159.0,140.0,127.0,83.0,57.0,55.0,55.0,55.0,59.0,126.0,169.0,200.0,205.0,205.0,176.0,133.0,95.0,68.0,58.0,66.0,90.0,123.0,152.0,167.0,171.0,166.0,157.0,148.0,140.0,133.0,128.0,125.0,123.0,123.0,122.0,121.0,120.0,122.0,130.0,166.0,143.0,136.0,120.0,145.0,148.0,119.0,91.0,99.0,114.0,129.0,132.0,122.0,131.0,159.0,184.0,177.0,160.0,130.0,93.0,72.0,80.0,103.0,129.0,161.0,189.0,200.0,194.0,173.0,134.0,89.0,55.0,55.0,78.0,129.0,169.0,177.0,152.0,111.0,78.0,68.0,84.0,113.0,139.0,154.0,157.0,150.0,141.0,137.0,-0.9750308440516352,-0.222069478199855
91.0,55.0,55.0,93.0,130.0,143.0,150.0,166.0,188.0,199.0,190.0,154.0,91.0,55.0,55.0,55.0,99.0,131.0,152.0,162.0,171.0,179.0,172.0,146.0,113.0,90.0,85.0,97.0,112.0,125.0,133.0,139.0,141.0,140.0,137.0,132.0,131.0,132.0,139.0,137.0,129.0,125.0,128.0,134.0,135.0,130.0,125.0,124.0,125.0,127.0,179.0,151.0,125.0,133.0,115.0,90.0,92.0,99.0,122.0,139.0,140.0,135.0,140.0,144.0,137.0,121.0,95.0,69.0,64.0,94.0,150.0,205.0,205.0,205.0,205.0,133.0,78.0,55.0,55.0,55.0,55.0,150.0,205.0,205.0,205.0,205.0,106.0,64.0,55.0,55.0,55.0,65.0,100.0,120.0,121.0,119.0,121.0,134.0,152.0,164.0,-0.9971705376762493,0.07517259334664403
192.0,137.0,93.0,93.0,132.0,136.0,98.0,55.0,55.0,55.0,55.0,103.0,155.0,172.0,188.0,191.0,177.0,137.0,94.0,57.0,55.0,55.0,65.0,124.0,160.0,186.0,192.0,188.0,170.0,138.0,104.0,85.0,83.0,98.0,117.0,131.0,138.0,138.0,135.0,131.0,128.0,125.0,123.0,125.0,130.0,134.0,136.0,137.0,137.0,139.0,200.0,132.0,90.0,101.0,117.0,108.0,119.0,134.0,147.0,154.0,136.0,115.0,107.0,104.0,82.0,65.0,62.0,79.0,125.0,186.0,205.0,205.0,205.0,162.0,92.0,55.0,55.0,55.0,55.0,58.0,156.0,205.0,205.0,205.0,205.0,205.0,55.0,55.0,55.0,64.0,114.0,131.0,126.0,113.0,102.0,102.0,114.0,130.0,144.0,150.0,-0.9307185941338613,0.36573610504500226
156.0,88.0,138.0,97.0,167.0,146.0,171.0,152.0,169.0,112.0,81.0,60.0,61.0,58.0,87.0,137.0,162.0,174.0,190.0,195.0,163.0,127.0,97.0,75.0,71.0,95.0,124.0,145.0,153.0,151.0,145.0,143.0,138.0,132.0,125.0,121.0,117.0,117.0,117.0,116.0,115.0,116.0,118.0,120.0,122.0,123.0,125.0,127.0,129.0,131.0,109.0,120.0,113.0,106.0,107.0,119.0,129.0,131.0,116.0,105.0,122.0,140.0,143.0,135.0,130.0,122.0,119.0,126.0,126.0,116.0,105.0,108.0,124.0,143.0,159.0,154.0,120.0,83.0,74.0,107.0,166.0,205.0,205.0,156.0,78.0,55.0,55.0,55.0,126.0,181.0,194.0,178.0,150.0,127.0,119.0,125.0,133.0,133.0,123.0,111.0,-0.7815788044500919,0.6238065184288836
159.0,136.0,68.0,114.0,152.0,205.0,187.0,158.0,105.0,68.0,68.0,78.0,94.0,118.0,163.0,199.0,205.0,205.0,165.0,94.0,55.0,55.0,55.0,55.0,116.0,154.0,186.0,205.0,205.0,177.0,130.0,89.0,73.0,82.0,104.0,126.0,139.0,144.0,146.0,144.0,138.0,132.0,125.0,124.0,124.0,126.0,125.0,124.0,123.0,125.0,100.0,126.0,137.0,146.0,134.0,140.0,138.0,127.0,108.0,105.0,101.0,104.0,104.0,112.0,143.0,178.0,204.0,205.0,205.0,172.0,132.0,94.0,58.0,55.0,55.0,76.0,157.0,205.0,205.0,205.0,205.0,139.0,55.0,55.0,55.0,56.0,125.0,133.0,110.0,78.0,59.0,65.0,96.0,136.0,167.0,182.0,181.0,175.0,168.0,163.0,-0.563001197216449,0.8264560798571483
124.0,78.0,63.0,55.0,71.0,71.0,83.0,111.0,154.0,180.0,198.0,189.0,151.0,102.0,62.0,55.0,55.0,55.0,107.0,144.0,175.0,193.0,190.0,178.0,153.0,119.0,91.0,77.0,82.0,100.0,122.0,138.0,144.0,144.0,140.0,136.0,132.0,130.0,129.0,131.0,133.0,135.0,137.0,138.0,139.0,139.0,139.0,138.0,137.0,136.0,113.0,115.0,109.0,116.0,135.0,140.0,124.0,99.0,77.0,78.0,99.0,115.0,133.0,153.0,169.0,183.0,189.0,168.0,119.0,69.0,55.0,55.0,55.0,65.0,184.0,205.0,205.0,205.0,205.0,149.0,55.0,55.0,55.0,55.0,55.0,102.0,157.0,176.0,176.0,164.0,148.0,134.0,127.0,125.0,125.0,124.0,123.0,118.0,112.0,107.0,-0.2944048660997147,0.9556807912775107
178.0,139.0,126.0,146.0,123.0,73.0,55.0,55.0,55.0,57.0,144.0,177.0,185.0,198.0,202.0,151.0,81.0,55.0,55.0,55.0,55.0,71.0,165.0,195.0,205.0,205.0,182.0,150.0,117.0,91.0,74.0,75.0,89.0,113.0,136.0,148.0,153.0,149.0,141.0,132.0,125.0,121.0,120.0,121.0,123.0,125.0,128.0,129.0,131.0,133.0,148.0,147.0,145.0,128.0,103.0,105.0,119.0,131.0,130.0,121.0,108.0,108.0,135.0,167.0,180.0,158.0,116.0,79.0,68.0,89.0,123.0,136.0,126.0,120.0,136.0,175.0,205.0,205.0,165.0,90.0,55.0,55.0,55.0,95.0,166.0,188.0,176.0,149.0,126.0,117.0,123.0,135.0,140.0,134.0,120.0,110.0,109.0,117.0,124.0,125.0,0.000347280990558657,0.999999939697955
132.0,84.0,55.0,73.0,87.0,100.0,127.0,171.0,205.0,205.0,205.0,139.0,70.0,55.0,55.0,55.0,60.0,128.0,166.0,195.0,205.0,202.0,164.0,114.0,77.0,68.0,83.0,108.0,130.0,141.0,146.0,147.0,143.0,136.0,128.0,123.0,122.0,124.0,125.0,124.0,122.0,121.0,124.0,126.0,127.0,126.0,126.0,126.0,127.0,129.0,98.0,97.0,100.0,140.0,150.0,141.0,104.0,106.0,122.0,140.0,154.0,148.0,146.0,145.0,146.0,145.0,147.0,118.0,79.0,55.0,55.0,95.0,166.0,205.0,205.0,163.0,113.0,84.0,93.0,140.0,174.0,166.0,113.0,55.0,55.0,55.0,57.0,171.0,205.0,205.0,205.0,168.0,129.0,111.0,111.0,115.0,115.0,108.0,100.0,99.0,0.29506857459054914,0.9554760783447702
70.0,98.0,124.0,167.0,147.0,115.0,80.0,67.0,63.0,79.0,105.0,132.0,159.0,177.0,176.0,150.0,119.0,83.0,60.0,59.0,85.0,112.0,147.0,174.0,185.0,182.0,167.0,140.0,109.0,89.0,86.0,99.0,121.0,138.0,146.0,146.0,142.0,136.0,132.0,127.0,124.0,124.0,127.0,130.0,132.0,133.0,134.0,135.0,137.0,138.0,117.0,134.0,123.0,121.0,111.0,141.0,150.0,138.0,119.0,123.0,130.0,126.0,108.0,92.0,89.0,93.0,113.0,136.0,157.0,171.0,186.0,184.0,155.0,116.0,83.0,57.0,55.0,89.0,148.0,197.0,205.0,197.0,142.0,99.0,92.0,121.0,160.0,179.0,164.0,124.0,84.0,63.0,63.0,81.0,104.0,123.0,130.0,132.0,133.0,138.0,0.5635750863534896,0.8260648413058486
69.0,140.0,162.0,165.0,161.0,144.0,112.0,89.0,59.0,55.0,55.0,55.0,69.0,164.0,202.0,196.0,172.0,158.0,143.0,119.0,101.0,86.0,77.0,93.0,127.0,152.0,158.0,150.0,136.0,128.0,129.0,131.0,132.0,131.0,128.0,126.0,126.0,123.0,121.0,122.0,126.0,131.0,134.0,135.0,136.0,139.0,142.0,144.0,144.0,143.0,170.0,147.0,94.0,92.0,118.0,157.0,158.0,145.0,124.0,113.0,107.0,99.0,94.0,98.0,103.0,108.0,122.0,144.0,173.0,194.0,184.0,134.0,75.0,55.0,55.0,55.0,131.0,200.0,205.0,205.0,172.0,113.0,74.0,72.0,102.0,143.0,171.0,176.0,160.0,137.0,118.0,108.0,103.0,102.0,104.0,108.0,114.0,121.0,126.0,128.0,0.782011888192043,0.6232635130715705
178.0,179.0,170.0,166.0,166.0,110.0,75.0,55.0,55.0,67.0,118.0,134.0,163.0,172.0,199.0,205.0,192.0,152.0,110.0,68.0,55.0,69.0,98.0,118.0,134.0,146.0,150.0,159.0,168.0,165.0,146.0,122.0,102.0,95.0,100.0,111.0,121.0,129.0,132.0,132.0,132.0,131.0,129.0,130.0,130.0,131.0,131.0,131.0,130.0,130.0,156.0,134.0,125.0,120.0,117.0,131.0,133.0,124.0,125.0,141.0,148.0,148.0,135.0,109.0,93.0,100.0,109.0,112.0,123.0,139.0,154.0,175.0,200.0,188.0,146.0,88.0,55.0,55.0,55.0,70.0,180.0,205.0,205.0,205.0,140.0,101.0,88.0,97.0,112.0,122.0,122.0,116.0,111.0,113.0,120.0,126.0,131.0,132.0,132.0,134.0,0.9309723960156723,0.3650895751138867
62.0,55.0,55.0,65.0,131.0,148.0,154.0,159.0,147.0,137.0,104.0,66.0,55.0,55.0,55.0,78.0,110.0,134.0,139.0,151.0,164.0,161.0,150.0,143.0,135.0,125.0,122.0,118.0,112.0,106.0,108.0,118.0,134.0,147.0,154.0,153.0,148.0,140.0,133.0,128.0,125.0,124.0,126.0,129.0,133.0,135.0,136.0,138.0,141.0,143.0,148.0,156.0,130.0,115.0,107.0,123.0,144.0,144.0,119.0,98.0,99.0,115.0,137.0,148.0,139.0,125.0,128.0,143.0,157.0,162.0,146.0,107.0,77.0,84.0,122.0,165.0,187.0,170.0,126.0,91.0,91.0,125.0,164.0,183.0,168.0,128.0,87.0,66.0,71.0,93.0,119.0,133.0,133.0,126.0,124.0,129.0,142.0,151.0,150.0,141.0,0.9972225091728553,0.07447997851097024
173.0,139.0,91.0,77.0,60.0,55.0,55.0,55.0,55.0,74.0,192.0,205.0,205.0,161.0,125.0,76.0,55.0,55.0,55.0,55.0,59.0,160.0,205.0,205.0,205.0,174.0,138.0,115.0,102.0,93.0,89.0,94.0,109.0,127.0,140.0,145.0,144.0,140.0,135.0,130.0,126.0,124.0,124.0,129.0,134.0,138.0,140.0,141.0,142.0,143.0,205.0,121.0,61.0,98.0,109.0,135.0,108.0,115.0,118.0,144.0,135.0,121.0,102.0,101.0,104.0,105.0,111.0,118.0,130.0,142.0,153.0,153.0,146.0,126.0,102.0,76.0,65.0,76.0,110.0,155.0,201.0,205.0,205.0,204.0,132.0,71.0,55.0,55.0,55.0,133.0,179.0,197.0,185.0,158.0,129.0,111.0,104.0,105.0,109.0,112.0,0.9748763678585712,-0.22274664394975655
64.0,161.0,129.0,187.0,141.0,166.0,151.0,188.0,159.0,144.0,119.0,105.0,87.0,99.0,121.0,117.0,122.0,147.0,168.0,165.0,166.0,155.0,129.0,107.0,100.0,95.0,95.0,102.0,121.0,139.0,155.0,154.0,146.0,134.0,128.0,124.0,128.0,129.0,131.0,132.0,133.0,135.0,133.0,129.0,125.0,124.0,124.0,124.0,123.0,122.0,93.0,110.0,118.0,123.0,119.0,121.0,133.0,125.0,112.0,88.0,99.0,116.0,141.0,155.0,166.0,162.0,158.0,152.0,133.0,99.0,65.0,55.0,55.0,87.0,151.0,205.0,205.0,205.0,182.0,142.0,114.0,99.0,84.0,65.0,55.0,55.0,77.0,124.0,168.0,192.0,191.0,171.0,146.0,126.0,120.0,124.0,129.0,128.0,119.0,108.0,0.8659192706437256,-0.5001837829516649
145.0,158.0,110.0,125.0,69.0,99.0,56.0,82.0,79.0,107.0,87.0,122.0,122.0,124.0,110.0,119.0,117.0,112.0,130.0,157.0,158.0,145.0,142.0,133.0,121.0,120.0,116.0,106.0,108.0,127.0,151.0,159.0,153.0,135.0,124.0,119.0,117.0,118.0,121.0,123.0,126.0,130.0,135.0,138.0,140.0,141.0,145.0,147.0,148.0,147.0,205.0,144.0,85.0,98.0,102.0,162.0,148.0,118.0,89.0,106.0,118.0,133.0,131.0,129.0,128.0,128.0,136.0,144.0,144.0,122.0,94.0,63.0,55.0,78.0,134.0,176.0,193.0,188.0,166.0,141.0,127.0,121.0,112.0,102.0,93.0,89.0,93.0,112.0,141.0,172.0,191.0,193.0,178.0,153.0,131.0,118.0,109.0,103.0,96.0,91.0,0.6800312945648083,-0.7331830865564964
65.0,55.0,55.0,55.0,126.0,186.0,170.0,137.0,126.0,121.0,91.0,60.0,55.0,55.0,55.0,75.0,174.0,204.0,205.0,189.0,157.0,130.0,111.0,99.0,91.0,91.0,99.0,116.0,133.0,145.0,148.0,147.0,143.0,136.0,129.0,123.0,122.0,123.0,128.0,131.0,134.0,135.0,137.0,142.0,145.0,145.0,145.0,143.0,144.0,145.0,145.0,112.0,109.0,132.0,141.0,127.0,105.0,92.0,95.0,105.0,116.0,121.0,128.0,139.0,151.0,155.0,146.0,121.0,90.0,65.0,57.0,76.0,117.0,167.0,205.0,205.0,205.0,205.0,134.0,70.0,55.0,55.0,55.0,98.0,178.0,205.0,203.0,176.0,142.0,115.0,101.0,98.0,101.0,105.0,106.0,105.0,104.0,107.0,112.0,120.0,0.4337272878932852,-0.901044194108555
184.0,108.0,93.0,123.0,172.0,183.0,176.0,120.0,89.0,94.0,117.0,104.0,97.0,117.0,134.0,140.0,157.0,162.0,125.0,88.0,84.0,97.0,108.0,126.0,143.0,148.0,149.0,151.0,147.0,133.0,116.0,105.0,106.0,116.0,127.0,136.0,140.0,140.0,135.0,131.0,126.0,122.0,119.0,118.0,121.0,122.0,122.0,122.0,124.0,126.0,175.0,159.0,118.0,119.0,96.0,135.0,148.0,159.0,145.0,126.0,114.0,125.0,132.0,121.0,100.0,77.0,76.0,104.0,161.0,201.0,205.0,177.0,129.0,96.0,91.0,99.0,98.0,81.0,61.0,62.0,101.0,173.0,205.0,205.0,205.0,202.0,92.0,56.0,57.0,87.0,117.0,133.0,130.0,117.0,110.0,115.0,130.0,145.0,150.0,146.0,0.14888964122070455,-0.9888538186896837
96.0,109.0,67.0,88.0,93.0,102.0,87.0,112.0,142.0,154.0,160.0,166.0,164.0,130.0,128.0,149.0,162.0,157.0,162.0,152.0,124.0,107.0,109.0,107.0,104.0,110.0,122.0,134.0,149.0,157.0,155.0,143.0,126.0,110.0,102.0,103.0,108.0,120.0,131.0,141.0,146.0,150.0,150.0,151.0,149.0,146.0,142.0,138.0,133.0,129.0,177.0,164.0,94.0,90.0,130.0,139.0,132.0,129.0,134.0,132.0,123.0,108.0,104.0,106.0,97.0,87.0,87.0,103.0,139.0,174.0,177.0,151.0,124.0,104.0,94.0,105.0,125.0,126.0,109.0,95.0,96.0,120.0,165.0,205.0,205.0,205.0,157.0,111.0,90.0,99.0,117.0,129.0,122.0,109.0,97.0,92.0,97.0,106.0,118.0,127.0,-0.14917581009970413,-0.9888106884945657
115.0,101.0,55.0,57.0,79.0,114.0,110.0,128.0,112.0,116.0,132.0,150.0,143.0,134.0,138.0,151.0,164.0,167.0,157.0,118.0,77.0,66.0,86.0,108.0,130.0,147.0,153.0,156.0,162.0,160.0,143.0,121.0,101.0,92.0,95.0,108.0,126.0,140.0,150.0,152.0,152.0,149.0,147.0,145.0,146.0,147.0,145.0,141.0,136.0,134.0,205.0,109.0,55.0,91.0,105.0,129.0,112.0,110.0,120.0,133.0,131.0,115.0,105.0,92.0,88.0,86.0,96.0,113.0,138.0,156.0,165.0,165.0,158.0,140.0,111.0,75.0,55.0,55.0,63.0,148.0,205.0,205.0,205.0,205.0,124.0,57.0,55.0,55.0,55.0,144.0,184.0,187.0,162.0,129.0,106.0,97.0,100.0,105.0,111.0,113.0,-0.4339880326662329,-0.9009186353397807
76.0,93.0,89.0,91.0,97.0,126.0,133.0,149.0,170.0,154.0,103.0,66.0,55.0,55.0,55.0,89.0,134.0,160.0,179.0,188.0,182.0,162.0,134.0,103.0,80.0,76.0,88.0,111.0,134.0,148.0,152.0,148.0,140.0,131.0,123.0,117.0,114.0,112.0,113.0,115.0,119.0,122.0,125.0,127.0,129.0,132.0,133.0,136.0,138.0,139.0,95.0,80.0,100.0,129.0,119.0,124.0,116.0,142.0,136.0,128.0,105.0,98.0,94.0,103.0,118.0,135.0,149.0,155.0,154.0,146.0,137.0,116.0,85.0,55.0,55.0,55.0,94.0,183.0,205.0,205.0,205.0,205.0,82.0,55.0,55.0,55.0,55.0,109.0,189.0,205.0,205.0,179.0,151.0,132.0,122.0,116.0,112.0,109.0,108.0,106.0,-0.6802434498799051,-0.7329862542336555
150.0,71.0,55.0,55.0,118.0,120.0,173.0,159.0,159.0,142.0,178.0,177.0,161.0,143.0,127.0,89.0,56.0,55.0,55.0,55.0,59.0,120.0,161.0,195.0,205.0,205.0,179.0,138.0,99.0,71.0,59.0,65.0,87.0,118.0,147.0,164.0,169.0,167.0,158.0,149.0,141.0,134.0,128.0,125.0,122.0,122.0,121.0,120.0,119.0,120.0,179.0,136.0,86.0,87.0,125.0,134.0,122.0,112.0,125.0,138.0,134.0,111.0,100.0,102.0,109.0,117.0,124.0,124.0,139.0,163.0,172.0,164.0,151.0,122.0,82.0,62.0,70.0,94.0,128.0,168.0,196.0,202.0,193.0,174.0,142.0,104.0,76.0,64.0,71.0,94.0,121.0,139.0,145.0,140.0,130.0,123.0,123.0,128.0,133.0,138.0,-0.8660639879830977,-0.4999331642517956
55.0,71.0,123.0,115.0,158.0,149.0,197.0,189.0,205.0,173.0,144.0,65.0,55.0,55.0,55.0,107.0,154.0,184.0,205.0,205.0,205.0,165.0,119.0,81.0,58.0,62.0,80.0,105.0,131.0,157.0,169.0,168.0,153.0,135.0,119.0,117.0,118.0,124.0,126.0,130.0,132.0,135.0,136.0,134.0,131.0,128.0,127.0,127.0,128.0,127.0,93.0,113.0,136.0,137.0,146.0,138.0,127.0,108.0,71.0,74.0,89.0,123.0,138.0,152.0,153.0,168.0,175.0,165.0,124.0,72.0,55.0,55.0,55.0,113.0,205.0,205.0,205.0,205.0,205.0,97.0,55.0,55.0,55.0,55.0,69.0,186.0,205.0,205.0,205.0,151.0,93.0,58.0,55.0,60.0,88.0,107.0,116.0,117.0,115.0,118.0,-0.9749407900974466,-0.22246450459380396
92.0,82.0,106.0,136.0,95.0,55.0,55.0,55.0,55.0,112.0,160.0,175.0,185.0,189.0,170.0,128.0,83.0,55.0,55.0,55.0,66.0,130.0,166.0,189.0,194.0,186.0,165.0,130.0,97.0,79.0,81.0,97.0,118.0,132.0,138.0,137.0,134.0,130.0,126.0,123.0,121.0,124.0,129.0,133.0,135.0,136.0,136.0,138.0,140.0,140.0,115.0,148.0,170.0,174.0,132.0,112.0,112.0,102.0,100.0,117.0,141.0,162.0,169.0,158.0,149.0,146.0,129.0,90.0,55.0,55.0,55.0,82.0,204.0,205.0,205.0,205.0,205.0,113.0,55.0,55.0,55.0,55.0,57.0,141.0,205.0,205.0,205.0,205.0,161.0,106.0,63.0,55.0,55.0,79.0,100.0,113.0,116.0,116.0,120.0,130.0,-0.9972009128452903,0.07476857241194176
124.0,92.0,148.0,188.0,205.0,205.0,205.0,103.0,55.0,55.0,55.0,55.0,55.0,117.0,196.0,205.0,205.0,205.0,148.0,81.0,55.0,55.0,55.0,92.0,139.0,164.0,173.0,174.0,165.0,146.0,124.0,107.0,102.0,110.0,122.0,133.0,137.0,136.0,132.0,128.0,126.0,124.0,122.0,122.0,123.0,125.0,127.0,128.0,131.0,133.0,168.0,104.0,127.0,110.0,106.0,91.0,97.0,110.0,137.0,132.0,120.0,130.0,159.0,179.0,170.0,147.0,107.0,72.0,66.0,91.0,121.0,145.0,163.0,174.0,175.0,169.0,156.0,122.0,80.0,57.0,71.0,119.0,173.0,197.0,170.0,106.0,55.0,55.0,55.0,95.0,167.0,197.0,196.0,172.0,144.0,125.0,122.0,128.0,131.0,126.0,-0.9308666998045204,0.36535898400756617
183.0,135.0,85.0,63.0,71.0,84.0,96.0,128.0,171.0,205.0,205.0,205.0,140.0,71.0,55.0,55.0,55.0,59.0,128.0,166.0,195.0,205.0,199.0,164.0,114.0,77.0,68.0,82.0,107.0,129.0,141.0,146.0,146.0,143.0,136.0,128.0,122.0,122.0,123.0,125.0,123.0,122.0,122.0,124.0,126.0,127.0,126.0,125.0,125.0,127.0,149.0,137.0,119.0,102.0,107.0,124.0,134.0,135.0,128.0,123.0,125.0,120.0,106.0,93.0,88.0,97.0,120.0,153.0,182.0,202.0,205.0,195.0,164.0,119.0,71.0,55.0,55.0,55.0,72.0,189.0,205.0,205.0,205.0,205.0,116.0,59.0,55.0,55.0,55.0,55.0,91.0,101.0,107.0,115.0,127.0,141.0,155.0,163.0,165.0,162.0,-0.7818314824680244,0.6234898018587404
