Feat_1,Feat_2,Feat_3,Feat_4,Feat_5,Feat_6,Feat_7,Feat_8,Feat_9,Feat_10,Feat_11,Feat_12,Feat_13,Feat_14,Feat_15,Feat_16,Feat_17,Feat_18,Feat_19,Feat_20,Feat_21,Feat_22,Feat_23,Feat_24,Feat_25,Feat_26,Feat_27,Feat_28,Feat_29,Feat_30,Feat_31,Feat_32,Feat_33,Feat_34,Feat_35,Feat_36,Feat_37,Feat_38,Feat_39,Feat_40,Feat_41,Feat_42,Feat_43,Feat_44,Feat_45,Feat_46,Feat_47,Feat_48,Feat_49,Feat_50,Feat_51,Feat_52,Feat_53,Feat_54,Feat_55,Feat_56,Feat_57,Feat_58,Feat_59,Feat_60,Feat_61,Feat_62,Feat_63,Feat_64,Feat_65,Feat_66,Feat_67,Feat_68,Feat_69,Feat_70,Feat_71,Feat_72,Feat_73,Feat_74,Feat_75,Feat_76,Feat_77,Feat_78,Feat_79,Feat_80,Feat_81,Feat_82,Feat_83,Feat_84,Feat_85,Feat_86,Feat_87,Feat_88,Feat_89,Feat_90,Feat_91,Feat_92,Feat_93,Feat_94,Feat_95,Feat_96,Feat_97,Feat_98,Feat_99,Feat_100,Label_Sin,Label_Cos
55.0,55.0,78.0,122.0,123.0,139.0,131.0,144.0,164.0,166.0,138.0,124.0,151.0,167.0,171.0,162.0,142.0,94.0,69.0,75.0,96.0,108.0,126.0,144.0,159.0,171.0,176.0,166.0,138.0,107.0,86.0,83.0,96.0,114.0,132.0,146.0,154.0,156.0,155.0,152.0,149.0,146.0,144.0,142.0,139.0,135.0,131.0,129.0,128.0,125.0,181.0,112.0,95.0,107.0,136.0,130.0,130.0,139.0,141.0,134.0,119.0,112.0,114.0,111.0,91.0,80.0,87.0,123.0,173.0,203.0,190.0,153.0,114.0,91.0,88.0,101.0,105.0,87.0,71.0,78.0,121.0,186.0,205.0,205.0,205.0,145.0,79.0,55.0,55.0,92.0,133.0,150.0,141.0,122.0,108.0,109.0,123.0,137.0,144.0,142.0,-0.11609291412523189,-0.9932383577419428
74.0,75.0,80.0,84.0,80.0,92.0,128.0,161.0,177.0,174.0,173.0,162.0,155.0,147.0,129.0,86.0,55.0,55.0,86.0,119.0,147.0,160.0,161.0,165.0,170.0,164.0,138.0,108.0,86.0,83.0,96.0,113.0,127.0,137.0,142.0,145.0,145.0,142.0,139.0,138.0,140.0,142.0,141.0,138.0,135.0,133.0,132.0,131.0,129.0,127.0,159.0,148.0,108.0,99.0,125.0,145.0,141.0,126.0,131.0,133.0,130.0,118.0,114.0,110.0,105.0,110.0,124.0,133.0,148.0,167.0,159.0,124.0,100.0,91.0,83.0,91.0,117.0,137.0,140.0,141.0,142.0,142.0,147.0,157.0,158.0,141.0,118.0,99.0,97.0,113.0,136.0,152.0,155.0,147.0,134.0,124.0,120.0,121.0,124.0,125.0,-0.3416499209581129,-0.9398272881276193
161.0,134.0,142.0,131.0,115.0,95.0,108.0,100.0,100.0,116.0,131.0,116.0,102.0,97.0,80.0,68.0,85.0,119.0,142.0,160.0,174.0,175.0,162.0,140.0,115.0,93.0,82.0,87.0,106.0,130.0,148.0,154.0,153.0,147.0,137.0,128.0,120.0,115.0,113.0,114.0,114.0,117.0,119.0,121.0,124.0,128.0,131.0,133.0,134.0,134.0,157.0,150.0,129.0,91.0,99.0,128.0,129.0,106.0,118.0,125.0,145.0,141.0,143.0,144.0,136.0,111.0,92.0,81.0,80.0,113.0,157.0,180.0,186.0,194.0,179.0,135.0,94.0,67.0,57.0,74.0,116.0,159.0,181.0,184.0,173.0,151.0,124.0,105.0,96.0,98.0,109.0,121.0,126.0,127.0,127.0,125.0,125.0,126.0,127.0,129.0,-0.5488505197392489,-0.8359205147512271
82.0,118.0,71.0,110.0,87.0,132.0,119.0,126.0,140.0,189.0,204.0,197.0,182.0,134.0,76.0,55.0,55.0,55.0,55.0,55.0,138.0,178.0,205.0,205.0,205.0,168.0,126.0,90.0,66.0,61.0,74.0,100.0,130.0,151.0,160.0,160.0,154.0,145.0,138.0,131.0,126.0,123.0,120.0,120.0,121.0,121.0,120.0,120.0,121.0,123.0,204.0,151.0,113.0,94.0,97.0,103.0,137.0,127.0,120.0,121.0,130.0,137.0,131.0,111.0,96.0,98.0,102.0,120.0,139.0,150.0,153.0,159.0,154.0,137.0,120.0,97.0,62.0,55.0,55.0,110.0,176.0,205.0,205.0,205.0,166.0,91.0,55.0,55.0,55.0,63.0,141.0,172.0,180.0,170.0,154.0,141.0,132.0,127.0,123.0,120.0,-0.7265620904781946,-0.6871008140585744
106.0,90.0,141.0,133.0,159.0,176.0,200.0,205.0,196.0,153.0,80.0,55.0,55.0,55.0,94.0,145.0,178.0,205.0,205.0,205.0,179.0,132.0,87.0,59.0,55.0,71.0,94.0,123.0,152.0,172.0,175.0,163.0,142.0,123.0,115.0,115.0,120.0,124.0,128.0,131.0,135.0,137.0,136.0,133.0,129.0,128.0,128.0,129.0,128.0,126.0,150.0,141.0,127.0,148.0,104.0,121.0,119.0,130.0,114.0,127.0,132.0,142.0,138.0,140.0,150.0,145.0,131.0,116.0,99.0,83.0,104.0,141.0,159.0,161.0,164.0,150.0,124.0,114.0,117.0,118.0,118.0,119.0,114.0,108.0,111.0,125.0,138.0,144.0,139.0,128.0,119.0,119.0,126.0,133.0,139.0,140.0,135.0,130.0,127.0,127.0,-0.8652364204932321,-0.5013640759488646
146.0,129.0,105.0,136.0,123.0,122.0,57.0,55.0,55.0,55.0,76.0,138.0,160.0,184.0,185.0,184.0,155.0,122.0,86.0,63.0,63.0,81.0,106.0,136.0,163.0,175.0,178.0,169.0,149.0,121.0,104.0,97.0,105.0,116.0,126.0,129.0,131.0,129.0,128.0,126.0,125.0,125.0,127.0,131.0,135.0,137.0,138.0,139.0,140.0,140.0,125.0,142.0,150.0,121.0,96.0,116.0,125.0,121.0,134.0,130.0,134.0,119.0,118.0,126.0,146.0,142.0,135.0,119.0,105.0,120.0,163.0,185.0,166.0,134.0,100.0,75.0,85.0,130.0,169.0,184.0,174.0,147.0,113.0,95.0,101.0,117.0,128.0,126.0,112.0,97.0,95.0,107.0,125.0,138.0,144.0,141.0,137.0,137.0,140.0,143.0,-0.9574227175203971,-0.2886896949595843
132.0,114.0,92.0,115.0,128.0,158.0,158.0,148.0,158.0,150.0,121.0,73.0,65.0,58.0,66.0,92.0,139.0,154.0,159.0,167.0,172.0,153.0,128.0,106.0,87.0,87.0,108.0,136.0,150.0,149.0,137.0,129.0,128.0,132.0,134.0,134.0,131.0,126.0,123.0,120.0,117.0,114.0,114.0,116.0,119.0,122.0,123.0,125.0,127.0,129.0,187.0,130.0,104.0,96.0,98.0,137.0,138.0,125.0,109.0,108.0,102.0,102.0,103.0,120.0,142.0,151.0,158.0,154.0,140.0,120.0,105.0,76.0,55.0,55.0,55.0,136.0,205.0,205.0,205.0,205.0,134.0,75.0,55.0,55.0,85.0,112.0,125.0,129.0,137.0,153.0,174.0,190.0,187.0,168.0,139.0,114.0,99.0,96.0,99.0,100.0,-0.9981679311381814,-0.06050439031444519
193.0,183.0,161.0,113.0,79.0,62.0,73.0,84.0,108.0,146.0,188.0,205.0,205.0,179.0,107.0,55.0,55.0,55.0,55.0,87.0,144.0,178.0,202.0,205.0,187.0,142.0,95.0,69.0,72.0,92.0,118.0,135.0,143.0,145.0,144.0,139.0,131.0,125.0,121.0,122.0,124.0,124.0,122.0,121.0,122.0,124.0,127.0,126.0,125.0,125.0,130.0,134.0,156.0,137.0,113.0,121.0,129.0,125.0,122.0,123.0,137.0,144.0,145.0,149.0,151.0,139.0,127.0,115.0,93.0,88.0,118.0,149.0,161.0,169.0,168.0,147.0,123.0,115.0,114.0,113.0,116.0,113.0,103.0,97.0,108.0,133.0,155.0,164.0,152.0,129.0,109.0,102.0,109.0,121.0,134.0,139.0,138.0,134.0,131.0,131.0,-0.9852828737558897,0.170931736910778
55.0,55.0,55.0,103.0,129.0,158.0,170.0,192.0,188.0,154.0,100.0,59.0,55.0,55.0,55.0,112.0,147.0,175.0,191.0,190.0,178.0,151.0,117.0,89.0,78.0,84.0,103.0,124.0,139.0,145.0,144.0,140.0,136.0,133.0,130.0,130.0,131.0,134.0,136.0,137.0,138.0,139.0,140.0,140.0,139.0,138.0,137.0,137.0,137.0,136.0,129.0,133.0,136.0,137.0,109.0,129.0,122.0,108.0,105.0,104.0,126.0,139.0,150.0,155.0,168.0,160.0,158.0,143.0,108.0,74.0,74.0,92.0,115.0,156.0,194.0,201.0,179.0,156.0,131.0,110.0,100.0,100.0,96.0,92.0,96.0,110.0,126.0,132.0,128.0,118.0,116.0,122.0,133.0,143.0,150.0,151.0,146.0,138.0,132.0,128.0,-0.9194598428293979,0.39318392315065354
112.0,188.0,150.0,169.0,82.0,56.0,55.0,55.0,66.0,114.0,156.0,177.0,195.0,204.0,183.0,113.0,63.0,55.0,55.0,55.0,116.0,157.0,176.0,182.0,181.0,165.0,142.0,118.0,102.0,96.0,101.0,110.0,126.0,138.0,142.0,139.0,135.0,130.0,125.0,123.0,123.0,126.0,128.0,128.0,128.0,130.0,132.0,134.0,135.0,134.0,149.0,128.0,142.0,113.0,134.0,117.0,104.0,75.0,109.0,134.0,166.0,159.0,149.0,143.0,142.0,134.0,113.0,75.0,55.0,55.0,55.0,156.0,205.0,205.0,205.0,205.0,95.0,67.0,55.0,55.0,58.0,98.0,118.0,142.0,171.0,193.0,199.0,186.0,157.0,123.0,102.0,96.0,101.0,111.0,116.0,111.0,104.0,100.0,104.0,117.0,-0.8042354246148969,0.5943108461020179
195.0,165.0,103.0,67.0,61.0,79.0,90.0,116.0,154.0,195.0,205.0,205.0,168.0,100.0,55.0,55.0,55.0,55.0,107.0,151.0,185.0,205.0,205.0,181.0,134.0,90.0,69.0,75.0,97.0,122.0,138.0,144.0,147.0,144.0,139.0,132.0,125.0,122.0,123.0,125.0,124.0,123.0,121.0,123.0,126.0,128.0,127.0,126.0,126.0,127.0,132.0,167.0,168.0,159.0,121.0,112.0,119.0,130.0,130.0,137.0,142.0,144.0,144.0,154.0,163.0,151.0,134.0,115.0,92.0,87.0,123.0,165.0,182.0,183.0,174.0,147.0,118.0,106.0,100.0,91.0,86.0,92.0,107.0,133.0,161.0,180.0,174.0,146.0,107.0,76.0,67.0,81.0,108.0,133.0,150.0,155.0,152.0,149.0,150.0,151.0,-0.6458004779667927,0.7635062165155317
55.0,55.0,65.0,168.0,162.0,191.0,144.0,145.0,97.0,92.0,57.0,69.0,82.0,123.0,156.0,179.0,173.0,154.0,126.0,99.0,89.0,90.0,103.0,125.0,151.0,163.0,166.0,156.0,138.0,115.0,104.0,102.0,113.0,126.0,139.0,144.0,146.0,143.0,140.0,137.0,134.0,133.0,133.0,134.0,135.0,135.0,135.0,135.0,137.0,137.0,127.0,137.0,132.0,149.0,110.0,123.0,122.0,125.0,122.0,123.0,134.0,140.0,142.0,142.0,153.0,142.0,131.0,117.0,99.0,84.0,106.0,142.0,158.0,163.0,167.0,152.0,126.0,116.0,118.0,118.0,117.0,118.0,111.0,103.0,107.0,123.0,140.0,149.0,146.0,138.0,124.0,117.0,114.0,121.0,131.0,138.0,138.0,133.0,130.0,128.0,-0.45266750750435325,0.8916793861303491
55.0,55.0,58.0,92.0,109.0,112.0,179.0,182.0,201.0,170.0,164.0,96.0,65.0,55.0,55.0,55.0,55.0,66.0,165.0,205.0,205.0,205.0,204.0,161.0,119.0,87.0,62.0,55.0,55.0,92.0,135.0,167.0,181.0,176.0,160.0,146.0,132.0,126.0,122.0,123.0,123.0,129.0,130.0,131.0,130.0,131.0,134.0,136.0,138.0,139.0,157.0,131.0,131.0,82.0,115.0,136.0,156.0,131.0,129.0,116.0,122.0,113.0,106.0,100.0,93.0,90.0,105.0,136.0,163.0,200.0,205.0,184.0,130.0,95.0,72.0,62.0,77.0,105.0,131.0,154.0,177.0,190.0,189.0,179.0,167.0,149.0,126.0,104.0,86.0,77.0,79.0,86.0,94.0,103.0,113.0,123.0,133.0,143.0,148.0,150.0,-0.2352132977563505,0.97194377643904
121.0,121.0,134.0,170.0,196.0,194.0,149.0,94.0,55.0,55.0,55.0,88.0,115.0,140.0,166.0,188.0,197.0,186.0,150.0,105.0,75.0,70.0,87.0,111.0,133.0,145.0,150.0,149.0,144.0,137.0,130.0,126.0,126.0,126.0,125.0,123.0,122.0,122.0,124.0,125.0,125.0,124.0,124.0,126.0,128.0,130.0,130.0,130.0,131.0,132.0,131.0,144.0,139.0,141.0,138.0,114.0,114.0,124.0,138.0,138.0,141.0,143.0,138.0,143.0,155.0,152.0,137.0,130.0,122.0,110.0,116.0,140.0,156.0,157.0,150.0,131.0,104.0,86.0,88.0,108.0,136.0,165.0,177.0,164.0,130.0,94.0,69.0,64.0,78.0,101.0,125.0,146.0,157.0,161.0,160.0,157.0,154.0,150.0,145.0,140.0,-0.0051213819591154385,0.9999868856374212
161.0,116.0,117.0,92.0,125.0,81.0,75.0,55.0,87.0,111.0,161.0,172.0,181.0,155.0,137.0,104.0,68.0,55.0,55.0,55.0,82.0,146.0,186.0,204.0,203.0,185.0,149.0,118.0,97.0,87.0,89.0,103.0,119.0,134.0,142.0,148.0,150.0,150.0,142.0,134.0,127.0,125.0,124.0,127.0,130.0,132.0,134.0,135.0,136.0,138.0,156.0,150.0,137.0,139.0,94.0,126.0,124.0,125.0,118.0,127.0,137.0,142.0,139.0,142.0,152.0,140.0,128.0,112.0,92.0,84.0,116.0,150.0,161.0,163.0,161.0,140.0,117.0,114.0,119.0,119.0,120.0,120.0,115.0,111.0,117.0,131.0,139.0,139.0,131.0,122.0,118.0,125.0,134.0,141.0,143.0,140.0,133.0,127.0,126.0,126.0,0.22524569906211991,0.9743019937647757
77.0,63.0,147.0,142.0,171.0,159.0,156.0,111.0,94.0,57.0,55.0,55.0,55.0,71.0,166.0,203.0,196.0,170.0,155.0,138.0,115.0,101.0,89.0,82.0,99.0,135.0,158.0,165.0,154.0,137.0,125.0,125.0,127.0,132.0,133.0,133.0,131.0,130.0,127.0,124.0,125.0,128.0,132.0,134.0,135.0,136.0,138.0,142.0,145.0,146.0,159.0,117.0,123.0,142.0,111.0,114.0,113.0,114.0,99.0,114.0,114.0,127.0,122.0,127.0,144.0,164.0,168.0,161.0,138.0,104.0,100.0,117.0,128.0,129.0,137.0,137.0,131.0,144.0,167.0,175.0,167.0,154.0,127.0,97.0,79.0,84.0,96.0,103.0,103.0,97.0,94.0,103.0,122.0,143.0,157.0,160.0,154.0,146.0,141.0,140.0,0.443510620210651,0.8962691168172446
135.0,205.0,128.0,205.0,127.0,129.0,63.0,57.0,55.0,82.0,115.0,141.0,168.0,175.0,205.0,205.0,187.0,139.0,110.0,71.0,65.0,83.0,112.0,121.0,134.0,142.0,145.0,153.0,165.0,160.0,143.0,124.0,110.0,106.0,110.0,116.0,122.0,126.0,127.0,129.0,130.0,131.0,131.0,132.0,132.0,133.0,132.0,132.0,131.0,131.0,147.0,142.0,140.0,144.0,127.0,122.0,127.0,133.0,135.0,141.0,138.0,130.0,142.0,166.0,175.0,164.0,145.0,115.0,88.0,86.0,104.0,120.0,128.0,131.0,135.0,144.0,160.0,175.0,172.0,148.0,110.0,74.0,55.0,58.0,82.0,112.0,139.0,153.0,155.0,154.0,155.0,159.0,161.0,158.0,151.0,141.0,131.0,124.0,120.0,119.0,0.6379462897761927,0.7700808602742897
55.0,55.0,71.0,149.0,165.0,156.0,146.0,133.0,123.0,90.0,57.0,55.0,55.0,55.0,92.0,124.0,136.0,142.0,156.0,163.0,155.0,146.0,139.0,129.0,123.0,120.0,115.0,108.0,105.0,110.0,124.0,140.0,150.0,153.0,150.0,144.0,136.0,130.0,126.0,123.0,124.0,127.0,131.0,133.0,135.0,137.0,139.0,142.0,144.0,146.0,123.0,109.0,137.0,122.0,104.0,105.0,129.0,126.0,136.0,118.0,126.0,125.0,138.0,149.0,151.0,127.0,114.0,104.0,91.0,96.0,124.0,143.0,140.0,142.0,141.0,129.0,120.0,124.0,129.0,133.0,143.0,149.0,139.0,117.0,94.0,80.0,84.0,106.0,138.0,164.0,179.0,178.0,162.0,143.0,128.0,117.0,114.0,113.0,113.0,111.0,0.7981059308931193,0.602517155833116
108.0,122.0,59.0,87.0,55.0,55.0,55.0,55.0,73.0,193.0,205.0,205.0,163.0,122.0,81.0,56.0,55.0,55.0,56.0,62.0,169.0,205.0,205.0,205.0,169.0,131.0,110.0,98.0,94.0,94.0,103.0,117.0,133.0,143.0,145.0,141.0,137.0,133.0,128.0,126.0,124.0,126.0,131.0,136.0,140.0,142.0,143.0,143.0,145.0,145.0,129.0,131.0,128.0,135.0,108.0,134.0,122.0,106.0,101.0,104.0,129.0,142.0,150.0,154.0,168.0,160.0,157.0,141.0,106.0,73.0,75.0,94.0,118.0,158.0,194.0,197.0,175.0,154.0,130.0,109.0,101.0,102.0,99.0,97.0,101.0,110.0,118.0,122.0,123.0,120.0,121.0,127.0,136.0,145.0,152.0,152.0,146.0,137.0,130.0,126.0,0.9153843733406424,0.40258098445376106
80.0,55.0,82.0,133.0,144.0,174.0,154.0,163.0,151.0,179.0,162.0,149.0,123.0,111.0,88.0,100.0,120.0,121.0,119.0,140.0,158.0,156.0,158.0,156.0,137.0,116.0,109.0,103.0,101.0,105.0,119.0,134.0,148.0,148.0,144.0,136.0,132.0,129.0,132.0,133.0,133.0,133.0,134.0,135.0,133.0,129.0,126.0,125.0,125.0,125.0,185.0,130.0,113.0,111.0,129.0,106.0,99.0,134.0,163.0,173.0,157.0,149.0,145.0,148.0,126.0,93.0,56.0,55.0,55.0,134.0,191.0,205.0,205.0,187.0,123.0,77.0,56.0,55.0,55.0,74.0,101.0,135.0,174.0,200.0,198.0,165.0,120.0,90.0,87.0,112.0,146.0,169.0,171.0,157.0,134.0,116.0,111.0,115.0,125.0,131.0,0.9834803982008636,0.181014657844802
178.0,110.0,120.0,55.0,103.0,58.0,95.0,81.0,104.0,89.0,125.0,127.0,130.0,115.0,113.0,107.0,111.0,141.0,164.0,156.0,136.0,136.0,131.0,123.0,119.0,119.0,112.0,119.0,133.0,150.0,155.0,149.0,133.0,123.0,119.0,119.0,120.0,124.0,126.0,129.0,132.0,136.0,138.0,140.0,142.0,145.0,147.0,148.0,150.0,151.0,137.0,141.0,140.0,129.0,128.0,149.0,148.0,132.0,125.0,125.0,135.0,128.0,121.0,117.0,116.0,112.0,122.0,129.0,126.0,132.0,145.0,143.0,126.0,120.0,120.0,119.0,132.0,157.0,167.0,151.0,116.0,79.0,58.0,76.0,132.0,193.0,205.0,205.0,194.0,134.0,95.0,79.0,83.0,96.0,109.0,114.0,113.0,112.0,116.0,125.0,0.9987352941954942,-0.0502773520408503
124.0,84.0,71.0,58.0,55.0,55.0,55.0,93.0,159.0,179.0,161.0,135.0,125.0,97.0,70.0,55.0,55.0,55.0,56.0,149.0,196.0,205.0,197.0,169.0,137.0,117.0,102.0,92.0,88.0,97.0,113.0,131.0,139.0,143.0,145.0,146.0,142.0,133.0,125.0,121.0,121.0,125.0,131.0,135.0,137.0,138.0,140.0,143.0,145.0,144.0,114.0,128.0,148.0,150.0,117.0,114.0,128.0,124.0,128.0,119.0,133.0,138.0,144.0,145.0,155.0,142.0,131.0,119.0,101.0,85.0,105.0,140.0,156.0,165.0,169.0,156.0,129.0,118.0,116.0,117.0,115.0,115.0,107.0,98.0,102.0,122.0,146.0,160.0,158.0,139.0,118.0,107.0,107.0,116.0,129.0,136.0,138.0,135.0,132.0,131.0,0.9603294355073266,-0.2788680248758889
125.0,141.0,118.0,154.0,143.0,167.0,155.0,175.0,127.0,118.0,102.0,119.0,92.0,100.0,113.0,126.0,136.0,169.0,185.0,166.0,141.0,125.0,109.0,99.0,103.0,109.0,113.0,119.0,131.0,143.0,151.0,149.0,142.0,131.0,125.0,118.0,118.0,120.0,123.0,124.0,126.0,126.0,126.0,125.0,124.0,124.0,125.0,124.0,124.0,124.0,79.0,104.0,150.0,167.0,145.0,140.0,154.0,139.0,130.0,110.0,111.0,114.0,114.0,101.0,111.0,136.0,169.0,194.0,189.0,146.0,102.0,75.0,59.0,62.0,93.0,131.0,156.0,175.0,180.0,165.0,137.0,114.0,98.0,91.0,101.0,126.0,153.0,169.0,168.0,146.0,117.0,97.0,94.0,106.0,123.0,137.0,142.0,141.0,137.0,133.0,0.8703263192145401,-0.49247547967636973
127.0,137.0,66.0,88.0,60.0,104.0,91.0,100.0,92.0,132.0,141.0,157.0,167.0,168.0,143.0,130.0,150.0,156.0,147.0,137.0,127.0,104.0,100.0,112.0,122.0,123.0,129.0,136.0,144.0,151.0,149.0,138.0,126.0,114.0,112.0,109.0,110.0,112.0,123.0,138.0,147.0,149.0,146.0,145.0,147.0,148.0,146.0,143.0,139.0,135.0,202.0,154.0,106.0,111.0,98.0,114.0,109.0,114.0,121.0,154.0,145.0,120.0,97.0,110.0,135.0,148.0,145.0,130.0,111.0,115.0,148.0,176.0,171.0,132.0,81.0,55.0,55.0,103.0,178.0,205.0,205.0,191.0,144.0,109.0,93.0,86.0,79.0,72.0,73.0,90.0,123.0,161.0,186.0,189.0,174.0,149.0,127.0,119.0,122.0,130.0,0.7335616962635022,-0.6796228643703899
163.0,88.0,122.0,55.0,74.0,76.0,113.0,107.0,126.0,117.0,118.0,133.0,148.0,150.0,132.0,139.0,145.0,161.0,165.0,165.0,135.0,98.0,77.0,89.0,105.0,123.0,138.0,145.0,149.0,157.0,161.0,151.0,130.0,109.0,97.0,99.0,110.0,122.0,133.0,142.0,147.0,150.0,151.0,149.0,148.0,147.0,148.0,147.0,143.0,139.0,150.0,152.0,139.0,116.0,97.0,132.0,135.0,120.0,116.0,122.0,140.0,143.0,144.0,145.0,149.0,133.0,121.0,106.0,87.0,92.0,129.0,156.0,160.0,163.0,156.0,130.0,113.0,115.0,119.0,119.0,121.0,120.0,114.0,113.0,123.0,135.0,139.0,135.0,126.0,118.0,119.0,129.0,140.0,145.0,145.0,138.0,130.0,125.0,125.0,127.0,0.5573837528293814,-0.8302549922053074
132.0,128.0,125.0,128.0,104.0,107.0,82.0,78.0,94.0,133.0,139.0,151.0,166.0,157.0,109.0,74.0,59.0,55.0,55.0,88.0,134.0,162.0,181.0,191.0,183.0,161.0,134.0,109.0,89.0,81.0,88.0,108.0,132.0,148.0,154.0,151.0,143.0,133.0,125.0,118.0,116.0,114.0,115.0,118.0,120.0,124.0,125.0,128.0,130.0,133.0,120.0,97.0,117.0,136.0,121.0,125.0,126.0,129.0,135.0,115.0,123.0,136.0,144.0,137.0,129.0,109.0,110.0,122.0,122.0,109.0,108.0,113.0,118.0,136.0,156.0,154.0,129.0,109.0,99.0,101.0,121.0,147.0,157.0,144.0,118.0,97.0,93.0,113.0,146.0,173.0,182.0,172.0,151.0,131.0,120.0,116.0,114.0,113.0,111.0,107.0,0.3512583017837967,-0.9362785939174104
198.0,83.0,73.0,62.0,92.0,86.0,107.0,96.0,116.0,150.0,181.0,178.0,169.0,181.0,174.0,158.0,141.0,120.0,77.0,57.0,69.0,95.0,111.0,130.0,150.0,163.0,174.0,180.0,169.0,140.0,107.0,85.0,81.0,92.0,109.0,125.0,139.0,146.0,148.0,148.0,145.0,142.0,140.0,139.0,139.0,137.0,134.0,130.0,128.0,126.0,130.0,120.0,115.0,110.0,117.0,134.0,132.0,109.0,90.0,94.0,116.0,136.0,153.0,162.0,163.0,158.0,153.0,136.0,104.0,70.0,55.0,55.0,79.0,140.0,198.0,205.0,205.0,190.0,150.0,120.0,104.0,91.0,73.0,57.0,55.0,70.0,110.0,154.0,183.0,191.0,180.0,160.0,138.0,127.0,125.0,127.0,127.0,120.0,109.0,101.0,0.12626019682094203,-0.9919971586142458
81.0,80.0,81.0,84.0,98.0,130.0,158.0,174.0,176.0,179.0,166.0,156.0,142.0,121.0,79.0,55.0,56.0,92.0,120.0,144.0,158.0,162.0,167.0,173.0,163.0,136.0,105.0,85.0,84.0,98.0,115.0,128.0,137.0,142.0,145.0,145.0,143.0,139.0,138.0,139.0,142.0,141.0,138.0,134.0,133.0,132.0,132.0,129.0,127.0,125.0,114.0,128.0,143.0,150.0,123.0,115.0,130.0,127.0,127.0,118.0,131.0,139.0,146.0,146.0,153.0,143.0,131.0,121.0,104.0,86.0,101.0,137.0,156.0,165.0,171.0,159.0,131.0,117.0,115.0,116.0,115.0,114.0,107.0,97.0,100.0,120.0,146.0,162.0,161.0,141.0,118.0,104.0,104.0,113.0,127.0,137.0,139.0,136.0,133.0,131.0,-0.10552170509711277,-0.9944169999318183
88.0,99.0,125.0,109.0,98.0,113.0,127.0,116.0,104.0,97.0,76.0,67.0,88.0,124.0,144.0,162.0,174.0,174.0,160.0,138.0,112.0,91.0,81.0,88.0,109.0,132.0,149.0,154.0,153.0,146.0,136.0,127.0,119.0,115.0,113.0,114.0,115.0,117.0,119.0,121.0,124.0,128.0,131.0,133.0,135.0,136.0,136.0,136.0,140.0,143.0,135.0,128.0,119.0,145.0,125.0,135.0,139.0,148.0,128.0,130.0,123.0,134.0,126.0,119.0,115.0,117.0,111.0,117.0,126.0,125.0,128.0,142.0,145.0,127.0,118.0,117.0,115.0,124.0,151.0,171.0,163.0,128.0,85.0,58.0,66.0,115.0,178.0,205.0,205.0,205.0,148.0,107.0,86.0,84.0,93.0,105.0,111.0,111.0,111.0,114.0,-0.33163406237822524,-0.943408102928163
67.0,127.0,78.0,117.0,81.0,137.0,114.0,135.0,156.0,200.0,204.0,193.0,176.0,117.0,61.0,55.0,55.0,55.0,55.0,90.0,164.0,193.0,205.0,205.0,189.0,147.0,108.0,77.0,62.0,66.0,88.0,118.0,150.0,160.0,158.0,148.0,142.0,140.0,137.0,131.0,125.0,121.0,121.0,122.0,122.0,122.0,120.0,120.0,121.0,123.0,152.0,165.0,181.0,138.0,112.0,110.0,119.0,122.0,131.0,142.0,143.0,144.0,148.0,157.0,156.0,136.0,102.0,66.0,55.0,80.0,143.0,199.0,205.0,205.0,186.0,147.0,118.0,102.0,82.0,60.0,55.0,55.0,93.0,152.0,205.0,205.0,205.0,199.0,120.0,72.0,56.0,68.0,94.0,115.0,124.0,123.0,121.0,126.0,136.0,147.0,-0.5399281507254546,-0.8417111096178966
55.0,114.0,140.0,140.0,139.0,161.0,195.0,205.0,205.0,174.0,115.0,56.0,55.0,55.0,57.0,120.0,166.0,201.0,205.0,205.0,205.0,158.0,106.0,65.0,55.0,55.0,75.0,105.0,141.0,173.0,183.0,176.0,155.0,134.0,119.0,113.0,114.0,118.0,123.0,128.0,134.0,140.0,140.0,136.0,132.0,129.0,129.0,130.0,129.0,127.0,119.0,119.0,115.0,124.0,163.0,141.0,142.0,132.0,130.0,118.0,117.0,120.0,121.0,114.0,106.0,120.0,134.0,155.0,172.0,167.0,125.0,97.0,91.0,93.0,101.0,128.0,147.0,143.0,136.0,135.0,133.0,131.0,135.0,134.0,127.0,121.0,126.0,137.0,147.0,148.0,135.0,116.0,103.0,100.0,106.0,119.0,132.0,138.0,137.0,134.0,-0.7192125983692851,-0.6947900678240165
78.0,69.0,131.0,152.0,138.0,89.0,70.0,58.0,71.0,94.0,121.0,131.0,156.0,179.0,177.0,147.0,102.0,60.0,55.0,55.0,93.0,129.0,161.0,182.0,185.0,178.0,156.0,126.0,99.0,84.0,84.0,100.0,122.0,140.0,148.0,147.0,142.0,137.0,132.0,129.0,129.0,131.0,134.0,135.0,135.0,135.0,137.0,139.0,141.0,140.0,124.0,133.0,83.0,113.0,139.0,170.0,134.0,123.0,127.0,128.0,129.0,123.0,120.0,105.0,90.0,84.0,110.0,137.0,167.0,185.0,174.0,139.0,127.0,128.0,115.0,98.0,90.0,84.0,88.0,120.0,164.0,193.0,198.0,185.0,155.0,122.0,105.0,109.0,122.0,131.0,126.0,108.0,89.0,83.0,91.0,107.0,126.0,138.0,141.0,142.0,-0.8598546839876885,-0.5105388549605527
205.0,139.0,186.0,137.0,144.0,55.0,55.0,55.0,55.0,55.0,141.0,194.0,205.0,205.0,205.0,168.0,94.0,55.0,55.0,55.0,55.0,94.0,159.0,182.0,189.0,188.0,173.0,149.0,119.0,98.0,91.0,100.0,112.0,126.0,132.0,133.0,130.0,128.0,125.0,120.0,117.0,117.0,120.0,124.0,126.0,128.0,130.0,132.0,134.0,136.0,166.0,103.0,83.0,106.0,121.0,130.0,126.0,128.0,126.0,128.0,113.0,102.0,94.0,97.0,112.0,136.0,148.0,153.0,157.0,152.0,136.0,118.0,93.0,59.0,55.0,55.0,107.0,176.0,205.0,205.0,205.0,203.0,99.0,55.0,55.0,55.0,55.0,127.0,167.0,185.0,183.0,168.0,151.0,136.0,125.0,118.0,114.0,112.0,113.0,114.0,-0.9542978903550223,-0.2988570502162428
166.0,107.0,70.0,65.0,80.0,88.0,105.0,142.0,190.0,205.0,205.0,178.0,105.0,55.0,55.0,55.0,55.0,102.0,147.0,181.0,203.0,205.0,186.0,141.0,95.0,70.0,73.0,94.0,120.0,137.0,145.0,147.0,145.0,140.0,133.0,126.0,122.0,123.0,123.0,123.0,121.0,125.0,129.0,130.0,126.0,123.0,123.0,127.0,130.0,131.0,157.0,113.0,114.0,136.0,146.0,141.0,128.0,144.0,125.0,130.0,113.0,122.0,115.0,111.0,106.0,124.0,135.0,152.0,168.0,159.0,126.0,103.0,96.0,86.0,95.0,123.0,143.0,141.0,139.0,136.0,134.0,135.0,144.0,146.0,137.0,125.0,120.0,121.0,129.0,137.0,136.0,129.0,122.0,118.0,118.0,124.0,130.0,132.0,132.0,130.0,-0.9974679062320753,-0.07111804297785428
55.0,55.0,80.0,144.0,179.0,175.0,157.0,129.0,104.0,80.0,60.0,65.0,86.0,123.0,160.0,181.0,172.0,149.0,114.0,84.0,73.0,84.0,104.0,132.0,160.0,175.0,175.0,164.0,141.0,113.0,95.0,92.0,103.0,123.0,140.0,149.0,151.0,148.0,143.0,139.0,135.0,132.0,132.0,133.0,134.0,134.0,134.0,134.0,136.0,137.0,124.0,123.0,120.0,99.0,149.0,141.0,150.0,132.0,144.0,110.0,106.0,94.0,108.0,114.0,115.0,124.0,145.0,166.0,192.0,205.0,169.0,104.0,56.0,55.0,55.0,83.0,162.0,201.0,200.0,183.0,154.0,128.0,119.0,124.0,125.0,117.0,109.0,104.0,107.0,117.0,126.0,126.0,122.0,118.0,118.0,125.0,137.0,147.0,149.0,144.0,-0.9870452625412093,0.16044204466085313
55.0,55.0,55.0,76.0,108.0,97.0,163.0,176.0,190.0,166.0,164.0,115.0,74.0,55.0,55.0,55.0,55.0,56.0,102.0,179.0,205.0,205.0,205.0,185.0,148.0,114.0,83.0,60.0,56.0,71.0,104.0,140.0,164.0,173.0,169.0,159.0,147.0,137.0,129.0,125.0,122.0,124.0,126.0,128.0,129.0,130.0,132.0,135.0,137.0,139.0,148.0,113.0,103.0,132.0,137.0,138.0,122.0,120.0,88.0,96.0,101.0,136.0,154.0,160.0,149.0,148.0,139.0,127.0,109.0,73.0,55.0,55.0,55.0,150.0,205.0,205.0,205.0,205.0,101.0,66.0,55.0,55.0,70.0,101.0,118.0,136.0,159.0,181.0,194.0,192.0,169.0,137.0,110.0,94.0,93.0,100.0,107.0,108.0,103.0,101.0,-0.9235899544377909,0.38338178890187175
110.0,142.0,124.0,175.0,165.0,205.0,159.0,140.0,64.0,59.0,55.0,74.0,97.0,132.0,149.0,175.0,193.0,201.0,184.0,147.0,108.0,78.0,76.0,90.0,112.0,126.0,137.0,140.0,142.0,142.0,145.0,143.0,139.0,132.0,125.0,118.0,115.0,114.0,118.0,121.0,124.0,125.0,126.0,127.0,129.0,130.0,131.0,131.0,131.0,131.0,143.0,158.0,167.0,159.0,119.0,115.0,120.0,130.0,128.0,135.0,142.0,146.0,144.0,154.0,163.0,152.0,134.0,116.0,94.0,87.0,121.0,163.0,182.0,184.0,175.0,149.0,119.0,106.0,100.0,90.0,86.0,91.0,107.0,132.0,160.0,180.0,175.0,148.0,109.0,77.0,67.0,81.0,107.0,132.0,150.0,155.0,153.0,149.0,150.0,151.0,-0.8105113534952958,0.5857229258405579
144.0,91.0,83.0,91.0,86.0,68.0,64.0,89.0,124.0,165.0,181.0,172.0,145.0,121.0,87.0,58.0,55.0,55.0,55.0,89.0,157.0,194.0,205.0,202.0,177.0,141.0,115.0,98.0,88.0,87.0,95.0,111.0,131.0,148.0,155.0,155.0,148.0,139.0,132.0,127.0,124.0,123.0,125.0,128.0,131.0,133.0,135.0,136.0,138.0,139.0,163.0,153.0,118.0,94.0,120.0,130.0,122.0,125.0,125.0,139.0,138.0,140.0,145.0,151.0,135.0,124.0,107.0,86.0,90.0,127.0,156.0,161.0,164.0,157.0,132.0,114.0,116.0,120.0,119.0,120.0,119.0,113.0,111.0,121.0,134.0,140.0,138.0,128.0,119.0,119.0,127.0,136.0,142.0,143.0,138.0,130.0,126.0,126.0,127.0,129.0,-0.6538850265834604,0.7565939280816013
90.0,99.0,107.0,92.0,58.0,55.0,55.0,55.0,58.0,141.0,172.0,197.0,182.0,148.0,115.0,84.0,56.0,55.0,55.0,86.0,124.0,170.0,200.0,202.0,185.0,153.0,116.0,90.0,81.0,89.0,107.0,125.0,137.0,142.0,139.0,131.0,125.0,121.0,121.0,121.0,124.0,128.0,133.0,137.0,140.0,142.0,143.0,145.0,145.0,146.0,109.0,103.0,129.0,164.0,136.0,130.0,129.0,114.0,114.0,102.0,106.0,100.0,96.0,94.0,124.0,156.0,196.0,205.0,205.0,140.0,94.0,71.0,60.0,71.0,105.0,135.0,151.0,172.0,190.0,194.0,184.0,169.0,142.0,111.0,91.0,85.0,92.0,102.0,109.0,105.0,97.0,94.0,101.0,116.0,136.0,150.0,154.0,153.0,149.0,144.0,-0.46212630352403905,0.8868141178348525
75.0,57.0,55.0,118.0,144.0,161.0,159.0,147.0,152.0,163.0,170.0,145.0,129.0,110.0,98.0,101.0,125.0,121.0,105.0,104.0,118.0,128.0,148.0,164.0,159.0,143.0,133.0,124.0,116.0,110.0,105.0,108.0,118.0,129.0,138.0,143.0,144.0,143.0,143.0,141.0,137.0,133.0,131.0,131.0,130.0,129.0,126.0,124.0,123.0,124.0,143.0,132.0,136.0,138.0,146.0,154.0,148.0,142.0,133.0,126.0,132.0,127.0,108.0,102.0,124.0,153.0,175.0,189.0,178.0,139.0,103.0,79.0,67.0,65.0,83.0,111.0,142.0,172.0,193.0,191.0,166.0,130.0,97.0,77.0,76.0,91.0,114.0,135.0,148.0,151.0,148.0,145.0,144.0,146.0,147.0,146.0,141.0,135.0,128.0,123.0,-0.24553813231154437,0.969386932850324
139.0,95.0,78.0,108.0,139.0,136.0,104.0,85.0,62.0,61.0,72.0,93.0,93.0,102.0,121.0,133.0,127.0,124.0,114.0,93.0,83.0,102.0,130.0,148.0,161.0,166.0,156.0,146.0,136.0,124.0,111.0,105.0,109.0,122.0,135.0,140.0,143.0,144.0,142.0,134.0,126.0,120.0,121.0,124.0,129.0,134.0,138.0,141.0,142.0,145.0,155.0,158.0,102.0,98.0,124.0,143.0,137.0,125.0,130.0,133.0,128.0,115.0,112.0,107.0,104.0,110.0,125.0,132.0,149.0,167.0,156.0,121.0,98.0,88.0,80.0,90.0,117.0,138.0,141.0,142.0,142.0,143.0,150.0,160.0,159.0,138.0,111.0,93.0,93.0,112.0,139.0,157.0,159.0,150.0,134.0,122.0,117.0,119.0,122.0,124.0,-0.015757515052720328,0.9998758426521581
113.0,55.0,55.0,55.0,73.0,57.0,57.0,83.0,140.0,194.0,205.0,165.0,112.0,90.0,68.0,57.0,57.0,57.0,57.0,87.0,161.0,205.0,205.0,201.0,171.0,139.0,116.0,103.0,93.0,88.0,92.0,107.0,127.0,143.0,152.0,154.0,153.0,148.0,141.0,135.0,131.0,131.0,134.0,138.0,142.0,142.0,141.0,142.0,145.0,146.0,145.0,142.0,122.0,96.0,119.0,139.0,136.0,116.0,113.0,110.0,118.0,111.0,110.0,121.0,134.0,150.0,166.0,166.0,154.0,150.0,133.0,100.0,77.0,80.0,92.0,115.0,157.0,190.0,193.0,177.0,155.0,130.0,113.0,112.0,116.0,110.0,98.0,86.0,82.0,92.0,114.0,136.0,150.0,156.0,152.0,145.0,140.0,140.0,139.0,137.0,0.2148697330947614,0.9766427175788421
55.0,92.0,113.0,145.0,149.0,160.0,158.0,150.0,177.0,169.0,162.0,125.0,121.0,91.0,94.0,107.0,123.0,114.0,134.0,160.0,170.0,167.0,164.0,145.0,119.0,103.0,97.0,93.0,97.0,109.0,130.0,149.0,157.0,153.0,141.0,131.0,124.0,126.0,128.0,131.0,131.0,134.0,135.0,135.0,132.0,128.0,125.0,125.0,125.0,124.0,116.0,164.0,136.0,161.0,140.0,159.0,146.0,133.0,110.0,117.0,142.0,150.0,140.0,123.0,127.0,133.0,151.0,155.0,136.0,96.0,71.0,74.0,102.0,145.0,185.0,196.0,171.0,128.0,90.0,65.0,63.0,79.0,104.0,133.0,158.0,179.0,188.0,182.0,162.0,134.0,111.0,100.0,103.0,114.0,127.0,135.0,135.0,129.0,124.0,122.0,0.4339523085913725,0.9009358433696698
103.0,61.0,55.0,73.0,86.0,98.0,99.0,88.0,106.0,123.0,129.0,116.0,121.0,118.0,120.0,132.0,153.0,142.0,118.0,110.0,119.0,122.0,128.0,133.0,133.0,134.0,146.0,158.0,155.0,141.0,120.0,110.0,110.0,119.0,127.0,133.0,136.0,137.0,138.0,138.0,137.0,136.0,139.0,143.0,147.0,149.0,147.0,147.0,146.0,147.0,150.0,111.0,87.0,86.0,127.0,148.0,148.0,131.0,126.0,119.0,116.0,112.0,115.0,108.0,95.0,99.0,117.0,135.0,155.0,171.0,150.0,105.0,76.0,71.0,74.0,95.0,127.0,149.0,157.0,167.0,175.0,170.0,153.0,127.0,99.0,79.0,82.0,108.0,147.0,180.0,193.0,182.0,157.0,130.0,111.0,104.0,105.0,108.0,107.0,104.0,0.6297191882167235,0.7768228523876411
60.0,70.0,143.0,179.0,179.0,141.0,122.0,93.0,69.0,56.0,55.0,55.0,55.0,141.0,193.0,205.0,198.0,172.0,139.0,118.0,104.0,95.0,90.0,94.0,106.0,124.0,138.0,145.0,149.0,148.0,143.0,131.0,121.0,118.0,122.0,128.0,131.0,133.0,134.0,135.0,138.0,142.0,145.0,145.0,144.0,143.0,145.0,146.0,146.0,144.0,125.0,156.0,126.0,103.0,126.0,137.0,131.0,106.0,113.0,113.0,134.0,128.0,130.0,128.0,131.0,137.0,153.0,149.0,129.0,117.0,105.0,89.0,97.0,129.0,146.0,149.0,152.0,148.0,131.0,121.0,121.0,124.0,127.0,133.0,134.0,122.0,108.0,98.0,100.0,112.0,131.0,146.0,154.0,155.0,149.0,141.0,132.0,128.0,124.0,123.0,0.7916520709118183,0.6109721749973802
114.0,107.0,151.0,163.0,181.0,143.0,100.0,88.0,108.0,105.0,97.0,111.0,130.0,137.0,152.0,163.0,134.0,93.0,82.0,94.0,105.0,121.0,139.0,146.0,148.0,150.0,149.0,136.0,119.0,106.0,104.0,113.0,124.0,134.0,138.0,139.0,136.0,132.0,127.0,122.0,119.0,118.0,120.0,121.0,122.0,122.0,123.0,125.0,127.0,128.0,100.0,120.0,144.0,144.0,119.0,131.0,166.0,151.0,149.0,126.0,128.0,119.0,114.0,90.0,87.0,95.0,120.0,152.0,174.0,174.0,162.0,145.0,114.0,88.0,77.0,73.0,69.0,78.0,99.0,132.0,168.0,197.0,202.0,184.0,149.0,119.0,104.0,110.0,127.0,136.0,134.0,124.0,115.0,111.0,115.0,125.0,139.0,139.0,135.0,127.0,0.9110505124810001,0.4122947534326711
124.0,70.0,102.0,63.0,103.0,85.0,103.0,95.0,141.0,139.0,158.0,164.0,168.0,139.0,131.0,149.0,157.0,149.0,142.0,132.0,107.0,101.0,110.0,118.0,119.0,126.0,133.0,143.0,151.0,151.0,141.0,130.0,116.0,105.0,106.0,110.0,116.0,126.0,135.0,143.0,149.0,149.0,143.0,143.0,147.0,149.0,146.0,139.0,133.0,131.0,157.0,161.0,131.0,123.0,139.0,147.0,139.0,129.0,121.0,131.0,128.0,122.0,118.0,117.0,111.0,120.0,129.0,126.0,129.0,143.0,144.0,127.0,120.0,120.0,118.0,129.0,154.0,168.0,154.0,121.0,82.0,59.0,71.0,124.0,187.0,205.0,205.0,205.0,140.0,99.0,79.0,81.0,94.0,108.0,114.0,113.0,112.0,115.0,124.0,133.0,0.9814993891975055,0.19146526840375944
182.0,132.0,93.0,55.0,55.0,55.0,70.0,87.0,107.0,120.0,165.0,193.0,191.0,164.0,139.0,125.0,128.0,145.0,157.0,149.0,122.0,106.0,104.0,108.0,114.0,121.0,125.0,133.0,145.0,158.0,157.0,146.0,124.0,108.0,98.0,98.0,102.0,111.0,122.0,131.0,140.0,144.0,146.0,146.0,147.0,148.0,147.0,143.0,138.0,135.0,101.0,128.0,121.0,162.0,140.0,118.0,111.0,132.0,123.0,128.0,120.0,134.0,140.0,145.0,148.0,153.0,140.0,128.0,118.0,96.0,86.0,110.0,145.0,158.0,167.0,169.0,152.0,125.0,116.0,116.0,116.0,115.0,113.0,104.0,96.0,104.0,127.0,151.0,163.0,155.0,132.0,111.0,104.0,112.0,123.0,131.0,133.0,133.0,133.0,134.0,0.9992135740981284,-0.03965139768083876
179.0,137.0,154.0,98.0,112.0,98.0,94.0,81.0,113.0,139.0,143.0,161.0,167.0,139.0,87.0,70.0,64.0,68.0,87.0,129.0,153.0,168.0,177.0,178.0,160.0,139.0,114.0,97.0,91.0,98.0,112.0,130.0,145.0,149.0,147.0,141.0,133.0,125.0,120.0,117.0,117.0,118.0,118.0,120.0,123.0,126.0,127.0,130.0,131.0,132.0,181.0,160.0,100.0,86.0,119.0,157.0,144.0,133.0,136.0,146.0,146.0,126.0,105.0,99.0,101.0,102.0,111.0,129.0,153.0,181.0,189.0,160.0,118.0,83.0,56.0,55.0,55.0,105.0,146.0,177.0,190.0,182.0,162.0,146.0,134.0,119.0,102.0,92.0,95.0,113.0,141.0,163.0,170.0,163.0,148.0,133.0,125.0,122.0,122.0,124.0,0.9632413069558282,-0.2686376454892871
95.0,72.0,60.0,88.0,86.0,104.0,95.0,116.0,152.0,185.0,177.0,166.0,177.0,176.0,160.0,143.0,121.0,79.0,57.0,68.0,94.0,111.0,129.0,148.0,162.0,174.0,180.0,169.0,142.0,108.0,85.0,80.0,91.0,108.0,125.0,138.0,145.0,147.0,145.0,143.0,144.0,145.0,143.0,137.0,132.0,130.0,131.0,131.0,128.0,125.0,161.0,131.0,114.0,107.0,117.0,143.0,154.0,139.0,123.0,122.0,123.0,134.0,135.0,111.0,81.0,79.0,102.0,133.0,170.0,193.0,181.0,151.0,132.0,124.0,113.0,98.0,78.0,61.0,64.0,103.0,163.0,205.0,205.0,205.0,169.0,118.0,87.0,81.0,93.0,110.0,119.0,115.0,107.0,104.0,110.0,122.0,135.0,142.0,142.0,139.0,0.8755153311248483,-0.4831903403063304
82.0,72.0,88.0,77.0,88.0,102.0,147.0,167.0,178.0,173.0,172.0,161.0,152.0,136.0,108.0,71.0,56.0,72.0,98.0,125.0,149.0,163.0,166.0,170.0,171.0,154.0,124.0,97.0,83.0,88.0,104.0,120.0,131.0,139.0,144.0,146.0,145.0,142.0,138.0,138.0,140.0,142.0,141.0,137.0,134.0,133.0,132.0,131.0,129.0,126.0,111.0,122.0,118.0,117.0,163.0,132.0,143.0,134.0,137.0,120.0,116.0,116.0,120.0,115.0,107.0,119.0,132.0,150.0,168.0,169.0,129.0,100.0,92.0,92.0,97.0,123.0,144.0,143.0,136.0,135.0,133.0,131.0,136.0,138.0,131.0,122.0,122.0,129.0,139.0,149.0,142.0,124.0,105.0,100.0,106.0,120.0,134.0,138.0,135.0,131.0,0.7407490497418737,-0.6717818435374026
157.0,155.0,142.0,143.0,136.0,111.0,93.0,107.0,104.0,101.0,114.0,130.0,116.0,102.0,98.0,84.0,69.0,82.0,114.0,139.0,158.0,174.0,177.0,164.0,143.0,118.0,95.0,83.0,85.0,103.0,127.0,146.0,154.0,154.0,148.0,138.0,129.0,121.0,115.0,113.0,113.0,114.0,117.0,119.0,121.0,124.0,128.0,131.0,133.0,134.0,85.0,116.0,161.0,155.0,126.0,113.0,137.0,141.0,142.0,121.0,118.0,128.0,137.0,132.0,138.0,141.0,141.0,142.0,134.0,118.0,116.0,122.0,116.0,111.0,120.0,134.0,144.0,159.0,164.0,149.0,120.0,95.0,79.0,75.0,92.0,126.0,158.0,173.0,169.0,147.0,121.0,106.0,107.0,118.0,131.0,139.0,139.0,137.0,135.0,132.0,0.5661832806760941,-0.8242793778100088
99.0,55.0,74.0,96.0,129.0,139.0,160.0,165.0,154.0,178.0,178.0,174.0,145.0,143.0,105.0,71.0,55.0,55.0,55.0,58.0,105.0,152.0,184.0,205.0,205.0,192.0,155.0,114.0,82.0,64.0,64.0,81.0,110.0,140.0,159.0,167.0,167.0,161.0,152.0,145.0,138.0,132.0,128.0,125.0,124.0,123.0,122.0,120.0,122.0,123.0,147.0,107.0,94.0,100.0,119.0,136.0,140.0,147.0,144.0,116.0,88.0,83.0,98.0,111.0,120.0,129.0,139.0,160.0,191.0,200.0,166.0,99.0,55.0,55.0,55.0,55.0,140.0,205.0,205.0,205.0,174.0,139.0,121.0,112.0,96.0,76.0,63.0,70.0,101.0,143.0,176.0,186.0,173.0,148.0,126.0,116.0,118.0,126.0,130.0,125.0,0.36119721675697186,-0.9324894479869555
126.0,55.0,104.0,81.0,139.0,127.0,160.0,171.0,198.0,205.0,199.0,158.0,87.0,55.0,55.0,55.0,89.0,141.0,173.0,203.0,205.0,205.0,180.0,137.0,92.0,62.0,55.0,71.0,92.0,121.0,149.0,169.0,173.0,162.0,142.0,124.0,116.0,116.0,120.0,124.0,128.0,130.0,135.0,136.0,136.0,133.0,130.0,128.0,128.0,128.0,143.0,112.0,122.0,120.0,165.0,131.0,141.0,134.0,135.0,123.0,116.0,118.0,118.0,114.0,104.0,121.0,133.0,152.0,169.0,168.0,128.0,99.0,93.0,92.0,97.0,123.0,143.0,141.0,136.0,136.0,134.0,132.0,138.0,139.0,132.0,124.0,124.0,130.0,138.0,141.0,135.0,121.0,112.0,109.0,112.0,121.0,131.0,135.0,134.0,132.0,0.13680449388312496,-0.9905980670551412
128.0,87.0,119.0,101.0,77.0,55.0,55.0,55.0,55.0,131.0,170.0,178.0,186.0,181.0,154.0,112.0,68.0,55.0,55.0,55.0,99.0,144.0,175.0,191.0,191.0,180.0,153.0,116.0,88.0,78.0,86.0,105.0,124.0,135.0,138.0,136.0,132.0,128.0,125.0,122.0,122.0,125.0,130.0,133.0,135.0,136.0,137.0,139.0,140.0,140.0,112.0,125.0,117.0,122.0,156.0,142.0,130.0,122.0,141.0,121.0,119.0,107.0,119.0,119.0,117.0,115.0,121.0,125.0,141.0,155.0,138.0,113.0,104.0,107.0,112.0,143.0,175.0,175.0,144.0,107.0,77.0,73.0,102.0,151.0,185.0,192.0,180.0,161.0,142.0,130.0,120.0,109.0,98.0,91.0,88.0,93.0,106.0,120.0,130.0,135.0,-0.09493855737946948,-0.9954831341226758
184.0,158.0,176.0,170.0,167.0,109.0,55.0,55.0,55.0,55.0,58.0,152.0,204.0,205.0,205.0,194.0,150.0,85.0,55.0,55.0,55.0,74.0,129.0,162.0,175.0,179.0,174.0,156.0,132.0,111.0,100.0,103.0,114.0,123.0,129.0,129.0,126.0,122.0,121.0,118.0,117.0,116.0,119.0,123.0,126.0,128.0,130.0,132.0,133.0,135.0,188.0,135.0,93.0,100.0,128.0,126.0,137.0,144.0,139.0,128.0,113.0,110.0,114.0,112.0,91.0,78.0,83.0,117.0,168.0,202.0,192.0,155.0,116.0,91.0,86.0,99.0,104.0,89.0,70.0,75.0,115.0,179.0,205.0,205.0,205.0,155.0,83.0,55.0,55.0,86.0,129.0,148.0,141.0,122.0,107.0,108.0,121.0,136.0,143.0,142.0,-0.3215806828341048,-0.9468821808588178
150.0,200.0,184.0,146.0,94.0,58.0,64.0,84.0,99.0,122.0,158.0,196.0,205.0,205.0,157.0,86.0,55.0,55.0,55.0,55.0,118.0,158.0,189.0,205.0,203.0,172.0,124.0,83.0,68.0,77.0,101.0,125.0,138.0,145.0,146.0,143.0,137.0,130.0,123.0,122.0,123.0,124.0,123.0,122.0,121.0,123.0,125.0,127.0,126.0,125.0,136.0,116.0,118.0,154.0,144.0,135.0,135.0,144.0,125.0,119.0,111.0,119.0,117.0,111.0,113.0,133.0,143.0,163.0,170.0,144.0,109.0,94.0,93.0,93.0,114.0,142.0,147.0,139.0,136.0,134.0,129.0,132.0,134.0,130.0,122.0,122.0,133.0,145.0,151.0,143.0,125.0,106.0,98.0,101.0,113.0,128.0,136.0,138.0,135.0,132.0,-0.5309446944255617,-0.8474064735776726
61.0,55.0,59.0,149.0,188.0,184.0,152.0,122.0,96.0,78.0,61.0,70.0,89.0,130.0,165.0,185.0,170.0,145.0,107.0,78.0,71.0,87.0,108.0,138.0,165.0,178.0,177.0,164.0,138.0,110.0,93.0,91.0,104.0,125.0,143.0,151.0,153.0,150.0,144.0,139.0,135.0,132.0,132.0,133.0,134.0,134.0,135.0,135.0,137.0,138.0,186.0,152.0,130.0,111.0,87.0,133.0,149.0,140.0,116.0,122.0,129.0,139.0,130.0,118.0,103.0,85.0,85.0,104.0,129.0,153.0,178.0,177.0,151.0,134.0,130.0,115.0,93.0,80.0,75.0,81.0,112.0,158.0,194.0,205.0,205.0,184.0,147.0,111.0,90.0,86.0,97.0,112.0,122.0,122.0,121.0,119.0,120.0,123.0,127.0,129.0,-0.7117817347932234,-0.7024007132789298
55.0,55.0,55.0,55.0,89.0,139.0,181.0,187.0,205.0,179.0,120.0,60.0,55.0,55.0,55.0,55.0,66.0,136.0,201.0,205.0,205.0,194.0,158.0,124.0,91.0,69.0,58.0,70.0,96.0,128.0,150.0,161.0,158.0,149.0,138.0,128.0,122.0,118.0,115.0,117.0,121.0,125.0,127.0,129.0,131.0,133.0,134.0,136.0,139.0,141.0,128.0,111.0,93.0,105.0,130.0,135.0,124.0,129.0,123.0,135.0,127.0,113.0,99.0,99.0,102.0,123.0,145.0,152.0,155.0,157.0,150.0,133.0,120.0,94.0,62.0,55.0,57.0,118.0,185.0,205.0,205.0,205.0,145.0,74.0,55.0,55.0,55.0,96.0,158.0,174.0,165.0,151.0,139.0,135.0,132.0,129.0,125.0,121.0,118.0,118.0,-0.8543756638175508,-0.5196558717808539
110.0,55.0,55.0,55.0,117.0,143.0,166.0,193.0,205.0,205.0,203.0,115.0,55.0,55.0,55.0,55.0,67.0,140.0,170.0,197.0,205.0,205.0,171.0,119.0,77.0,61.0,71.0,97.0,122.0,137.0,145.0,148.0,146.0,141.0,135.0,130.0,129.0,131.0,132.0,130.0,129.0,127.0,129.0,130.0,129.0,128.0,125.0,125.0,127.0,129.0,169.0,161.0,130.0,93.0,113.0,129.0,127.0,126.0,123.0,137.0,139.0,141.0,144.0,153.0,137.0,126.0,110.0,90.0,86.0,120.0,153.0,161.0,164.0,160.0,138.0,116.0,115.0,119.0,119.0,119.0,119.0,113.0,109.0,117.0,131.0,141.0,142.0,134.0,123.0,118.0,123.0,131.0,138.0,142.0,139.0,133.0,128.0,126.0,127.0,129.0,-0.9510650942529948,-0.30899059288842784
162.0,136.0,90.0,100.0,105.0,101.0,67.0,57.0,70.0,112.0,148.0,176.0,179.0,159.0,139.0,111.0,76.0,56.0,55.0,55.0,56.0,123.0,176.0,202.0,205.0,196.0,164.0,131.0,108.0,94.0,87.0,91.0,102.0,120.0,139.0,152.0,157.0,154.0,146.0,137.0,131.0,127.0,125.0,125.0,127.0,130.0,133.0,134.0,136.0,137.0,110.0,113.0,109.0,157.0,153.0,142.0,139.0,146.0,113.0,104.0,89.0,108.0,116.0,122.0,124.0,144.0,164.0,195.0,205.0,170.0,101.0,55.0,55.0,55.0,89.0,171.0,205.0,205.0,180.0,150.0,123.0,113.0,115.0,113.0,106.0,105.0,111.0,125.0,136.0,137.0,124.0,107.0,97.0,99.0,113.0,134.0,150.0,154.0,149.0,140.0,-0.9966550281484718,-0.08172364937011098
106.0,107.0,111.0,142.0,103.0,65.0,55.0,55.0,55.0,55.0,90.0,147.0,182.0,201.0,180.0,138.0,107.0,71.0,56.0,56.0,59.0,98.0,138.0,183.0,205.0,202.0,179.0,143.0,112.0,89.0,83.0,90.0,110.0,132.0,145.0,145.0,137.0,128.0,124.0,122.0,123.0,125.0,128.0,131.0,135.0,138.0,142.0,144.0,145.0,146.0,148.0,113.0,121.0,120.0,150.0,127.0,133.0,117.0,98.0,89.0,99.0,129.0,154.0,162.0,150.0,150.0,141.0,132.0,114.0,82.0,55.0,55.0,55.0,140.0,205.0,205.0,205.0,205.0,116.0,71.0,55.0,55.0,55.0,91.0,109.0,130.0,159.0,187.0,204.0,199.0,172.0,134.0,103.0,87.0,87.0,98.0,108.0,111.0,106.0,102.0,-0.9886959773633458,0.14993420005301802
154.0,163.0,125.0,82.0,55.0,55.0,79.0,116.0,152.0,165.0,179.0,193.0,205.0,183.0,146.0,108.0,81.0,73.0,105.0,141.0,147.0,142.0,135.0,126.0,127.0,139.0,140.0,131.0,123.0,122.0,126.0,132.0,131.0,125.0,118.0,115.0,114.0,118.0,123.0,127.0,132.0,136.0,137.0,136.0,134.0,133.0,132.0,131.0,128.0,125.0,144.0,145.0,152.0,121.0,111.0,139.0,157.0,151.0,132.0,121.0,128.0,133.0,129.0,124.0,113.0,107.0,118.0,137.0,139.0,149.0,163.0,155.0,127.0,112.0,108.0,101.0,106.0,123.0,134.0,135.0,133.0,128.0,119.0,120.0,136.0,156.0,168.0,164.0,146.0,120.0,103.0,97.0,101.0,111.0,124.0,132.0,135.0,136.0,135.0,134.0,-0.9276155713948122,0.37353627896882535
81.0,55.0,55.0,56.0,107.0,138.0,143.0,169.0,155.0,153.0,119.0,92.0,56.0,55.0,55.0,56.0,90.0,128.0,146.0,160.0,175.0,175.0,157.0,142.0,132.0,120.0,115.0,113.0,111.0,109.0,114.0,123.0,137.0,147.0,152.0,150.0,146.0,139.0,132.0,128.0,126.0,125.0,127.0,129.0,133.0,135.0,137.0,137.0,140.0,142.0,148.0,138.0,129.0,126.0,103.0,135.0,121.0,103.0,91.0,110.0,133.0,148.0,149.0,154.0,163.0,160.0,155.0,135.0,97.0,70.0,78.0,99.0,123.0,162.0,194.0,189.0,167.0,148.0,128.0,109.0,104.0,105.0,105.0,106.0,112.0,116.0,113.0,109.0,106.0,110.0,122.0,140.0,155.0,163.0,163.0,154.0,142.0,132.0,126.0,123.0,-0.8166955813985003,0.5770687370878494
104.0,108.0,145.0,122.0,107.0,70.0,55.0,55.0,55.0,100.0,133.0,176.0,177.0,161.0,135.0,104.0,65.0,57.0,63.0,82.0,118.0,168.0,199.0,202.0,184.0,150.0,114.0,92.0,85.0,92.0,108.0,127.0,141.0,149.0,148.0,142.0,136.0,132.0,131.0,130.0,131.0,132.0,135.0,137.0,140.0,142.0,144.0,145.0,145.0,145.0,153.0,122.0,144.0,101.0,139.0,115.0,102.0,81.0,112.0,142.0,166.0,159.0,146.0,146.0,138.0,130.0,103.0,65.0,55.0,55.0,71.0,173.0,205.0,205.0,205.0,205.0,100.0,58.0,55.0,55.0,76.0,103.0,124.0,150.0,178.0,196.0,197.0,179.0,148.0,116.0,100.0,98.0,105.0,114.0,116.0,110.0,102.0,100.0,106.0,121.0,-0.6618955948719311,0.7495960388696918
131.0,131.0,122.0,130.0,160.0,168.0,170.0,166.0,152.0,123.0,122.0,103.0,92.0,101.0,129.0,129.0,125.0,132.0,129.0,112.0,115.0,129.0,131.0,127.0,132.0,132.0,129.0,130.0,135.0,134.0,127.0,118.0,113.0,119.0,130.0,141.0,148.0,150.0,146.0,141.0,136.0,133.0,128.0,125.0,123.0,122.0,123.0,123.0,123.0,123.0,149.0,172.0,140.0,126.0,135.0,137.0,147.0,143.0,137.0,137.0,131.0,129.0,132.0,126.0,111.0,113.0,126.0,137.0,158.0,181.0,176.0,146.0,121.0,107.0,95.0,97.0,109.0,112.0,105.0,103.0,113.0,135.0,165.0,191.0,196.0,171.0,132.0,91.0,66.0,67.0,83.0,105.0,124.0,139.0,146.0,149.0,151.0,153.0,154.0,151.0,-0.471532814731803,0.8818485156936554
137.0,151.0,130.0,78.0,77.0,68.0,72.0,85.0,95.0,90.0,94.0,117.0,128.0,120.0,114.0,119.0,116.0,122.0,143.0,150.0,128.0,111.0,114.0,121.0,124.0,130.0,132.0,129.0,136.0,150.0,157.0,148.0,129.0,113.0,108.0,114.0,123.0,130.0,133.0,134.0,135.0,136.0,136.0,136.0,137.0,140.0,145.0,147.0,147.0,145.0,165.0,114.0,107.0,133.0,150.0,139.0,129.0,141.0,123.0,128.0,112.0,122.0,115.0,112.0,103.0,123.0,134.0,152.0,169.0,162.0,123.0,98.0,93.0,89.0,98.0,123.0,141.0,138.0,138.0,137.0,135.0,135.0,144.0,145.0,136.0,125.0,119.0,120.0,127.0,135.0,135.0,129.0,123.0,119.0,119.0,123.0,129.0,131.0,131.0,129.0,-0.2558351867663611,0.966720413155852
89.0,55.0,55.0,58.0,159.0,199.0,162.0,127.0,116.0,101.0,78.0,57.0,55.0,55.0,56.0,149.0,201.0,205.0,196.0,167.0,137.0,117.0,106.0,95.0,91.0,93.0,108.0,126.0,141.0,147.0,148.0,145.0,138.0,131.0,125.0,123.0,123.0,126.0,129.0,133.0,135.0,137.0,140.0,143.0,144.0,144.0,144.0,144.0,145.0,146.0,128.0,117.0,87.0,102.0,155.0,153.0,138.0,124.0,131.0,116.0,113.0,96.0,100.0,97.0,96.0,108.0,139.0,173.0,205.0,205.0,175.0,117.0,81.0,66.0,62.0,87.0,122.0,145.0,159.0,180.0,192.0,189.0,176.0,155.0,123.0,97.0,86.0,92.0,105.0,114.0,111.0,98.0,87.0,87.0,100.0,121.0,143.0,154.0,156.0,153.0,-0.026391865346316323,0.9996516740562894
118.0,153.0,174.0,175.0,129.0,92.0,93.0,109.0,103.0,97.0,119.0,131.0,140.0,157.0,164.0,124.0,84.0,79.0,95.0,111.0,130.0,144.0,146.0,147.0,150.0,147.0,133.0,116.0,105.0,105.0,116.0,126.0,135.0,140.0,139.0,135.0,130.0,125.0,121.0,119.0,119.0,121.0,122.0,121.0,121.0,121.0,125.0,130.0,134.0,132.0,143.0,135.0,134.0,132.0,130.0,149.0,157.0,150.0,141.0,133.0,122.0,130.0,128.0,111.0,106.0,126.0,151.0,169.0,185.0,175.0,140.0,107.0,85.0,69.0,63.0,77.0,106.0,140.0,172.0,193.0,192.0,169.0,132.0,99.0,78.0,76.0,89.0,111.0,133.0,148.0,151.0,147.0,143.0,142.0,147.0,151.0,151.0,141.0,130.0,125.0,0.20446945683949158,0.9788729443700869
99.0,66.0,55.0,95.0,103.0,113.0,86.0,125.0,131.0,161.0,162.0,178.0,145.0,132.0,141.0,161.0,156.0,145.0,129.0,106.0,98.0,112.0,125.0,123.0,126.0,132.0,142.0,151.0,153.0,145.0,132.0,118.0,109.0,107.0,111.0,116.0,125.0,134.0,142.0,146.0,148.0,148.0,149.0,148.0,147.0,144.0,141.0,137.0,134.0,132.0,165.0,130.0,92.0,110.0,142.0,134.0,136.0,129.0,128.0,124.0,117.0,115.0,113.0,105.0,104.0,117.0,127.0,142.0,163.0,165.0,132.0,102.0,89.0,82.0,83.0,107.0,132.0,139.0,140.0,141.0,142.0,146.0,157.0,160.0,146.0,119.0,97.0,90.0,103.0,130.0,151.0,159.0,153.0,139.0,125.0,117.0,118.0,120.0,123.0,123.0,0.42434489975642664,0.9055006383491445
57.0,55.0,55.0,119.0,120.0,135.0,109.0,116.0,133.0,159.0,144.0,134.0,134.0,154.0,169.0,173.0,158.0,117.0,74.0,62.0,84.0,110.0,133.0,149.0,157.0,161.0,169.0,168.0,148.0,118.0,95.0,86.0,96.0,114.0,131.0,143.0,150.0,153.0,155.0,152.0,149.0,146.0,146.0,146.0,145.0,142.0,138.0,136.0,135.0,134.0,138.0,142.0,125.0,116.0,100.0,139.0,136.0,125.0,114.0,110.0,118.0,114.0,110.0,113.0,130.0,139.0,159.0,169.0,162.0,152.0,145.0,119.0,86.0,77.0,86.0,101.0,135.0,176.0,195.0,187.0,168.0,143.0,119.0,109.0,111.0,114.0,106.0,96.0,88.0,88.0,102.0,121.0,139.0,149.0,157.0,150.0,139.0,136.0,140.0,143.0,0.6214208404438313,0.783476955029363
149.0,119.0,116.0,92.0,114.0,93.0,76.0,84.0,125.0,138.0,151.0,165.0,156.0,110.0,71.0,60.0,55.0,55.0,79.0,128.0,159.0,180.0,189.0,178.0,157.0,135.0,113.0,92.0,80.0,84.0,103.0,128.0,146.0,153.0,151.0,144.0,132.0,123.0,118.0,115.0,114.0,114.0,116.0,119.0,122.0,124.0,127.0,129.0,131.0,133.0,152.0,138.0,147.0,139.0,118.0,122.0,127.0,133.0,144.0,143.0,132.0,139.0,163.0,174.0,165.0,147.0,118.0,90.0,85.0,102.0,119.0,128.0,131.0,135.0,141.0,158.0,173.0,173.0,151.0,114.0,77.0,55.0,55.0,79.0,110.0,138.0,152.0,155.0,154.0,155.0,158.0,161.0,159.0,152.0,141.0,131.0,124.0,121.0,119.0,117.0,0.7851086436861725,0.6193580689788893
178.0,74.0,73.0,69.0,92.0,96.0,103.0,100.0,117.0,163.0,183.0,176.0,167.0,182.0,171.0,156.0,137.0,112.0,71.0,58.0,76.0,99.0,115.0,135.0,153.0,165.0,176.0,178.0,163.0,133.0,102.0,83.0,82.0,95.0,112.0,129.0,141.0,147.0,149.0,147.0,145.0,142.0,140.0,139.0,139.0,137.0,133.0,130.0,128.0,126.0,112.0,131.0,101.0,107.0,107.0,128.0,121.0,136.0,127.0,131.0,124.0,138.0,149.0,142.0,121.0,107.0,95.0,86.0,108.0,138.0,147.0,139.0,139.0,130.0,117.0,118.0,128.0,133.0,140.0,151.0,152.0,137.0,113.0,90.0,76.0,81.0,105.0,140.0,171.0,189.0,187.0,169.0,145.0,125.0,113.0,108.0,109.0,108.0,107.0,106.0,0.9066135756782043,0.4219618755242953
65.0,74.0,77.0,89.0,81.0,90.0,119.0,159.0,176.0,177.0,174.0,165.0,158.0,147.0,127.0,87.0,56.0,55.0,85.0,115.0,141.0,157.0,161.0,165.0,172.0,166.0,141.0,109.0,87.0,82.0,94.0,111.0,126.0,135.0,141.0,145.0,146.0,143.0,140.0,138.0,139.0,141.0,141.0,138.0,135.0,133.0,132.0,131.0,129.0,127.0,182.0,148.0,101.0,95.0,113.0,118.0,100.0,101.0,112.0,139.0,145.0,149.0,154.0,161.0,158.0,149.0,119.0,79.0,65.0,84.0,108.0,138.0,174.0,190.0,173.0,152.0,136.0,120.0,107.0,105.0,108.0,109.0,115.0,122.0,121.0,108.0,94.0,89.0,98.0,124.0,153.0,175.0,181.0,173.0,155.0,136.0,123.0,118.0,117.0,118.0,0.979407333689195,0.20189421664778293
100.0,57.0,66.0,118.0,165.0,160.0,155.0,154.0,131.0,96.0,69.0,55.0,55.0,55.0,93.0,152.0,178.0,195.0,195.0,178.0,151.0,119.0,91.0,75.0,75.0,92.0,116.0,138.0,149.0,154.0,151.0,144.0,134.0,126.0,122.0,120.0,121.0,122.0,123.0,124.0,126.0,128.0,131.0,133.0,134.0,134.0,135.0,137.0,138.0,139.0,158.0,111.0,112.0,122.0,153.0,134.0,120.0,145.0,155.0,167.0,144.0,128.0,112.0,113.0,102.0,95.0,90.0,103.0,132.0,164.0,179.0,174.0,159.0,128.0,94.0,74.0,69.0,69.0,76.0,92.0,121.0,158.0,198.0,205.0,205.0,167.0,117.0,88.0,87.0,111.0,140.0,156.0,155.0,143.0,126.0,116.0,116.0,122.0,129.0,133.0,0.9995788033189938,-0.029020957175259467
94.0,93.0,105.0,125.0,177.0,205.0,204.0,176.0,175.0,121.0,72.0,55.0,55.0,55.0,55.0,116.0,166.0,178.0,185.0,190.0,178.0,144.0,112.0,88.0,73.0,81.0,107.0,135.0,148.0,149.0,141.0,137.0,137.0,138.0,138.0,136.0,133.0,130.0,128.0,126.0,122.0,121.0,119.0,121.0,122.0,123.0,123.0,126.0,128.0,130.0,170.0,131.0,137.0,136.0,129.0,110.0,106.0,112.0,127.0,128.0,128.0,132.0,133.0,146.0,158.0,150.0,117.0,96.0,85.0,83.0,104.0,146.0,174.0,185.0,191.0,186.0,160.0,119.0,78.0,55.0,55.0,70.0,140.0,192.0,205.0,205.0,158.0,113.0,87.0,81.0,93.0,111.0,124.0,126.0,122.0,118.0,118.0,125.0,133.0,138.0,0.9660441976125503,-0.2583768725314318
150.0,141.0,143.0,106.0,116.0,135.0,171.0,182.0,183.0,154.0,115.0,79.0,73.0,79.0,93.0,125.0,161.0,193.0,205.0,205.0,186.0,136.0,91.0,60.0,55.0,68.0,92.0,123.0,155.0,178.0,180.0,166.0,142.0,121.0,112.0,110.0,109.0,110.0,115.0,124.0,133.0,135.0,134.0,130.0,128.0,127.0,129.0,129.0,128.0,126.0,109.0,148.0,101.0,122.0,133.0,160.0,135.0,132.0,140.0,136.0,128.0,114.0,115.0,113.0,112.0,109.0,129.0,138.0,157.0,171.0,159.0,118.0,97.0,94.0,92.0,104.0,132.0,147.0,141.0,137.0,135.0,132.0,132.0,137.0,136.0,128.0,123.0,127.0,137.0,145.0,144.0,131.0,115.0,105.0,105.0,112.0,124.0,134.0,137.0,136.0,0.8806052875302559,-0.47385053294657725
55.0,67.0,127.0,171.0,140.0,90.0,65.0,63.0,72.0,96.0,119.0,128.0,154.0,180.0,183.0,153.0,110.0,65.0,55.0,55.0,90.0,124.0,158.0,182.0,188.0,183.0,162.0,128.0,97.0,82.0,86.0,103.0,123.0,138.0,146.0,147.0,144.0,139.0,135.0,131.0,129.0,131.0,134.0,136.0,137.0,137.0,138.0,139.0,141.0,141.0,137.0,97.0,110.0,164.0,151.0,141.0,142.0,151.0,133.0,135.0,109.0,107.0,105.0,101.0,103.0,126.0,151.0,177.0,191.0,170.0,126.0,94.0,71.0,56.0,67.0,101.0,136.0,161.0,180.0,178.0,156.0,129.0,112.0,102.0,102.0,114.0,133.0,148.0,154.0,150.0,133.0,116.0,109.0,112.0,121.0,132.0,137.0,137.0,135.0,132.0,0.7478525951262935,-0.6638648175365734
101.0,158.0,205.0,205.0,205.0,179.0,119.0,55.0,55.0,55.0,55.0,55.0,128.0,199.0,205.0,205.0,205.0,148.0,86.0,56.0,55.0,55.0,93.0,136.0,159.0,170.0,170.0,162.0,146.0,126.0,111.0,107.0,114.0,124.0,131.0,135.0,134.0,130.0,128.0,126.0,125.0,123.0,122.0,124.0,126.0,128.0,129.0,131.0,133.0,134.0,161.0,138.0,120.0,107.0,114.0,137.0,153.0,142.0,125.0,122.0,123.0,132.0,135.0,116.0,84.0,77.0,97.0,127.0,161.0,193.0,190.0,159.0,132.0,120.0,112.0,101.0,84.0,65.0,62.0,94.0,154.0,205.0,205.0,205.0,179.0,125.0,90.0,80.0,90.0,108.0,118.0,116.0,108.0,104.0,109.0,120.0,134.0,142.0,142.0,139.0,0.5749187507402186,-0.8182105047280354
96.0,140.0,192.0,188.0,165.0,107.0,65.0,60.0,75.0,91.0,120.0,158.0,196.0,205.0,205.0,167.0,94.0,55.0,55.0,55.0,55.0,116.0,153.0,185.0,205.0,205.0,179.0,132.0,90.0,69.0,75.0,98.0,123.0,139.0,145.0,147.0,144.0,139.0,131.0,125.0,123.0,124.0,124.0,124.0,122.0,122.0,123.0,126.0,128.0,127.0,149.0,117.0,109.0,151.0,142.0,141.0,128.0,145.0,121.0,124.0,111.0,123.0,116.0,110.0,109.0,127.0,140.0,159.0,173.0,151.0,112.0,94.0,93.0,90.0,107.0,134.0,144.0,138.0,137.0,135.0,133.0,135.0,141.0,139.0,129.0,123.0,124.0,131.0,137.0,137.0,130.0,119.0,113.0,114.0,116.0,125.0,129.0,133.0,134.0,132.0,0.3710952660006776,-0.9285948005195196
65.0,55.0,55.0,55.0,123.0,148.0,165.0,182.0,192.0,175.0,127.0,78.0,55.0,55.0,55.0,82.0,130.0,163.0,185.0,192.0,184.0,166.0,133.0,102.0,81.0,79.0,92.0,114.0,132.0,143.0,145.0,142.0,138.0,134.0,131.0,129.0,131.0,132.0,135.0,136.0,138.0,138.0,139.0,140.0,139.0,138.0,137.0,137.0,137.0,137.0,143.0,111.0,105.0,106.0,125.0,127.0,119.0,123.0,124.0,143.0,135.0,127.0,117.0,114.0,108.0,117.0,115.0,103.0,104.0,117.0,124.0,131.0,143.0,139.0,116.0,100.0,98.0,104.0,122.0,151.0,173.0,171.0,150.0,118.0,89.0,77.0,93.0,129.0,166.0,191.0,196.0,182.0,158.0,134.0,113.0,101.0,95.0,98.0,101.0,102.0,0.14733331293169716,-0.9890868995697853
55.0,55.0,55.0,99.0,94.0,114.0,142.0,194.0,194.0,192.0,171.0,128.0,74.0,55.0,55.0,55.0,55.0,55.0,127.0,205.0,205.0,205.0,205.0,180.0,129.0,87.0,59.0,55.0,55.0,55.0,123.0,167.0,190.0,187.0,170.0,148.0,132.0,121.0,118.0,118.0,120.0,126.0,131.0,133.0,132.0,131.0,133.0,136.0,138.0,138.0,128.0,135.0,155.0,171.0,143.0,120.0,110.0,115.0,110.0,131.0,140.0,150.0,141.0,138.0,142.0,155.0,147.0,117.0,78.0,55.0,55.0,118.0,184.0,205.0,205.0,201.0,154.0,122.0,106.0,90.0,69.0,55.0,55.0,84.0,136.0,194.0,205.0,205.0,205.0,133.0,84.0,64.0,73.0,96.0,117.0,124.0,121.0,116.0,119.0,129.0,-0.0843446683459335,-0.9964366396924665
122.0,118.0,115.0,122.0,144.0,175.0,195.0,187.0,143.0,89.0,55.0,55.0,55.0,88.0,117.0,141.0,167.0,188.0,197.0,183.0,146.0,101.0,73.0,70.0,87.0,113.0,134.0,146.0,150.0,148.0,143.0,136.0,130.0,126.0,126.0,126.0,125.0,122.0,121.0,122.0,123.0,124.0,124.0,123.0,124.0,126.0,128.0,129.0,129.0,129.0,127.0,113.0,118.0,128.0,160.0,136.0,139.0,138.0,132.0,119.0,113.0,119.0,119.0,114.0,107.0,123.0,135.0,156.0,172.0,162.0,120.0,96.0,92.0,92.0,102.0,131.0,147.0,141.0,136.0,135.0,132.0,131.0,136.0,135.0,127.0,121.0,126.0,136.0,145.0,145.0,133.0,115.0,105.0,103.0,110.0,122.0,137.0,137.0,134.0,130.0,-0.31149091976160637,-0.9502491288636199
148.0,126.0,131.0,124.0,114.0,93.0,70.0,56.0,73.0,106.0,139.0,164.0,175.0,167.0,142.0,112.0,79.0,58.0,60.0,83.0,114.0,149.0,175.0,184.0,180.0,163.0,134.0,104.0,87.0,86.0,100.0,122.0,137.0,145.0,144.0,140.0,135.0,131.0,126.0,123.0,123.0,125.0,128.0,131.0,132.0,133.0,135.0,136.0,137.0,137.0,151.0,134.0,123.0,103.0,129.0,144.0,134.0,121.0,134.0,135.0,130.0,111.0,108.0,113.0,115.0,116.0,121.0,119.0,124.0,144.0,151.0,132.0,114.0,107.0,102.0,112.0,145.0,170.0,164.0,134.0,100.0,78.0,89.0,134.0,183.0,205.0,194.0,159.0,124.0,107.0,112.0,124.0,132.0,130.0,118.0,105.0,98.0,103.0,113.0,124.0,-0.5219011672246782,-0.853005962259068
132.0,58.0,55.0,87.0,158.0,167.0,160.0,158.0,147.0,118.0,90.0,57.0,55.0,55.0,55.0,88.0,170.0,202.0,194.0,172.0,162.0,146.0,122.0,102.0,86.0,80.0,99.0,133.0,155.0,159.0,150.0,137.0,130.0,132.0,133.0,134.0,133.0,130.0,129.0,127.0,125.0,123.0,125.0,129.0,134.0,136.0,137.0,138.0,140.0,144.0,181.0,134.0,105.0,94.0,114.0,112.0,117.0,144.0,149.0,146.0,131.0,135.0,147.0,152.0,121.0,78.0,55.0,55.0,109.0,182.0,205.0,205.0,190.0,147.0,112.0,99.0,92.0,75.0,58.0,58.0,89.0,146.0,205.0,205.0,205.0,176.0,107.0,62.0,55.0,85.0,124.0,148.0,148.0,132.0,115.0,110.0,119.0,134.0,144.0,146.0,-0.7042703404753152,-0.7099318893575521
141.0,204.0,163.0,178.0,99.0,79.0,55.0,55.0,80.0,114.0,136.0,155.0,177.0,194.0,205.0,186.0,157.0,118.0,87.0,71.0,85.0,101.0,114.0,124.0,132.0,136.0,147.0,159.0,163.0,153.0,135.0,116.0,104.0,103.0,107.0,114.0,121.0,125.0,128.0,130.0,131.0,131.0,132.0,132.0,132.0,132.0,132.0,131.0,131.0,129.0,136.0,140.0,159.0,126.0,114.0,122.0,131.0,129.0,118.0,129.0,138.0,145.0,146.0,154.0,146.0,135.0,123.0,109.0,88.0,97.0,131.0,155.0,163.0,171.0,163.0,136.0,119.0,115.0,116.0,115.0,116.0,109.0,98.0,98.0,116.0,143.0,161.0,164.0,146.0,122.0,105.0,103.0,111.0,125.0,136.0,140.0,137.0,134.0,131.0,132.0,-0.8487999798772448,-0.5287140949136773
104.0,103.0,55.0,57.0,55.0,97.0,125.0,141.0,170.0,163.0,160.0,127.0,106.0,59.0,55.0,55.0,55.0,80.0,120.0,149.0,164.0,178.0,180.0,162.0,146.0,133.0,118.0,108.0,106.0,108.0,111.0,118.0,127.0,139.0,147.0,150.0,147.0,144.0,138.0,132.0,128.0,126.0,126.0,128.0,130.0,133.0,135.0,136.0,138.0,140.0,138.0,142.0,130.0,105.0,106.0,133.0,130.0,102.0,110.0,118.0,146.0,147.0,149.0,141.0,135.0,111.0,99.0,90.0,84.0,102.0,143.0,172.0,182.0,196.0,189.0,151.0,104.0,72.0,57.0,67.0,104.0,149.0,174.0,180.0,172.0,155.0,133.0,116.0,104.0,100.0,105.0,112.0,117.0,120.0,123.0,124.0,126.0,128.0,129.0,131.0,-0.9477246949717258,-0.31908917647069956
68.0,89.0,144.0,150.0,122.0,86.0,61.0,55.0,55.0,58.0,107.0,143.0,177.0,176.0,154.0,129.0,92.0,61.0,58.0,76.0,96.0,135.0,178.0,199.0,195.0,172.0,136.0,103.0,85.0,85.0,99.0,119.0,136.0,147.0,149.0,146.0,137.0,132.0,129.0,128.0,129.0,131.0,134.0,136.0,139.0,141.0,143.0,145.0,146.0,145.0,205.0,132.0,97.0,94.0,85.0,131.0,138.0,130.0,114.0,127.0,129.0,139.0,120.0,104.0,96.0,99.0,110.0,132.0,148.0,152.0,157.0,157.0,144.0,126.0,108.0,77.0,55.0,55.0,84.0,148.0,205.0,205.0,205.0,205.0,120.0,57.0,55.0,55.0,55.0,121.0,162.0,179.0,173.0,158.0,144.0,134.0,128.0,125.0,122.0,118.0,-0.9957293888561118,-0.09232000957665687
55.0,77.0,106.0,137.0,160.0,160.0,160.0,144.0,175.0,164.0,160.0,123.0,120.0,92.0,97.0,113.0,126.0,111.0,121.0,139.0,145.0,150.0,158.0,150.0,130.0,119.0,113.0,107.0,106.0,111.0,121.0,133.0,140.0,141.0,138.0,136.0,133.0,135.0,135.0,136.0,133.0,133.0,133.0,132.0,129.0,126.0,124.0,124.0,124.0,124.0,151.0,112.0,123.0,125.0,162.0,131.0,137.0,136.0,132.0,124.0,114.0,119.0,118.0,114.0,105.0,123.0,135.0,154.0,170.0,164.0,124.0,98.0,93.0,92.0,99.0,126.0,144.0,141.0,136.0,135.0,133.0,132.0,138.0,139.0,131.0,123.0,125.0,131.0,139.0,142.0,134.0,120.0,111.0,108.0,113.0,122.0,131.0,135.0,134.0,132.0,-0.9902348314610071,0.13940939194111274
130.0,131.0,90.0,81.0,65.0,71.0,96.0,96.0,104.0,109.0,136.0,123.0,120.0,112.0,111.0,103.0,129.0,159.0,169.0,161.0,155.0,142.0,124.0,115.0,108.0,102.0,105.0,120.0,141.0,156.0,160.0,150.0,137.0,125.0,117.0,115.0,115.0,119.0,123.0,130.0,135.0,139.0,140.0,142.0,145.0,148.0,149.0,148.0,147.0,145.0,152.0,162.0,117.0,98.0,108.0,142.0,140.0,130.0,127.0,129.0,122.0,104.0,94.0,99.0,107.0,117.0,135.0,149.0,169.0,196.0,195.0,145.0,84.0,55.0,55.0,55.0,94.0,174.0,203.0,200.0,177.0,150.0,132.0,136.0,143.0,134.0,110.0,84.0,72.0,82.0,111.0,140.0,156.0,155.0,143.0,131.0,126.0,131.0,137.0,138.0,-0.9315362382435856,0.36364850726902465
92.0,60.0,55.0,55.0,55.0,70.0,134.0,174.0,165.0,145.0,132.0,110.0,77.0,57.0,55.0,55.0,55.0,101.0,182.0,205.0,203.0,181.0,149.0,124.0,108.0,97.0,91.0,91.0,102.0,119.0,135.0,144.0,146.0,146.0,144.0,138.0,129.0,120.0,117.0,122.0,130.0,134.0,135.0,136.0,138.0,142.0,144.0,145.0,149.0,144.0,172.0,127.0,99.0,104.0,98.0,142.0,134.0,127.0,110.0,110.0,102.0,101.0,103.0,121.0,145.0,152.0,154.0,149.0,139.0,125.0,111.0,79.0,55.0,55.0,55.0,133.0,204.0,205.0,205.0,205.0,136.0,77.0,55.0,55.0,80.0,109.0,125.0,132.0,141.0,155.0,172.0,185.0,186.0,170.0,143.0,113.0,95.0,94.0,100.0,105.0,-0.8227874086431629,0.5683492589757365
144.0,119.0,148.0,129.0,152.0,147.0,159.0,172.0,150.0,120.0,102.0,115.0,99.0,98.0,109.0,127.0,129.0,156.0,177.0,167.0,141.0,128.0,115.0,104.0,105.0,113.0,116.0,122.0,129.0,139.0,144.0,146.0,140.0,133.0,127.0,122.0,121.0,122.0,124.0,125.0,127.0,126.0,126.0,125.0,124.0,124.0,125.0,124.0,124.0,124.0,147.0,166.0,136.0,111.0,116.0,133.0,130.0,124.0,123.0,135.0,144.0,146.0,151.0,151.0,139.0,128.0,115.0,93.0,89.0,118.0,151.0,162.0,169.0,167.0,145.0,124.0,117.0,118.0,115.0,115.0,112.0,102.0,98.0,110.0,135.0,156.0,163.0,152.0,129.0,110.0,104.0,109.0,122.0,134.0,140.0,139.0,135.0,132.0,131.0,133.0,-0.6698312765193434,0.742513340618515
205.0,111.0,59.0,55.0,60.0,105.0,97.0,101.0,84.0,130.0,124.0,126.0,111.0,121.0,109.0,122.0,143.0,158.0,139.0,129.0,130.0,126.0,124.0,126.0,124.0,115.0,125.0,141.0,152.0,148.0,138.0,126.0,121.0,120.0,120.0,122.0,128.0,132.0,133.0,132.0,131.0,134.0,141.0,145.0,148.0,147.0,146.0,145.0,145.0,146.0,137.0,139.0,136.0,140.0,106.0,129.0,125.0,112.0,103.0,103.0,124.0,141.0,151.0,155.0,168.0,161.0,158.0,144.0,111.0,75.0,73.0,91.0,114.0,154.0,194.0,201.0,180.0,156.0,131.0,108.0,98.0,102.0,103.0,99.0,96.0,105.0,114.0,126.0,129.0,127.0,123.0,123.0,128.0,137.0,149.0,153.0,149.0,140.0,133.0,127.0,-0.48088597687829504,0.8767831415132296
55.0,82.0,134.0,162.0,123.0,94.0,85.0,81.0,79.0,83.0,74.0,68.0,96.0,148.0,182.0,188.0,177.0,153.0,129.0,113.0,106.0,100.0,97.0,100.0,114.0,131.0,145.0,150.0,149.0,143.0,136.0,128.0,121.0,117.0,115.0,117.0,120.0,125.0,131.0,135.0,136.0,135.0,137.0,141.0,145.0,146.0,145.0,145.0,151.0,145.0,102.0,124.0,126.0,154.0,136.0,130.0,123.0,119.0,93.0,95.0,110.0,146.0,163.0,162.0,151.0,146.0,138.0,126.0,102.0,59.0,55.0,55.0,97.0,185.0,205.0,205.0,205.0,205.0,64.0,55.0,55.0,55.0,71.0,93.0,113.0,144.0,183.0,205.0,205.0,202.0,151.0,105.0,77.0,72.0,84.0,103.0,114.0,114.0,109.0,107.0,-0.2661032961157058,0.9639445190447202
98.0,119.0,156.0,176.0,175.0,131.0,95.0,94.0,112.0,105.0,97.0,115.0,132.0,140.0,156.0,162.0,128.0,90.0,84.0,96.0,108.0,125.0,142.0,147.0,149.0,151.0,148.0,135.0,118.0,106.0,105.0,115.0,127.0,135.0,139.0,140.0,136.0,132.0,127.0,123.0,119.0,119.0,120.0,122.0,123.0,122.0,124.0,126.0,128.0,129.0,69.0,144.0,144.0,165.0,158.0,128.0,118.0,119.0,126.0,123.0,131.0,138.0,147.0,142.0,148.0,158.0,156.0,139.0,122.0,100.0,83.0,104.0,149.0,177.0,183.0,179.0,158.0,126.0,107.0,101.0,93.0,85.0,87.0,98.0,118.0,149.0,178.0,184.0,159.0,116.0,80.0,64.0,75.0,99.0,125.0,144.0,152.0,151.0,149.0,149.0,-0.03702322967330827,0.9993144052121722
153.0,119.0,137.0,86.0,97.0,59.0,91.0,88.0,105.0,91.0,125.0,134.0,151.0,162.0,175.0,152.0,133.0,144.0,156.0,146.0,131.0,122.0,103.0,98.0,111.0,126.0,130.0,134.0,139.0,146.0,150.0,147.0,135.0,122.0,112.0,107.0,109.0,115.0,120.0,128.0,135.0,142.0,146.0,147.0,146.0,146.0,146.0,145.0,142.0,139.0,97.0,133.0,139.0,160.0,125.0,115.0,122.0,129.0,128.0,118.0,130.0,137.0,145.0,144.0,154.0,145.0,134.0,123.0,108.0,87.0,97.0,131.0,155.0,163.0,170.0,162.0,136.0,119.0,116.0,117.0,115.0,115.0,108.0,98.0,99.0,116.0,142.0,161.0,162.0,145.0,121.0,106.0,104.0,112.0,125.0,136.0,139.0,136.0,133.0,132.0,0.19404604697984854,0.9809924218114503
59.0,55.0,55.0,117.0,120.0,137.0,112.0,117.0,127.0,153.0,140.0,134.0,138.0,156.0,168.0,171.0,159.0,122.0,78.0,63.0,83.0,108.0,131.0,147.0,156.0,161.0,169.0,168.0,150.0,121.0,97.0,87.0,95.0,113.0,130.0,141.0,149.0,153.0,154.0,153.0,149.0,147.0,146.0,147.0,146.0,143.0,138.0,136.0,135.0,135.0,184.0,147.0,128.0,76.0,105.0,141.0,158.0,134.0,124.0,114.0,119.0,114.0,105.0,100.0,90.0,90.0,108.0,139.0,168.0,202.0,205.0,177.0,124.0,91.0,68.0,60.0,78.0,109.0,134.0,158.0,181.0,193.0,190.0,180.0,166.0,145.0,119.0,97.0,81.0,76.0,82.0,91.0,100.0,108.0,115.0,124.0,133.0,150.0,149.0,146.0,0.41468948068476946,0.909962985296323
131.0,129.0,127.0,125.0,104.0,107.0,82.0,77.0,93.0,134.0,140.0,151.0,166.0,154.0,107.0,73.0,58.0,55.0,55.0,89.0,135.0,163.0,181.0,191.0,181.0,160.0,133.0,108.0,88.0,80.0,88.0,108.0,132.0,148.0,154.0,151.0,143.0,133.0,124.0,119.0,116.0,114.0,114.0,117.0,120.0,124.0,125.0,128.0,130.0,132.0,147.0,142.0,143.0,139.0,117.0,111.0,119.0,133.0,135.0,143.0,146.0,141.0,141.0,152.0,152.0,138.0,131.0,124.0,112.0,114.0,137.0,155.0,157.0,151.0,134.0,106.0,87.0,87.0,105.0,133.0,162.0,177.0,166.0,135.0,98.0,71.0,63.0,75.0,98.0,122.0,144.0,156.0,161.0,160.0,158.0,154.0,151.0,146.0,141.0,135.0,0.6130521853297516,0.7900424153565528
95.0,69.0,64.0,81.0,94.0,102.0,101.0,119.0,162.0,182.0,175.0,166.0,180.0,172.0,157.0,140.0,113.0,71.0,56.0,72.0,96.0,113.0,135.0,156.0,169.0,175.0,174.0,161.0,135.0,105.0,85.0,82.0,93.0,110.0,127.0,140.0,147.0,149.0,147.0,144.0,141.0,139.0,138.0,138.0,136.0,133.0,129.0,128.0,126.0,125.0,98.0,124.0,119.0,165.0,125.0,122.0,115.0,131.0,123.0,121.0,123.0,136.0,142.0,143.0,151.0,148.0,136.0,124.0,113.0,90.0,90.0,120.0,150.0,160.0,169.0,166.0,143.0,120.0,115.0,116.0,115.0,115.0,110.0,100.0,95.0,109.0,134.0,157.0,164.0,151.0,127.0,108.0,102.0,107.0,120.0,133.0,138.0,137.0,133.0,132.0,0.7784763895373055,0.6276738890004597
63.0,75.0,77.0,90.0,80.0,89.0,120.0,160.0,176.0,177.0,173.0,165.0,158.0,147.0,128.0,87.0,56.0,55.0,84.0,114.0,142.0,160.0,165.0,165.0,168.0,163.0,142.0,112.0,89.0,82.0,94.0,110.0,125.0,136.0,143.0,145.0,146.0,143.0,139.0,138.0,139.0,141.0,141.0,138.0,135.0,133.0,132.0,132.0,130.0,127.0,155.0,151.0,137.0,103.0,94.0,113.0,117.0,101.0,105.0,117.0,132.0,127.0,124.0,137.0,159.0,170.0,164.0,137.0,103.0,96.0,117.0,132.0,133.0,135.0,131.0,123.0,134.0,162.0,179.0,175.0,157.0,132.0,108.0,99.0,103.0,105.0,93.0,76.0,71.0,81.0,107.0,139.0,167.0,182.0,179.0,164.0,145.0,133.0,130.0,131.0,0.9020740649257674,0.4315812569937468
91.0,59.0,85.0,138.0,163.0,154.0,152.0,153.0,125.0,91.0,63.0,55.0,55.0,55.0,109.0,161.0,184.0,196.0,191.0,171.0,143.0,112.0,86.0,74.0,78.0,97.0,122.0,142.0,151.0,154.0,149.0,141.0,132.0,125.0,121.0,120.0,121.0,122.0,124.0,125.0,126.0,129.0,131.0,133.0,134.0,135.0,136.0,137.0,139.0,139.0,123.0,146.0,137.0,140.0,135.0,136.0,131.0,124.0,128.0,131.0,136.0,142.0,137.0,130.0,146.0,169.0,173.0,161.0,139.0,108.0,84.0,88.0,108.0,123.0,128.0,131.0,136.0,146.0,162.0,176.0,168.0,140.0,102.0,68.0,55.0,61.0,87.0,118.0,143.0,154.0,155.0,154.0,156.0,159.0,161.0,157.0,149.0,138.0,129.0,123.0,0.9772044683703768,0.21230032264923515
55.0,88.0,90.0,129.0,141.0,173.0,165.0,157.0,172.0,181.0,175.0,148.0,144.0,105.0,69.0,55.0,55.0,55.0,73.0,112.0,159.0,187.0,205.0,205.0,188.0,150.0,111.0,79.0,63.0,67.0,86.0,115.0,145.0,162.0,167.0,165.0,158.0,150.0,143.0,137.0,132.0,129.0,126.0,125.0,123.0,122.0,120.0,122.0,124.0,125.0,163.0,133.0,110.0,110.0,86.0,117.0,118.0,125.0,124.0,133.0,131.0,127.0,129.0,141.0,147.0,128.0,112.0,96.0,84.0,94.0,130.0,149.0,140.0,137.0,131.0,116.0,112.0,122.0,131.0,135.0,147.0,158.0,152.0,131.0,105.0,82.0,72.0,84.0,114.0,153.0,185.0,198.0,190.0,167.0,141.0,119.0,108.0,105.0,106.0,105.0,0.999830940536181,-0.018387233248524024
55.0,108.0,129.0,135.0,138.0,161.0,193.0,205.0,205.0,174.0,117.0,60.0,55.0,55.0,68.0,109.0,157.0,197.0,205.0,205.0,205.0,162.0,108.0,66.0,55.0,55.0,75.0,102.0,135.0,166.0,182.0,180.0,161.0,136.0,116.0,111.0,112.0,119.0,124.0,128.0,133.0,138.0,139.0,136.0,133.0,130.0,129.0,129.0,129.0,127.0,166.0,151.0,91.0,115.0,128.0,133.0,109.0,110.0,111.0,131.0,129.0,127.0,125.0,127.0,136.0,151.0,149.0,127.0,115.0,104.0,90.0,96.0,125.0,143.0,145.0,147.0,146.0,131.0,120.0,122.0,130.0,134.0,137.0,135.0,123.0,106.0,93.0,91.0,103.0,127.0,149.0,162.0,165.0,157.0,144.0,131.0,124.0,120.0,119.0,120.0,0.9687377903594104,-0.24808686690263768
73.0,123.0,149.0,138.0,91.0,72.0,58.0,68.0,89.0,120.0,133.0,161.0,179.0,175.0,144.0,103.0,63.0,55.0,55.0,90.0,125.0,159.0,182.0,188.0,181.0,158.0,124.0,93.0,80.0,85.0,103.0,124.0,138.0,144.0,145.0,142.0,137.0,133.0,129.0,128.0,130.0,133.0,135.0,136.0,136.0,137.0,139.0,140.0,140.0,138.0,126.0,118.0,127.0,130.0,159.0,118.0,138.0,155.0,160.0,141.0,130.0,128.0,123.0,116.0,88.0,81.0,94.0,122.0,151.0,174.0,172.0,160.0,144.0,119.0,97.0,90.0,82.0,69.0,68.0,90.0,125.0,164.0,194.0,199.0,177.0,144.0,122.0,119.0,127.0,135.0,135.0,123.0,110.0,103.0,105.0,114.0,126.0,136.0,140.0,140.0,0.8855956125548446,-0.4644571142997052
76.0,78.0,79.0,146.0,189.0,205.0,205.0,202.0,146.0,78.0,55.0,55.0,55.0,55.0,70.0,178.0,205.0,205.0,205.0,181.0,113.0,67.0,55.0,55.0,71.0,116.0,149.0,163.0,168.0,164.0,152.0,135.0,118.0,109.0,111.0,119.0,126.0,132.0,138.0,132.0,124.0,120.0,122.0,126.0,126.0,124.0,123.0,125.0,127.0,129.0,146.0,142.0,139.0,122.0,139.0,148.0,146.0,126.0,124.0,129.0,134.0,124.0,118.0,118.0,113.0,116.0,126.0,129.0,124.0,138.0,147.0,135.0,121.0,120.0,125.0,123.0,142.0,160.0,159.0,139.0,103.0,69.0,61.0,97.0,160.0,205.0,205.0,205.0,163.0,112.0,84.0,78.0,88.0,104.0,113.0,114.0,112.0,114.0,120.0,130.0,0.7548715287240747,-0.6558726820975078
125.0,160.0,191.0,180.0,140.0,94.0,61.0,64.0,77.0,96.0,129.0,172.0,205.0,205.0,205.0,142.0,74.0,55.0,55.0,55.0,57.0,126.0,164.0,194.0,205.0,199.0,165.0,115.0,78.0,68.0,81.0,106.0,128.0,140.0,145.0,145.0,142.0,135.0,128.0,123.0,122.0,123.0,124.0,123.0,122.0,122.0,124.0,126.0,127.0,126.0,191.0,147.0,106.0,84.0,119.0,122.0,122.0,121.0,128.0,141.0,136.0,139.0,143.0,145.0,128.0,116.0,95.0,79.0,96.0,139.0,160.0,162.0,159.0,143.0,114.0,104.0,111.0,119.0,121.0,123.0,123.0,120.0,127.0,138.0,142.0,130.0,112.0,97.0,98.0,122.0,152.0,169.0,167.0,152.0,136.0,124.0,121.0,121.0,121.0,122.0,0.5835891746936639,-0.8120490595896089
67.0,55.0,55.0,89.0,117.0,135.0,152.0,170.0,169.0,148.0,113.0,77.0,56.0,61.0,86.0,116.0,148.0,173.0,182.0,178.0,163.0,134.0,104.0,86.0,85.0,101.0,122.0,138.0,144.0,144.0,139.0,134.0,130.0,126.0,123.0,123.0,125.0,128.0,130.0,131.0,132.0,134.0,136.0,137.0,137.0,137.0,136.0,136.0,136.0,136.0,145.0,165.0,113.0,116.0,96.0,162.0,142.0,145.0,128.0,143.0,143.0,140.0,118.0,106.0,106.0,99.0,104.0,120.0,147.0,171.0,192.0,175.0,136.0,100.0,73.0,55.0,55.0,89.0,127.0,160.0,183.0,185.0,165.0,143.0,127.0,119.0,111.0,110.0,113.0,122.0,134.0,146.0,149.0,145.0,139.0,132.0,129.0,129.0,130.0,130.0,0.38095132965299927,-0.9245950921541882
115.0,70.0,55.0,55.0,55.0,55.0,55.0,130.0,161.0,190.0,199.0,200.0,145.0,87.0,55.0,55.0,55.0,55.0,55.0,71.0,176.0,205.0,205.0,205.0,189.0,152.0,117.0,86.0,62.0,57.0,71.0,103.0,136.0,159.0,166.0,162.0,151.0,139.0,130.0,122.0,117.0,115.0,118.0,122.0,126.0,128.0,130.0,132.0,134.0,137.0,147.0,115.0,109.0,128.0,150.0,148.0,130.0,122.0,120.0,130.0,136.0,118.0,85.0,77.0,97.0,128.0,164.0,191.0,186.0,156.0,134.0,125.0,116.0,101.0,82.0,63.0,62.0,96.0,155.0,205.0,205.0,205.0,179.0,126.0,91.0,80.0,90.0,108.0,119.0,115.0,106.0,103.0,113.0,126.0,137.0,138.0,138.0,137.0,139.0,143.0,0.15784546273967562,-0.98746382713115
108.0,133.0,166.0,198.0,205.0,205.0,204.0,119.0,55.0,55.0,55.0,55.0,65.0,142.0,175.0,199.0,205.0,205.0,171.0,121.0,80.0,62.0,71.0,95.0,120.0,136.0,145.0,148.0,146.0,141.0,135.0,130.0,129.0,131.0,132.0,131.0,128.0,127.0,128.0,130.0,130.0,127.0,126.0,125.0,127.0,129.0,130.0,130.0,130.0,130.0,130.0,136.0,169.0,123.0,112.0,114.0,132.0,131.0,123.0,125.0,135.0,142.0,144.0,154.0,150.0,138.0,123.0,108.0,85.0,92.0,130.0,159.0,165.0,167.0,160.0,138.0,122.0,120.0,119.0,115.0,114.0,108.0,99.0,97.0,114.0,139.0,159.0,164.0,149.0,125.0,107.0,102.0,108.0,122.0,134.0,140.0,138.0,135.0,132.0,131.0,-0.07374123658550928,-0.9972774087618951
130.0,118.0,79.0,109.0,79.0,78.0,55.0,90.0,114.0,161.0,177.0,177.0,152.0,129.0,97.0,61.0,55.0,55.0,55.0,96.0,155.0,190.0,204.0,200.0,177.0,141.0,114.0,95.0,88.0,89.0,101.0,116.0,134.0,146.0,152.0,150.0,146.0,137.0,131.0,127.0,125.0,124.0,126.0,128.0,131.0,133.0,135.0,136.0,137.0,139.0,145.0,125.0,100.0,146.0,109.0,127.0,115.0,133.0,130.0,132.0,125.0,135.0,135.0,132.0,131.0,116.0,110.0,118.0,123.0,109.0,108.0,114.0,120.0,129.0,150.0,152.0,131.0,111.0,102.0,101.0,117.0,145.0,162.0,156.0,132.0,104.0,88.0,95.0,126.0,160.0,182.0,185.0,169.0,146.0,128.0,118.0,112.0,110.0,108.0,106.0,-0.3013659147130507,-0.9535085660072311
63.0,55.0,122.0,155.0,169.0,160.0,154.0,127.0,104.0,77.0,55.0,55.0,55.0,55.0,116.0,189.0,201.0,182.0,164.0,154.0,133.0,111.0,95.0,80.0,83.0,111.0,143.0,157.0,155.0,143.0,132.0,129.0,131.0,133.0,133.0,131.0,128.0,127.0,125.0,123.0,122.0,122.0,130.0,134.0,135.0,136.0,138.0,143.0,146.0,146.0,154.0,136.0,108.0,106.0,120.0,140.0,119.0,95.0,90.0,112.0,135.0,154.0,165.0,163.0,165.0,155.0,135.0,100.0,68.0,55.0,55.0,81.0,137.0,196.0,205.0,205.0,197.0,152.0,121.0,104.0,90.0,74.0,58.0,55.0,69.0,108.0,152.0,183.0,193.0,182.0,161.0,139.0,127.0,125.0,128.0,127.0,120.0,110.0,102.0,102.0,-0.5127985923043581,-0.8585089421378608
157.0,162.0,142.0,118.0,77.0,55.0,55.0,72.0,114.0,141.0,165.0,177.0,203.0,205.0,192.0,149.0,103.0,58.0,55.0,55.0,98.0,121.0,141.0,154.0,159.0,167.0,175.0,167.0,144.0,115.0,94.0,89.0,99.0,115.0,127.0,135.0,137.0,135.0,134.0,132.0,130.0,130.0,130.0,131.0,131.0,131.0,131.0,131.0,130.0,129.0,160.0,149.0,141.0,130.0,92.0,120.0,120.0,119.0,119.0,138.0,144.0,140.0,132.0,138.0,149.0,141.0,127.0,106.0,84.0,84.0,123.0,156.0,163.0,162.0,155.0,128.0,109.0,112.0,120.0,120.0,122.0,122.0,118.0,118.0,128.0,137.0,136.0,127.0,115.0,111.0,118.0,135.0,149.0,155.0,152.0,141.0,129.0,123.0,122.0,124.0,-0.6966792652521387,-0.7173827439852035
62.0,55.0,55.0,67.0,111.0,149.0,143.0,169.0,149.0,151.0,116.0,86.0,55.0,55.0,55.0,56.0,97.0,133.0,149.0,161.0,176.0,172.0,155.0,140.0,130.0,118.0,114.0,112.0,111.0,110.0,116.0,124.0,139.0,148.0,152.0,149.0,145.0,138.0,132.0,127.0,126.0,125.0,127.0,130.0,133.0,135.0,137.0,138.0,140.0,143.0,161.0,131.0,97.0,115.0,137.0,138.0,120.0,125.0,133.0,132.0,117.0,106.0,108.0,110.0,114.0,119.0,119.0,118.0,136.0,150.0,137.0,117.0,106.0,99.0,102.0,131.0,163.0,167.0,143.0,108.0,83.0,86.0,126.0,177.0,205.0,195.0,157.0,118.0,100.0,108.0,128.0,142.0,142.0,128.0,110.0,97.0,97.0,106.0,117.0,125.0,-0.8431282629977316,-0.5377124995147761
90.0,69.0,55.0,65.0,55.0,55.0,55.0,56.0,126.0,205.0,205.0,183.0,142.0,101.0,60.0,55.0,55.0,56.0,56.0,98.0,190.0,205.0,205.0,192.0,157.0,127.0,110.0,99.0,92.0,91.0,100.0,118.0,135.0,144.0,146.0,144.0,140.0,134.0,129.0,125.0,124.0,127.0,132.0,137.0,140.0,141.0,142.0,144.0,145.0,146.0,192.0,135.0,96.0,97.0,129.0,128.0,137.0,141.0,142.0,130.0,124.0,112.0,112.0,108.0,92.0,82.0,85.0,113.0,161.0,198.0,194.0,160.0,121.0,95.0,86.0,97.0,104.0,91.0,72.0,73.0,107.0,169.0,205.0,205.0,205.0,205.0,93.0,55.0,55.0,78.0,123.0,146.0,142.0,125.0,109.0,107.0,119.0,134.0,143.0,143.0,-0.9442770704428524,-0.32915165841275107
63.0,94.0,59.0,148.0,127.0,179.0,150.0,166.0,152.0,175.0,155.0,138.0,124.0,106.0,93.0,101.0,124.0,115.0,116.0,133.0,149.0,147.0,157.0,155.0,138.0,120.0,115.0,108.0,104.0,106.0,116.0,129.0,141.0,143.0,140.0,136.0,133.0,132.0,135.0,136.0,134.0,133.0,132.0,133.0,131.0,128.0,125.0,123.0,124.0,124.0,133.0,117.0,119.0,153.0,135.0,118.0,116.0,128.0,116.0,127.0,122.0,137.0,139.0,142.0,145.0,152.0,138.0,126.0,114.0,92.0,86.0,114.0,148.0,158.0,165.0,165.0,145.0,121.0,115.0,117.0,116.0,117.0,115.0,106.0,100.0,108.0,128.0,146.0,154.0,147.0,130.0,116.0,111.0,115.0,124.0,133.0,137.0,135.0,132.0,130.0,-0.9946910930815085,-0.10290592472891796
101.0,98.0,140.0,122.0,101.0,66.0,56.0,55.0,89.0,101.0,96.0,118.0,125.0,129.0,122.0,120.0,97.0,87.0,100.0,128.0,143.0,156.0,161.0,156.0,145.0,136.0,124.0,113.0,107.0,109.0,120.0,133.0,142.0,144.0,142.0,136.0,130.0,125.0,122.0,121.0,123.0,127.0,132.0,136.0,139.0,141.0,145.0,147.0,149.0,149.0,178.0,151.0,150.0,129.0,109.0,90.0,125.0,124.0,111.0,110.0,122.0,141.0,144.0,144.0,140.0,136.0,114.0,98.0,86.0,81.0,98.0,141.0,172.0,183.0,193.0,188.0,150.0,104.0,72.0,57.0,65.0,102.0,148.0,176.0,185.0,178.0,159.0,131.0,109.0,96.0,94.0,104.0,117.0,126.0,128.0,127.0,125.0,124.0,124.0,126.0,-0.9916616507287683,0.12886881109831938
97.0,63.0,55.0,55.0,55.0,58.0,126.0,172.0,167.0,148.0,132.0,115.0,82.0,58.0,55.0,55.0,55.0,96.0,176.0,205.0,204.0,185.0,153.0,127.0,110.0,99.0,91.0,91.0,100.0,117.0,134.0,144.0,148.0,146.0,142.0,134.0,128.0,123.0,122.0,123.0,127.0,131.0,134.0,136.0,139.0,142.0,144.0,144.0,142.0,142.0,147.0,120.0,93.0,97.0,100.0,140.0,129.0,121.0,123.0,127.0,137.0,129.0,112.0,96.0,99.0,103.0,122.0,142.0,151.0,153.0,158.0,152.0,135.0,119.0,94.0,61.0,55.0,55.0,115.0,182.0,205.0,205.0,205.0,149.0,83.0,55.0,55.0,55.0,74.0,147.0,173.0,177.0,165.0,149.0,137.0,130.0,127.0,124.0,120.0,117.0,-0.9353515114012017,0.3537195925015855
100.0,128.0,123.0,124.0,135.0,148.0,159.0,153.0,173.0,139.0,120.0,98.0,118.0,98.0,100.0,110.0,126.0,124.0,149.0,169.0,159.0,136.0,126.0,117.0,108.0,111.0,118.0,121.0,123.0,127.0,132.0,138.0,139.0,137.0,132.0,129.0,124.0,123.0,123.0,125.0,125.0,125.0,124.0,124.0,124.0,123.0,123.0,124.0,124.0,123.0,155.0,149.0,135.0,119.0,93.0,122.0,122.0,118.0,118.0,135.0,143.0,140.0,136.0,141.0,147.0,135.0,121.0,101.0,82.0,90.0,131.0,159.0,162.0,160.0,150.0,122.0,107.0,112.0,120.0,120.0,122.0,122.0,119.0,122.0,132.0,139.0,134.0,120.0,108.0,107.0,120.0,141.0,157.0,160.0,154.0,140.0,126.0,120.0,120.0,123.0,-0.8287861460020305,0.5595654780229933
63.0,76.0,81.0,107.0,92.0,104.0,122.0,145.0,118.0,115.0,113.0,118.0,114.0,133.0,149.0,148.0,150.0,169.0,172.0,149.0,127.0,109.0,94.0,96.0,116.0,131.0,136.0,138.0,143.0,147.0,148.0,138.0,126.0,115.0,112.0,114.0,121.0,128.0,134.0,140.0,145.0,150.0,151.0,150.0,148.0,147.0,146.0,144.0,142.0,139.0,183.0,142.0,103.0,91.0,134.0,139.0,144.0,138.0,123.0,118.0,101.0,97.0,100.0,110.0,116.0,128.0,140.0,155.0,184.0,203.0,168.0,103.0,55.0,55.0,55.0,58.0,158.0,198.0,201.0,182.0,154.0,130.0,129.0,137.0,137.0,120.0,97.0,80.0,81.0,100.0,126.0,143.0,148.0,142.0,133.0,129.0,132.0,137.0,139.0,135.0,-0.6776911736853926,0.7353466346621266
187.0,123.0,91.0,55.0,55.0,55.0,71.0,89.0,109.0,125.0,168.0,194.0,188.0,162.0,136.0,125.0,129.0,147.0,157.0,146.0,120.0,106.0,104.0,109.0,116.0,123.0,126.0,135.0,147.0,158.0,156.0,143.0,122.0,106.0,98.0,98.0,103.0,112.0,123.0,133.0,140.0,144.0,146.0,146.0,147.0,148.0,146.0,143.0,138.0,135.0,165.0,115.0,107.0,110.0,139.0,129.0,129.0,120.0,95.0,96.0,96.0,123.0,144.0,159.0,150.0,151.0,141.0,130.0,115.0,88.0,55.0,55.0,55.0,115.0,193.0,205.0,205.0,205.0,138.0,83.0,55.0,55.0,55.0,98.0,117.0,129.0,145.0,164.0,181.0,190.0,180.0,157.0,128.0,107.0,97.0,97.0,103.0,104.0,102.0,99.0,-0.49018473174996396,0.8716185683882692
170.0,158.0,146.0,157.0,107.0,106.0,96.0,105.0,78.0,106.0,122.0,144.0,147.0,171.0,155.0,108.0,72.0,65.0,61.0,72.0,109.0,144.0,162.0,173.0,180.0,169.0,150.0,124.0,104.0,90.0,92.0,102.0,122.0,139.0,148.0,148.0,144.0,136.0,128.0,121.0,118.0,117.0,116.0,117.0,119.0,121.0,124.0,126.0,128.0,130.0,142.0,139.0,152.0,130.0,116.0,137.0,153.0,148.0,133.0,123.0,130.0,134.0,130.0,125.0,116.0,104.0,112.0,131.0,141.0,151.0,165.0,158.0,127.0,111.0,108.0,103.0,105.0,121.0,133.0,135.0,133.0,128.0,120.0,119.0,133.0,153.0,167.0,165.0,149.0,124.0,105.0,97.0,99.0,109.0,122.0,131.0,134.0,135.0,135.0,134.0,-0.2763412986292073,0.9610595645806368
143.0,114.0,91.0,80.0,80.0,105.0,101.0,113.0,123.0,148.0,150.0,174.0,173.0,150.0,122.0,136.0,156.0,162.0,167.0,171.0,149.0,121.0,110.0,108.0,101.0,101.0,110.0,123.0,139.0,153.0,162.0,157.0,144.0,122.0,108.0,101.0,103.0,111.0,124.0,135.0,144.0,148.0,150.0,152.0,151.0,148.0,145.0,141.0,137.0,133.0,126.0,122.0,142.0,114.0,123.0,123.0,120.0,94.0,106.0,112.0,138.0,143.0,151.0,159.0,166.0,160.0,149.0,128.0,87.0,69.0,83.0,103.0,131.0,174.0,198.0,189.0,167.0,145.0,120.0,104.0,101.0,102.0,98.0,99.0,106.0,113.0,118.0,120.0,119.0,119.0,124.0,133.0,143.0,151.0,154.0,150.0,142.0,134.0,127.0,125.0,-0.047650405204766155,0.9988640742782882
92.0,105.0,55.0,76.0,85.0,101.0,110.0,119.0,124.0,114.0,138.0,143.0,148.0,131.0,140.0,145.0,159.0,164.0,163.0,132.0,96.0,80.0,92.0,107.0,123.0,136.0,142.0,146.0,154.0,157.0,145.0,129.0,111.0,102.0,100.0,108.0,119.0,133.0,142.0,148.0,149.0,149.0,147.0,147.0,147.0,148.0,146.0,142.0,137.0,135.0,194.0,158.0,137.0,115.0,104.0,120.0,123.0,89.0,81.0,113.0,151.0,169.0,156.0,141.0,139.0,139.0,127.0,97.0,56.0,55.0,55.0,95.0,188.0,205.0,205.0,205.0,155.0,88.0,56.0,55.0,55.0,89.0,115.0,141.0,170.0,192.0,196.0,178.0,147.0,118.0,105.0,109.0,124.0,135.0,136.0,125.0,107.0,93.0,91.0,102.0,0.18360068281687797,0.9830009101059756
79.0,83.0,110.0,144.0,134.0,127.0,146.0,150.0,139.0,133.0,124.0,86.0,58.0,57.0,65.0,69.0,94.0,133.0,160.0,176.0,185.0,182.0,164.0,138.0,113.0,90.0,78.0,79.0,96.0,121.0,144.0,154.0,155.0,149.0,143.0,139.0,134.0,127.0,118.0,115.0,118.0,125.0,128.0,127.0,127.0,127.0,130.0,132.0,135.0,137.0,145.0,165.0,166.0,142.0,117.0,120.0,122.0,121.0,128.0,139.0,150.0,146.0,147.0,157.0,158.0,142.0,126.0,106.0,86.0,98.0,142.0,175.0,184.0,181.0,164.0,131.0,110.0,102.0,95.0,87.0,87.0,97.0,117.0,145.0,172.0,180.0,164.0,128.0,90.0,68.0,71.0,93.0,120.0,142.0,153.0,154.0,150.0,149.0,150.0,151.0,0.40498714378721,0.9143223793427993
120.0,55.0,84.0,71.0,117.0,116.0,148.0,172.0,171.0,167.0,173.0,187.0,161.0,153.0,130.0,98.0,57.0,55.0,66.0,82.0,104.0,140.0,165.0,185.0,197.0,193.0,166.0,129.0,94.0,73.0,72.0,86.0,107.0,131.0,149.0,157.0,158.0,155.0,150.0,144.0,139.0,136.0,134.0,131.0,128.0,126.0,125.0,123.0,122.0,122.0,172.0,140.0,140.0,135.0,97.0,112.0,122.0,120.0,110.0,133.0,141.0,148.0,133.0,134.0,144.0,143.0,130.0,114.0,91.0,81.0,109.0,148.0,162.0,162.0,159.0,138.0,113.0,109.0,118.0,120.0,121.0,122.0,119.0,116.0,123.0,135.0,138.0,131.0,119.0,111.0,114.0,129.0,145.0,154.0,153.0,144.0,132.0,123.0,122.0,123.0,0.604614169701251,0.7965184905552832
168.0,133.0,72.0,55.0,55.0,111.0,139.0,149.0,153.0,174.0,192.0,198.0,180.0,132.0,70.0,55.0,55.0,61.0,112.0,140.0,157.0,163.0,174.0,178.0,165.0,134.0,105.0,90.0,90.0,102.0,111.0,124.0,137.0,144.0,144.0,138.0,133.0,130.0,132.0,134.0,137.0,135.0,132.0,130.0,130.0,132.0,131.0,129.0,126.0,125.0,160.0,101.0,68.0,114.0,146.0,151.0,130.0,121.0,117.0,115.0,106.0,99.0,96.0,89.0,95.0,118.0,149.0,183.0,205.0,205.0,152.0,103.0,73.0,56.0,57.0,90.0,122.0,146.0,172.0,191.0,199.0,195.0,185.0,162.0,126.0,92.0,69.0,64.0,76.0,98.0,115.0,123.0,122.0,120.0,122.0,129.0,143.0,150.0,150.0,141.0,0.7717560588361781,0.6359186942130649
106.0,56.0,67.0,106.0,163.0,158.0,150.0,153.0,145.0,109.0,78.0,56.0,55.0,55.0,59.0,141.0,172.0,191.0,196.0,184.0,160.0,130.0,100.0,79.0,74.0,86.0,109.0,133.0,147.0,153.0,152.0,146.0,137.0,129.0,122.0,120.0,120.0,122.0,123.0,124.0,125.0,127.0,130.0,133.0,134.0,134.0,135.0,137.0,138.0,139.0,143.0,140.0,142.0,139.0,114.0,113.0,123.0,137.0,138.0,139.0,141.0,142.0,148.0,158.0,149.0,133.0,128.0,123.0,112.0,118.0,141.0,155.0,155.0,149.0,132.0,104.0,86.0,88.0,107.0,137.0,165.0,177.0,163.0,130.0,93.0,69.0,64.0,78.0,101.0,126.0,146.0,157.0,160.0,159.0,157.0,154.0,150.0,146.0,140.0,134.0,0.8974324938223784,0.4411518095075058
149.0,80.0,84.0,104.0,138.0,157.0,192.0,201.0,187.0,183.0,150.0,93.0,55.0,55.0,55.0,55.0,87.0,156.0,179.0,184.0,189.0,186.0,157.0,123.0,102.0,78.0,71.0,88.0,119.0,146.0,156.0,148.0,138.0,135.0,137.0,137.0,138.0,136.0,132.0,128.0,124.0,122.0,121.0,121.0,121.0,122.0,123.0,124.0,125.0,128.0,102.0,105.0,127.0,147.0,147.0,121.0,114.0,124.0,128.0,122.0,121.0,130.0,139.0,143.0,146.0,152.0,144.0,131.0,120.0,101.0,85.0,101.0,137.0,154.0,168.0,175.0,161.0,127.0,112.0,113.0,116.0,117.0,115.0,106.0,96.0,100.0,122.0,149.0,164.0,159.0,138.0,114.0,102.0,104.0,115.0,129.0,138.0,139.0,135.0,132.0,0.9748910424724785,0.22268240906484787
107.0,170.0,176.0,196.0,158.0,126.0,79.0,74.0,77.0,90.0,117.0,153.0,188.0,205.0,205.0,199.0,141.0,94.0,64.0,55.0,66.0,90.0,121.0,152.0,178.0,184.0,175.0,148.0,120.0,100.0,98.0,108.0,118.0,122.0,127.0,133.0,137.0,132.0,128.0,127.0,130.0,131.0,130.0,127.0,126.0,125.0,126.0,127.0,127.0,126.0,168.0,100.0,87.0,94.0,156.0,143.0,135.0,124.0,116.0,119.0,110.0,104.0,97.0,94.0,87.0,108.0,137.0,171.0,203.0,205.0,174.0,119.0,83.0,62.0,55.0,78.0,112.0,138.0,161.0,184.0,197.0,196.0,188.0,170.0,140.0,105.0,79.0,68.0,74.0,91.0,107.0,116.0,117.0,118.0,121.0,128.0,138.0,145.0,147.0,146.0,0.9999699572229718,-0.00775142899651253
153.0,155.0,163.0,117.0,67.0,55.0,55.0,55.0,55.0,95.0,153.0,193.0,205.0,205.0,158.0,100.0,55.0,55.0,55.0,55.0,112.0,156.0,184.0,193.0,187.0,167.0,134.0,102.0,84.0,84.0,99.0,118.0,132.0,140.0,140.0,136.0,130.0,125.0,122.0,120.0,122.0,125.0,128.0,130.0,132.0,135.0,137.0,139.0,138.0,137.0,141.0,129.0,135.0,140.0,150.0,153.0,147.0,141.0,132.0,126.0,129.0,126.0,109.0,109.0,129.0,152.0,172.0,187.0,178.0,140.0,103.0,78.0,65.0,64.0,83.0,113.0,145.0,175.0,193.0,190.0,165.0,129.0,96.0,76.0,76.0,92.0,114.0,136.0,149.0,151.0,147.0,145.0,145.0,146.0,147.0,146.0,141.0,134.0,128.0,123.0,0.9713217804442398,-0.23776879281064645
167.0,147.0,153.0,171.0,204.0,181.0,154.0,86.0,55.0,55.0,55.0,55.0,64.0,154.0,203.0,205.0,205.0,195.0,147.0,81.0,55.0,55.0,55.0,81.0,133.0,164.0,176.0,180.0,173.0,156.0,132.0,110.0,99.0,104.0,115.0,124.0,130.0,130.0,126.0,123.0,121.0,119.0,117.0,117.0,119.0,124.0,127.0,128.0,130.0,132.0,156.0,159.0,102.0,96.0,120.0,143.0,136.0,125.0,134.0,139.0,132.0,113.0,107.0,105.0,105.0,112.0,126.0,132.0,147.0,165.0,158.0,124.0,101.0,90.0,81.0,88.0,114.0,137.0,141.0,142.0,142.0,142.0,149.0,160.0,160.0,140.0,113.0,93.0,92.0,111.0,138.0,156.0,160.0,151.0,135.0,122.0,117.0,119.0,122.0,124.0,0.8904857415949421,-0.45501114713389823
172.0,189.0,179.0,129.0,91.0,61.0,68.0,79.0,98.0,130.0,175.0,205.0,205.0,205.0,136.0,70.0,55.0,55.0,55.0,61.0,128.0,166.0,195.0,205.0,197.0,162.0,112.0,77.0,68.0,83.0,108.0,129.0,141.0,145.0,146.0,142.0,135.0,128.0,122.0,122.0,123.0,125.0,123.0,122.0,122.0,124.0,126.0,127.0,126.0,125.0,177.0,160.0,123.0,84.0,118.0,128.0,136.0,113.0,108.0,112.0,112.0,108.0,114.0,129.0,137.0,150.0,160.0,159.0,151.0,149.0,128.0,93.0,73.0,77.0,90.0,121.0,164.0,193.0,191.0,173.0,150.0,127.0,117.0,120.0,121.0,108.0,88.0,72.0,71.0,90.0,121.0,149.0,165.0,167.0,157.0,145.0,137.0,135.0,135.0,132.0,0.761805056415465,-0.6478063414476816
91.0,89.0,55.0,59.0,90.0,152.0,154.0,177.0,162.0,150.0,118.0,87.0,62.0,59.0,85.0,111.0,149.0,170.0,180.0,171.0,158.0,131.0,108.0,91.0,91.0,104.0,126.0,143.0,149.0,147.0,138.0,129.0,124.0,122.0,123.0,126.0,129.0,132.0,133.0,134.0,134.0,134.0,135.0,135.0,136.0,136.0,136.0,136.0,136.0,136.0,158.0,162.0,147.0,153.0,124.0,132.0,127.0,124.0,101.0,130.0,153.0,171.0,162.0,153.0,149.0,153.0,140.0,110.0,71.0,55.0,55.0,111.0,173.0,205.0,205.0,205.0,156.0,100.0,65.0,55.0,55.0,55.0,83.0,109.0,144.0,178.0,198.0,193.0,165.0,130.0,104.0,99.0,111.0,129.0,142.0,144.0,137.0,128.0,122.0,122.0,0.5921935715676359,-0.8057957394985203
91.0,55.0,60.0,78.0,98.0,100.0,124.0,177.0,193.0,197.0,174.0,156.0,94.0,60.0,55.0,55.0,55.0,55.0,70.0,180.0,205.0,205.0,205.0,205.0,154.0,110.0,77.0,56.0,55.0,55.0,96.0,144.0,177.0,188.0,178.0,158.0,141.0,128.0,122.0,120.0,121.0,123.0,129.0,131.0,130.0,129.0,132.0,137.0,142.0,139.0,140.0,142.0,147.0,121.0,130.0,129.0,124.0,109.0,121.0,135.0,145.0,136.0,138.0,148.0,149.0,141.0,124.0,93.0,67.0,84.0,123.0,154.0,173.0,182.0,169.0,148.0,146.0,152.0,146.0,121.0,84.0,55.0,55.0,55.0,140.0,200.0,205.0,205.0,166.0,117.0,90.0,88.0,101.0,117.0,123.0,120.0,112.0,111.0,116.0,127.0,0.3907642926022736,-0.9204907754165952
121.0,117.0,115.0,121.0,143.0,175.0,195.0,187.0,143.0,90.0,55.0,55.0,55.0,89.0,117.0,140.0,166.0,188.0,200.0,187.0,152.0,101.0,67.0,64.0,87.0,118.0,139.0,146.0,148.0,146.0,143.0,137.0,131.0,127.0,126.0,125.0,123.0,122.0,122.0,123.0,124.0,124.0,124.0,123.0,124.0,127.0,129.0,129.0,129.0,130.0,127.0,119.0,165.0,133.0,118.0,113.0,133.0,120.0,129.0,122.0,136.0,140.0,144.0,148.0,152.0,139.0,126.0,115.0,93.0,88.0,116.0,149.0,159.0,167.0,166.0,147.0,122.0,117.0,117.0,117.0,117.0,114.0,105.0,98.0,108.0,129.0,151.0,159.0,152.0,131.0,114.0,108.0,112.0,121.0,133.0,137.0,137.0,133.0,131.0,131.0,0.17047613178899568,-0.9853618058816066
123.0,121.0,86.0,121.0,82.0,78.0,55.0,88.0,109.0,161.0,173.0,181.0,155.0,135.0,103.0,67.0,55.0,55.0,55.0,89.0,149.0,187.0,203.0,202.0,183.0,147.0,118.0,97.0,89.0,89.0,100.0,115.0,132.0,146.0,152.0,151.0,147.0,138.0,132.0,127.0,126.0,125.0,127.0,129.0,132.0,133.0,135.0,137.0,138.0,139.0,184.0,137.0,144.0,131.0,101.0,109.0,149.0,150.0,132.0,138.0,137.0,147.0,136.0,118.0,102.0,104.0,99.0,103.0,119.0,141.0,166.0,187.0,177.0,139.0,106.0,76.0,55.0,55.0,84.0,120.0,154.0,180.0,184.0,164.0,141.0,126.0,121.0,118.0,117.0,117.0,118.0,125.0,135.0,141.0,142.0,140.0,135.0,132.0,131.0,129.0,-0.05741093560491825,-0.9983506320291323
146.0,74.0,55.0,56.0,146.0,168.0,164.0,152.0,151.0,126.0,103.0,71.0,55.0,55.0,55.0,65.0,152.0,194.0,201.0,183.0,169.0,152.0,125.0,104.0,92.0,82.0,92.0,122.0,148.0,158.0,153.0,142.0,133.0,132.0,133.0,134.0,133.0,131.0,129.0,128.0,126.0,123.0,123.0,127.0,133.0,136.0,137.0,137.0,139.0,143.0,160.0,134.0,130.0,131.0,111.0,111.0,111.0,125.0,125.0,126.0,129.0,135.0,142.0,156.0,155.0,127.0,101.0,87.0,82.0,93.0,131.0,167.0,182.0,190.0,190.0,170.0,132.0,90.0,56.0,55.0,55.0,119.0,177.0,205.0,205.0,173.0,126.0,93.0,80.0,87.0,104.0,121.0,126.0,123.0,118.0,117.0,122.0,130.0,137.0,139.0,-0.2816613855635316,-0.9595138685201124
205.0,158.0,173.0,137.0,144.0,83.0,62.0,55.0,55.0,94.0,133.0,154.0,172.0,191.0,205.0,205.0,169.0,124.0,75.0,55.0,55.0,83.0,111.0,133.0,149.0,157.0,162.0,173.0,173.0,156.0,128.0,103.0,90.0,95.0,108.0,122.0,132.0,137.0,136.0,135.0,133.0,131.0,130.0,130.0,131.0,132.0,131.0,131.0,131.0,131.0,132.0,120.0,165.0,141.0,120.0,110.0,132.0,125.0,125.0,121.0,140.0,144.0,143.0,143.0,148.0,143.0,133.0,120.0,95.0,85.0,110.0,145.0,160.0,170.0,171.0,152.0,124.0,115.0,116.0,117.0,116.0,113.0,102.0,95.0,105.0,129.0,155.0,166.0,158.0,133.0,111.0,101.0,104.0,116.0,131.0,139.0,139.0,136.0,133.0,131.0,-0.4913180947656981,-0.8709802120345814
58.0,55.0,72.0,118.0,139.0,172.0,165.0,166.0,132.0,118.0,71.0,55.0,55.0,55.0,55.0,112.0,157.0,183.0,196.0,193.0,168.0,138.0,119.0,104.0,96.0,96.0,101.0,111.0,126.0,138.0,148.0,151.0,149.0,141.0,135.0,128.0,126.0,127.0,130.0,128.0,126.0,126.0,131.0,136.0,139.0,139.0,138.0,139.0,140.0,142.0,161.0,158.0,101.0,112.0,132.0,152.0,131.0,124.0,111.0,133.0,139.0,134.0,131.0,136.0,135.0,138.0,137.0,119.0,117.0,122.0,118.0,107.0,113.0,124.0,135.0,153.0,165.0,155.0,128.0,104.0,90.0,88.0,101.0,127.0,146.0,151.0,146.0,135.0,125.0,125.0,132.0,140.0,144.0,142.0,135.0,130.0,128.0,127.0,125.0,124.0,-0.6759760703638478,-0.7369235728998295
129.0,67.0,75.0,111.0,156.0,143.0,107.0,72.0,56.0,55.0,55.0,88.0,119.0,161.0,181.0,168.0,144.0,115.0,77.0,59.0,66.0,83.0,110.0,153.0,190.0,199.0,187.0,158.0,121.0,94.0,83.0,90.0,107.0,128.0,141.0,149.0,148.0,142.0,135.0,130.0,129.0,128.0,130.0,132.0,136.0,138.0,141.0,142.0,144.0,145.0,156.0,102.0,116.0,94.0,114.0,106.0,117.0,135.0,152.0,137.0,106.0,100.0,118.0,145.0,147.0,140.0,115.0,104.0,124.0,164.0,182.0,161.0,112.0,62.0,55.0,55.0,126.0,191.0,205.0,205.0,178.0,124.0,94.0,84.0,84.0,80.0,76.0,80.0,100.0,134.0,167.0,185.0,182.0,164.0,138.0,122.0,119.0,125.0,132.0,131.0,-0.8260956307754461,-0.563529953785704
138.0,81.0,96.0,60.0,98.0,112.0,152.0,162.0,166.0,153.0,153.0,167.0,153.0,139.0,118.0,101.0,90.0,113.0,131.0,124.0,114.0,120.0,123.0,133.0,151.0,155.0,141.0,129.0,122.0,118.0,117.0,115.0,113.0,117.0,124.0,130.0,136.0,139.0,139.0,140.0,141.0,138.0,136.0,133.0,131.0,131.0,130.0,127.0,124.0,122.0,144.0,144.0,135.0,100.0,106.0,127.0,125.0,112.0,127.0,132.0,143.0,140.0,145.0,151.0,142.0,123.0,110.0,94.0,84.0,110.0,147.0,161.0,160.0,159.0,141.0,116.0,110.0,118.0,120.0,121.0,123.0,120.0,117.0,123.0,134.0,137.0,131.0,120.0,112.0,114.0,128.0,145.0,154.0,154.0,146.0,134.0,124.0,122.0,123.0,125.0,-0.9333646040917247,-0.3589296808968269
92.0,102.0,96.0,142.0,121.0,109.0,71.0,60.0,56.0,89.0,99.0,96.0,111.0,126.0,128.0,122.0,122.0,107.0,95.0,103.0,129.0,146.0,157.0,161.0,151.0,135.0,128.0,123.0,118.0,113.0,115.0,123.0,135.0,143.0,144.0,141.0,135.0,128.0,123.0,121.0,121.0,124.0,128.0,132.0,136.0,139.0,142.0,145.0,148.0,149.0,166.0,110.0,96.0,140.0,117.0,129.0,117.0,131.0,129.0,132.0,122.0,132.0,135.0,132.0,129.0,123.0,113.0,117.0,125.0,113.0,105.0,108.0,117.0,125.0,147.0,158.0,144.0,119.0,104.0,98.0,107.0,131.0,153.0,154.0,134.0,109.0,93.0,99.0,126.0,158.0,179.0,179.0,164.0,142.0,125.0,117.0,115.0,114.0,113.0,110.0,-0.9911075821988755,-0.1330629945097402
55.0,55.0,55.0,55.0,61.0,68.0,92.0,146.0,199.0,202.0,153.0,105.0,82.0,61.0,56.0,56.0,56.0,57.0,107.0,174.0,205.0,205.0,194.0,162.0,131.0,111.0,99.0,90.0,87.0,94.0,111.0,131.0,145.0,152.0,153.0,150.0,145.0,139.0,133.0,129.0,130.0,134.0,138.0,140.0,141.0,140.0,141.0,142.0,143.0,145.0,126.0,119.0,117.0,106.0,127.0,136.0,122.0,97.0,91.0,105.0,128.0,145.0,159.0,164.0,161.0,156.0,146.0,119.0,84.0,57.0,55.0,55.0,111.0,175.0,205.0,205.0,205.0,167.0,130.0,109.0,97.0,81.0,62.0,55.0,55.0,91.0,136.0,173.0,191.0,188.0,169.0,147.0,130.0,124.0,126.0,128.0,123.0,114.0,104.0,100.0,-0.9947274979233935,0.10255342449214047
145.0,126.0,108.0,125.0,119.0,127.0,130.0,158.0,149.0,166.0,154.0,140.0,105.0,110.0,110.0,101.0,102.0,124.0,128.0,128.0,143.0,150.0,137.0,128.0,126.0,120.0,115.0,122.0,129.0,131.0,132.0,126.0,124.0,127.0,128.0,126.0,129.0,133.0,135.0,133.0,129.0,126.0,124.0,123.0,123.0,123.0,124.0,123.0,122.0,121.0,139.0,145.0,136.0,115.0,102.0,125.0,121.0,110.0,125.0,134.0,147.0,138.0,138.0,143.0,148.0,133.0,120.0,102.0,82.0,95.0,135.0,159.0,162.0,163.0,151.0,123.0,110.0,115.0,120.0,120.0,122.0,120.0,114.0,116.0,127.0,137.0,137.0,130.0,120.0,115.0,122.0,135.0,145.0,148.0,145.0,136.0,128.0,124.0,124.0,126.0,-0.9421512768095383,0.3351879645902532
105.0,125.0,55.0,105.0,57.0,94.0,80.0,105.0,89.0,124.0,132.0,127.0,109.0,109.0,110.0,115.0,142.0,163.0,158.0,141.0,141.0,132.0,123.0,117.0,116.0,108.0,115.0,131.0,150.0,156.0,152.0,137.0,126.0,120.0,118.0,119.0,121.0,124.0,126.0,131.0,136.0,138.0,140.0,142.0,146.0,148.0,149.0,148.0,147.0,145.0,167.0,144.0,124.0,134.0,105.0,143.0,139.0,136.0,119.0,134.0,134.0,132.0,114.0,109.0,115.0,113.0,116.0,121.0,123.0,124.0,143.0,150.0,132.0,114.0,109.0,105.0,114.0,145.0,168.0,163.0,135.0,100.0,76.0,83.0,130.0,177.0,203.0,196.0,167.0,136.0,115.0,111.0,114.0,119.0,121.0,115.0,107.0,102.0,107.0,114.0,-0.8342380127684272,0.5514045139932983
76.0,55.0,55.0,55.0,71.0,145.0,173.0,161.0,140.0,135.0,108.0,75.0,56.0,55.0,55.0,55.0,125.0,187.0,205.0,201.0,178.0,147.0,122.0,107.0,96.0,91.0,93.0,104.0,122.0,137.0,146.0,148.0,146.0,140.0,133.0,126.0,122.0,122.0,125.0,129.0,132.0,134.0,136.0,139.0,142.0,142.0,144.0,146.0,147.0,144.0,137.0,165.0,149.0,164.0,114.0,121.0,106.0,118.0,114.0,140.0,148.0,147.0,137.0,138.0,152.0,153.0,132.0,90.0,57.0,55.0,95.0,164.0,205.0,205.0,205.0,167.0,130.0,110.0,96.0,77.0,58.0,55.0,70.0,117.0,178.0,205.0,205.0,205.0,151.0,94.0,64.0,66.0,90.0,114.0,126.0,125.0,118.0,117.0,124.0,137.0,-0.6750965215799343,0.7377294128274088
144.0,93.0,125.0,127.0,163.0,158.0,168.0,154.0,124.0,102.0,107.0,111.0,92.0,104.0,122.0,132.0,138.0,164.0,162.0,132.0,110.0,111.0,107.0,109.0,120.0,128.0,130.0,134.0,138.0,139.0,136.0,127.0,123.0,122.0,124.0,125.0,127.0,128.0,127.0,128.0,130.0,130.0,125.0,119.0,117.0,121.0,125.0,126.0,124.0,124.0,179.0,156.0,125.0,87.0,102.0,126.0,123.0,114.0,125.0,150.0,148.0,135.0,131.0,142.0,142.0,132.0,111.0,85.0,79.0,114.0,154.0,166.0,165.0,155.0,128.0,103.0,105.0,118.0,123.0,125.0,126.0,125.0,126.0,137.0,146.0,141.0,120.0,100.0,92.0,105.0,135.0,163.0,176.0,171.0,153.0,132.0,119.0,116.0,118.0,121.0,-0.4722512391493579,0.8814639908254313
107.0,137.0,86.0,80.0,77.0,103.0,107.0,114.0,143.0,145.0,162.0,167.0,175.0,138.0,129.0,140.0,158.0,160.0,172.0,171.0,147.0,123.0,115.0,108.0,100.0,101.0,111.0,123.0,141.0,155.0,162.0,158.0,143.0,123.0,108.0,102.0,104.0,113.0,125.0,137.0,145.0,150.0,152.0,153.0,152.0,149.0,145.0,141.0,137.0,133.0,153.0,156.0,135.0,112.0,81.0,116.0,122.0,124.0,128.0,138.0,133.0,114.0,109.0,126.0,147.0,145.0,132.0,111.0,99.0,125.0,172.0,188.0,162.0,122.0,85.0,63.0,84.0,137.0,178.0,186.0,174.0,146.0,118.0,109.0,117.0,125.0,118.0,101.0,84.0,81.0,99.0,130.0,155.0,164.0,157.0,142.0,131.0,130.0,134.0,139.0,-0.23659359601149793,0.9716087022697708
63.0,76.0,93.0,86.0,82.0,94.0,145.0,169.0,181.0,174.0,170.0,160.0,155.0,140.0,109.0,66.0,55.0,65.0,101.0,129.0,150.0,160.0,162.0,169.0,171.0,156.0,125.0,96.0,82.0,87.0,103.0,119.0,131.0,139.0,143.0,146.0,145.0,141.0,138.0,138.0,140.0,142.0,140.0,137.0,134.0,133.0,132.0,130.0,128.0,126.0,130.0,99.0,96.0,110.0,143.0,136.0,119.0,110.0,99.0,100.0,99.0,113.0,134.0,151.0,152.0,153.0,145.0,131.0,118.0,96.0,59.0,55.0,55.0,91.0,171.0,205.0,205.0,205.0,186.0,102.0,58.0,55.0,55.0,96.0,118.0,129.0,138.0,151.0,167.0,182.0,185.0,172.0,148.0,123.0,105.0,98.0,100.0,102.0,101.0,98.0,0.017937423937072983,0.9998391114686911
115.0,121.0,138.0,139.0,160.0,143.0,134.0,130.0,115.0,74.0,56.0,59.0,65.0,75.0,108.0,147.0,167.0,180.0,186.0,177.0,155.0,129.0,104.0,84.0,76.0,84.0,104.0,131.0,149.0,157.0,156.0,150.0,141.0,133.0,127.0,122.0,121.0,120.0,122.0,124.0,125.0,126.0,128.0,130.0,132.0,134.0,136.0,137.0,138.0,138.0,128.0,123.0,144.0,144.0,116.0,115.0,127.0,120.0,126.0,122.0,135.0,138.0,142.0,143.0,154.0,141.0,128.0,116.0,98.0,85.0,108.0,143.0,157.0,162.0,164.0,149.0,124.0,116.0,117.0,118.0,118.0,118.0,111.0,104.0,107.0,122.0,138.0,149.0,147.0,134.0,122.0,117.0,120.0,125.0,133.0,136.0,134.0,131.0,129.0,128.0,0.27498495289066016,0.961448529919164
138.0,79.0,61.0,82.0,88.0,102.0,95.0,100.0,126.0,181.0,185.0,173.0,168.0,177.0,166.0,150.0,133.0,97.0,61.0,58.0,83.0,103.0,122.0,141.0,157.0,169.0,178.0,176.0,155.0,122.0,92.0,79.0,84.0,100.0,118.0,133.0,143.0,147.0,148.0,146.0,143.0,140.0,139.0,138.0,137.0,135.0,131.0,129.0,127.0,125.0,171.0,112.0,121.0,112.0,151.0,128.0,142.0,142.0,127.0,114.0,94.0,101.0,106.0,116.0,109.0,132.0,151.0,179.0,201.0,197.0,138.0,78.0,55.0,55.0,55.0,121.0,183.0,202.0,194.0,171.0,142.0,122.0,122.0,127.0,124.0,113.0,103.0,100.0,105.0,118.0,127.0,128.0,124.0,121.0,122.0,130.0,141.0,147.0,146.0,139.0,0.5167255483983653,0.8561511009351146
90.0,72.0,72.0,86.0,82.0,85.0,96.0,137.0,165.0,178.0,174.0,173.0,162.0,155.0,141.0,114.0,72.0,55.0,61.0,97.0,125.0,147.0,159.0,160.0,166.0,173.0,163.0,134.0,99.0,79.0,82.0,101.0,120.0,131.0,138.0,142.0,144.0,144.0,142.0,139.0,138.0,139.0,141.0,140.0,137.0,134.0,133.0,132.0,131.0,128.0,138.0,100.0,100.0,122.0,131.0,124.0,118.0,95.0,97.0,95.0,113.0,133.0,151.0,149.0,150.0,143.0,129.0,116.0,94.0,58.0,55.0,55.0,89.0,168.0,205.0,205.0,205.0,190.0,101.0,58.0,55.0,57.0,99.0,120.0,126.0,130.0,141.0,159.0,180.0,188.0,179.0,156.0,128.0,107.0,96.0,96.0,98.0,97.0,95.0,95.0,0.7251153155617602,0.6886274603425054
167.0,137.0,109.0,94.0,105.0,119.0,103.0,97.0,117.0,130.0,115.0,102.0,94.0,76.0,69.0,93.0,125.0,146.0,163.0,176.0,173.0,159.0,136.0,110.0,89.0,82.0,90.0,111.0,134.0,149.0,154.0,152.0,145.0,136.0,126.0,118.0,114.0,113.0,114.0,115.0,118.0,119.0,121.0,125.0,129.0,132.0,134.0,135.0,136.0,138.0,141.0,139.0,117.0,160.0,139.0,153.0,132.0,124.0,121.0,122.0,130.0,127.0,114.0,103.0,125.0,140.0,154.0,165.0,164.0,130.0,109.0,108.0,111.0,112.0,127.0,138.0,134.0,129.0,124.0,115.0,105.0,111.0,129.0,152.0,171.0,178.0,164.0,135.0,105.0,82.0,74.0,85.0,104.0,124.0,137.0,145.0,146.0,145.0,144.0,145.0,0.8833586290835966,0.46869769833395675
175.0,63.0,135.0,74.0,130.0,87.0,142.0,109.0,144.0,160.0,205.0,205.0,202.0,172.0,116.0,58.0,55.0,55.0,55.0,55.0,127.0,183.0,204.0,205.0,205.0,179.0,136.0,99.0,69.0,57.0,67.0,100.0,136.0,163.0,165.0,158.0,148.0,143.0,136.0,132.0,128.0,125.0,124.0,124.0,125.0,125.0,124.0,122.0,122.0,123.0,138.0,131.0,159.0,117.0,118.0,119.0,129.0,122.0,124.0,128.0,138.0,141.0,142.0,152.0,147.0,135.0,121.0,107.0,86.0,97.0,131.0,155.0,160.0,166.0,159.0,134.0,118.0,118.0,118.0,117.0,118.0,114.0,105.0,103.0,116.0,135.0,149.0,152.0,140.0,124.0,115.0,115.0,121.0,130.0,136.0,136.0,133.0,130.0,129.0,129.0,0.9774802020772333,0.2110271417307528
95.0,101.0,126.0,138.0,154.0,188.0,202.0,205.0,178.0,147.0,74.0,55.0,55.0,55.0,97.0,146.0,179.0,205.0,205.0,205.0,174.0,127.0,85.0,59.0,57.0,74.0,97.0,125.0,153.0,170.0,172.0,159.0,139.0,121.0,115.0,115.0,121.0,125.0,128.0,130.0,135.0,136.0,136.0,132.0,129.0,128.0,128.0,128.0,128.0,126.0,164.0,114.0,121.0,123.0,145.0,105.0,113.0,128.0,141.0,144.0,128.0,120.0,116.0,115.0,105.0,105.0,92.0,88.0,101.0,133.0,162.0,197.0,205.0,185.0,133.0,97.0,74.0,63.0,76.0,102.0,127.0,151.0,176.0,189.0,188.0,176.0,162.0,146.0,127.0,111.0,96.0,85.0,81.0,83.0,87.0,95.0,106.0,119.0,132.0,143.0,0.9978401589574594,-0.06568879030513618
165.0,122.0,141.0,109.0,144.0,115.0,117.0,56.0,55.0,55.0,55.0,75.0,136.0,162.0,183.0,186.0,181.0,154.0,121.0,89.0,65.0,66.0,80.0,105.0,133.0,161.0,173.0,177.0,167.0,148.0,121.0,105.0,99.0,106.0,116.0,126.0,128.0,129.0,128.0,127.0,126.0,125.0,124.0,127.0,130.0,135.0,137.0,138.0,138.0,139.0,164.0,161.0,150.0,124.0,130.0,137.0,150.0,144.0,138.0,137.0,133.0,130.0,132.0,130.0,113.0,112.0,124.0,135.0,152.0,183.0,183.0,150.0,120.0,106.0,97.0,100.0,114.0,118.0,106.0,97.0,106.0,130.0,162.0,190.0,199.0,179.0,141.0,99.0,70.0,65.0,80.0,102.0,122.0,137.0,145.0,148.0,150.0,153.0,154.0,152.0,0.9404054357055868,-0.3400553138761186
109.0,120.0,101.0,121.0,128.0,157.0,203.0,205.0,203.0,175.0,147.0,74.0,55.0,55.0,55.0,55.0,97.0,182.0,205.0,205.0,205.0,189.0,142.0,98.0,67.0,55.0,55.0,84.0,126.0,161.0,177.0,172.0,156.0,141.0,128.0,124.0,122.0,123.0,123.0,125.0,126.0,127.0,125.0,123.0,122.0,124.0,125.0,125.0,126.0,127.0,168.0,155.0,124.0,88.0,114.0,124.0,132.0,123.0,125.0,132.0,137.0,141.0,147.0,151.0,135.0,121.0,104.0,85.0,88.0,126.0,156.0,160.0,161.0,155.0,130.0,111.0,113.0,119.0,120.0,121.0,120.0,115.0,114.0,124.0,141.0,143.0,132.0,114.0,107.0,115.0,134.0,149.0,154.0,149.0,138.0,127.0,123.0,124.0,126.0,127.0,0.8070120673316751,-0.590534946621329
149.0,142.0,143.0,107.0,116.0,135.0,171.0,182.0,183.0,155.0,116.0,79.0,73.0,78.0,93.0,124.0,160.0,193.0,205.0,205.0,189.0,136.0,91.0,60.0,55.0,68.0,92.0,122.0,154.0,178.0,182.0,170.0,145.0,121.0,108.0,105.0,108.0,114.0,119.0,124.0,129.0,131.0,131.0,129.0,132.0,134.0,133.0,127.0,122.0,123.0,164.0,157.0,121.0,90.0,87.0,141.0,151.0,135.0,127.0,118.0,123.0,114.0,106.0,97.0,95.0,89.0,104.0,131.0,161.0,196.0,205.0,189.0,133.0,93.0,68.0,56.0,70.0,107.0,133.0,150.0,173.0,193.0,199.0,193.0,176.0,149.0,116.0,89.0,73.0,72.0,85.0,100.0,110.0,116.0,119.0,123.0,129.0,138.0,144.0,147.0,0.6064367137055094,-0.7951317578049955
141.0,89.0,64.0,80.0,76.0,84.0,95.0,117.0,137.0,171.0,186.0,168.0,128.0,86.0,56.0,55.0,61.0,104.0,139.0,170.0,186.0,186.0,174.0,146.0,111.0,86.0,79.0,90.0,114.0,136.0,144.0,143.0,140.0,139.0,138.0,134.0,130.0,128.0,130.0,133.0,134.0,136.0,137.0,138.0,139.0,140.0,140.0,138.0,136.0,136.0,146.0,136.0,130.0,130.0,132.0,154.0,156.0,148.0,138.0,128.0,124.0,131.0,124.0,107.0,109.0,133.0,154.0,174.0,187.0,173.0,133.0,98.0,76.0,64.0,66.0,86.0,117.0,149.0,178.0,193.0,187.0,160.0,123.0,92.0,75.0,78.0,94.0,118.0,138.0,150.0,150.0,146.0,144.0,145.0,147.0,147.0,145.0,140.0,133.0,127.0,0.35422856555538484,-0.9351588759909059
205.0,143.0,188.0,136.0,143.0,55.0,55.0,55.0,55.0,55.0,115.0,194.0,205.0,205.0,205.0,174.0,103.0,55.0,55.0,55.0,55.0,94.0,158.0,180.0,188.0,187.0,172.0,149.0,120.0,100.0,92.0,101.0,112.0,125.0,131.0,132.0,129.0,127.0,123.0,120.0,117.0,117.0,120.0,123.0,126.0,127.0,130.0,131.0,132.0,132.0,153.0,118.0,104.0,97.0,98.0,119.0,118.0,117.0,125.0,134.0,131.0,126.0,130.0,142.0,143.0,124.0,109.0,92.0,82.0,98.0,134.0,151.0,145.0,138.0,126.0,109.0,109.0,123.0,135.0,142.0,154.0,158.0,147.0,126.0,103.0,81.0,72.0,85.0,117.0,157.0,190.0,202.0,191.0,164.0,135.0,119.0,111.0,108.0,101.0,99.0,0.0713740931546871,-0.9974496171869264
191.0,121.0,77.0,56.0,77.0,87.0,103.0,134.0,178.0,205.0,205.0,205.0,128.0,63.0,55.0,55.0,55.0,82.0,134.0,172.0,199.0,205.0,196.0,156.0,107.0,75.0,71.0,87.0,113.0,133.0,143.0,147.0,147.0,142.0,135.0,128.0,124.0,124.0,125.0,126.0,124.0,123.0,123.0,125.0,128.0,128.0,127.0,126.0,127.0,129.0,124.0,133.0,132.0,131.0,108.0,132.0,118.0,103.0,101.0,107.0,130.0,140.0,151.0,159.0,172.0,160.0,152.0,133.0,100.0,73.0,79.0,98.0,120.0,160.0,195.0,195.0,173.0,152.0,129.0,108.0,101.0,102.0,100.0,99.0,104.0,111.0,116.0,119.0,119.0,119.0,123.0,131.0,141.0,150.0,155.0,152.0,145.0,135.0,129.0,125.0,-0.20804311624961694,-0.9781196561674591
103.0,56.0,55.0,55.0,142.0,186.0,180.0,158.0,127.0,103.0,81.0,63.0,65.0,85.0,121.0,158.0,182.0,174.0,150.0,113.0,81.0,70.0,81.0,102.0,131.0,161.0,177.0,178.0,167.0,144.0,114.0,94.0,89.0,100.0,120.0,139.0,150.0,153.0,150.0,145.0,140.0,136.0,132.0,131.0,132.0,134.0,134.0,134.0,134.0,136.0,158.0,167.0,162.0,160.0,127.0,123.0,127.0,128.0,107.0,130.0,148.0,169.0,162.0,159.0,156.0,156.0,140.0,112.0,75.0,55.0,55.0,105.0,166.0,205.0,205.0,205.0,166.0,108.0,69.0,55.0,55.0,55.0,81.0,106.0,140.0,174.0,197.0,196.0,172.0,136.0,108.0,98.0,108.0,125.0,139.0,144.0,139.0,130.0,122.0,123.0,-0.47151861247149196,-0.8818561096306806
65.0,55.0,55.0,58.0,81.0,109.0,96.0,162.0,176.0,197.0,172.0,170.0,113.0,72.0,55.0,55.0,55.0,56.0,56.0,109.0,183.0,205.0,205.0,205.0,185.0,147.0,113.0,82.0,61.0,57.0,75.0,108.0,143.0,166.0,175.0,170.0,160.0,147.0,138.0,130.0,126.0,123.0,126.0,128.0,130.0,130.0,131.0,133.0,135.0,138.0,136.0,147.0,150.0,140.0,116.0,132.0,126.0,116.0,113.0,125.0,142.0,141.0,137.0,142.0,152.0,146.0,136.0,112.0,79.0,68.0,99.0,138.0,162.0,178.0,180.0,161.0,146.0,149.0,152.0,137.0,106.0,69.0,55.0,55.0,95.0,166.0,205.0,205.0,205.0,146.0,104.0,87.0,92.0,107.0,121.0,123.0,117.0,111.0,112.0,120.0,-0.6981997155422218,-0.7159030361835047
116.0,115.0,118.0,135.0,164.0,188.0,194.0,163.0,111.0,64.0,55.0,55.0,71.0,106.0,131.0,158.0,182.0,196.0,191.0,162.0,117.0,82.0,69.0,79.0,103.0,127.0,142.0,149.0,150.0,146.0,139.0,132.0,127.0,125.0,125.0,125.0,123.0,122.0,121.0,123.0,124.0,124.0,124.0,123.0,125.0,127.0,129.0,129.0,130.0,130.0,162.0,151.0,143.0,102.0,104.0,125.0,135.0,117.0,124.0,128.0,142.0,139.0,142.0,148.0,146.0,130.0,117.0,100.0,83.0,101.0,139.0,159.0,161.0,164.0,149.0,123.0,113.0,117.0,119.0,119.0,121.0,118.0,112.0,114.0,126.0,137.0,139.0,133.0,124.0,117.0,122.0,132.0,140.0,144.0,142.0,135.0,128.0,125.0,125.0,127.0,-0.8699874251905988,-0.4930739092775365
187.0,113.0,79.0,79.0,83.0,77.0,66.0,80.0,112.0,152.0,178.0,178.0,152.0,127.0,96.0,63.0,55.0,55.0,55.0,57.0,141.0,185.0,205.0,205.0,185.0,150.0,120.0,101.0,90.0,86.0,92.0,105.0,125.0,143.0,153.0,155.0,150.0,141.0,133.0,128.0,124.0,122.0,122.0,124.0,129.0,136.0,140.0,138.0,134.0,133.0,150.0,159.0,138.0,105.0,95.0,148.0,155.0,140.0,139.0,135.0,145.0,138.0,125.0,106.0,107.0,99.0,102.0,116.0,138.0,162.0,186.0,182.0,148.0,113.0,84.0,60.0,55.0,78.0,112.0,148.0,176.0,184.0,167.0,141.0,125.0,121.0,121.0,123.0,123.0,122.0,123.0,129.0,134.0,136.0,137.0,136.0,135.0,132.0,129.0,127.0,-0.9730028008793388,-0.2307933046710017
84.0,55.0,55.0,137.0,169.0,167.0,153.0,152.0,128.0,106.0,76.0,55.0,55.0,55.0,58.0,145.0,194.0,202.0,181.0,164.0,153.0,132.0,110.0,94.0,80.0,86.0,116.0,146.0,159.0,156.0,144.0,132.0,130.0,132.0,134.0,134.0,132.0,129.0,128.0,126.0,124.0,124.0,127.0,132.0,135.0,136.0,137.0,139.0,142.0,145.0,155.0,145.0,131.0,110.0,102.0,109.0,128.0,134.0,127.0,125.0,127.0,136.0,157.0,160.0,132.0,102.0,86.0,81.0,91.0,129.0,166.0,183.0,189.0,189.0,172.0,135.0,94.0,58.0,55.0,55.0,113.0,173.0,205.0,205.0,177.0,129.0,95.0,80.0,86.0,103.0,120.0,126.0,123.0,118.0,117.0,122.0,130.0,136.0,139.0,138.0,-0.9987370742709257,0.05024197922804483
147.0,178.0,167.0,180.0,176.0,127.0,90.0,55.0,55.0,60.0,108.0,121.0,156.0,164.0,193.0,203.0,205.0,169.0,133.0,93.0,67.0,72.0,94.0,110.0,123.0,135.0,139.0,147.0,159.0,166.0,157.0,140.0,119.0,105.0,101.0,107.0,114.0,123.0,127.0,129.0,130.0,132.0,131.0,131.0,132.0,132.0,133.0,133.0,132.0,132.0,147.0,144.0,137.0,125.0,96.0,130.0,126.0,120.0,120.0,125.0,141.0,141.0,141.0,144.0,151.0,136.0,124.0,107.0,87.0,89.0,125.0,154.0,161.0,164.0,158.0,133.0,114.0,115.0,120.0,119.0,120.0,120.0,114.0,112.0,121.0,134.0,139.0,137.0,128.0,119.0,119.0,128.0,137.0,143.0,144.0,138.0,131.0,126.0,126.0,126.0,-0.9447882047395069,0.32768162625496655
104.0,55.0,55.0,55.0,110.0,137.0,155.0,152.0,154.0,140.0,126.0,87.0,57.0,55.0,55.0,56.0,92.0,124.0,136.0,144.0,157.0,166.0,156.0,148.0,140.0,131.0,124.0,121.0,115.0,109.0,106.0,112.0,125.0,141.0,151.0,154.0,152.0,145.0,137.0,131.0,127.0,125.0,125.0,128.0,131.0,134.0,136.0,138.0,140.0,143.0,175.0,156.0,106.0,91.0,116.0,137.0,136.0,128.0,130.0,131.0,128.0,117.0,124.0,140.0,146.0,139.0,127.0,111.0,110.0,125.0,126.0,111.0,106.0,112.0,119.0,138.0,160.0,160.0,135.0,111.0,98.0,100.0,117.0,142.0,153.0,140.0,117.0,102.0,103.0,124.0,153.0,174.0,177.0,164.0,142.0,125.0,118.0,118.0,118.0,117.0,-0.8151178786980656,0.5792951267072471
120.0,55.0,72.0,55.0,55.0,55.0,55.0,76.0,186.0,205.0,205.0,163.0,114.0,76.0,55.0,55.0,55.0,55.0,98.0,178.0,205.0,205.0,194.0,159.0,122.0,102.0,91.0,92.0,99.0,112.0,127.0,139.0,143.0,139.0,135.0,131.0,128.0,125.0,124.0,124.0,126.0,131.0,136.0,140.0,142.0,142.0,143.0,144.0,144.0,143.0,165.0,120.0,93.0,98.0,112.0,135.0,135.0,142.0,147.0,130.0,100.0,83.0,90.0,105.0,116.0,124.0,134.0,149.0,178.0,200.0,187.0,129.0,59.0,55.0,55.0,55.0,77.0,204.0,205.0,205.0,204.0,152.0,127.0,116.0,104.0,85.0,67.0,64.0,86.0,126.0,165.0,185.0,181.0,160.0,134.0,118.0,116.0,123.0,130.0,128.0,-0.6198002796504889,0.7847595895210047
105.0,55.0,57.0,105.0,178.0,160.0,165.0,130.0,156.0,162.0,166.0,136.0,121.0,103.0,97.0,114.0,123.0,104.0,88.0,99.0,113.0,137.0,161.0,173.0,160.0,147.0,135.0,124.0,112.0,101.0,96.0,104.0,119.0,134.0,144.0,150.0,149.0,148.0,144.0,140.0,134.0,131.0,129.0,130.0,129.0,126.0,124.0,123.0,124.0,126.0,130.0,119.0,115.0,144.0,154.0,134.0,135.0,143.0,125.0,122.0,111.0,122.0,117.0,113.0,107.0,126.0,138.0,159.0,172.0,152.0,111.0,96.0,99.0,97.0,107.0,129.0,142.0,138.0,139.0,138.0,132.0,131.0,135.0,134.0,127.0,124.0,128.0,137.0,143.0,141.0,129.0,114.0,106.0,106.0,113.0,124.0,134.0,136.0,135.0,131.0,-0.37427445127418374,0.9273179795104852
86.0,154.0,138.0,128.0,91.0,69.0,60.0,80.0,109.0,104.0,108.0,115.0,135.0,121.0,119.0,112.0,109.0,112.0,147.0,178.0,179.0,166.0,153.0,134.0,116.0,107.0,101.0,98.0,107.0,129.0,153.0,167.0,165.0,151.0,133.0,121.0,113.0,112.0,114.0,120.0,126.0,133.0,138.0,141.0,143.0,145.0,147.0,150.0,150.0,149.0,140.0,118.0,117.0,133.0,126.0,126.0,124.0,143.0,131.0,137.0,123.0,129.0,122.0,116.0,113.0,120.0,111.0,108.0,118.0,124.0,126.0,139.0,146.0,129.0,113.0,109.0,110.0,116.0,143.0,165.0,166.0,142.0,108.0,77.0,69.0,96.0,146.0,191.0,205.0,202.0,166.0,131.0,107.0,97.0,97.0,102.0,106.0,105.0,105.0,107.0,-0.09815253312521958,0.9951713823463286
92.0,55.0,55.0,55.0,55.0,89.0,145.0,177.0,161.0,136.0,125.0,104.0,74.0,57.0,55.0,55.0,55.0,131.0,189.0,205.0,201.0,176.0,142.0,119.0,105.0,96.0,91.0,92.0,105.0,122.0,138.0,146.0,149.0,146.0,139.0,131.0,125.0,122.0,122.0,125.0,128.0,132.0,134.0,137.0,140.0,143.0,145.0,144.0,143.0,142.0,123.0,121.0,153.0,164.0,155.0,122.0,118.0,113.0,106.0,122.0,136.0,152.0,145.0,139.0,139.0,153.0,148.0,123.0,84.0,55.0,55.0,106.0,172.0,205.0,205.0,205.0,159.0,125.0,108.0,92.0,73.0,56.0,55.0,77.0,127.0,185.0,205.0,205.0,205.0,142.0,90.0,65.0,70.0,93.0,114.0,124.0,121.0,116.0,117.0,126.0,0.18632672907062697,0.9824878370920636
137.0,135.0,87.0,148.0,98.0,156.0,138.0,168.0,146.0,174.0,129.0,119.0,108.0,118.0,94.0,94.0,116.0,127.0,131.0,148.0,163.0,145.0,132.0,126.0,120.0,112.0,118.0,121.0,123.0,124.0,128.0,130.0,135.0,135.0,135.0,132.0,131.0,127.0,126.0,125.0,126.0,125.0,125.0,124.0,124.0,123.0,123.0,123.0,124.0,124.0,123.0,112.0,140.0,153.0,140.0,122.0,139.0,121.0,132.0,116.0,124.0,114.0,110.0,105.0,124.0,136.0,154.0,172.0,160.0,120.0,96.0,94.0,89.0,99.0,126.0,142.0,139.0,138.0,137.0,136.0,136.0,144.0,144.0,135.0,125.0,119.0,121.0,129.0,136.0,135.0,128.0,122.0,118.0,119.0,124.0,130.0,132.0,131.0,130.0,126.0,0.4560791280419053,0.8899392276804834
55.0,95.0,79.0,104.0,86.0,105.0,132.0,135.0,125.0,110.0,120.0,107.0,121.0,140.0,158.0,143.0,146.0,155.0,152.0,131.0,121.0,110.0,103.0,111.0,131.0,142.0,144.0,140.0,137.0,136.0,135.0,128.0,121.0,119.0,118.0,122.0,128.0,134.0,136.0,141.0,145.0,149.0,149.0,148.0,147.0,146.0,145.0,143.0,142.0,139.0,163.0,120.0,115.0,115.0,146.0,131.0,123.0,131.0,131.0,134.0,114.0,109.0,105.0,111.0,112.0,124.0,123.0,122.0,136.0,150.0,136.0,116.0,108.0,103.0,104.0,132.0,163.0,171.0,149.0,111.0,78.0,75.0,116.0,171.0,205.0,203.0,169.0,131.0,108.0,109.0,120.0,130.0,129.0,120.0,106.0,98.0,102.0,111.0,122.0,128.0,0.6890491883398037,0.7247145755732098
184.0,122.0,148.0,74.0,112.0,72.0,97.0,81.0,88.0,72.0,104.0,153.0,179.0,184.0,167.0,157.0,142.0,146.0,144.0,136.0,110.0,98.0,98.0,109.0,119.0,128.0,131.0,137.0,144.0,151.0,148.0,140.0,124.0,114.0,108.0,109.0,116.0,126.0,133.0,136.0,140.0,143.0,147.0,148.0,148.0,147.0,147.0,143.0,139.0,136.0,144.0,122.0,97.0,125.0,95.0,128.0,127.0,134.0,129.0,125.0,127.0,133.0,128.0,111.0,104.0,97.0,108.0,130.0,152.0,154.0,157.0,154.0,144.0,131.0,120.0,93.0,62.0,55.0,76.0,132.0,198.0,205.0,205.0,205.0,120.0,57.0,55.0,55.0,66.0,137.0,162.0,164.0,150.0,134.0,127.0,128.0,132.0,133.0,130.0,125.0,0.8660254037844368,0.5000000000000032
