Feat_1,Feat_2,Feat_3,Feat_4,Feat_5,Feat_6,Feat_7,Feat_8,Feat_9,Feat_10,Feat_11,Feat_12,Feat_13,Feat_14,Feat_15,Feat_16,Feat_17,Feat_18,Feat_19,Feat_20,Feat_21,Feat_22,Feat_23,Feat_24,Feat_25,Feat_26,Feat_27,Feat_28,Feat_29,Feat_30,Feat_31,Feat_32,Feat_33,Feat_34,Feat_35,Feat_36,Feat_37,Feat_38,Feat_39,Feat_40,Feat_41,Feat_42,Feat_43,Feat_44,Feat_45,Feat_46,Feat_47,Feat_48,Feat_49,Feat_50,Feat_51,Feat_52,Feat_53,Feat_54,Feat_55,Feat_56,Feat_57,Feat_58,Feat_59,Feat_60,Feat_61,Feat_62,Feat_63,Feat_64,Feat_65,Feat_66,Feat_67,Feat_68,Feat_69,Feat_70,Feat_71,Feat_72,Feat_73,Feat_74,Feat_75,Feat_76,Feat_77,Feat_78,Feat_79,Feat_80,Feat_81,Feat_82,Feat_83,Feat_84,Feat_85,Feat_86,Feat_87,Feat_88,Feat_89,Feat_90,Feat_91,Feat_92,Feat_93,Feat_94,Feat_95,Feat_96,Feat_97,Feat_98,Feat_99,Feat_100,Label_Sin,Label_Cos
84.0,94.0,205.0,112.0,173.0,151.0,146.0,122.0,122.0,149.0,102.0,131.0,105.0,128.0,109.0,145.0,134.0,147.0,132.0,127.0,128.0,123.0,128.0,128.0,133.0,123.0,141.0,137.0,130.0,120.0,123.0,123.0,123.0,124.0,134.0,134.0,124.0,126.0,128.0,125.0,128.0,137.0,134.0,130.0,126.0,127.0,130.0,134.0,131.0,127.0,148.0,177.0,123.0,97.0,100.0,131.0,123.0,123.0,136.0,136.0,139.0,121.0,110.0,105.0,112.0,111.0,119.0,124.0,143.0,177.0,200.0,194.0,170.0,134.0,85.0,55.0,55.0,55.0,88.0,137.0,191.0,205.0,205.0,205.0,183.0,105.0,55.0,55.0,55.0,55.0,88.0,146.0,154.0,150.0,145.0,146.0,152.0,159.0,159.0,157.0,-0.29475517441090304,0.9555728057861411
106.0,151.0,170.0,142.0,156.0,167.0,139.0,122.0,130.0,143.0,112.0,106.0,110.0,125.0,148.0,177.0,172.0,142.0,103.0,83.0,94.0,116.0,139.0,152.0,152.0,143.0,148.0,144.0,128.0,113.0,111.0,112.0,115.0,123.0,133.0,131.0,120.0,120.0,127.0,128.0,134.0,140.0,135.0,125.0,123.0,124.0,128.0,132.0,131.0,126.0,143.0,106.0,104.0,123.0,106.0,96.0,100.0,115.0,126.0,129.0,121.0,130.0,151.0,163.0,158.0,132.0,89.0,56.0,55.0,73.0,117.0,161.0,181.0,174.0,166.0,162.0,157.0,149.0,138.0,116.0,91.0,75.0,73.0,79.0,100.0,132.0,163.0,185.0,193.0,186.0,167.0,145.0,122.0,102.0,90.0,89.0,94.0,98.0,100.0,105.0,0.00021442942187286748,0.9999999770100112
83.0,201.0,102.0,179.0,143.0,162.0,111.0,129.0,139.0,109.0,124.0,107.0,126.0,102.0,139.0,126.0,149.0,138.0,138.0,128.0,119.0,117.0,124.0,133.0,125.0,138.0,135.0,129.0,118.0,123.0,123.0,124.0,122.0,132.0,133.0,124.0,125.0,127.0,124.0,125.0,135.0,135.0,132.0,128.0,125.0,124.0,128.0,132.0,132.0,131.0,126.0,120.0,119.0,130.0,111.0,108.0,129.0,156.0,158.0,143.0,115.0,94.0,99.0,123.0,138.0,134.0,120.0,112.0,127.0,152.0,166.0,146.0,92.0,55.0,55.0,55.0,145.0,205.0,205.0,205.0,161.0,107.0,68.0,55.0,56.0,93.0,135.0,171.0,192.0,194.0,183.0,165.0,144.0,122.0,106.0,100.0,103.0,111.0,115.0,113.0,0.2951649531444138,0.95544630955133
55.0,78.0,80.0,186.0,114.0,166.0,148.0,159.0,118.0,121.0,140.0,110.0,128.0,108.0,118.0,90.0,118.0,120.0,151.0,152.0,150.0,138.0,122.0,113.0,113.0,121.0,116.0,131.0,135.0,133.0,124.0,127.0,126.0,125.0,121.0,130.0,134.0,126.0,126.0,127.0,122.0,122.0,133.0,136.0,134.0,129.0,125.0,122.0,127.0,132.0,172.0,177.0,124.0,108.0,81.0,114.0,111.0,113.0,112.0,121.0,127.0,141.0,170.0,191.0,192.0,163.0,127.0,86.0,64.0,70.0,85.0,93.0,116.0,161.0,197.0,205.0,196.0,153.0,93.0,57.0,58.0,96.0,134.0,149.0,125.0,80.0,56.0,55.0,94.0,162.0,205.0,205.0,205.0,192.0,155.0,129.0,119.0,116.0,110.0,101.0,0.5638514511826591,0.8258762261980964
144.0,55.0,55.0,107.0,164.0,147.0,139.0,164.0,134.0,129.0,111.0,144.0,113.0,128.0,108.0,96.0,79.0,97.0,125.0,160.0,175.0,161.0,144.0,113.0,102.0,102.0,110.0,111.0,128.0,135.0,134.0,130.0,131.0,131.0,123.0,121.0,130.0,134.0,127.0,127.0,124.0,118.0,121.0,132.0,137.0,135.0,129.0,123.0,121.0,127.0,152.0,124.0,90.0,84.0,117.0,136.0,129.0,114.0,133.0,116.0,119.0,103.0,101.0,102.0,117.0,112.0,118.0,142.0,167.0,181.0,175.0,150.0,109.0,85.0,76.0,84.0,103.0,129.0,155.0,181.0,203.0,205.0,205.0,164.0,113.0,65.0,55.0,55.0,92.0,126.0,145.0,149.0,140.0,128.0,121.0,121.0,127.0,134.0,137.0,135.0,0.7823659730488438,0.6228189819003077
129.0,124.0,55.0,60.0,132.0,153.0,150.0,132.0,171.0,123.0,134.0,111.0,144.0,110.0,127.0,109.0,92.0,85.0,101.0,134.0,159.0,171.0,154.0,141.0,111.0,104.0,105.0,112.0,113.0,130.0,136.0,132.0,129.0,129.0,130.0,122.0,123.0,132.0,133.0,126.0,126.0,123.0,118.0,123.0,133.0,137.0,134.0,128.0,122.0,121.0,144.0,122.0,107.0,111.0,132.0,142.0,141.0,140.0,139.0,131.0,129.0,120.0,102.0,82.0,73.0,78.0,108.0,154.0,190.0,201.0,189.0,159.0,121.0,91.0,68.0,56.0,59.0,88.0,131.0,172.0,201.0,205.0,195.0,170.0,144.0,123.0,112.0,108.0,109.0,109.0,107.0,102.0,101.0,105.0,115.0,126.0,133.0,138.0,140.0,142.0,0.9312649128759916,0.36434278097153494
112.0,163.0,139.0,157.0,135.0,185.0,110.0,150.0,112.0,148.0,94.0,132.0,113.0,119.0,127.0,139.0,146.0,134.0,134.0,119.0,134.0,119.0,132.0,129.0,131.0,128.0,142.0,136.0,124.0,122.0,120.0,125.0,121.0,130.0,134.0,131.0,122.0,129.0,127.0,125.0,131.0,137.0,133.0,130.0,128.0,125.0,127.0,131.0,133.0,131.0,165.0,170.0,131.0,140.0,143.0,165.0,146.0,123.0,114.0,134.0,157.0,163.0,138.0,100.0,91.0,111.0,139.0,160.0,172.0,154.0,132.0,141.0,168.0,180.0,165.0,117.0,58.0,55.0,55.0,55.0,122.0,186.0,205.0,205.0,205.0,194.0,125.0,72.0,55.0,55.0,55.0,55.0,111.0,144.0,168.0,177.0,176.0,168.0,162.0,162.0,0.9972991178147411,0.07344705307865707
103.0,118.0,192.0,123.0,173.0,156.0,156.0,113.0,134.0,140.0,118.0,109.0,105.0,127.0,137.0,179.0,168.0,153.0,105.0,88.0,89.0,113.0,134.0,151.0,154.0,143.0,148.0,144.0,131.0,113.0,113.0,111.0,115.0,120.0,133.0,132.0,121.0,120.0,126.0,128.0,132.0,140.0,136.0,127.0,122.0,124.0,127.0,131.0,132.0,127.0,118.0,127.0,125.0,115.0,99.0,121.0,126.0,115.0,124.0,136.0,160.0,167.0,156.0,126.0,107.0,86.0,79.0,88.0,109.0,141.0,184.0,205.0,205.0,186.0,136.0,80.0,55.0,76.0,130.0,174.0,181.0,143.0,89.0,66.0,90.0,139.0,179.0,187.0,161.0,119.0,88.0,81.0,93.0,115.0,131.0,134.0,127.0,122.0,125.0,136.0,0.9745928087928233,-0.2239840553461684
164.0,205.0,205.0,108.0,120.0,94.0,137.0,90.0,134.0,128.0,135.0,117.0,133.0,143.0,145.0,175.0,172.0,164.0,121.0,96.0,80.0,99.0,117.0,148.0,160.0,155.0,149.0,141.0,128.0,116.0,122.0,125.0,128.0,126.0,135.0,135.0,126.0,123.0,130.0,132.0,134.0,139.0,134.0,123.0,118.0,122.0,129.0,136.0,137.0,130.0,153.0,121.0,109.0,103.0,85.0,106.0,113.0,121.0,121.0,118.0,119.0,137.0,154.0,157.0,146.0,110.0,70.0,55.0,55.0,58.0,126.0,164.0,179.0,177.0,174.0,174.0,177.0,177.0,159.0,115.0,62.0,55.0,55.0,55.0,82.0,193.0,205.0,205.0,205.0,184.0,142.0,112.0,93.0,81.0,74.0,71.0,72.0,80.0,93.0,108.0,0.8651664122768428,-0.501484874216577
147.0,195.0,204.0,150.0,85.0,122.0,100.0,117.0,96.0,144.0,126.0,125.0,128.0,145.0,142.0,143.0,155.0,135.0,128.0,110.0,112.0,117.0,128.0,133.0,142.0,137.0,129.0,138.0,131.0,121.0,119.0,128.0,131.0,135.0,135.0,139.0,129.0,121.0,129.0,134.0,132.0,134.0,134.0,125.0,120.0,122.0,127.0,132.0,135.0,132.0,124.0,108.0,115.0,131.0,150.0,158.0,138.0,108.0,99.0,111.0,122.0,127.0,131.0,137.0,151.0,179.0,195.0,176.0,125.0,64.0,55.0,55.0,55.0,62.0,150.0,200.0,205.0,205.0,205.0,205.0,84.0,55.0,55.0,55.0,55.0,78.0,201.0,205.0,205.0,205.0,169.0,141.0,132.0,134.0,134.0,123.0,104.0,88.0,83.0,89.0,0.6787567810266502,-0.7343631473667098
138.0,176.0,133.0,154.0,151.0,169.0,113.0,144.0,130.0,129.0,98.0,119.0,121.0,134.0,157.0,157.0,147.0,117.0,107.0,103.0,122.0,128.0,144.0,144.0,138.0,139.0,142.0,129.0,120.0,121.0,119.0,116.0,116.0,130.0,134.0,127.0,123.0,128.0,126.0,128.0,136.0,137.0,130.0,126.0,125.0,126.0,129.0,131.0,130.0,127.0,167.0,126.0,109.0,144.0,144.0,133.0,112.0,100.0,109.0,132.0,147.0,149.0,146.0,135.0,140.0,153.0,158.0,153.0,135.0,105.0,94.0,124.0,168.0,192.0,185.0,145.0,88.0,55.0,64.0,111.0,166.0,204.0,205.0,173.0,115.0,66.0,55.0,55.0,55.0,99.0,123.0,140.0,153.0,162.0,169.0,171.0,166.0,155.0,146.0,141.0,0.4319508007507279,-0.9018971702643295
157.0,144.0,148.0,176.0,121.0,137.0,108.0,151.0,99.0,134.0,107.0,111.0,102.0,122.0,136.0,147.0,151.0,135.0,137.0,116.0,120.0,118.0,123.0,119.0,136.0,135.0,129.0,124.0,125.0,127.0,121.0,125.0,133.0,133.0,124.0,127.0,125.0,122.0,126.0,136.0,136.0,132.0,128.0,123.0,124.0,129.0,134.0,134.0,133.0,132.0,162.0,116.0,72.0,80.0,107.0,129.0,119.0,128.0,127.0,113.0,95.0,77.0,74.0,88.0,105.0,117.0,142.0,170.0,195.0,205.0,192.0,143.0,81.0,55.0,55.0,55.0,66.0,171.0,205.0,205.0,205.0,205.0,203.0,114.0,56.0,55.0,55.0,55.0,59.0,131.0,154.0,154.0,140.0,125.0,119.0,122.0,132.0,141.0,144.0,140.0,0.14670947507077833,-0.9891796247014274
55.0,62.0,145.0,129.0,167.0,139.0,176.0,114.0,128.0,117.0,138.0,118.0,123.0,110.0,83.0,91.0,103.0,145.0,164.0,173.0,151.0,135.0,108.0,105.0,109.0,111.0,118.0,132.0,137.0,132.0,130.0,130.0,131.0,121.0,126.0,134.0,133.0,126.0,127.0,123.0,119.0,127.0,136.0,138.0,134.0,127.0,122.0,124.0,131.0,137.0,136.0,127.0,117.0,104.0,114.0,137.0,166.0,173.0,151.0,109.0,75.0,63.0,71.0,81.0,82.0,83.0,109.0,170.0,205.0,205.0,205.0,150.0,55.0,55.0,55.0,55.0,146.0,205.0,205.0,180.0,136.0,127.0,153.0,188.0,201.0,180.0,135.0,91.0,67.0,67.0,84.0,97.0,101.0,96.0,96.0,106.0,128.0,149.0,162.0,160.0,-0.15158618304376786,-0.9884440445013675
187.0,168.0,88.0,134.0,104.0,117.0,88.0,136.0,132.0,129.0,130.0,141.0,140.0,141.0,164.0,149.0,140.0,111.0,104.0,105.0,120.0,130.0,146.0,146.0,137.0,140.0,130.0,120.0,119.0,130.0,131.0,132.0,131.0,137.0,131.0,123.0,128.0,133.0,131.0,133.0,136.0,127.0,120.0,121.0,126.0,131.0,135.0,133.0,127.0,123.0,158.0,134.0,113.0,114.0,146.0,128.0,121.0,136.0,144.0,127.0,116.0,107.0,127.0,161.0,170.0,158.0,154.0,153.0,143.0,133.0,109.0,72.0,55.0,64.0,106.0,164.0,205.0,205.0,173.0,119.0,86.0,83.0,109.0,132.0,124.0,92.0,66.0,66.0,97.0,149.0,194.0,205.0,205.0,179.0,147.0,131.0,132.0,138.0,135.0,123.0,-0.4363935751482948,-0.8997558822087742
55.0,117.0,130.0,179.0,117.0,173.0,154.0,143.0,125.0,132.0,137.0,98.0,117.0,113.0,134.0,132.0,160.0,144.0,136.0,112.0,108.0,116.0,124.0,135.0,139.0,139.0,131.0,143.0,136.0,125.0,120.0,122.0,118.0,116.0,122.0,133.0,132.0,123.0,125.0,127.0,125.0,130.0,138.0,134.0,128.0,126.0,125.0,126.0,130.0,130.0,117.0,156.0,162.0,125.0,109.0,126.0,100.0,79.0,87.0,108.0,146.0,166.0,171.0,177.0,191.0,179.0,142.0,80.0,55.0,55.0,55.0,85.0,205.0,205.0,205.0,205.0,205.0,101.0,73.0,55.0,55.0,55.0,55.0,92.0,164.0,203.0,205.0,185.0,138.0,96.0,78.0,86.0,106.0,127.0,135.0,129.0,124.0,123.0,126.0,130.0,-0.6823703000477332,-0.7310066850670838
55.0,94.0,188.0,109.0,181.0,124.0,187.0,99.0,147.0,119.0,134.0,103.0,117.0,117.0,105.0,135.0,131.0,151.0,130.0,136.0,122.0,132.0,121.0,127.0,124.0,120.0,129.0,139.0,136.0,123.0,123.0,120.0,125.0,120.0,131.0,134.0,127.0,122.0,127.0,125.0,124.0,132.0,136.0,133.0,129.0,126.0,123.0,127.0,131.0,133.0,146.0,107.0,86.0,84.0,112.0,108.0,113.0,132.0,137.0,121.0,115.0,123.0,149.0,169.0,152.0,110.0,83.0,92.0,130.0,169.0,177.0,145.0,104.0,83.0,94.0,133.0,173.0,187.0,176.0,155.0,136.0,124.0,113.0,95.0,69.0,56.0,57.0,97.0,143.0,181.0,201.0,196.0,171.0,140.0,116.0,110.0,117.0,123.0,124.0,117.0,-0.8676291419608377,-0.4972118985103841
75.0,123.0,184.0,124.0,172.0,151.0,157.0,108.0,139.0,135.0,120.0,105.0,115.0,124.0,132.0,162.0,153.0,144.0,111.0,105.0,106.0,124.0,131.0,143.0,143.0,135.0,142.0,141.0,129.0,115.0,117.0,115.0,119.0,122.0,133.0,132.0,122.0,122.0,128.0,127.0,130.0,138.0,135.0,128.0,125.0,125.0,126.0,130.0,131.0,128.0,145.0,104.0,97.0,128.0,151.0,156.0,122.0,123.0,142.0,152.0,133.0,101.0,70.0,65.0,95.0,141.0,180.0,187.0,165.0,132.0,114.0,105.0,96.0,74.0,55.0,55.0,55.0,135.0,200.0,205.0,205.0,205.0,152.0,101.0,65.0,55.0,72.0,111.0,153.0,180.0,186.0,177.0,162.0,146.0,131.0,116.0,107.0,104.0,108.0,115.0,-0.9756856133821373,-0.21917477920400044
139.0,174.0,138.0,158.0,162.0,143.0,119.0,133.0,144.0,114.0,105.0,109.0,125.0,145.0,174.0,168.0,144.0,104.0,87.0,95.0,117.0,137.0,150.0,150.0,141.0,147.0,144.0,128.0,113.0,112.0,112.0,116.0,123.0,133.0,131.0,120.0,120.0,127.0,128.0,133.0,139.0,135.0,126.0,123.0,123.0,125.0,129.0,135.0,132.0,126.0,183.0,149.0,134.0,122.0,88.0,115.0,112.0,115.0,109.0,126.0,118.0,136.0,158.0,189.0,197.0,179.0,145.0,104.0,70.0,61.0,78.0,91.0,110.0,147.0,189.0,205.0,205.0,178.0,118.0,65.0,55.0,77.0,115.0,140.0,131.0,95.0,60.0,56.0,89.0,147.0,201.0,205.0,205.0,193.0,159.0,133.0,122.0,124.0,123.0,113.0,-0.9969247586382705,0.07836469622238129
111.0,161.0,132.0,161.0,137.0,185.0,105.0,145.0,111.0,149.0,96.0,130.0,112.0,114.0,121.0,130.0,144.0,137.0,140.0,122.0,133.0,116.0,128.0,126.0,127.0,126.0,139.0,135.0,124.0,123.0,121.0,125.0,120.0,129.0,134.0,130.0,122.0,128.0,126.0,124.0,131.0,137.0,134.0,130.0,127.0,124.0,126.0,130.0,133.0,131.0,126.0,115.0,119.0,121.0,126.0,113.0,114.0,119.0,126.0,127.0,126.0,116.0,112.0,111.0,107.0,106.0,110.0,112.0,119.0,142.0,165.0,175.0,170.0,153.0,125.0,102.0,93.0,94.0,100.0,116.0,139.0,164.0,187.0,196.0,182.0,152.0,123.0,104.0,94.0,89.0,90.0,93.0,99.0,106.0,112.0,117.0,125.0,134.0,141.0,146.0,-0.9294567007279972,0.3689312150954784
93.0,55.0,55.0,158.0,132.0,161.0,136.0,173.0,117.0,127.0,118.0,131.0,119.0,120.0,111.0,81.0,89.0,101.0,146.0,166.0,173.0,151.0,132.0,106.0,103.0,108.0,110.0,118.0,132.0,136.0,131.0,130.0,130.0,129.0,120.0,125.0,134.0,132.0,126.0,127.0,122.0,118.0,126.0,136.0,137.0,133.0,126.0,121.0,123.0,131.0,166.0,144.0,107.0,90.0,90.0,109.0,130.0,140.0,146.0,150.0,153.0,158.0,162.0,144.0,102.0,55.0,55.0,55.0,59.0,180.0,205.0,205.0,205.0,192.0,108.0,64.0,55.0,55.0,55.0,80.0,132.0,167.0,188.0,192.0,180.0,161.0,139.0,122.0,114.0,116.0,120.0,119.0,116.0,111.0,108.0,107.0,111.0,121.0,134.0,143.0,-0.7792848041664711,0.6266699242785031
109.0,204.0,108.0,178.0,139.0,169.0,109.0,142.0,134.0,114.0,116.0,118.0,135.0,119.0,150.0,135.0,146.0,123.0,124.0,119.0,127.0,127.0,135.0,138.0,130.0,142.0,140.0,131.0,117.0,121.0,120.0,124.0,123.0,134.0,133.0,124.0,125.0,129.0,127.0,128.0,137.0,135.0,131.0,128.0,127.0,126.0,130.0,132.0,131.0,129.0,93.0,150.0,142.0,151.0,165.0,132.0,137.0,149.0,169.0,140.0,131.0,106.0,105.0,105.0,116.0,121.0,123.0,126.0,144.0,161.0,160.0,150.0,128.0,93.0,73.0,101.0,143.0,165.0,158.0,120.0,69.0,55.0,73.0,143.0,205.0,205.0,205.0,205.0,132.0,83.0,63.0,70.0,92.0,105.0,109.0,115.0,127.0,139.0,150.0,155.0,-0.5597714905634915,0.8286470167401357
103.0,138.0,176.0,124.0,174.0,156.0,143.0,118.0,133.0,137.0,107.0,119.0,114.0,132.0,137.0,166.0,152.0,137.0,109.0,102.0,112.0,124.0,137.0,143.0,141.0,134.0,151.0,146.0,128.0,111.0,111.0,115.0,122.0,129.0,136.0,130.0,120.0,123.0,129.0,129.0,134.0,139.0,132.0,127.0,125.0,127.0,128.0,132.0,131.0,127.0,149.0,117.0,108.0,118.0,120.0,116.0,97.0,89.0,103.0,116.0,121.0,136.0,156.0,169.0,176.0,163.0,123.0,86.0,69.0,70.0,88.0,119.0,150.0,177.0,201.0,205.0,205.0,186.0,135.0,76.0,55.0,55.0,55.0,93.0,152.0,172.0,165.0,142.0,122.0,114.0,118.0,127.0,132.0,131.0,126.0,121.0,119.0,122.0,126.0,130.0,-0.29044923911448656,0.956890400985304
205.0,135.0,76.0,123.0,102.0,115.0,91.0,147.0,128.0,127.0,123.0,142.0,138.0,142.0,152.0,129.0,122.0,108.0,114.0,122.0,133.0,134.0,141.0,133.0,127.0,131.0,124.0,115.0,121.0,132.0,134.0,134.0,133.0,136.0,128.0,122.0,130.0,134.0,130.0,132.0,133.0,123.0,119.0,123.0,128.0,131.0,134.0,130.0,126.0,125.0,145.0,115.0,62.0,105.0,115.0,143.0,130.0,124.0,118.0,104.0,98.0,98.0,123.0,133.0,139.0,134.0,145.0,157.0,167.0,151.0,108.0,60.0,55.0,55.0,100.0,164.0,201.0,204.0,184.0,167.0,161.0,159.0,144.0,107.0,59.0,55.0,55.0,55.0,147.0,205.0,205.0,205.0,166.0,129.0,114.0,114.0,115.0,111.0,105.0,100.0,0.004717429819797828,0.9999888728660411
197.0,205.0,140.0,88.0,121.0,101.0,112.0,93.0,145.0,125.0,127.0,123.0,150.0,138.0,143.0,147.0,129.0,121.0,110.0,117.0,124.0,136.0,133.0,141.0,132.0,127.0,131.0,124.0,115.0,121.0,133.0,135.0,137.0,134.0,137.0,128.0,123.0,130.0,136.0,130.0,132.0,133.0,124.0,120.0,124.0,128.0,131.0,134.0,131.0,127.0,147.0,159.0,95.0,107.0,80.0,83.0,102.0,155.0,180.0,166.0,131.0,103.0,122.0,137.0,136.0,106.0,86.0,74.0,113.0,188.0,205.0,205.0,171.0,74.0,55.0,55.0,55.0,55.0,130.0,205.0,205.0,205.0,205.0,130.0,55.0,55.0,55.0,55.0,55.0,147.0,205.0,205.0,205.0,180.0,145.0,128.0,130.0,137.0,136.0,124.0,0.29946433788263976,0.9541074941202968
106.0,87.0,115.0,111.0,106.0,100.0,143.0,117.0,125.0,127.0,156.0,138.0,142.0,131.0,111.0,105.0,111.0,130.0,142.0,145.0,136.0,135.0,122.0,120.0,123.0,118.0,111.0,124.0,136.0,139.0,139.0,137.0,135.0,125.0,123.0,133.0,136.0,129.0,131.0,129.0,120.0,120.0,126.0,130.0,132.0,132.0,128.0,126.0,128.0,130.0,144.0,149.0,122.0,130.0,144.0,127.0,111.0,122.0,135.0,145.0,130.0,106.0,96.0,112.0,135.0,151.0,147.0,126.0,129.0,145.0,161.0,164.0,147.0,106.0,77.0,86.0,127.0,173.0,197.0,178.0,125.0,83.0,87.0,129.0,173.0,191.0,169.0,122.0,82.0,66.0,73.0,96.0,123.0,140.0,140.0,132.0,128.0,133.0,146.0,155.0,0.5675646573925659,0.8233288284026372
205.0,147.0,126.0,84.0,132.0,104.0,98.0,115.0,136.0,131.0,117.0,147.0,135.0,144.0,141.0,145.0,120.0,117.0,110.0,121.0,130.0,132.0,137.0,136.0,130.0,128.0,130.0,117.0,116.0,127.0,135.0,135.0,134.0,135.0,134.0,124.0,124.0,134.0,132.0,130.0,133.0,129.0,120.0,121.0,125.0,129.0,132.0,133.0,128.0,125.0,128.0,130.0,102.0,110.0,130.0,132.0,118.0,104.0,105.0,112.0,124.0,122.0,125.0,124.0,123.0,113.0,99.0,85.0,83.0,94.0,111.0,133.0,158.0,182.0,197.0,200.0,183.0,142.0,90.0,56.0,55.0,55.0,100.0,180.0,205.0,205.0,205.0,194.0,142.0,106.0,84.0,76.0,74.0,74.0,77.0,82.0,92.0,105.0,119.0,132.0,0.7851625965200798,0.6192896713379341
142.0,84.0,116.0,113.0,118.0,88.0,132.0,123.0,131.0,122.0,151.0,134.0,141.0,147.0,137.0,126.0,111.0,112.0,116.0,130.0,130.0,141.0,136.0,130.0,132.0,126.0,115.0,118.0,130.0,133.0,134.0,132.0,136.0,129.0,123.0,127.0,134.0,130.0,131.0,133.0,126.0,119.0,122.0,126.0,130.0,133.0,131.0,126.0,124.0,126.0,131.0,125.0,147.0,142.0,145.0,109.0,104.0,102.0,124.0,123.0,133.0,134.0,147.0,174.0,194.0,180.0,130.0,71.0,55.0,55.0,55.0,56.0,138.0,191.0,205.0,205.0,205.0,205.0,94.0,55.0,55.0,55.0,55.0,74.0,189.0,205.0,205.0,205.0,173.0,150.0,143.0,145.0,141.0,125.0,103.0,85.0,79.0,85.0,98.0,107.0,0.932896107700888,0.3601455986632811
198.0,139.0,172.0,144.0,157.0,113.0,142.0,142.0,120.0,107.0,106.0,128.0,138.0,179.0,170.0,156.0,108.0,90.0,89.0,113.0,134.0,152.0,155.0,144.0,149.0,146.0,133.0,115.0,113.0,111.0,116.0,121.0,134.0,133.0,123.0,121.0,127.0,129.0,133.0,140.0,136.0,127.0,123.0,124.0,128.0,132.0,132.0,128.0,124.0,124.0,163.0,140.0,107.0,140.0,142.0,130.0,113.0,102.0,108.0,128.0,142.0,149.0,150.0,141.0,139.0,146.0,153.0,153.0,140.0,108.0,94.0,120.0,164.0,190.0,186.0,148.0,90.0,55.0,62.0,108.0,164.0,203.0,205.0,173.0,115.0,66.0,55.0,55.0,55.0,98.0,122.0,139.0,152.0,161.0,169.0,171.0,166.0,155.0,146.0,141.0,0.9976197389063911,0.06895546783500275
145.0,81.0,120.0,117.0,106.0,109.0,130.0,136.0,114.0,143.0,134.0,146.0,145.0,164.0,144.0,132.0,108.0,99.0,108.0,117.0,137.0,147.0,146.0,137.0,140.0,125.0,118.0,122.0,129.0,131.0,130.0,133.0,135.0,128.0,122.0,131.0,132.0,131.0,135.0,134.0,123.0,120.0,122.0,127.0,132.0,135.0,131.0,125.0,123.0,124.0,152.0,113.0,68.0,82.0,112.0,130.0,117.0,125.0,129.0,114.0,98.0,76.0,74.0,87.0,106.0,117.0,140.0,167.0,194.0,205.0,204.0,147.0,78.0,55.0,55.0,55.0,70.0,171.0,205.0,205.0,205.0,205.0,203.0,117.0,58.0,55.0,55.0,55.0,59.0,130.0,154.0,154.0,140.0,126.0,119.0,123.0,132.0,141.0,144.0,140.0,0.9735743270169409,-0.2283703784940388
114.0,97.0,93.0,130.0,101.0,98.0,123.0,128.0,126.0,124.0,155.0,134.0,142.0,133.0,126.0,106.0,110.0,118.0,136.0,143.0,138.0,137.0,126.0,120.0,123.0,123.0,111.0,119.0,132.0,138.0,138.0,137.0,136.0,130.0,122.0,127.0,133.0,131.0,135.0,135.0,124.0,114.0,120.0,127.0,133.0,135.0,131.0,125.0,125.0,128.0,132.0,106.0,102.0,133.0,175.0,182.0,142.0,90.0,60.0,60.0,77.0,86.0,81.0,87.0,128.0,195.0,205.0,205.0,205.0,68.0,55.0,55.0,55.0,76.0,181.0,205.0,205.0,160.0,127.0,133.0,166.0,196.0,196.0,164.0,116.0,78.0,64.0,73.0,89.0,98.0,96.0,94.0,102.0,120.0,140.0,152.0,154.0,149.0,140.0,132.0,0.8628994529981153,-0.505375636547265
205.0,131.0,86.0,112.0,110.0,112.0,91.0,138.0,123.0,129.0,122.0,152.0,135.0,143.0,143.0,128.0,117.0,110.0,118.0,127.0,137.0,133.0,139.0,130.0,125.0,128.0,124.0,113.0,120.0,132.0,136.0,136.0,135.0,136.0,128.0,122.0,129.0,135.0,130.0,131.0,132.0,124.0,119.0,123.0,128.0,131.0,133.0,130.0,126.0,125.0,120.0,152.0,135.0,118.0,125.0,141.0,127.0,118.0,106.0,123.0,157.0,169.0,156.0,152.0,152.0,143.0,134.0,110.0,73.0,55.0,56.0,100.0,157.0,204.0,205.0,175.0,121.0,86.0,81.0,105.0,130.0,125.0,94.0,66.0,64.0,93.0,145.0,191.0,205.0,198.0,175.0,154.0,142.0,134.0,130.0,126.0,120.0,110.0,100.0,98.0,0.6754430601876003,-0.737412145576956
148.0,205.0,205.0,113.0,118.0,89.0,133.0,85.0,135.0,128.0,145.0,112.0,136.0,134.0,145.0,169.0,174.0,164.0,125.0,100.0,81.0,100.0,113.0,146.0,156.0,154.0,146.0,141.0,126.0,118.0,127.0,130.0,129.0,121.0,131.0,134.0,129.0,125.0,131.0,130.0,132.0,137.0,135.0,125.0,119.0,121.0,127.0,134.0,136.0,131.0,94.0,117.0,128.0,149.0,94.0,99.0,91.0,79.0,92.0,100.0,126.0,156.0,191.0,197.0,205.0,178.0,122.0,63.0,55.0,55.0,55.0,72.0,184.0,205.0,205.0,205.0,205.0,198.0,109.0,61.0,55.0,55.0,55.0,55.0,71.0,144.0,178.0,188.0,177.0,148.0,126.0,121.0,123.0,125.0,123.0,119.0,112.0,109.0,110.0,115.0,0.4278851760175564,-0.9038331019300105
205.0,108.0,115.0,96.0,117.0,99.0,128.0,144.0,127.0,124.0,125.0,142.0,145.0,183.0,174.0,159.0,112.0,86.0,79.0,99.0,125.0,150.0,162.0,151.0,149.0,138.0,125.0,115.0,121.0,125.0,126.0,127.0,135.0,134.0,123.0,123.0,130.0,132.0,135.0,139.0,131.0,120.0,117.0,122.0,129.0,136.0,135.0,127.0,120.0,119.0,138.0,135.0,127.0,124.0,93.0,87.0,80.0,101.0,119.0,144.0,143.0,144.0,148.0,163.0,173.0,161.0,115.0,63.0,55.0,55.0,141.0,205.0,205.0,205.0,152.0,101.0,87.0,107.0,142.0,161.0,155.0,127.0,96.0,78.0,77.0,88.0,102.0,111.0,115.0,119.0,128.0,143.0,155.0,159.0,151.0,138.0,127.0,124.0,131.0,140.0,0.1422537091503278,-0.9898302289953433
205.0,154.0,130.0,83.0,131.0,104.0,100.0,114.0,138.0,130.0,117.0,145.0,137.0,146.0,142.0,147.0,121.0,118.0,109.0,120.0,129.0,131.0,138.0,138.0,132.0,128.0,132.0,118.0,117.0,126.0,135.0,136.0,134.0,135.0,134.0,124.0,124.0,132.0,131.0,129.0,137.0,135.0,123.0,118.0,121.0,128.0,134.0,136.0,130.0,125.0,142.0,154.0,155.0,153.0,124.0,111.0,149.0,171.0,161.0,139.0,118.0,105.0,108.0,116.0,112.0,110.0,115.0,127.0,149.0,170.0,169.0,141.0,101.0,78.0,85.0,112.0,130.0,117.0,83.0,64.0,86.0,146.0,205.0,205.0,205.0,173.0,115.0,83.0,82.0,103.0,128.0,141.0,138.0,126.0,115.0,116.0,128.0,141.0,146.0,139.0,-0.15603561235380445,-0.9877514301064683
205.0,177.0,96.0,119.0,104.0,121.0,85.0,134.0,128.0,134.0,121.0,148.0,140.0,142.0,157.0,150.0,143.0,116.0,106.0,101.0,117.0,123.0,144.0,146.0,141.0,140.0,133.0,120.0,117.0,127.0,130.0,132.0,129.0,136.0,132.0,124.0,126.0,133.0,131.0,132.0,136.0,129.0,120.0,120.0,125.0,129.0,134.0,134.0,128.0,123.0,142.0,104.0,114.0,143.0,129.0,123.0,147.0,146.0,119.0,111.0,109.0,120.0,124.0,116.0,111.0,122.0,146.0,182.0,203.0,193.0,165.0,134.0,96.0,66.0,65.0,76.0,90.0,127.0,180.0,205.0,205.0,205.0,156.0,90.0,55.0,55.0,55.0,94.0,115.0,116.0,107.0,103.0,111.0,133.0,160.0,179.0,177.0,164.0,153.0,147.0,-0.44044075388715276,-0.8977816785362221
164.0,135.0,81.0,131.0,105.0,106.0,108.0,142.0,127.0,120.0,140.0,142.0,145.0,141.0,150.0,122.0,121.0,110.0,120.0,128.0,131.0,137.0,139.0,134.0,129.0,133.0,120.0,116.0,125.0,135.0,136.0,135.0,134.0,133.0,123.0,122.0,138.0,140.0,135.0,131.0,125.0,119.0,123.0,129.0,132.0,133.0,133.0,128.0,125.0,127.0,127.0,111.0,120.0,118.0,89.0,102.0,108.0,123.0,129.0,124.0,126.0,145.0,162.0,159.0,143.0,102.0,63.0,55.0,57.0,102.0,150.0,179.0,178.0,168.0,164.0,159.0,152.0,143.0,124.0,98.0,79.0,73.0,76.0,93.0,123.0,155.0,180.0,192.0,190.0,174.0,152.0,129.0,109.0,94.0,87.0,87.0,93.0,101.0,109.0,115.0,-0.6856551068486534,-0.727926558419434
55.0,140.0,161.0,134.0,155.0,146.0,180.0,109.0,145.0,119.0,139.0,93.0,125.0,115.0,128.0,140.0,148.0,145.0,126.0,120.0,109.0,126.0,122.0,138.0,137.0,135.0,133.0,143.0,134.0,120.0,118.0,116.0,121.0,120.0,130.0,133.0,127.0,120.0,128.0,127.0,127.0,134.0,137.0,131.0,127.0,126.0,125.0,128.0,131.0,131.0,155.0,115.0,106.0,142.0,155.0,151.0,129.0,106.0,99.0,114.0,132.0,136.0,126.0,114.0,119.0,143.0,164.0,160.0,119.0,64.0,55.0,55.0,96.0,177.0,205.0,205.0,190.0,136.0,89.0,59.0,55.0,74.0,113.0,154.0,184.0,195.0,190.0,175.0,156.0,134.0,114.0,102.0,101.0,107.0,113.0,115.0,112.0,108.0,110.0,116.0,-0.8698592919531659,-0.49329992114608817
88.0,87.0,106.0,111.0,102.0,110.0,142.0,112.0,123.0,131.0,155.0,142.0,144.0,116.0,89.0,86.0,111.0,147.0,163.0,158.0,137.0,125.0,109.0,113.0,117.0,112.0,109.0,127.0,139.0,143.0,142.0,140.0,134.0,123.0,125.0,135.0,136.0,129.0,129.0,124.0,117.0,121.0,129.0,132.0,132.0,130.0,126.0,126.0,130.0,133.0,166.0,179.0,133.0,116.0,121.0,117.0,117.0,145.0,162.0,170.0,157.0,148.0,139.0,136.0,125.0,102.0,67.0,55.0,85.0,151.0,204.0,205.0,205.0,140.0,77.0,65.0,96.0,133.0,147.0,122.0,73.0,55.0,55.0,134.0,201.0,205.0,205.0,174.0,123.0,99.0,102.0,120.0,138.0,139.0,124.0,109.0,104.0,112.0,129.0,143.0,-0.9766626659444354,-0.21477904215800045
127.0,183.0,118.0,163.0,159.0,140.0,136.0,126.0,142.0,91.0,127.0,109.0,134.0,125.0,153.0,140.0,137.0,122.0,116.0,126.0,123.0,134.0,134.0,136.0,128.0,144.0,137.0,126.0,117.0,119.0,121.0,121.0,127.0,134.0,132.0,121.0,127.0,128.0,126.0,130.0,137.0,133.0,129.0,127.0,126.0,127.0,130.0,131.0,129.0,129.0,138.0,85.0,73.0,103.0,139.0,123.0,125.0,122.0,117.0,109.0,103.0,94.0,104.0,113.0,111.0,121.0,147.0,170.0,179.0,172.0,139.0,98.0,74.0,69.0,80.0,105.0,137.0,164.0,190.0,205.0,205.0,205.0,160.0,102.0,55.0,55.0,55.0,57.0,135.0,167.0,171.0,152.0,130.0,116.0,115.0,122.0,130.0,132.0,129.0,123.0,-0.9965617748121086,0.08285305657210353
58.0,130.0,200.0,130.0,171.0,145.0,166.0,109.0,146.0,135.0,125.0,104.0,109.0,126.0,136.0,176.0,168.0,156.0,109.0,93.0,91.0,114.0,131.0,150.0,153.0,144.0,148.0,146.0,133.0,115.0,114.0,112.0,116.0,120.0,133.0,133.0,123.0,121.0,127.0,128.0,132.0,140.0,137.0,129.0,124.0,125.0,127.0,132.0,132.0,128.0,155.0,116.0,96.0,83.0,128.0,131.0,134.0,132.0,132.0,110.0,101.0,95.0,108.0,133.0,140.0,134.0,136.0,151.0,165.0,169.0,143.0,95.0,56.0,55.0,59.0,131.0,183.0,205.0,196.0,175.0,158.0,145.0,135.0,116.0,86.0,60.0,56.0,80.0,123.0,165.0,187.0,183.0,160.0,134.0,117.0,116.0,123.0,129.0,127.0,119.0,-0.9277859791193961,0.37311282067152773
202.0,189.0,88.0,131.0,104.0,123.0,90.0,136.0,135.0,131.0,129.0,138.0,141.0,142.0,171.0,157.0,149.0,113.0,100.0,97.0,115.0,128.0,148.0,151.0,142.0,144.0,134.0,123.0,118.0,129.0,130.0,131.0,130.0,137.0,133.0,124.0,127.0,133.0,131.0,134.0,138.0,129.0,121.0,121.0,125.0,131.0,136.0,134.0,128.0,123.0,157.0,148.0,129.0,139.0,152.0,155.0,134.0,103.0,135.0,145.0,168.0,146.0,116.0,84.0,100.0,121.0,149.0,172.0,171.0,142.0,129.0,153.0,173.0,174.0,138.0,80.0,55.0,55.0,55.0,72.0,168.0,205.0,205.0,205.0,205.0,141.0,77.0,55.0,55.0,55.0,55.0,115.0,146.0,164.0,172.0,170.0,164.0,159.0,159.0,159.0,-0.7764550069887924,0.6301726923011138
142.0,194.0,193.0,154.0,88.0,129.0,101.0,113.0,92.0,147.0,135.0,129.0,125.0,139.0,139.0,144.0,162.0,142.0,132.0,109.0,108.0,114.0,127.0,134.0,145.0,141.0,133.0,136.0,128.0,118.0,122.0,132.0,134.0,134.0,133.0,137.0,131.0,124.0,131.0,135.0,132.0,134.0,135.0,126.0,120.0,123.0,128.0,132.0,136.0,133.0,128.0,105.0,94.0,107.0,100.0,107.0,108.0,112.0,120.0,125.0,136.0,148.0,156.0,142.0,124.0,98.0,75.0,70.0,85.0,112.0,150.0,189.0,205.0,195.0,160.0,108.0,63.0,55.0,94.0,150.0,192.0,196.0,156.0,96.0,59.0,60.0,97.0,144.0,176.0,180.0,161.0,133.0,112.0,104.0,107.0,113.0,115.0,114.0,113.0,117.0,-0.556034415548689,0.83115926796579
205.0,115.0,122.0,86.0,135.0,84.0,136.0,125.0,138.0,113.0,140.0,141.0,145.0,167.0,164.0,159.0,122.0,101.0,82.0,100.0,114.0,145.0,156.0,153.0,148.0,140.0,126.0,116.0,123.0,125.0,128.0,125.0,134.0,133.0,125.0,123.0,131.0,131.0,133.0,137.0,133.0,122.0,118.0,122.0,128.0,134.0,135.0,129.0,122.0,120.0,123.0,96.0,73.0,101.0,128.0,131.0,103.0,89.0,100.0,113.0,128.0,122.0,125.0,135.0,152.0,156.0,147.0,115.0,74.0,55.0,55.0,57.0,118.0,161.0,179.0,180.0,175.0,174.0,176.0,177.0,161.0,118.0,65.0,55.0,55.0,55.0,72.0,189.0,205.0,205.0,205.0,185.0,141.0,111.0,93.0,83.0,76.0,73.0,73.0,80.0,-0.2861374143392462,0.9581885931878183
140.0,73.0,95.0,120.0,104.0,102.0,117.0,132.0,107.0,128.0,154.0,160.0,142.0,123.0,94.0,76.0,89.0,125.0,165.0,175.0,162.0,136.0,116.0,103.0,108.0,109.0,105.0,111.0,132.0,145.0,147.0,146.0,141.0,131.0,122.0,130.0,139.0,135.0,130.0,127.0,119.0,116.0,124.0,133.0,135.0,132.0,128.0,125.0,127.0,134.0,116.0,99.0,122.0,132.0,154.0,150.0,131.0,107.0,104.0,114.0,121.0,124.0,130.0,138.0,153.0,182.0,195.0,174.0,120.0,60.0,55.0,55.0,55.0,66.0,153.0,202.0,205.0,205.0,205.0,205.0,80.0,55.0,55.0,55.0,55.0,80.0,204.0,205.0,205.0,205.0,167.0,140.0,131.0,134.0,133.0,121.0,102.0,87.0,83.0,90.0,0.009220334561903784,0.9999574918118103
56.0,61.0,104.0,190.0,111.0,179.0,135.0,175.0,100.0,146.0,127.0,126.0,105.0,116.0,124.0,118.0,149.0,138.0,147.0,120.0,122.0,114.0,128.0,123.0,135.0,136.0,130.0,137.0,140.0,131.0,117.0,120.0,117.0,122.0,120.0,132.0,132.0,125.0,122.0,128.0,126.0,127.0,135.0,135.0,130.0,127.0,126.0,125.0,128.0,130.0,140.0,140.0,159.0,152.0,107.0,124.0,141.0,144.0,121.0,110.0,100.0,119.0,135.0,147.0,147.0,141.0,136.0,143.0,154.0,153.0,148.0,127.0,102.0,102.0,135.0,170.0,188.0,176.0,130.0,75.0,55.0,80.0,133.0,185.0,205.0,205.0,148.0,90.0,55.0,55.0,55.0,85.0,114.0,132.0,144.0,153.0,162.0,169.0,170.0,161.0,0.3037576503419424,0.9527493321219083
55.0,73.0,105.0,187.0,114.0,178.0,140.0,167.0,103.0,143.0,130.0,121.0,108.0,115.0,126.0,122.0,155.0,142.0,145.0,118.0,117.0,113.0,126.0,127.0,137.0,138.0,130.0,140.0,140.0,130.0,117.0,119.0,117.0,122.0,122.0,133.0,133.0,123.0,122.0,127.0,124.0,127.0,141.0,140.0,132.0,123.0,122.0,124.0,131.0,133.0,131.0,111.0,97.0,103.0,119.0,119.0,114.0,109.0,116.0,124.0,128.0,118.0,104.0,88.0,80.0,85.0,99.0,117.0,140.0,167.0,188.0,200.0,194.0,166.0,117.0,67.0,55.0,55.0,55.0,140.0,205.0,205.0,205.0,205.0,163.0,123.0,97.0,81.0,73.0,71.0,72.0,76.0,85.0,97.0,110.0,123.0,134.0,144.0,151.0,157.0,0.5712663550169225,0.8207647358565544
55.0,109.0,179.0,121.0,176.0,127.0,186.0,99.0,150.0,116.0,140.0,98.0,124.0,117.0,115.0,134.0,133.0,147.0,130.0,133.0,117.0,130.0,118.0,131.0,130.0,128.0,130.0,139.0,133.0,121.0,122.0,119.0,124.0,119.0,130.0,133.0,128.0,121.0,128.0,125.0,125.0,133.0,136.0,132.0,128.0,126.0,124.0,127.0,130.0,132.0,113.0,113.0,106.0,124.0,148.0,155.0,130.0,117.0,123.0,153.0,168.0,137.0,81.0,55.0,55.0,55.0,113.0,142.0,139.0,134.0,153.0,187.0,205.0,191.0,109.0,55.0,55.0,55.0,55.0,163.0,205.0,205.0,205.0,155.0,138.0,155.0,184.0,196.0,176.0,130.0,83.0,56.0,55.0,72.0,92.0,101.0,100.0,100.0,109.0,129.0,0.7879432991427561,0.6157478033546114
127.0,55.0,55.0,133.0,150.0,152.0,133.0,173.0,120.0,133.0,110.0,144.0,109.0,127.0,108.0,93.0,87.0,103.0,136.0,158.0,169.0,151.0,139.0,110.0,106.0,107.0,113.0,114.0,131.0,136.0,132.0,128.0,128.0,130.0,121.0,123.0,132.0,133.0,126.0,126.0,123.0,118.0,124.0,134.0,137.0,134.0,128.0,122.0,122.0,129.0,154.0,138.0,119.0,106.0,142.0,120.0,116.0,137.0,151.0,131.0,110.0,91.0,101.0,140.0,162.0,164.0,163.0,165.0,162.0,162.0,145.0,100.0,56.0,55.0,55.0,95.0,185.0,205.0,205.0,187.0,130.0,97.0,97.0,110.0,108.0,86.0,63.0,56.0,76.0,120.0,166.0,193.0,194.0,179.0,157.0,143.0,141.0,145.0,146.0,136.0,0.9345083860647021,0.3559411136336257
62.0,141.0,137.0,158.0,141.0,172.0,121.0,124.0,118.0,135.0,120.0,122.0,110.0,81.0,84.0,99.0,144.0,168.0,178.0,156.0,135.0,106.0,101.0,106.0,109.0,116.0,132.0,138.0,131.0,130.0,132.0,132.0,122.0,124.0,133.0,133.0,126.0,126.0,123.0,118.0,126.0,135.0,138.0,134.0,127.0,121.0,122.0,131.0,137.0,139.0,156.0,109.0,109.0,83.0,139.0,133.0,119.0,86.0,77.0,75.0,93.0,106.0,117.0,148.0,174.0,197.0,201.0,185.0,132.0,76.0,55.0,55.0,55.0,70.0,172.0,205.0,205.0,205.0,205.0,188.0,120.0,67.0,55.0,55.0,55.0,55.0,89.0,134.0,157.0,167.0,165.0,155.0,144.0,137.0,132.0,128.0,124.0,119.0,113.0,110.0,0.9979201311270448,0.06446248437177762
55.0,140.0,154.0,149.0,143.0,160.0,173.0,121.0,130.0,122.0,134.0,98.0,124.0,116.0,131.0,141.0,158.0,147.0,128.0,111.0,103.0,119.0,123.0,141.0,142.0,139.0,134.0,145.0,135.0,121.0,116.0,115.0,118.0,119.0,128.0,138.0,126.0,118.0,124.0,127.0,129.0,135.0,138.0,130.0,126.0,125.0,125.0,128.0,131.0,130.0,133.0,112.0,103.0,122.0,133.0,119.0,90.0,72.0,85.0,112.0,139.0,144.0,141.0,143.0,157.0,171.0,169.0,134.0,80.0,55.0,55.0,112.0,185.0,205.0,205.0,176.0,118.0,89.0,97.0,128.0,155.0,158.0,135.0,102.0,77.0,71.0,83.0,103.0,117.0,121.0,120.0,121.0,130.0,143.0,152.0,152.0,143.0,133.0,129.0,132.0,0.9725361039420907,-0.2327520709448982
205.0,134.0,108.0,99.0,133.0,91.0,124.0,121.0,148.0,117.0,146.0,131.0,142.0,158.0,176.0,169.0,136.0,105.0,80.0,96.0,109.0,144.0,157.0,157.0,147.0,145.0,130.0,119.0,123.0,126.0,129.0,126.0,134.0,136.0,129.0,123.0,130.0,132.0,133.0,138.0,137.0,126.0,119.0,121.0,127.0,134.0,137.0,132.0,124.0,121.0,152.0,159.0,144.0,139.0,128.0,103.0,84.0,116.0,157.0,177.0,173.0,165.0,160.0,166.0,170.0,140.0,84.0,55.0,55.0,55.0,132.0,205.0,205.0,205.0,142.0,104.0,88.0,95.0,93.0,67.0,55.0,55.0,55.0,149.0,205.0,205.0,205.0,147.0,104.0,91.0,109.0,140.0,162.0,164.0,148.0,124.0,111.0,115.0,131.0,143.0,0.8606149965898245,-0.5092561513076659
200.0,92.0,104.0,95.0,127.0,88.0,110.0,132.0,127.0,118.0,128.0,157.0,141.0,143.0,119.0,103.0,88.0,109.0,134.0,159.0,159.0,145.0,131.0,114.0,112.0,115.0,114.0,106.0,120.0,139.0,148.0,146.0,139.0,132.0,124.0,124.0,136.0,140.0,131.0,128.0,125.0,118.0,119.0,129.0,133.0,133.0,131.0,127.0,126.0,129.0,137.0,131.0,101.0,111.0,150.0,119.0,133.0,143.0,141.0,119.0,116.0,110.0,117.0,118.0,112.0,115.0,128.0,156.0,188.0,202.0,184.0,158.0,125.0,86.0,60.0,65.0,76.0,96.0,141.0,193.0,205.0,205.0,205.0,139.0,77.0,55.0,55.0,55.0,96.0,114.0,115.0,110.0,112.0,122.0,140.0,161.0,174.0,173.0,164.0,154.0,0.6721156432976879,-0.7404461911810575
205.0,93.0,74.0,99.0,113.0,104.0,106.0,139.0,115.0,119.0,130.0,157.0,148.0,140.0,116.0,83.0,78.0,100.0,143.0,172.0,173.0,152.0,129.0,107.0,103.0,109.0,107.0,106.0,123.0,139.0,146.0,146.0,144.0,138.0,125.0,124.0,135.0,138.0,131.0,129.0,124.0,116.0,118.0,128.0,134.0,134.0,130.0,125.0,125.0,130.0,118.0,121.0,129.0,115.0,111.0,131.0,133.0,125.0,115.0,106.0,114.0,125.0,127.0,125.0,127.0,122.0,117.0,109.0,102.0,103.0,113.0,117.0,122.0,141.0,163.0,173.0,171.0,155.0,127.0,103.0,92.0,93.0,100.0,117.0,142.0,166.0,184.0,190.0,179.0,156.0,130.0,107.0,92.0,86.0,88.0,94.0,101.0,107.0,112.0,116.0,0.42381087499833814,-0.9057507064491548
200.0,181.0,92.0,108.0,120.0,103.0,114.0,122.0,151.0,114.0,140.0,127.0,146.0,153.0,181.0,170.0,145.0,106.0,80.0,90.0,106.0,138.0,154.0,159.0,147.0,147.0,133.0,121.0,118.0,124.0,128.0,125.0,130.0,134.0,132.0,126.0,132.0,130.0,128.0,133.0,138.0,130.0,121.0,120.0,124.0,131.0,136.0,134.0,126.0,121.0,130.0,134.0,122.0,97.0,120.0,157.0,166.0,145.0,120.0,102.0,102.0,117.0,133.0,135.0,125.0,115.0,119.0,143.0,164.0,161.0,120.0,63.0,55.0,55.0,97.0,178.0,205.0,205.0,189.0,134.0,87.0,58.0,55.0,74.0,113.0,155.0,184.0,195.0,190.0,175.0,156.0,134.0,114.0,102.0,101.0,107.0,114.0,115.0,111.0,107.0,0.1377950587318712,-0.9904607623672329
102.0,77.0,114.0,96.0,109.0,122.0,134.0,115.0,118.0,150.0,147.0,147.0,126.0,104.0,76.0,85.0,116.0,159.0,175.0,164.0,141.0,116.0,102.0,105.0,110.0,104.0,112.0,130.0,144.0,146.0,145.0,141.0,131.0,122.0,128.0,138.0,134.0,129.0,126.0,119.0,116.0,123.0,132.0,134.0,132.0,127.0,124.0,126.0,132.0,135.0,117.0,126.0,104.0,154.0,126.0,141.0,114.0,109.0,105.0,133.0,158.0,166.0,158.0,140.0,142.0,133.0,125.0,106.0,79.0,55.0,63.0,122.0,179.0,205.0,205.0,158.0,92.0,64.0,83.0,123.0,152.0,148.0,107.0,63.0,55.0,86.0,144.0,197.0,205.0,205.0,167.0,136.0,122.0,122.0,129.0,130.0,118.0,103.0,96.0,99.0,-0.1604818777087469,-0.9870387869415643
55.0,90.0,158.0,152.0,147.0,155.0,146.0,123.0,116.0,139.0,120.0,125.0,111.0,96.0,74.0,89.0,119.0,161.0,181.0,170.0,148.0,115.0,98.0,99.0,107.0,110.0,124.0,135.0,137.0,133.0,132.0,132.0,125.0,120.0,129.0,136.0,129.0,126.0,124.0,118.0,119.0,131.0,138.0,137.0,131.0,123.0,121.0,126.0,135.0,139.0,205.0,151.0,91.0,92.0,83.0,143.0,126.0,123.0,121.0,127.0,115.0,110.0,100.0,98.0,113.0,113.0,115.0,129.0,160.0,176.0,181.0,163.0,125.0,91.0,76.0,77.0,92.0,118.0,145.0,170.0,195.0,205.0,205.0,188.0,142.0,83.0,55.0,55.0,55.0,109.0,147.0,161.0,153.0,134.0,120.0,117.0,124.0,132.0,136.0,134.0,-0.4444790017492002,-0.8957892704224775
134.0,55.0,56.0,118.0,147.0,154.0,139.0,174.0,121.0,130.0,110.0,143.0,114.0,127.0,110.0,89.0,84.0,99.0,135.0,162.0,174.0,155.0,140.0,110.0,103.0,106.0,111.0,114.0,130.0,136.0,133.0,130.0,130.0,131.0,122.0,123.0,132.0,133.0,126.0,127.0,123.0,118.0,123.0,134.0,137.0,134.0,128.0,122.0,122.0,129.0,155.0,128.0,100.0,107.0,128.0,151.0,145.0,140.0,134.0,129.0,129.0,123.0,105.0,82.0,71.0,75.0,106.0,152.0,189.0,201.0,189.0,160.0,122.0,92.0,69.0,57.0,58.0,85.0,127.0,170.0,200.0,205.0,196.0,171.0,145.0,124.0,112.0,108.0,109.0,109.0,107.0,103.0,101.0,105.0,114.0,125.0,133.0,137.0,139.0,142.0,-0.6889260105279696,-0.7248316715058855
200.0,110.0,179.0,132.0,176.0,107.0,136.0,133.0,122.0,121.0,112.0,122.0,96.0,126.0,120.0,150.0,144.0,148.0,134.0,129.0,116.0,120.0,124.0,118.0,131.0,136.0,134.0,124.0,126.0,125.0,126.0,121.0,131.0,135.0,128.0,125.0,128.0,124.0,123.0,133.0,136.0,134.0,130.0,126.0,123.0,127.0,132.0,134.0,133.0,132.0,175.0,152.0,137.0,140.0,153.0,160.0,140.0,112.0,123.0,142.0,168.0,161.0,124.0,87.0,93.0,123.0,152.0,173.0,169.0,141.0,130.0,153.0,177.0,179.0,149.0,91.0,55.0,55.0,55.0,68.0,157.0,205.0,205.0,205.0,205.0,159.0,101.0,62.0,55.0,55.0,55.0,65.0,130.0,162.0,176.0,177.0,170.0,164.0,163.0,164.0,-0.8720718036904312,-0.48937794107225335
55.0,85.0,162.0,144.0,150.0,149.0,155.0,126.0,117.0,137.0,119.0,126.0,112.0,102.0,75.0,87.0,112.0,156.0,179.0,173.0,151.0,119.0,99.0,99.0,107.0,108.0,120.0,132.0,140.0,138.0,136.0,130.0,121.0,117.0,128.0,138.0,132.0,126.0,124.0,118.0,118.0,130.0,139.0,138.0,132.0,124.0,120.0,125.0,134.0,139.0,162.0,131.0,102.0,94.0,114.0,110.0,103.0,100.0,111.0,117.0,129.0,131.0,143.0,153.0,151.0,135.0,111.0,85.0,70.0,78.0,99.0,134.0,173.0,203.0,204.0,179.0,132.0,80.0,55.0,72.0,125.0,177.0,199.0,177.0,121.0,72.0,58.0,80.0,124.0,163.0,182.0,174.0,148.0,117.0,101.0,103.0,113.0,120.0,117.0,114.0,-0.9776199145851397,-0.21037895000817955
150.0,180.0,132.0,159.0,164.0,134.0,132.0,128.0,144.0,98.0,120.0,108.0,133.0,148.0,177.0,165.0,138.0,100.0,84.0,99.0,117.0,146.0,153.0,151.0,140.0,150.0,140.0,125.0,113.0,111.0,111.0,117.0,130.0,139.0,129.0,115.0,121.0,127.0,132.0,137.0,140.0,131.0,124.0,122.0,126.0,130.0,133.0,131.0,125.0,124.0,152.0,112.0,102.0,109.0,94.0,112.0,104.0,114.0,111.0,120.0,120.0,135.0,147.0,155.0,150.0,127.0,88.0,56.0,55.0,55.0,102.0,147.0,175.0,179.0,175.0,173.0,175.0,176.0,167.0,136.0,90.0,55.0,55.0,55.0,55.0,147.0,205.0,205.0,205.0,205.0,158.0,122.0,100.0,87.0,77.0,71.0,70.0,75.0,87.0,102.0,-0.9961785835674184,0.08733973689914518
126.0,205.0,191.0,164.0,87.0,117.0,122.0,105.0,110.0,120.0,149.0,115.0,143.0,128.0,147.0,152.0,180.0,168.0,146.0,107.0,83.0,90.0,106.0,138.0,155.0,159.0,147.0,148.0,133.0,122.0,119.0,125.0,128.0,126.0,131.0,137.0,131.0,122.0,128.0,131.0,132.0,137.0,139.0,128.0,120.0,120.0,125.0,132.0,137.0,133.0,184.0,153.0,142.0,128.0,111.0,113.0,104.0,104.0,120.0,135.0,132.0,133.0,138.0,167.0,194.0,184.0,129.0,64.0,55.0,55.0,55.0,62.0,138.0,176.0,205.0,205.0,205.0,205.0,118.0,55.0,55.0,55.0,55.0,86.0,205.0,205.0,204.0,156.0,141.0,156.0,185.0,202.0,190.0,152.0,106.0,72.0,60.0,70.0,86.0,95.0,-0.9260964446684251,0.37728686058820365
205.0,205.0,124.0,114.0,97.0,137.0,86.0,132.0,124.0,147.0,113.0,141.0,133.0,145.0,164.0,173.0,163.0,129.0,103.0,83.0,101.0,113.0,146.0,156.0,154.0,146.0,143.0,128.0,119.0,123.0,126.0,129.0,126.0,135.0,136.0,128.0,123.0,131.0,131.0,133.0,138.0,136.0,124.0,119.0,122.0,128.0,135.0,137.0,131.0,123.0,152.0,123.0,132.0,139.0,125.0,108.0,106.0,106.0,118.0,131.0,142.0,148.0,145.0,142.0,141.0,139.0,133.0,124.0,107.0,96.0,115.0,159.0,199.0,205.0,205.0,137.0,68.0,55.0,55.0,60.0,165.0,205.0,205.0,205.0,128.0,69.0,55.0,55.0,55.0,99.0,120.0,132.0,139.0,145.0,151.0,156.0,155.0,151.0,146.0,142.0,-0.7736094655274253,0.6336626822264125
205.0,150.0,86.0,115.0,108.0,117.0,87.0,135.0,125.0,131.0,122.0,149.0,134.0,142.0,151.0,138.0,127.0,110.0,111.0,115.0,129.0,130.0,142.0,137.0,131.0,133.0,127.0,116.0,118.0,130.0,133.0,134.0,132.0,136.0,130.0,122.0,131.0,134.0,128.0,129.0,134.0,127.0,121.0,121.0,125.0,130.0,133.0,132.0,127.0,124.0,205.0,135.0,93.0,76.0,84.0,127.0,126.0,112.0,121.0,135.0,122.0,102.0,78.0,72.0,87.0,106.0,118.0,138.0,167.0,193.0,205.0,199.0,153.0,90.0,55.0,55.0,55.0,63.0,164.0,205.0,205.0,205.0,205.0,205.0,126.0,63.0,55.0,55.0,55.0,57.0,127.0,153.0,155.0,142.0,127.0,120.0,123.0,132.0,141.0,145.0,-0.552286065748489,0.8336546656620207
182.0,92.0,93.0,96.0,126.0,84.0,120.0,129.0,131.0,109.0,134.0,155.0,150.0,141.0,110.0,83.0,70.0,100.0,141.0,180.0,179.0,159.0,126.0,102.0,98.0,107.0,109.0,107.0,123.0,138.0,147.0,146.0,146.0,138.0,126.0,124.0,135.0,138.0,133.0,129.0,123.0,116.0,118.0,129.0,135.0,134.0,131.0,126.0,125.0,130.0,159.0,122.0,94.0,100.0,130.0,160.0,155.0,121.0,86.0,72.0,87.0,110.0,120.0,108.0,102.0,119.0,161.0,205.0,205.0,181.0,92.0,55.0,55.0,55.0,124.0,205.0,205.0,172.0,125.0,107.0,127.0,164.0,183.0,172.0,138.0,102.0,77.0,72.0,85.0,102.0,111.0,110.0,106.0,109.0,123.0,142.0,154.0,154.0,144.0,134.0,-0.2818197875167704,0.9594673560700241
200.0,132.0,76.0,130.0,105.0,113.0,96.0,143.0,123.0,124.0,133.0,144.0,141.0,139.0,150.0,125.0,123.0,108.0,117.0,123.0,131.0,134.0,140.0,133.0,128.0,131.0,121.0,115.0,122.0,133.0,134.0,135.0,133.0,135.0,126.0,123.0,131.0,134.0,130.0,132.0,132.0,122.0,120.0,123.0,128.0,131.0,134.0,130.0,126.0,125.0,141.0,153.0,141.0,144.0,143.0,137.0,116.0,85.0,93.0,138.0,179.0,177.0,163.0,155.0,162.0,174.0,158.0,102.0,55.0,55.0,55.0,88.0,205.0,205.0,205.0,205.0,122.0,90.0,90.0,94.0,78.0,55.0,55.0,55.0,107.0,187.0,205.0,205.0,169.0,119.0,92.0,97.0,124.0,153.0,165.0,156.0,133.0,114.0,110.0,120.0,0.013723052342038486,0.9999058344836366
205.0,119.0,117.0,90.0,134.0,85.0,132.0,127.0,142.0,115.0,134.0,137.0,143.0,171.0,174.0,165.0,125.0,97.0,79.0,98.0,114.0,146.0,158.0,154.0,147.0,142.0,127.0,115.0,121.0,129.0,133.0,127.0,130.0,131.0,125.0,124.0,132.0,132.0,132.0,137.0,133.0,123.0,119.0,122.0,128.0,135.0,136.0,130.0,122.0,120.0,128.0,136.0,161.0,154.0,107.0,89.0,109.0,127.0,139.0,141.0,145.0,163.0,173.0,163.0,139.0,103.0,67.0,56.0,76.0,122.0,189.0,205.0,205.0,205.0,205.0,131.0,68.0,55.0,55.0,55.0,75.0,135.0,172.0,196.0,205.0,205.0,169.0,120.0,73.0,55.0,55.0,55.0,87.0,116.0,137.0,148.0,153.0,158.0,164.0,168.0,0.30804480346609237,0.951371851095846
205.0,121.0,99.0,98.0,127.0,102.0,97.0,125.0,131.0,126.0,121.0,154.0,135.0,144.0,135.0,129.0,109.0,111.0,117.0,133.0,141.0,134.0,136.0,128.0,128.0,130.0,125.0,107.0,114.0,130.0,140.0,141.0,138.0,135.0,128.0,121.0,128.0,138.0,132.0,131.0,131.0,124.0,118.0,124.0,128.0,131.0,132.0,130.0,127.0,126.0,140.0,126.0,89.0,106.0,133.0,126.0,92.0,92.0,110.0,128.0,136.0,124.0,124.0,144.0,164.0,163.0,144.0,101.0,61.0,55.0,63.0,106.0,152.0,179.0,178.0,169.0,165.0,161.0,153.0,143.0,124.0,98.0,79.0,74.0,78.0,95.0,124.0,157.0,181.0,193.0,190.0,174.0,152.0,130.0,110.0,95.0,88.0,88.0,94.0,102.0,0.5749564689957752,0.818184000552388
147.0,79.0,120.0,108.0,111.0,103.0,135.0,131.0,118.0,138.0,137.0,143.0,141.0,161.0,140.0,132.0,108.0,104.0,110.0,120.0,135.0,145.0,143.0,134.0,137.0,125.0,117.0,121.0,130.0,131.0,131.0,132.0,135.0,128.0,122.0,130.0,132.0,130.0,133.0,133.0,123.0,120.0,122.0,126.0,131.0,134.0,131.0,125.0,123.0,124.0,115.0,97.0,116.0,144.0,157.0,131.0,122.0,136.0,153.0,139.0,111.0,77.0,64.0,84.0,129.0,171.0,188.0,172.0,140.0,118.0,107.0,100.0,81.0,55.0,55.0,55.0,109.0,183.0,205.0,205.0,205.0,173.0,114.0,68.0,55.0,57.0,102.0,144.0,174.0,185.0,179.0,165.0,151.0,136.0,120.0,108.0,105.0,108.0,114.0,115.0,0.7907080245320878,0.6121934497694037
205.0,181.0,124.0,100.0,111.0,123.0,92.0,129.0,129.0,140.0,112.0,146.0,134.0,146.0,155.0,160.0,144.0,122.0,106.0,101.0,120.0,126.0,143.0,143.0,141.0,138.0,140.0,126.0,119.0,125.0,129.0,132.0,130.0,137.0,136.0,126.0,124.0,132.0,132.0,132.0,136.0,133.0,122.0,120.0,124.0,129.0,134.0,136.0,130.0,124.0,151.0,126.0,136.0,145.0,127.0,121.0,112.0,115.0,120.0,118.0,116.0,125.0,148.0,182.0,203.0,193.0,166.0,135.0,97.0,67.0,66.0,78.0,92.0,127.0,179.0,205.0,205.0,205.0,155.0,88.0,55.0,55.0,56.0,98.0,117.0,116.0,106.0,102.0,111.0,132.0,157.0,176.0,179.0,170.0,158.0,148.0,140.0,137.0,133.0,124.0,0.9361017152749884,0.3517294111376309
126.0,205.0,192.0,157.0,86.0,115.0,120.0,103.0,114.0,125.0,145.0,113.0,146.0,131.0,148.0,150.0,175.0,159.0,140.0,108.0,90.0,100.0,112.0,140.0,153.0,155.0,144.0,145.0,130.0,121.0,121.0,128.0,131.0,128.0,133.0,137.0,130.0,123.0,130.0,132.0,132.0,136.0,137.0,126.0,121.0,121.0,127.0,133.0,137.0,133.0,143.0,119.0,109.0,99.0,121.0,129.0,130.0,120.0,121.0,115.0,115.0,112.0,106.0,104.0,108.0,113.0,118.0,140.0,163.0,175.0,171.0,155.0,127.0,102.0,92.0,92.0,99.0,115.0,140.0,165.0,184.0,191.0,180.0,157.0,129.0,106.0,91.0,86.0,88.0,95.0,101.0,107.0,111.0,115.0,122.0,131.0,140.0,146.0,147.0,145.0,0.9982002883855956,0.059968193793991494
205.0,132.0,107.0,87.0,136.0,97.0,102.0,115.0,139.0,123.0,121.0,149.0,137.0,144.0,136.0,132.0,106.0,110.0,114.0,134.0,142.0,139.0,137.0,129.0,122.0,123.0,125.0,112.0,116.0,129.0,138.0,138.0,137.0,136.0,132.0,123.0,127.0,136.0,132.0,130.0,131.0,126.0,118.0,123.0,128.0,131.0,132.0,131.0,127.0,126.0,162.0,141.0,116.0,100.0,109.0,134.0,148.0,142.0,140.0,136.0,131.0,126.0,121.0,104.0,85.0,72.0,75.0,104.0,151.0,190.0,202.0,189.0,159.0,122.0,91.0,69.0,57.0,59.0,85.0,127.0,170.0,200.0,205.0,196.0,172.0,145.0,124.0,112.0,109.0,109.0,110.0,107.0,103.0,101.0,105.0,114.0,125.0,133.0,137.0,139.0,0.9714781606205051,-0.23712904385038985
157.0,98.0,74.0,129.0,99.0,105.0,112.0,139.0,117.0,120.0,143.0,149.0,146.0,131.0,107.0,77.0,88.0,115.0,157.0,169.0,163.0,142.0,123.0,106.0,107.0,110.0,104.0,109.0,129.0,144.0,147.0,145.0,142.0,133.0,122.0,128.0,138.0,135.0,130.0,127.0,122.0,116.0,122.0,131.0,134.0,132.0,129.0,125.0,126.0,132.0,97.0,149.0,174.0,144.0,131.0,127.0,160.0,156.0,144.0,112.0,125.0,133.0,156.0,155.0,129.0,98.0,95.0,115.0,139.0,164.0,170.0,151.0,132.0,146.0,166.0,172.0,149.0,101.0,55.0,55.0,55.0,56.0,150.0,205.0,205.0,205.0,205.0,152.0,94.0,55.0,55.0,55.0,55.0,97.0,126.0,150.0,166.0,172.0,169.0,162.0,0.8583130893743014,-0.5131263398118854
55.0,86.0,78.0,199.0,106.0,180.0,142.0,159.0,109.0,130.0,140.0,111.0,124.0,106.0,125.0,102.0,141.0,129.0,149.0,133.0,132.0,127.0,124.0,123.0,125.0,131.0,121.0,137.0,136.0,131.0,119.0,123.0,122.0,123.0,122.0,132.0,134.0,124.0,125.0,127.0,124.0,125.0,135.0,135.0,131.0,128.0,125.0,124.0,128.0,132.0,133.0,108.0,111.0,114.0,126.0,114.0,96.0,91.0,105.0,110.0,123.0,146.0,167.0,177.0,173.0,146.0,104.0,77.0,69.0,75.0,100.0,132.0,160.0,186.0,205.0,205.0,205.0,168.0,106.0,55.0,55.0,55.0,55.0,126.0,161.0,170.0,157.0,135.0,119.0,115.0,121.0,128.0,131.0,130.0,125.0,121.0,120.0,123.0,128.0,130.0,0.6687745978275399,-0.7434652226571276
55.0,112.0,133.0,173.0,128.0,168.0,155.0,144.0,115.0,136.0,138.0,112.0,108.0,113.0,127.0,140.0,168.0,157.0,139.0,106.0,97.0,105.0,122.0,137.0,146.0,145.0,137.0,145.0,141.0,126.0,114.0,115.0,115.0,118.0,124.0,134.0,130.0,120.0,122.0,128.0,128.0,132.0,139.0,133.0,127.0,124.0,125.0,127.0,131.0,130.0,125.0,99.0,80.0,106.0,117.0,141.0,120.0,110.0,102.0,95.0,105.0,120.0,130.0,130.0,139.0,144.0,157.0,157.0,135.0,90.0,55.0,55.0,55.0,110.0,165.0,195.0,196.0,182.0,168.0,166.0,168.0,153.0,109.0,56.0,55.0,55.0,55.0,119.0,205.0,205.0,205.0,202.0,144.0,112.0,101.0,101.0,101.0,96.0,88.0,84.0,0.4197279803084098,-0.907649944938148
187.0,200.0,87.0,119.0,114.0,110.0,106.0,121.0,148.0,116.0,139.0,127.0,145.0,148.0,181.0,167.0,148.0,106.0,86.0,93.0,109.0,133.0,148.0,156.0,147.0,151.0,136.0,125.0,116.0,122.0,124.0,128.0,133.0,138.0,132.0,120.0,126.0,131.0,133.0,136.0,139.0,128.0,119.0,119.0,125.0,132.0,137.0,133.0,125.0,120.0,120.0,100.0,98.0,96.0,126.0,163.0,180.0,165.0,124.0,94.0,93.0,103.0,98.0,90.0,93.0,117.0,166.0,205.0,205.0,205.0,119.0,55.0,55.0,55.0,55.0,55.0,142.0,205.0,205.0,205.0,205.0,205.0,98.0,55.0,55.0,55.0,55.0,79.0,199.0,205.0,205.0,205.0,152.0,125.0,123.0,131.0,135.0,125.0,105.0,88.0,0.133333614224281,-0.9910712120316535
92.0,103.0,140.0,87.0,133.0,115.0,152.0,94.0,154.0,144.0,157.0,120.0,128.0,123.0,127.0,155.0,156.0,148.0,110.0,102.0,98.0,122.0,131.0,148.0,141.0,128.0,130.0,141.0,139.0,131.0,130.0,123.0,123.0,122.0,133.0,136.0,128.0,124.0,130.0,126.0,125.0,130.0,130.0,126.0,127.0,129.0,129.0,130.0,129.0,126.0,157.0,172.0,139.0,118.0,135.0,134.0,127.0,113.0,106.0,108.0,122.0,136.0,146.0,150.0,145.0,143.0,143.0,139.0,131.0,119.0,103.0,103.0,132.0,173.0,202.0,205.0,185.0,123.0,59.0,55.0,55.0,96.0,183.0,205.0,205.0,193.0,114.0,60.0,55.0,55.0,71.0,106.0,125.0,136.0,141.0,148.0,154.0,157.0,155.0,151.0,-0.16492488895085025,-0.9863061294570513
146.0,177.0,144.0,149.0,164.0,144.0,124.0,132.0,142.0,113.0,103.0,114.0,130.0,149.0,173.0,169.0,143.0,107.0,89.0,96.0,115.0,136.0,151.0,153.0,144.0,149.0,146.0,130.0,113.0,112.0,113.0,116.0,123.0,133.0,132.0,121.0,121.0,128.0,129.0,134.0,140.0,135.0,126.0,124.0,125.0,128.0,132.0,131.0,127.0,124.0,113.0,90.0,96.0,111.0,111.0,139.0,138.0,114.0,90.0,72.0,72.0,90.0,110.0,118.0,135.0,160.0,189.0,205.0,199.0,153.0,89.0,55.0,55.0,55.0,57.0,161.0,205.0,205.0,205.0,205.0,205.0,123.0,62.0,55.0,55.0,55.0,56.0,125.0,152.0,154.0,142.0,127.0,119.0,121.0,131.0,140.0,143.0,140.0,132.0,124.0,-0.4485082368501325,-0.8937786982679692
76.0,161.0,117.0,163.0,145.0,177.0,121.0,122.0,122.0,127.0,122.0,121.0,112.0,81.0,90.0,103.0,148.0,168.0,175.0,153.0,132.0,105.0,103.0,109.0,111.0,120.0,133.0,138.0,132.0,131.0,131.0,131.0,122.0,127.0,135.0,132.0,127.0,127.0,122.0,119.0,128.0,137.0,139.0,134.0,127.0,122.0,124.0,132.0,138.0,138.0,142.0,111.0,103.0,126.0,164.0,188.0,157.0,100.0,62.0,58.0,76.0,88.0,84.0,79.0,106.0,170.0,205.0,205.0,205.0,145.0,55.0,55.0,55.0,55.0,152.0,205.0,205.0,178.0,134.0,127.0,154.0,188.0,200.0,178.0,133.0,90.0,66.0,67.0,83.0,97.0,100.0,96.0,96.0,108.0,130.0,151.0,160.0,155.0,141.0,131.0,-0.6921829447609603,-0.7217220870820328
111.0,196.0,118.0,175.0,126.0,179.0,101.0,151.0,125.0,129.0,105.0,118.0,124.0,117.0,147.0,137.0,148.0,124.0,126.0,115.0,129.0,123.0,135.0,135.0,129.0,136.0,141.0,133.0,119.0,121.0,118.0,123.0,121.0,132.0,134.0,126.0,123.0,129.0,126.0,127.0,134.0,136.0,131.0,128.0,126.0,125.0,129.0,131.0,130.0,127.0,109.0,150.0,142.0,148.0,144.0,140.0,130.0,102.0,79.0,110.0,155.0,176.0,173.0,164.0,159.0,166.0,168.0,138.0,81.0,55.0,55.0,55.0,139.0,205.0,205.0,205.0,162.0,107.0,87.0,92.0,91.0,67.0,55.0,55.0,55.0,143.0,204.0,205.0,205.0,149.0,105.0,90.0,105.0,136.0,160.0,164.0,148.0,124.0,110.0,113.0,-0.874266632309226,-0.48544603781541434
99.0,127.0,184.0,122.0,171.0,151.0,153.0,110.0,138.0,135.0,117.0,107.0,114.0,125.0,133.0,164.0,154.0,142.0,109.0,103.0,106.0,123.0,133.0,143.0,143.0,135.0,143.0,141.0,128.0,115.0,116.0,115.0,119.0,123.0,133.0,131.0,121.0,122.0,128.0,127.0,131.0,138.0,134.0,127.0,125.0,125.0,127.0,130.0,131.0,128.0,143.0,96.0,108.0,113.0,113.0,115.0,146.0,138.0,139.0,114.0,106.0,102.0,109.0,111.0,118.0,125.0,142.0,178.0,198.0,193.0,167.0,128.0,76.0,55.0,55.0,55.0,92.0,143.0,195.0,205.0,205.0,205.0,176.0,95.0,55.0,55.0,55.0,55.0,86.0,147.0,162.0,159.0,149.0,143.0,147.0,154.0,156.0,153.0,144.0,133.0,-0.9785573398939894,-0.20597459197580503
146.0,55.0,112.0,119.0,168.0,139.0,151.0,171.0,124.0,138.0,110.0,152.0,97.0,135.0,107.0,115.0,105.0,127.0,136.0,146.0,147.0,134.0,137.0,117.0,121.0,119.0,125.0,121.0,138.0,136.0,129.0,123.0,124.0,127.0,122.0,126.0,134.0,133.0,122.0,127.0,125.0,123.0,128.0,135.0,135.0,131.0,128.0,125.0,124.0,130.0,112.0,113.0,121.0,95.0,95.0,105.0,122.0,126.0,127.0,118.0,134.0,154.0,163.0,152.0,125.0,85.0,57.0,55.0,75.0,120.0,166.0,185.0,175.0,166.0,161.0,154.0,147.0,135.0,113.0,88.0,74.0,72.0,82.0,105.0,138.0,168.0,187.0,192.0,184.0,164.0,142.0,120.0,102.0,90.0,87.0,89.0,96.0,105.0,112.0,117.0,-0.995775192674221,0.09182464622647958
55.0,126.0,142.0,154.0,148.0,159.0,174.0,113.0,131.0,115.0,147.0,97.0,131.0,109.0,126.0,128.0,149.0,145.0,134.0,123.0,110.0,125.0,120.0,136.0,134.0,135.0,129.0,143.0,134.0,123.0,118.0,118.0,121.0,120.0,128.0,134.0,129.0,120.0,127.0,126.0,126.0,131.0,137.0,132.0,128.0,126.0,125.0,127.0,130.0,131.0,147.0,120.0,94.0,122.0,165.0,168.0,143.0,111.0,97.0,103.0,127.0,137.0,133.0,120.0,114.0,126.0,152.0,167.0,151.0,102.0,55.0,55.0,55.0,132.0,198.0,205.0,205.0,170.0,116.0,74.0,56.0,55.0,87.0,129.0,167.0,191.0,196.0,186.0,169.0,149.0,127.0,109.0,101.0,103.0,110.0,116.0,115.0,110.0,108.0,112.0,-0.9243881316339991,0.381453250207944
127.0,183.0,148.0,154.0,155.0,161.0,125.0,133.0,143.0,127.0,103.0,105.0,120.0,137.0,166.0,177.0,161.0,122.0,92.0,84.0,105.0,126.0,148.0,155.0,148.0,145.0,149.0,138.0,119.0,112.0,111.0,113.0,118.0,129.0,135.0,126.0,119.0,125.0,129.0,131.0,138.0,139.0,130.0,124.0,124.0,127.0,130.0,133.0,129.0,125.0,129.0,156.0,144.0,117.0,134.0,125.0,116.0,120.0,155.0,165.0,169.0,152.0,145.0,137.0,130.0,115.0,85.0,57.0,60.0,118.0,180.0,205.0,205.0,180.0,106.0,66.0,78.0,116.0,144.0,138.0,98.0,55.0,55.0,87.0,167.0,205.0,205.0,205.0,151.0,107.0,92.0,103.0,125.0,138.0,133.0,117.0,106.0,108.0,121.0,138.0,-0.7707482374817987,0.6371398232874013
55.0,126.0,126.0,167.0,132.0,154.0,170.0,123.0,136.0,109.0,150.0,91.0,139.0,111.0,127.0,111.0,134.0,137.0,141.0,137.0,122.0,130.0,117.0,128.0,126.0,132.0,125.0,141.0,135.0,126.0,119.0,121.0,123.0,121.0,126.0,133.0,131.0,122.0,128.0,127.0,125.0,129.0,137.0,134.0,130.0,127.0,125.0,125.0,129.0,132.0,129.0,134.0,102.0,114.0,132.0,129.0,112.0,94.0,90.0,105.0,118.0,112.0,124.0,149.0,173.0,180.0,169.0,133.0,93.0,73.0,70.0,83.0,109.0,140.0,167.0,193.0,205.0,205.0,204.0,153.0,94.0,55.0,55.0,55.0,64.0,140.0,169.0,170.0,150.0,128.0,116.0,116.0,124.0,131.0,132.0,128.0,123.0,120.0,121.0,125.0,-0.5485265171686772,0.8361331592293185
85.0,190.0,118.0,167.0,155.0,149.0,125.0,119.0,147.0,106.0,131.0,107.0,119.0,96.0,127.0,127.0,151.0,148.0,143.0,136.0,121.0,118.0,117.0,124.0,118.0,135.0,136.0,132.0,124.0,127.0,126.0,125.0,124.0,133.0,135.0,125.0,126.0,126.0,123.0,124.0,135.0,137.0,134.0,129.0,125.0,123.0,128.0,133.0,134.0,134.0,166.0,99.0,72.0,96.0,116.0,140.0,129.0,116.0,109.0,104.0,99.0,109.0,124.0,131.0,133.0,138.0,151.0,164.0,162.0,126.0,77.0,55.0,55.0,55.0,130.0,178.0,199.0,194.0,177.0,168.0,168.0,166.0,142.0,94.0,55.0,55.0,55.0,56.0,162.0,205.0,205.0,205.0,173.0,130.0,107.0,102.0,104.0,104.0,97.0,90.0,-0.2774964461961674,0.9607266637022716
133.0,176.0,133.0,162.0,154.0,158.0,111.0,139.0,134.0,123.0,102.0,115.0,122.0,136.0,164.0,158.0,145.0,112.0,101.0,101.0,121.0,131.0,145.0,145.0,137.0,143.0,144.0,130.0,115.0,115.0,114.0,117.0,119.0,130.0,134.0,127.0,125.0,126.0,123.0,127.0,138.0,138.0,130.0,125.0,124.0,125.0,130.0,131.0,129.0,126.0,108.0,101.0,107.0,140.0,171.0,178.0,160.0,112.0,89.0,92.0,102.0,95.0,93.0,104.0,138.0,196.0,205.0,205.0,205.0,77.0,55.0,55.0,55.0,55.0,75.0,191.0,205.0,205.0,205.0,205.0,205.0,55.0,55.0,55.0,55.0,55.0,160.0,205.0,205.0,205.0,176.0,137.0,123.0,127.0,135.0,132.0,116.0,97.0,84.0,84.0,0.018225491857964904,0.999833901928983
55.0,55.0,101.0,152.0,154.0,143.0,158.0,145.0,125.0,118.0,139.0,122.0,124.0,111.0,94.0,74.0,87.0,120.0,163.0,183.0,171.0,148.0,115.0,97.0,98.0,107.0,110.0,124.0,136.0,138.0,133.0,133.0,132.0,126.0,121.0,130.0,136.0,129.0,127.0,124.0,118.0,120.0,131.0,139.0,138.0,131.0,123.0,120.0,126.0,136.0,154.0,114.0,141.0,117.0,145.0,116.0,139.0,129.0,127.0,118.0,111.0,106.0,105.0,115.0,125.0,146.0,144.0,139.0,134.0,140.0,139.0,138.0,124.0,97.0,84.0,107.0,154.0,199.0,205.0,202.0,130.0,69.0,55.0,57.0,124.0,181.0,205.0,190.0,146.0,100.0,74.0,73.0,91.0,110.0,119.0,122.0,123.0,126.0,135.0,144.0,0.31232571032390044,0.9499750789734808
68.0,119.0,148.0,157.0,139.0,172.0,120.0,131.0,111.0,146.0,111.0,128.0,109.0,93.0,88.0,103.0,135.0,159.0,170.0,153.0,141.0,111.0,106.0,107.0,113.0,115.0,131.0,136.0,132.0,129.0,129.0,131.0,122.0,123.0,132.0,134.0,126.0,127.0,124.0,119.0,124.0,134.0,137.0,134.0,128.0,122.0,122.0,129.0,136.0,137.0,142.0,106.0,98.0,111.0,130.0,123.0,109.0,102.0,111.0,120.0,127.0,127.0,123.0,115.0,103.0,89.0,81.0,88.0,103.0,124.0,149.0,174.0,192.0,200.0,191.0,158.0,108.0,61.0,55.0,55.0,59.0,155.0,205.0,205.0,205.0,205.0,158.0,116.0,90.0,77.0,74.0,73.0,75.0,79.0,88.0,99.0,113.0,127.0,138.0,147.0,0.5786349245041725,0.8155866748200651
133.0,170.0,133.0,161.0,139.0,178.0,105.0,148.0,121.0,137.0,95.0,122.0,117.0,125.0,144.0,147.0,146.0,124.0,119.0,109.0,126.0,120.0,136.0,137.0,138.0,139.0,142.0,129.0,116.0,118.0,119.0,124.0,120.0,129.0,132.0,125.0,121.0,129.0,127.0,127.0,134.0,136.0,130.0,127.0,126.0,125.0,127.0,130.0,130.0,128.0,135.0,106.0,104.0,108.0,134.0,154.0,147.0,123.0,115.0,129.0,160.0,164.0,126.0,70.0,55.0,55.0,55.0,122.0,142.0,137.0,136.0,158.0,192.0,205.0,179.0,91.0,55.0,55.0,55.0,64.0,177.0,205.0,205.0,203.0,146.0,137.0,162.0,193.0,199.0,166.0,114.0,72.0,55.0,58.0,78.0,94.0,100.0,98.0,100.0,113.0,0.7934567166273522,0.6086266826544345
55.0,128.0,135.0,171.0,132.0,157.0,170.0,125.0,137.0,115.0,149.0,92.0,133.0,108.0,127.0,122.0,145.0,141.0,137.0,128.0,118.0,128.0,119.0,131.0,131.0,136.0,128.0,143.0,135.0,125.0,119.0,120.0,123.0,121.0,127.0,134.0,131.0,121.0,128.0,127.0,125.0,130.0,138.0,133.0,129.0,127.0,125.0,126.0,130.0,132.0,145.0,156.0,134.0,111.0,99.0,131.0,133.0,134.0,142.0,148.0,153.0,151.0,140.0,132.0,134.0,120.0,102.0,111.0,151.0,195.0,205.0,205.0,160.0,89.0,55.0,55.0,57.0,157.0,205.0,205.0,162.0,98.0,58.0,60.0,99.0,134.0,139.0,117.0,89.0,74.0,86.0,119.0,152.0,173.0,177.0,169.0,159.0,154.0,155.0,156.0,0.937676063023585,0.34751057657658396
104.0,156.0,170.0,141.0,156.0,166.0,139.0,125.0,133.0,141.0,111.0,108.0,114.0,128.0,151.0,177.0,169.0,138.0,100.0,84.0,102.0,124.0,142.0,149.0,147.0,142.0,150.0,146.0,127.0,112.0,111.0,112.0,116.0,126.0,135.0,131.0,120.0,122.0,128.0,130.0,135.0,140.0,134.0,125.0,124.0,126.0,129.0,132.0,131.0,126.0,97.0,100.0,98.0,107.0,117.0,144.0,134.0,104.0,92.0,72.0,82.0,91.0,106.0,115.0,150.0,179.0,204.0,205.0,181.0,129.0,74.0,55.0,55.0,55.0,71.0,180.0,205.0,205.0,205.0,205.0,168.0,109.0,56.0,55.0,55.0,55.0,57.0,126.0,153.0,157.0,149.0,136.0,128.0,127.0,133.0,139.0,140.0,135.0,127.0,119.0,0.9984602050012557,0.055472687233002214
82.0,129.0,126.0,98.0,109.0,118.0,148.0,102.0,146.0,145.0,158.0,115.0,129.0,118.0,133.0,151.0,163.0,148.0,114.0,96.0,90.0,115.0,127.0,153.0,148.0,134.0,124.0,137.0,138.0,132.0,130.0,124.0,121.0,119.0,130.0,135.0,130.0,123.0,128.0,126.0,124.0,129.0,130.0,126.0,125.0,127.0,128.0,130.0,129.0,125.0,205.0,136.0,132.0,117.0,97.0,104.0,106.0,110.0,108.0,144.0,126.0,122.0,108.0,131.0,155.0,177.0,151.0,109.0,84.0,93.0,130.0,165.0,175.0,147.0,113.0,93.0,103.0,138.0,171.0,182.0,172.0,150.0,126.0,108.0,97.0,88.0,80.0,78.0,89.0,110.0,138.0,163.0,175.0,170.0,152.0,133.0,122.0,122.0,127.0,131.0,0.9704005185042466,-0.241501208458031
55.0,66.0,143.0,138.0,159.0,137.0,175.0,117.0,130.0,114.0,137.0,115.0,123.0,111.0,85.0,89.0,100.0,142.0,163.0,173.0,152.0,136.0,107.0,101.0,105.0,108.0,119.0,137.0,141.0,130.0,125.0,126.0,130.0,124.0,127.0,133.0,131.0,124.0,126.0,124.0,119.0,126.0,135.0,136.0,133.0,127.0,122.0,123.0,130.0,136.0,148.0,147.0,147.0,154.0,126.0,97.0,117.0,147.0,164.0,157.0,140.0,126.0,132.0,146.0,145.0,124.0,95.0,71.0,78.0,123.0,173.0,197.0,181.0,143.0,113.0,107.0,112.0,106.0,79.0,56.0,55.0,99.0,164.0,205.0,205.0,201.0,140.0,97.0,82.0,96.0,124.0,147.0,154.0,144.0,126.0,115.0,118.0,131.0,142.0,143.0,0.8559937780276328,-0.516986123583583
55.0,101.0,184.0,118.0,177.0,123.0,186.0,99.0,149.0,117.0,139.0,101.0,121.0,117.0,108.0,129.0,126.0,147.0,135.0,141.0,123.0,132.0,116.0,127.0,126.0,124.0,129.0,138.0,134.0,122.0,123.0,120.0,125.0,120.0,130.0,133.0,127.0,120.0,127.0,129.0,128.0,133.0,132.0,128.0,128.0,128.0,126.0,128.0,130.0,131.0,187.0,122.0,160.0,137.0,111.0,107.0,132.0,123.0,119.0,136.0,133.0,144.0,128.0,117.0,107.0,113.0,109.0,118.0,124.0,136.0,166.0,195.0,197.0,182.0,154.0,106.0,60.0,55.0,55.0,80.0,120.0,170.0,205.0,205.0,205.0,205.0,134.0,73.0,55.0,55.0,55.0,55.0,115.0,138.0,148.0,150.0,149.0,152.0,159.0,163.0,0.6654199915240026,-0.7464691787878427
55.0,55.0,112.0,153.0,152.0,144.0,167.0,131.0,123.0,114.0,138.0,121.0,123.0,110.0,84.0,77.0,93.0,134.0,169.0,181.0,163.0,140.0,108.0,97.0,102.0,107.0,113.0,128.0,137.0,136.0,132.0,132.0,132.0,122.0,122.0,132.0,135.0,128.0,126.0,123.0,117.0,122.0,134.0,139.0,135.0,129.0,122.0,121.0,129.0,137.0,143.0,107.0,90.0,112.0,142.0,112.0,94.0,95.0,113.0,130.0,133.0,124.0,133.0,154.0,163.0,158.0,130.0,86.0,56.0,55.0,77.0,121.0,166.0,184.0,177.0,169.0,163.0,156.0,148.0,135.0,112.0,86.0,72.0,71.0,82.0,108.0,144.0,172.0,188.0,190.0,178.0,159.0,138.0,120.0,104.0,93.0,89.0,90.0,97.0,106.0,0.41563657473719645,-0.9095307788858664
55.0,92.0,158.0,132.0,158.0,128.0,181.0,113.0,142.0,113.0,143.0,103.0,126.0,111.0,100.0,104.0,114.0,142.0,150.0,158.0,139.0,136.0,112.0,115.0,115.0,118.0,121.0,135.0,136.0,128.0,126.0,126.0,129.0,121.0,126.0,133.0,131.0,124.0,127.0,124.0,121.0,127.0,136.0,135.0,132.0,127.0,123.0,124.0,130.0,134.0,189.0,142.0,66.0,120.0,126.0,185.0,146.0,139.0,117.0,140.0,148.0,146.0,117.0,86.0,72.0,80.0,129.0,172.0,197.0,178.0,145.0,114.0,106.0,105.0,96.0,67.0,55.0,55.0,109.0,176.0,205.0,205.0,205.0,151.0,100.0,72.0,72.0,98.0,133.0,158.0,165.0,157.0,144.0,136.0,137.0,136.0,132.0,122.0,117.0,117.0,0.12886946609288832,-0.9916615656104324
60.0,123.0,190.0,121.0,167.0,144.0,166.0,114.0,147.0,131.0,118.0,102.0,117.0,127.0,132.0,160.0,150.0,144.0,114.0,110.0,109.0,126.0,130.0,142.0,142.0,135.0,142.0,142.0,130.0,116.0,117.0,116.0,121.0,123.0,133.0,133.0,123.0,122.0,129.0,127.0,130.0,137.0,135.0,128.0,126.0,126.0,127.0,130.0,131.0,129.0,165.0,128.0,128.0,147.0,139.0,122.0,114.0,112.0,119.0,119.0,116.0,119.0,136.0,166.0,197.0,202.0,180.0,151.0,115.0,79.0,63.0,72.0,84.0,108.0,157.0,203.0,205.0,205.0,189.0,117.0,62.0,55.0,55.0,82.0,109.0,122.0,117.0,106.0,102.0,115.0,143.0,171.0,183.0,177.0,164.0,151.0,142.0,139.0,136.0,130.0,-0.16936455598856615,-0.9855534725091256
143.0,83.0,124.0,114.0,104.0,107.0,131.0,131.0,114.0,144.0,141.0,150.0,143.0,155.0,135.0,129.0,110.0,106.0,113.0,119.0,135.0,144.0,144.0,136.0,138.0,124.0,117.0,122.0,130.0,132.0,131.0,133.0,134.0,127.0,123.0,131.0,132.0,130.0,134.0,133.0,123.0,120.0,122.0,127.0,132.0,134.0,131.0,125.0,123.0,125.0,179.0,130.0,108.0,113.0,122.0,135.0,121.0,109.0,111.0,126.0,129.0,129.0,122.0,114.0,112.0,112.0,107.0,106.0,110.0,113.0,125.0,149.0,170.0,175.0,167.0,148.0,120.0,99.0,92.0,94.0,103.0,123.0,148.0,172.0,188.0,190.0,175.0,149.0,123.0,102.0,89.0,87.0,90.0,96.0,102.0,108.0,113.0,118.0,126.0,136.0,-0.4525283774885974,-0.8917500028413442
187.0,198.0,91.0,108.0,114.0,104.0,110.0,119.0,149.0,114.0,137.0,126.0,144.0,151.0,182.0,172.0,148.0,106.0,80.0,86.0,104.0,135.0,154.0,160.0,147.0,147.0,133.0,121.0,116.0,122.0,124.0,123.0,132.0,140.0,136.0,119.0,122.0,128.0,133.0,138.0,140.0,128.0,118.0,117.0,123.0,132.0,138.0,134.0,125.0,119.0,123.0,118.0,138.0,159.0,149.0,131.0,105.0,96.0,111.0,131.0,137.0,126.0,114.0,116.0,141.0,163.0,162.0,122.0,65.0,55.0,55.0,96.0,175.0,205.0,205.0,193.0,136.0,89.0,59.0,55.0,73.0,111.0,153.0,183.0,195.0,191.0,176.0,156.0,134.0,114.0,102.0,101.0,106.0,113.0,115.0,111.0,108.0,109.0,116.0,126.0,-0.6954258435063175,-0.7185978682013514
205.0,175.0,142.0,81.0,124.0,108.0,104.0,110.0,139.0,132.0,117.0,139.0,137.0,146.0,144.0,157.0,133.0,127.0,109.0,110.0,119.0,125.0,137.0,142.0,139.0,132.0,136.0,123.0,117.0,124.0,132.0,134.0,133.0,134.0,135.0,127.0,123.0,132.0,133.0,130.0,134.0,133.0,122.0,120.0,124.0,128.0,133.0,134.0,131.0,125.0,149.0,119.0,109.0,144.0,132.0,130.0,117.0,127.0,100.0,126.0,142.0,166.0,159.0,151.0,141.0,138.0,128.0,113.0,90.0,58.0,55.0,99.0,161.0,200.0,205.0,182.0,115.0,68.0,71.0,106.0,143.0,153.0,124.0,77.0,55.0,69.0,123.0,182.0,205.0,205.0,179.0,145.0,123.0,120.0,126.0,132.0,124.0,109.0,98.0,97.0,-0.8764437333047171,-0.48150429110329834
203.0,121.0,73.0,124.0,107.0,105.0,112.0,136.0,125.0,117.0,145.0,137.0,144.0,140.0,143.0,118.0,116.0,110.0,121.0,131.0,132.0,137.0,132.0,129.0,126.0,129.0,118.0,116.0,126.0,132.0,134.0,135.0,136.0,134.0,123.0,123.0,133.0,132.0,130.0,133.0,129.0,120.0,120.0,125.0,129.0,132.0,132.0,128.0,125.0,126.0,179.0,119.0,100.0,92.0,118.0,128.0,122.0,136.0,115.0,115.0,104.0,106.0,98.0,112.0,110.0,114.0,129.0,157.0,173.0,176.0,161.0,128.0,99.0,83.0,84.0,94.0,114.0,137.0,163.0,187.0,202.0,199.0,174.0,134.0,93.0,66.0,63.0,80.0,104.0,124.0,133.0,129.0,121.0,117.0,120.0,129.0,137.0,141.0,139.0,136.0,-0.9794749228626878,-0.20156605736862496
204.0,148.0,120.0,91.0,133.0,95.0,104.0,112.0,150.0,122.0,120.0,138.0,138.0,147.0,142.0,137.0,108.0,110.0,112.0,133.0,142.0,141.0,137.0,131.0,123.0,123.0,127.0,115.0,116.0,128.0,138.0,138.0,137.0,137.0,134.0,124.0,126.0,135.0,133.0,130.0,132.0,127.0,119.0,122.0,127.0,131.0,132.0,130.0,126.0,124.0,169.0,147.0,120.0,108.0,103.0,129.0,143.0,143.0,137.0,138.0,134.0,130.0,126.0,112.0,92.0,75.0,71.0,88.0,130.0,175.0,200.0,198.0,174.0,139.0,104.0,78.0,61.0,55.0,71.0,107.0,152.0,189.0,205.0,205.0,184.0,157.0,133.0,116.0,109.0,109.0,110.0,108.0,104.0,101.0,102.0,110.0,121.0,130.0,136.0,138.0,-0.99535161031213,0.09630769361296963
205.0,158.0,122.0,81.0,134.0,98.0,104.0,107.0,145.0,123.0,122.0,140.0,143.0,143.0,139.0,138.0,111.0,112.0,111.0,130.0,137.0,139.0,135.0,134.0,125.0,123.0,127.0,116.0,115.0,127.0,136.0,136.0,134.0,133.0,137.0,129.0,128.0,131.0,129.0,127.0,133.0,131.0,121.0,121.0,125.0,129.0,132.0,133.0,129.0,126.0,145.0,138.0,171.0,169.0,136.0,144.0,160.0,152.0,125.0,120.0,114.0,116.0,113.0,115.0,115.0,124.0,139.0,160.0,165.0,154.0,138.0,111.0,83.0,88.0,129.0,162.0,167.0,143.0,95.0,55.0,55.0,92.0,161.0,205.0,205.0,205.0,205.0,128.0,78.0,55.0,55.0,74.0,95.0,111.0,125.0,138.0,148.0,157.0,159.0,154.0,-0.9226610746558146,0.3856119050482978
205.0,174.0,120.0,103.0,113.0,119.0,91.0,130.0,131.0,140.0,114.0,148.0,134.0,146.0,154.0,154.0,139.0,120.0,109.0,106.0,119.0,123.0,140.0,145.0,143.0,139.0,137.0,121.0,117.0,127.0,132.0,134.0,131.0,136.0,134.0,125.0,125.0,134.0,132.0,132.0,136.0,132.0,122.0,121.0,125.0,130.0,134.0,135.0,130.0,125.0,158.0,128.0,104.0,115.0,122.0,124.0,107.0,91.0,96.0,111.0,115.0,120.0,143.0,166.0,179.0,175.0,146.0,104.0,75.0,68.0,77.0,101.0,132.0,159.0,185.0,205.0,205.0,205.0,168.0,112.0,58.0,55.0,55.0,55.0,126.0,163.0,173.0,157.0,134.0,118.0,115.0,121.0,129.0,132.0,130.0,124.0,120.0,120.0,123.0,128.0,-0.7678713808694294,0.6406040449776099
198.0,205.0,92.0,130.0,103.0,123.0,91.0,132.0,140.0,132.0,130.0,131.0,143.0,143.0,181.0,167.0,159.0,113.0,93.0,86.0,105.0,127.0,151.0,159.0,148.0,149.0,137.0,125.0,118.0,126.0,127.0,129.0,128.0,137.0,134.0,123.0,125.0,129.0,130.0,137.0,145.0,136.0,121.0,114.0,120.0,130.0,139.0,138.0,128.0,120.0,95.0,92.0,99.0,123.0,132.0,127.0,113.0,106.0,93.0,98.0,117.0,131.0,133.0,135.0,142.0,154.0,161.0,145.0,103.0,58.0,55.0,55.0,87.0,157.0,194.0,200.0,184.0,166.0,162.0,168.0,159.0,119.0,59.0,55.0,55.0,55.0,112.0,204.0,205.0,205.0,190.0,143.0,113.0,103.0,104.0,105.0,101.0,92.0,87.0,90.0,-0.5447558460421449,0.838594698410923
152.0,205.0,187.0,118.0,109.0,105.0,125.0,88.0,132.0,128.0,142.0,112.0,144.0,133.0,145.0,160.0,162.0,149.0,122.0,105.0,95.0,112.0,119.0,144.0,149.0,146.0,141.0,138.0,124.0,117.0,126.0,129.0,132.0,128.0,136.0,134.0,126.0,123.0,132.0,131.0,132.0,136.0,132.0,122.0,120.0,123.0,129.0,135.0,135.0,129.0,147.0,105.0,93.0,77.0,79.0,119.0,159.0,175.0,165.0,123.0,106.0,120.0,138.0,130.0,105.0,76.0,69.0,120.0,204.0,205.0,205.0,132.0,55.0,55.0,55.0,55.0,67.0,149.0,205.0,205.0,205.0,205.0,148.0,55.0,55.0,55.0,55.0,55.0,161.0,205.0,205.0,205.0,205.0,142.0,120.0,124.0,134.0,133.0,114.0,92.0,-0.2731674780424193,0.9619664905494081
205.0,138.0,113.0,83.0,140.0,99.0,103.0,109.0,141.0,123.0,122.0,146.0,140.0,143.0,136.0,134.0,109.0,112.0,112.0,132.0,139.0,139.0,136.0,132.0,124.0,123.0,125.0,114.0,115.0,128.0,137.0,137.0,137.0,136.0,133.0,123.0,126.0,135.0,133.0,129.0,132.0,127.0,119.0,122.0,127.0,130.0,132.0,132.0,128.0,126.0,103.0,100.0,113.0,110.0,131.0,134.0,125.0,114.0,116.0,122.0,132.0,123.0,104.0,94.0,97.0,116.0,137.0,145.0,136.0,129.0,132.0,137.0,143.0,136.0,108.0,75.0,76.0,119.0,179.0,205.0,205.0,167.0,101.0,61.0,64.0,103.0,151.0,180.0,177.0,150.0,118.0,97.0,94.0,104.0,115.0,119.0,117.0,115.0,117.0,125.0,0.022727561813127465,0.9997416956064353
89.0,106.0,104.0,112.0,142.0,113.0,120.0,127.0,158.0,136.0,140.0,121.0,103.0,96.0,110.0,135.0,150.0,152.0,138.0,131.0,115.0,115.0,118.0,114.0,109.0,124.0,137.0,141.0,140.0,138.0,135.0,124.0,123.0,133.0,136.0,128.0,127.0,123.0,118.0,125.0,132.0,132.0,127.0,126.0,125.0,127.0,130.0,132.0,130.0,129.0,177.0,134.0,101.0,103.0,116.0,132.0,119.0,106.0,102.0,114.0,122.0,127.0,127.0,122.0,114.0,102.0,88.0,82.0,89.0,105.0,127.0,152.0,176.0,194.0,200.0,188.0,152.0,101.0,57.0,55.0,55.0,76.0,163.0,205.0,205.0,205.0,205.0,156.0,117.0,88.0,71.0,68.0,73.0,78.0,83.0,89.0,100.0,113.0,127.0,139.0,0.31660028411083924,0.9485590440773499
205.0,193.0,129.0,101.0,106.0,127.0,92.0,128.0,126.0,143.0,112.0,146.0,133.0,147.0,156.0,165.0,150.0,128.0,112.0,99.0,109.0,112.0,140.0,150.0,151.0,144.0,142.0,125.0,117.0,124.0,129.0,133.0,129.0,135.0,135.0,127.0,123.0,133.0,132.0,132.0,136.0,134.0,124.0,121.0,123.0,128.0,135.0,136.0,131.0,124.0,152.0,127.0,100.0,99.0,91.0,119.0,131.0,131.0,126.0,128.0,150.0,185.0,192.0,150.0,89.0,55.0,55.0,55.0,55.0,93.0,158.0,201.0,205.0,205.0,205.0,160.0,56.0,55.0,55.0,55.0,72.0,173.0,205.0,205.0,171.0,138.0,138.0,167.0,198.0,203.0,171.0,122.0,80.0,60.0,62.0,79.0,92.0,96.0,95.0,99.0,0.5823016469535721,0.8129728113259124
97.0,121.0,97.0,150.0,70.0,135.0,118.0,142.0,105.0,153.0,153.0,141.0,124.0,121.0,129.0,132.0,165.0,155.0,142.0,102.0,96.0,100.0,124.0,137.0,148.0,140.0,126.0,135.0,142.0,138.0,128.0,128.0,122.0,123.0,124.0,135.0,134.0,125.0,125.0,129.0,126.0,126.0,131.0,129.0,125.0,127.0,129.0,129.0,130.0,128.0,126.0,159.0,128.0,131.0,111.0,154.0,134.0,120.0,133.0,137.0,141.0,123.0,104.0,93.0,129.0,155.0,170.0,169.0,170.0,164.0,161.0,150.0,115.0,74.0,55.0,55.0,88.0,165.0,205.0,205.0,205.0,136.0,89.0,77.0,95.0,115.0,116.0,100.0,81.0,74.0,90.0,123.0,155.0,174.0,177.0,168.0,156.0,151.0,151.0,152.0,0.7961893196929599,0.6050475743335078
55.0,134.0,165.0,137.0,160.0,142.0,177.0,107.0,147.0,120.0,135.0,95.0,128.0,121.0,126.0,138.0,144.0,145.0,127.0,122.0,110.0,125.0,120.0,137.0,137.0,135.0,135.0,143.0,133.0,119.0,118.0,117.0,122.0,120.0,130.0,133.0,126.0,120.0,128.0,127.0,127.0,134.0,137.0,131.0,127.0,126.0,125.0,128.0,131.0,130.0,87.0,135.0,91.0,95.0,147.0,130.0,109.0,84.0,90.0,72.0,98.0,103.0,136.0,166.0,193.0,196.0,195.0,166.0,110.0,59.0,55.0,55.0,55.0,105.0,197.0,205.0,205.0,205.0,205.0,128.0,100.0,56.0,55.0,55.0,55.0,55.0,92.0,145.0,173.0,183.0,176.0,156.0,137.0,127.0,122.0,122.0,121.0,116.0,110.0,107.0,0.9392313973872356,0.34328469549634855
133.0,151.0,169.0,128.0,167.0,160.0,137.0,122.0,132.0,136.0,103.0,118.0,114.0,133.0,139.0,165.0,151.0,134.0,108.0,101.0,114.0,124.0,140.0,144.0,142.0,135.0,146.0,138.0,124.0,115.0,116.0,117.0,120.0,127.0,134.0,129.0,120.0,126.0,128.0,128.0,133.0,139.0,132.0,127.0,125.0,126.0,128.0,131.0,131.0,127.0,170.0,144.0,96.0,73.0,94.0,110.0,111.0,126.0,137.0,121.0,114.0,115.0,137.0,163.0,164.0,128.0,91.0,83.0,107.0,150.0,176.0,163.0,122.0,90.0,84.0,111.0,155.0,182.0,181.0,163.0,142.0,125.0,114.0,101.0,81.0,61.0,57.0,77.0,117.0,162.0,194.0,198.0,178.0,148.0,122.0,112.0,116.0,123.0,125.0,120.0,0.9986998757036617,0.05097605584478459
55.0,121.0,112.0,176.0,127.0,158.0,166.0,127.0,134.0,112.0,153.0,94.0,134.0,104.0,122.0,110.0,137.0,136.0,142.0,136.0,125.0,131.0,118.0,126.0,124.0,129.0,122.0,140.0,135.0,127.0,120.0,121.0,123.0,121.0,125.0,133.0,132.0,122.0,126.0,125.0,122.0,125.0,138.0,138.0,135.0,126.0,120.0,121.0,129.0,134.0,160.0,152.0,152.0,141.0,105.0,100.0,133.0,160.0,161.0,148.0,130.0,126.0,139.0,150.0,136.0,109.0,88.0,72.0,94.0,143.0,186.0,196.0,168.0,127.0,106.0,107.0,111.0,95.0,66.0,55.0,74.0,131.0,192.0,205.0,205.0,166.0,115.0,86.0,86.0,109.0,138.0,154.0,151.0,134.0,118.0,114.0,124.0,137.0,144.0,139.0,0.9693031994448095,-0.24586847611285156
55.0,132.0,179.0,144.0,149.0,154.0,165.0,122.0,132.0,137.0,130.0,103.0,110.0,119.0,136.0,162.0,173.0,158.0,121.0,95.0,87.0,108.0,125.0,146.0,150.0,146.0,147.0,153.0,137.0,115.0,109.0,111.0,116.0,121.0,130.0,133.0,124.0,118.0,125.0,129.0,131.0,137.0,139.0,129.0,124.0,124.0,126.0,130.0,132.0,129.0,162.0,106.0,105.0,138.0,127.0,122.0,134.0,150.0,125.0,125.0,108.0,115.0,113.0,114.0,109.0,118.0,145.0,177.0,197.0,190.0,169.0,145.0,113.0,69.0,55.0,58.0,80.0,120.0,176.0,205.0,205.0,205.0,175.0,109.0,59.0,55.0,55.0,58.0,99.0,116.0,118.0,119.0,124.0,135.0,151.0,167.0,172.0,167.0,158.0,146.0,0.8533659560892491,-0.521312329595111
205.0,198.0,201.0,83.0,124.0,101.0,120.0,94.0,131.0,138.0,125.0,130.0,132.0,143.0,142.0,177.0,162.0,153.0,111.0,94.0,91.0,108.0,128.0,149.0,155.0,144.0,146.0,134.0,123.0,117.0,126.0,127.0,129.0,128.0,136.0,132.0,123.0,126.0,131.0,131.0,134.0,138.0,129.0,121.0,119.0,124.0,130.0,136.0,134.0,127.0,141.0,130.0,123.0,91.0,82.0,110.0,127.0,133.0,123.0,117.0,134.0,159.0,166.0,154.0,122.0,77.0,55.0,55.0,84.0,129.0,169.0,182.0,173.0,166.0,162.0,156.0,147.0,134.0,110.0,86.0,74.0,74.0,84.0,108.0,141.0,170.0,189.0,193.0,182.0,162.0,140.0,118.0,101.0,90.0,87.0,90.0,97.0,105.0,113.0,118.0,0.660944435871818,-0.7504348424014468
202.0,177.0,205.0,94.0,126.0,114.0,111.0,99.0,120.0,149.0,126.0,134.0,126.0,142.0,147.0,184.0,175.0,157.0,110.0,83.0,82.0,102.0,131.0,153.0,163.0,149.0,149.0,137.0,125.0,117.0,123.0,126.0,127.0,129.0,137.0,134.0,123.0,125.0,130.0,132.0,136.0,140.0,131.0,121.0,118.0,123.0,131.0,137.0,135.0,127.0,160.0,112.0,100.0,139.0,162.0,160.0,131.0,103.0,94.0,111.0,132.0,138.0,128.0,114.0,116.0,140.0,163.0,163.0,125.0,68.0,55.0,55.0,91.0,173.0,205.0,205.0,199.0,139.0,90.0,60.0,55.0,72.0,110.0,152.0,183.0,195.0,191.0,176.0,157.0,136.0,115.0,103.0,101.0,107.0,114.0,115.0,112.0,108.0,110.0,117.0,0.40919485757748947,-0.9124470223153441
73.0,55.0,71.0,170.0,123.0,161.0,141.0,172.0,120.0,124.0,126.0,124.0,122.0,116.0,112.0,80.0,94.0,105.0,150.0,167.0,171.0,149.0,128.0,105.0,103.0,110.0,110.0,122.0,133.0,137.0,130.0,131.0,130.0,129.0,121.0,127.0,135.0,130.0,126.0,126.0,122.0,119.0,129.0,137.0,137.0,132.0,126.0,121.0,124.0,132.0,115.0,127.0,107.0,157.0,117.0,137.0,116.0,119.0,108.0,131.0,152.0,165.0,159.0,143.0,143.0,133.0,125.0,106.0,81.0,55.0,65.0,120.0,177.0,205.0,205.0,161.0,94.0,64.0,82.0,121.0,151.0,150.0,110.0,66.0,55.0,83.0,141.0,195.0,205.0,205.0,169.0,137.0,122.0,121.0,129.0,130.0,119.0,104.0,96.0,99.0,0.12076949802891383,-0.9926805771978437
169.0,139.0,155.0,142.0,178.0,110.0,147.0,121.0,141.0,94.0,125.0,116.0,127.0,142.0,148.0,146.0,125.0,120.0,109.0,126.0,122.0,138.0,137.0,135.0,134.0,144.0,134.0,120.0,118.0,117.0,121.0,120.0,130.0,134.0,127.0,121.0,128.0,127.0,127.0,134.0,137.0,131.0,128.0,126.0,126.0,128.0,131.0,131.0,128.0,129.0,143.0,93.0,88.0,118.0,115.0,128.0,131.0,124.0,105.0,100.0,93.0,102.0,112.0,111.0,113.0,136.0,164.0,177.0,175.0,150.0,109.0,78.0,69.0,74.0,95.0,126.0,154.0,181.0,205.0,205.0,205.0,174.0,119.0,62.0,55.0,55.0,55.0,114.0,158.0,172.0,160.0,136.0,118.0,114.0,119.0,128.0,131.0,129.0,124.0,120.0,-0.17832564706756707,-0.9839715258064806
121.0,122.0,178.0,124.0,172.0,157.0,135.0,123.0,126.0,143.0,99.0,123.0,109.0,131.0,127.0,156.0,143.0,139.0,117.0,110.0,116.0,119.0,136.0,140.0,141.0,129.0,142.0,135.0,125.0,117.0,119.0,120.0,120.0,125.0,133.0,131.0,121.0,125.0,127.0,126.0,132.0,138.0,133.0,128.0,126.0,125.0,126.0,130.0,131.0,129.0,156.0,114.0,90.0,92.0,129.0,130.0,132.0,139.0,126.0,103.0,91.0,93.0,116.0,139.0,139.0,132.0,136.0,153.0,166.0,165.0,133.0,82.0,55.0,55.0,76.0,144.0,192.0,205.0,190.0,169.0,153.0,142.0,131.0,109.0,78.0,56.0,55.0,88.0,132.0,171.0,188.0,178.0,152.0,126.0,113.0,119.0,130.0,133.0,122.0,111.0,-0.4611872170539866,-0.887302851807656
55.0,59.0,77.0,195.0,115.0,172.0,136.0,169.0,113.0,130.0,135.0,120.0,122.0,109.0,116.0,91.0,118.0,118.0,151.0,151.0,153.0,138.0,126.0,112.0,114.0,120.0,115.0,129.0,135.0,134.0,123.0,128.0,132.0,131.0,120.0,126.0,131.0,127.0,128.0,129.0,123.0,121.0,132.0,135.0,135.0,131.0,126.0,123.0,126.0,132.0,173.0,112.0,142.0,130.0,167.0,133.0,117.0,137.0,144.0,154.0,141.0,120.0,92.0,106.0,119.0,142.0,159.0,167.0,145.0,137.0,154.0,172.0,170.0,140.0,88.0,55.0,55.0,55.0,62.0,156.0,205.0,205.0,205.0,205.0,150.0,81.0,55.0,55.0,55.0,55.0,113.0,146.0,164.0,171.0,171.0,164.0,159.0,158.0,158.0,156.0,-0.7025317033449094,-0.7116524473331769
55.0,134.0,163.0,139.0,158.0,141.0,179.0,107.0,146.0,118.0,142.0,93.0,126.0,113.0,125.0,137.0,146.0,146.0,127.0,123.0,111.0,127.0,120.0,137.0,135.0,134.0,132.0,143.0,134.0,121.0,119.0,117.0,121.0,119.0,130.0,134.0,128.0,120.0,127.0,126.0,126.0,133.0,136.0,131.0,128.0,126.0,126.0,126.0,129.0,128.0,150.0,136.0,114.0,127.0,119.0,137.0,113.0,109.0,100.0,102.0,106.0,124.0,134.0,142.0,152.0,154.0,150.0,137.0,115.0,85.0,70.0,74.0,101.0,146.0,196.0,205.0,205.0,182.0,121.0,66.0,55.0,55.0,111.0,155.0,175.0,167.0,141.0,118.0,108.0,110.0,118.0,123.0,128.0,128.0,126.0,118.0,115.0,120.0,129.0,132.0,-0.881020811490651,-0.47307750921001807
90.0,135.0,84.0,145.0,71.0,142.0,119.0,135.0,105.0,150.0,157.0,135.0,130.0,116.0,129.0,127.0,164.0,156.0,145.0,105.0,94.0,100.0,123.0,141.0,149.0,139.0,123.0,135.0,140.0,138.0,129.0,129.0,122.0,122.0,124.0,135.0,134.0,124.0,125.0,129.0,125.0,126.0,132.0,129.0,126.0,127.0,129.0,129.0,130.0,127.0,132.0,130.0,109.0,110.0,120.0,138.0,120.0,110.0,102.0,110.0,119.0,123.0,123.0,124.0,125.0,119.0,107.0,91.0,82.0,87.0,102.0,121.0,145.0,170.0,190.0,200.0,195.0,165.0,115.0,67.0,55.0,55.0,56.0,145.0,205.0,205.0,205.0,205.0,166.0,122.0,93.0,79.0,74.0,74.0,75.0,79.0,87.0,98.0,112.0,125.0,-0.9811703089798121,-0.19314456962715792
55.0,67.0,112.0,192.0,119.0,177.0,143.0,161.0,104.0,142.0,133.0,122.0,106.0,114.0,124.0,126.0,158.0,147.0,145.0,114.0,112.0,110.0,125.0,129.0,140.0,139.0,131.0,140.0,141.0,129.0,116.0,118.0,116.0,120.0,122.0,133.0,132.0,123.0,122.0,128.0,126.0,129.0,137.0,135.0,128.0,125.0,125.0,126.0,130.0,131.0,175.0,141.0,108.0,100.0,94.0,101.0,124.0,135.0,127.0,127.0,132.0,164.0,192.0,183.0,127.0,63.0,55.0,55.0,55.0,57.0,132.0,173.0,205.0,205.0,205.0,205.0,120.0,55.0,55.0,55.0,55.0,84.0,205.0,205.0,202.0,153.0,137.0,152.0,182.0,201.0,191.0,154.0,105.0,68.0,55.0,68.0,88.0,98.0,93.0,90.0,-0.9946686051182905,0.10312306236741813
205.0,128.0,78.0,110.0,109.0,116.0,93.0,142.0,116.0,122.0,122.0,155.0,143.0,142.0,139.0,120.0,115.0,111.0,121.0,128.0,136.0,132.0,138.0,129.0,125.0,129.0,122.0,113.0,120.0,133.0,136.0,136.0,134.0,136.0,127.0,121.0,130.0,135.0,129.0,131.0,131.0,123.0,119.0,124.0,128.0,131.0,132.0,130.0,126.0,125.0,171.0,130.0,121.0,139.0,130.0,119.0,111.0,105.0,111.0,126.0,140.0,147.0,149.0,143.0,142.0,141.0,137.0,130.0,116.0,99.0,104.0,141.0,185.0,205.0,205.0,168.0,98.0,55.0,55.0,55.0,132.0,203.0,205.0,205.0,160.0,93.0,55.0,55.0,55.0,87.0,113.0,129.0,137.0,143.0,150.0,155.0,157.0,154.0,149.0,144.0,-0.9209978952301502,0.38956755124321274
70.0,86.0,111.0,108.0,106.0,128.0,127.0,113.0,126.0,154.0,148.0,143.0,121.0,95.0,76.0,91.0,128.0,165.0,176.0,159.0,136.0,111.0,101.0,107.0,109.0,105.0,116.0,135.0,145.0,146.0,145.0,141.0,128.0,122.0,131.0,138.0,133.0,129.0,126.0,118.0,117.0,126.0,133.0,134.0,132.0,127.0,124.0,128.0,134.0,135.0,95.0,90.0,109.0,102.0,131.0,138.0,129.0,100.0,83.0,70.0,82.0,97.0,109.0,124.0,151.0,181.0,201.0,205.0,176.0,119.0,60.0,55.0,55.0,55.0,103.0,196.0,205.0,205.0,205.0,205.0,154.0,90.0,55.0,55.0,55.0,55.0,88.0,143.0,156.0,149.0,134.0,122.0,119.0,126.0,136.0,143.0,143.0,136.0,127.0,121.0,-0.7673245325667033,0.6412589661917332
55.0,56.0,111.0,145.0,156.0,142.0,168.0,128.0,124.0,116.0,141.0,121.0,124.0,110.0,86.0,78.0,94.0,134.0,168.0,181.0,162.0,139.0,107.0,101.0,107.0,112.0,110.0,124.0,135.0,137.0,135.0,134.0,132.0,122.0,121.0,132.0,136.0,129.0,126.0,123.0,117.0,123.0,134.0,140.0,136.0,129.0,121.0,121.0,129.0,137.0,130.0,104.0,109.0,135.0,174.0,178.0,142.0,93.0,64.0,62.0,75.0,84.0,80.0,85.0,124.0,191.0,205.0,205.0,205.0,82.0,55.0,55.0,55.0,61.0,174.0,205.0,205.0,165.0,129.0,132.0,163.0,195.0,198.0,168.0,120.0,81.0,64.0,70.0,88.0,99.0,99.0,95.0,98.0,112.0,136.0,155.0,160.0,151.0,138.0,129.0,-0.5476978338455478,0.8366762114467547
184.0,203.0,110.0,103.0,99.0,126.0,94.0,102.0,128.0,132.0,122.0,124.0,155.0,138.0,145.0,131.0,120.0,101.0,110.0,122.0,143.0,148.0,141.0,136.0,124.0,119.0,121.0,121.0,111.0,120.0,133.0,140.0,139.0,138.0,137.0,129.0,123.0,130.0,137.0,131.0,131.0,130.0,122.0,118.0,125.0,130.0,132.0,132.0,130.0,127.0,165.0,150.0,137.0,130.0,102.0,81.0,112.0,154.0,175.0,172.0,166.0,161.0,167.0,169.0,139.0,82.0,55.0,55.0,55.0,138.0,205.0,205.0,205.0,169.0,109.0,88.0,93.0,92.0,69.0,55.0,55.0,55.0,142.0,204.0,205.0,205.0,151.0,105.0,89.0,108.0,142.0,163.0,161.0,144.0,123.0,113.0,117.0,130.0,142.0,143.0,-0.28166019467058384,0.959514218101081
72.0,121.0,97.0,109.0,118.0,137.0,115.0,121.0,149.0,146.0,147.0,127.0,106.0,77.0,86.0,115.0,158.0,173.0,164.0,142.0,117.0,103.0,106.0,110.0,105.0,112.0,130.0,143.0,145.0,145.0,141.0,131.0,122.0,128.0,138.0,134.0,129.0,127.0,120.0,116.0,123.0,131.0,134.0,132.0,128.0,127.0,125.0,131.0,132.0,134.0,151.0,158.0,153.0,109.0,124.0,125.0,133.0,131.0,130.0,134.0,141.0,133.0,119.0,115.0,109.0,114.0,123.0,131.0,137.0,172.0,194.0,195.0,182.0,156.0,109.0,71.0,55.0,55.0,73.0,123.0,177.0,205.0,205.0,205.0,186.0,137.0,90.0,55.0,55.0,55.0,55.0,91.0,118.0,141.0,155.0,162.0,163.0,162.0,162.0,164.0,0.007579644908110825,0.9999712740789442
124.0,55.0,55.0,127.0,152.0,151.0,134.0,172.0,124.0,130.0,111.0,142.0,113.0,122.0,111.0,93.0,86.0,95.0,129.0,161.0,178.0,162.0,143.0,109.0,100.0,102.0,108.0,113.0,131.0,137.0,134.0,130.0,131.0,132.0,123.0,123.0,132.0,134.0,126.0,127.0,123.0,118.0,123.0,134.0,138.0,135.0,128.0,122.0,122.0,129.0,174.0,115.0,102.0,115.0,104.0,150.0,127.0,105.0,84.0,109.0,116.0,137.0,129.0,125.0,137.0,158.0,166.0,157.0,128.0,80.0,56.0,55.0,83.0,131.0,176.0,189.0,182.0,172.0,163.0,153.0,145.0,130.0,102.0,75.0,63.0,70.0,92.0,130.0,165.0,185.0,188.0,177.0,159.0,141.0,128.0,117.0,108.0,99.0,95.0,95.0,0.29522769615694455,0.9554269241662927
55.0,55.0,85.0,168.0,141.0,145.0,149.0,155.0,127.0,117.0,136.0,119.0,126.0,112.0,100.0,74.0,86.0,113.0,158.0,180.0,173.0,150.0,119.0,98.0,99.0,107.0,109.0,122.0,134.0,137.0,133.0,132.0,132.0,126.0,120.0,128.0,135.0,130.0,127.0,125.0,119.0,118.0,129.0,137.0,137.0,132.0,124.0,120.0,124.0,134.0,143.0,83.0,119.0,138.0,171.0,145.0,126.0,130.0,135.0,151.0,130.0,108.0,74.0,72.0,91.0,145.0,183.0,193.0,165.0,130.0,108.0,104.0,103.0,84.0,57.0,55.0,68.0,133.0,197.0,205.0,205.0,187.0,130.0,85.0,67.0,78.0,109.0,143.0,161.0,162.0,150.0,139.0,134.0,135.0,133.0,126.0,117.0,118.0,123.0,126.0,0.5570466077552267,0.8304812320506674
55.0,98.0,190.0,109.0,180.0,123.0,186.0,98.0,147.0,119.0,134.0,104.0,118.0,119.0,105.0,130.0,125.0,148.0,135.0,141.0,124.0,131.0,117.0,126.0,127.0,123.0,129.0,137.0,134.0,121.0,123.0,121.0,125.0,120.0,130.0,134.0,128.0,122.0,127.0,124.0,123.0,132.0,136.0,133.0,129.0,126.0,123.0,126.0,131.0,132.0,115.0,126.0,145.0,133.0,115.0,144.0,149.0,133.0,116.0,111.0,115.0,121.0,117.0,115.0,124.0,146.0,180.0,201.0,195.0,168.0,139.0,101.0,68.0,64.0,75.0,90.0,124.0,177.0,205.0,205.0,205.0,160.0,93.0,55.0,55.0,55.0,95.0,116.0,117.0,107.0,102.0,110.0,129.0,154.0,174.0,179.0,172.0,160.0,148.0,141.0,0.7713723174442939,0.6363841197583575
157.0,173.0,141.0,157.0,155.0,136.0,124.0,142.0,145.0,111.0,106.0,110.0,128.0,151.0,178.0,166.0,135.0,100.0,88.0,102.0,123.0,143.0,152.0,148.0,140.0,148.0,142.0,126.0,114.0,113.0,114.0,117.0,126.0,135.0,130.0,120.0,123.0,129.0,130.0,134.0,140.0,133.0,125.0,124.0,125.0,129.0,133.0,131.0,126.0,125.0,158.0,117.0,103.0,118.0,133.0,135.0,118.0,104.0,114.0,127.0,131.0,129.0,122.0,113.0,113.0,112.0,107.0,108.0,112.0,114.0,127.0,152.0,171.0,175.0,167.0,145.0,117.0,98.0,92.0,96.0,105.0,125.0,150.0,174.0,189.0,189.0,173.0,147.0,121.0,101.0,89.0,87.0,91.0,96.0,103.0,109.0,114.0,119.0,127.0,137.0,0.9208429027996831,0.38993377433027465
55.0,141.0,167.0,147.0,151.0,147.0,170.0,111.0,141.0,126.0,137.0,95.0,121.0,115.0,131.0,146.0,156.0,146.0,124.0,112.0,104.0,123.0,124.0,141.0,140.0,137.0,135.0,144.0,134.0,120.0,116.0,115.0,119.0,120.0,130.0,134.0,127.0,120.0,126.0,125.0,125.0,136.0,142.0,135.0,125.0,121.0,122.0,128.0,133.0,132.0,149.0,155.0,133.0,110.0,91.0,90.0,104.0,130.0,149.0,157.0,154.0,147.0,152.0,158.0,139.0,92.0,55.0,55.0,55.0,72.0,202.0,205.0,205.0,205.0,145.0,94.0,56.0,55.0,55.0,55.0,98.0,142.0,174.0,191.0,190.0,176.0,155.0,133.0,118.0,114.0,117.0,122.0,121.0,114.0,105.0,102.0,107.0,119.0,129.0,136.0,0.9937124924977445,0.11196196789052974
56.0,151.0,148.0,160.0,139.0,163.0,139.0,118.0,138.0,137.0,122.0,94.0,124.0,119.0,141.0,145.0,146.0,121.0,111.0,110.0,123.0,138.0,137.0,141.0,132.0,127.0,132.0,140.0,126.0,116.0,118.0,119.0,123.0,125.0,133.0,132.0,123.0,122.0,131.0,129.0,129.0,135.0,134.0,127.0,126.0,127.0,128.0,129.0,130.0,128.0,96.0,153.0,184.0,145.0,131.0,118.0,161.0,157.0,146.0,112.0,124.0,137.0,160.0,156.0,128.0,97.0,93.0,113.0,137.0,162.0,171.0,154.0,132.0,143.0,164.0,172.0,151.0,105.0,55.0,55.0,55.0,55.0,144.0,203.0,205.0,205.0,205.0,157.0,91.0,55.0,55.0,55.0,56.0,104.0,129.0,146.0,159.0,168.0,169.0,164.0,0.9846659324291372,-0.17445057040164047
87.0,107.0,98.0,111.0,121.0,138.0,104.0,129.0,144.0,157.0,139.0,124.0,92.0,73.0,87.0,124.0,167.0,176.0,164.0,134.0,113.0,98.0,107.0,107.0,104.0,112.0,133.0,145.0,146.0,146.0,140.0,129.0,121.0,131.0,138.0,134.0,128.0,125.0,117.0,114.0,122.0,131.0,138.0,137.0,129.0,120.0,122.0,130.0,136.0,137.0,155.0,131.0,121.0,100.0,127.0,109.0,117.0,99.0,108.0,103.0,124.0,130.0,142.0,153.0,155.0,146.0,130.0,109.0,81.0,72.0,78.0,105.0,147.0,195.0,205.0,205.0,174.0,114.0,63.0,55.0,78.0,129.0,171.0,181.0,158.0,119.0,94.0,94.0,111.0,134.0,147.0,145.0,134.0,121.0,114.0,114.0,119.0,123.0,124.0,122.0,0.8950955261843536,-0.44587442066657634
188.0,97.0,89.0,96.0,123.0,88.0,118.0,132.0,129.0,110.0,133.0,155.0,151.0,141.0,113.0,85.0,74.0,102.0,143.0,176.0,173.0,154.0,127.0,108.0,103.0,109.0,108.0,106.0,122.0,140.0,148.0,147.0,146.0,137.0,126.0,124.0,136.0,139.0,133.0,128.0,123.0,116.0,118.0,129.0,135.0,134.0,130.0,126.0,125.0,130.0,146.0,98.0,91.0,103.0,115.0,113.0,102.0,100.0,107.0,120.0,123.0,126.0,137.0,150.0,154.0,146.0,114.0,72.0,55.0,55.0,57.0,120.0,160.0,177.0,177.0,174.0,174.0,176.0,176.0,161.0,119.0,67.0,55.0,55.0,55.0,71.0,186.0,205.0,205.0,205.0,189.0,145.0,113.0,93.0,81.0,74.0,71.0,72.0,78.0,92.0,0.7351891758193696,-0.6778619887248701
113.0,195.0,112.0,172.0,154.0,147.0,123.0,128.0,145.0,102.0,128.0,109.0,132.0,119.0,154.0,140.0,143.0,123.0,117.0,124.0,124.0,133.0,134.0,138.0,128.0,143.0,138.0,128.0,118.0,120.0,121.0,122.0,126.0,134.0,133.0,123.0,127.0,129.0,127.0,130.0,138.0,134.0,130.0,127.0,126.0,127.0,130.0,132.0,130.0,130.0,109.0,119.0,136.0,152.0,157.0,133.0,104.0,97.0,116.0,127.0,132.0,129.0,133.0,152.0,187.0,199.0,173.0,115.0,56.0,55.0,55.0,55.0,67.0,159.0,205.0,205.0,205.0,205.0,205.0,73.0,55.0,55.0,55.0,55.0,85.0,205.0,205.0,205.0,205.0,163.0,138.0,132.0,135.0,132.0,119.0,101.0,86.0,83.0,91.0,103.0,0.519284705824225,-0.8546013072170251
88.0,191.0,116.0,167.0,157.0,142.0,125.0,116.0,149.0,101.0,132.0,105.0,121.0,102.0,132.0,128.0,146.0,142.0,136.0,134.0,120.0,120.0,120.0,127.0,120.0,137.0,135.0,130.0,121.0,124.0,125.0,123.0,123.0,132.0,133.0,124.0,126.0,126.0,123.0,125.0,135.0,135.0,132.0,128.0,125.0,123.0,128.0,132.0,133.0,132.0,158.0,136.0,134.0,152.0,115.0,133.0,125.0,142.0,114.0,123.0,102.0,111.0,111.0,129.0,141.0,150.0,145.0,137.0,140.0,138.0,138.0,127.0,107.0,89.0,108.0,151.0,195.0,205.0,205.0,141.0,74.0,55.0,55.0,105.0,174.0,205.0,205.0,168.0,111.0,70.0,58.0,72.0,96.0,114.0,124.0,127.0,131.0,138.0,146.0,152.0,0.2644031182289062,-0.964412251617964
69.0,85.0,198.0,102.0,183.0,130.0,176.0,103.0,141.0,130.0,119.0,115.0,111.0,126.0,104.0,141.0,127.0,149.0,131.0,134.0,124.0,127.0,120.0,127.0,130.0,123.0,134.0,137.0,132.0,120.0,123.0,121.0,124.0,121.0,131.0,134.0,125.0,123.0,127.0,124.0,125.0,134.0,135.0,132.0,128.0,125.0,124.0,127.0,130.0,130.0,143.0,115.0,97.0,110.0,125.0,124.0,110.0,102.0,111.0,118.0,128.0,127.0,123.0,112.0,100.0,86.0,82.0,89.0,106.0,127.0,152.0,178.0,194.0,200.0,187.0,150.0,98.0,56.0,55.0,55.0,87.0,167.0,205.0,205.0,205.0,205.0,150.0,110.0,87.0,76.0,73.0,74.0,75.0,80.0,89.0,102.0,115.0,128.0,138.0,146.0,-0.010533727581862426,-0.9999445187525311
199.0,106.0,178.0,135.0,173.0,109.0,134.0,135.0,118.0,121.0,110.0,122.0,96.0,129.0,122.0,151.0,143.0,146.0,133.0,127.0,117.0,120.0,125.0,119.0,132.0,136.0,134.0,123.0,126.0,124.0,126.0,121.0,131.0,135.0,127.0,125.0,128.0,124.0,123.0,133.0,136.0,137.0,130.0,124.0,121.0,126.0,132.0,133.0,136.0,137.0,134.0,107.0,105.0,108.0,134.0,155.0,146.0,123.0,115.0,131.0,161.0,163.0,122.0,67.0,55.0,55.0,55.0,124.0,142.0,136.0,136.0,160.0,194.0,205.0,174.0,84.0,55.0,55.0,55.0,77.0,184.0,205.0,205.0,197.0,147.0,139.0,162.0,189.0,194.0,165.0,116.0,73.0,55.0,55.0,77.0,95.0,101.0,100.0,101.0,114.0,-0.2854394809948652,-0.9583967355377323
57.0,55.0,75.0,187.0,119.0,169.0,132.0,172.0,112.0,130.0,129.0,121.0,120.0,113.0,116.0,87.0,109.0,112.0,150.0,156.0,159.0,140.0,127.0,109.0,110.0,117.0,114.0,126.0,133.0,133.0,124.0,126.0,130.0,132.0,124.0,126.0,129.0,125.0,125.0,130.0,125.0,120.0,128.0,134.0,135.0,131.0,127.0,122.0,125.0,131.0,132.0,137.0,141.0,131.0,108.0,108.0,106.0,131.0,119.0,145.0,144.0,152.0,143.0,143.0,131.0,130.0,126.0,110.0,102.0,119.0,163.0,202.0,205.0,205.0,127.0,58.0,55.0,55.0,93.0,180.0,205.0,205.0,164.0,102.0,62.0,56.0,75.0,98.0,108.0,109.0,107.0,114.0,130.0,149.0,162.0,165.0,160.0,152.0,147.0,145.0,-0.5398500343933829,-0.841761213388609
55.0,74.0,83.0,203.0,110.0,184.0,134.0,164.0,103.0,137.0,137.0,115.0,117.0,108.0,126.0,108.0,148.0,132.0,148.0,126.0,127.0,122.0,126.0,124.0,129.0,133.0,124.0,138.0,137.0,131.0,118.0,122.0,120.0,123.0,122.0,132.0,133.0,124.0,124.0,128.0,125.0,126.0,136.0,135.0,131.0,127.0,125.0,124.0,128.0,131.0,103.0,112.0,103.0,103.0,137.0,144.0,118.0,87.0,70.0,73.0,94.0,108.0,118.0,141.0,171.0,197.0,205.0,192.0,141.0,80.0,55.0,55.0,55.0,70.0,174.0,205.0,205.0,205.0,205.0,185.0,112.0,56.0,55.0,55.0,55.0,60.0,132.0,154.0,154.0,140.0,126.0,120.0,123.0,133.0,141.0,144.0,139.0,131.0,123.0,120.0,-0.7538456282781298,-0.6570515723487401
83.0,131.0,193.0,121.0,168.0,148.0,153.0,115.0,138.0,136.0,112.0,111.0,114.0,128.0,134.0,165.0,152.0,141.0,111.0,105.0,109.0,124.0,135.0,144.0,143.0,134.0,145.0,141.0,128.0,115.0,117.0,116.0,120.0,124.0,134.0,131.0,120.0,121.0,130.0,133.0,136.0,138.0,130.0,124.0,125.0,128.0,130.0,132.0,130.0,127.0,127.0,100.0,99.0,129.0,158.0,156.0,121.0,82.0,72.0,88.0,114.0,120.0,108.0,102.0,123.0,168.0,205.0,205.0,170.0,82.0,55.0,55.0,55.0,149.0,205.0,205.0,167.0,123.0,108.0,128.0,162.0,182.0,173.0,139.0,99.0,71.0,68.0,88.0,110.0,119.0,110.0,100.0,105.0,125.0,148.0,158.0,154.0,141.0,131.0,128.0,-0.9091684365422531,-0.4164285700997414
63.0,77.0,186.0,125.0,166.0,148.0,156.0,118.0,121.0,141.0,112.0,127.0,108.0,115.0,87.0,113.0,119.0,152.0,157.0,153.0,141.0,122.0,111.0,111.0,119.0,114.0,130.0,135.0,134.0,130.0,127.0,126.0,123.0,121.0,132.0,136.0,127.0,125.0,126.0,122.0,122.0,133.0,137.0,135.0,130.0,124.0,122.0,127.0,133.0,135.0,149.0,160.0,142.0,137.0,123.0,97.0,86.0,126.0,163.0,174.0,174.0,170.0,167.0,168.0,159.0,118.0,66.0,55.0,55.0,57.0,179.0,205.0,205.0,205.0,143.0,98.0,88.0,94.0,86.0,59.0,55.0,55.0,75.0,166.0,205.0,205.0,188.0,135.0,98.0,93.0,115.0,147.0,165.0,162.0,141.0,118.0,110.0,118.0,135.0,145.0,-0.9905565143458711,-0.13710503961181777
167.0,55.0,86.0,88.0,192.0,123.0,163.0,156.0,138.0,125.0,117.0,150.0,102.0,131.0,104.0,118.0,98.0,129.0,129.0,148.0,144.0,137.0,135.0,120.0,120.0,118.0,125.0,118.0,136.0,135.0,130.0,122.0,124.0,125.0,123.0,123.0,132.0,133.0,122.0,124.0,125.0,127.0,130.0,136.0,131.0,128.0,127.0,126.0,126.0,129.0,160.0,134.0,123.0,159.0,112.0,99.0,83.0,110.0,124.0,153.0,144.0,152.0,158.0,159.0,150.0,123.0,82.0,55.0,55.0,93.0,159.0,205.0,205.0,205.0,205.0,141.0,82.0,55.0,55.0,55.0,61.0,121.0,172.0,205.0,205.0,205.0,155.0,105.0,68.0,55.0,63.0,87.0,111.0,126.0,132.0,134.0,136.0,143.0,152.0,159.0,-0.9873831464438564,0.15834936728206414
127.0,55.0,90.0,142.0,144.0,157.0,137.0,180.0,112.0,141.0,109.0,148.0,100.0,130.0,109.0,104.0,104.0,117.0,140.0,148.0,154.0,136.0,137.0,113.0,117.0,117.0,120.0,120.0,136.0,136.0,128.0,125.0,124.0,127.0,121.0,126.0,133.0,132.0,123.0,127.0,124.0,121.0,127.0,136.0,135.0,132.0,127.0,123.0,124.0,130.0,112.0,113.0,116.0,111.0,132.0,143.0,123.0,99.0,89.0,96.0,124.0,139.0,136.0,133.0,144.0,160.0,167.0,152.0,108.0,61.0,55.0,55.0,108.0,167.0,201.0,201.0,182.0,162.0,150.0,141.0,125.0,95.0,62.0,55.0,55.0,104.0,153.0,188.0,193.0,173.0,143.0,120.0,112.0,117.0,125.0,126.0,119.0,110.0,106.0,108.0,-0.8957749096665855,0.44450794279947425
107.0,160.0,165.0,140.0,157.0,166.0,136.0,124.0,133.0,140.0,109.0,108.0,114.0,129.0,153.0,177.0,169.0,137.0,100.0,84.0,98.0,119.0,142.0,153.0,151.0,143.0,149.0,142.0,124.0,110.0,113.0,118.0,121.0,124.0,129.0,127.0,120.0,125.0,130.0,130.0,134.0,139.0,133.0,126.0,124.0,126.0,129.0,132.0,130.0,126.0,146.0,111.0,96.0,121.0,152.0,157.0,134.0,118.0,140.0,146.0,143.0,111.0,82.0,64.0,83.0,124.0,170.0,190.0,176.0,143.0,117.0,106.0,100.0,86.0,57.0,55.0,55.0,110.0,179.0,205.0,205.0,205.0,164.0,110.0,71.0,57.0,73.0,109.0,148.0,172.0,178.0,168.0,155.0,144.0,134.0,123.0,113.0,109.0,110.0,115.0,-0.719535730636568,0.6944554214183227
138.0,167.0,138.0,168.0,107.0,149.0,127.0,127.0,97.0,121.0,127.0,133.0,154.0,145.0,144.0,118.0,115.0,109.0,126.0,126.0,141.0,140.0,136.0,140.0,143.0,131.0,117.0,118.0,116.0,121.0,121.0,133.0,133.0,125.0,122.0,129.0,128.0,129.0,136.0,136.0,129.0,126.0,126.0,126.0,130.0,131.0,130.0,127.0,128.0,129.0,168.0,129.0,124.0,142.0,137.0,125.0,117.0,113.0,117.0,117.0,114.0,121.0,140.0,171.0,198.0,200.0,176.0,148.0,112.0,76.0,63.0,72.0,85.0,111.0,161.0,205.0,205.0,205.0,180.0,111.0,58.0,55.0,55.0,87.0,112.0,119.0,110.0,103.0,107.0,123.0,147.0,164.0,179.0,174.0,163.0,152.0,143.0,138.0,140.0,129.0,-0.4709491530660449,0.8821603568662417
55.0,143.0,146.0,159.0,140.0,159.0,168.0,121.0,134.0,125.0,141.0,95.0,125.0,112.0,131.0,136.0,156.0,145.0,131.0,115.0,106.0,122.0,122.0,138.0,138.0,138.0,132.0,144.0,135.0,122.0,116.0,117.0,119.0,120.0,128.0,134.0,128.0,120.0,127.0,127.0,127.0,133.0,138.0,132.0,127.0,126.0,125.0,127.0,130.0,130.0,155.0,143.0,114.0,118.0,98.0,124.0,123.0,132.0,121.0,127.0,117.0,115.0,111.0,107.0,106.0,110.0,113.0,116.0,138.0,162.0,176.0,172.0,156.0,127.0,102.0,91.0,92.0,100.0,115.0,139.0,164.0,185.0,194.0,183.0,158.0,131.0,107.0,90.0,81.0,85.0,96.0,109.0,115.0,115.0,114.0,119.0,128.0,138.0,146.0,147.0,-0.1708157468108156,0.9853029892583618
110.0,196.0,105.0,180.0,145.0,158.0,111.0,135.0,138.0,110.0,119.0,111.0,130.0,121.0,157.0,142.0,144.0,118.0,116.0,117.0,126.0,131.0,137.0,138.0,129.0,142.0,139.0,129.0,117.0,120.0,118.0,122.0,124.0,134.0,133.0,123.0,124.0,128.0,127.0,129.0,138.0,135.0,130.0,127.0,126.0,126.0,130.0,131.0,130.0,128.0,135.0,111.0,107.0,130.0,145.0,149.0,144.0,132.0,125.0,125.0,118.0,98.0,78.0,69.0,82.0,120.0,167.0,196.0,200.0,180.0,147.0,111.0,83.0,64.0,55.0,65.0,98.0,143.0,183.0,205.0,205.0,185.0,155.0,134.0,122.0,115.0,110.0,108.0,106.0,104.0,102.0,102.0,109.0,119.0,127.0,133.0,138.0,140.0,143.0,142.0,0.15252297374602244,0.9882999253666218
112.0,174.0,135.0,164.0,131.0,186.0,106.0,151.0,114.0,147.0,95.0,131.0,114.0,117.0,127.0,135.0,146.0,135.0,137.0,120.0,133.0,118.0,131.0,129.0,130.0,129.0,141.0,136.0,124.0,122.0,120.0,125.0,121.0,130.0,135.0,131.0,122.0,129.0,126.0,125.0,132.0,137.0,133.0,130.0,127.0,125.0,127.0,131.0,133.0,131.0,153.0,189.0,149.0,128.0,111.0,159.0,157.0,151.0,116.0,125.0,133.0,156.0,156.0,134.0,103.0,92.0,109.0,132.0,158.0,171.0,161.0,135.0,138.0,157.0,169.0,154.0,114.0,61.0,55.0,55.0,55.0,141.0,202.0,205.0,205.0,205.0,153.0,94.0,56.0,55.0,55.0,78.0,102.0,125.0,144.0,158.0,166.0,167.0,161.0,156.0,0.46533275381451733,0.8851358247339206
113.0,148.0,178.0,131.0,155.0,161.0,145.0,125.0,132.0,143.0,109.0,108.0,109.0,128.0,147.0,177.0,168.0,142.0,103.0,86.0,96.0,117.0,139.0,152.0,151.0,142.0,148.0,144.0,128.0,113.0,112.0,113.0,116.0,124.0,133.0,131.0,120.0,121.0,128.0,129.0,134.0,140.0,135.0,126.0,123.0,125.0,128.0,132.0,131.0,126.0,165.0,140.0,94.0,94.0,106.0,119.0,100.0,101.0,107.0,116.0,127.0,134.0,146.0,155.0,150.0,130.0,110.0,87.0,73.0,78.0,99.0,130.0,169.0,200.0,204.0,180.0,135.0,83.0,56.0,71.0,124.0,178.0,203.0,184.0,126.0,72.0,55.0,71.0,119.0,165.0,186.0,179.0,153.0,124.0,107.0,103.0,109.0,114.0,115.0,113.0,0.7318070063063339,0.6815119261766162
185.0,205.0,139.0,97.0,110.0,117.0,110.0,92.0,131.0,128.0,131.0,119.0,154.0,133.0,145.0,143.0,136.0,120.0,111.0,113.0,121.0,137.0,137.0,145.0,132.0,124.0,126.0,127.0,117.0,121.0,131.0,134.0,135.0,133.0,137.0,131.0,124.0,128.0,135.0,130.0,132.0,133.0,126.0,120.0,122.0,127.0,131.0,134.0,132.0,128.0,112.0,100.0,94.0,113.0,110.0,111.0,99.0,105.0,114.0,122.0,124.0,133.0,146.0,153.0,151.0,127.0,86.0,56.0,55.0,55.0,106.0,144.0,168.0,175.0,177.0,177.0,177.0,177.0,168.0,136.0,87.0,55.0,55.0,55.0,55.0,154.0,205.0,205.0,205.0,205.0,160.0,123.0,100.0,86.0,77.0,72.0,70.0,75.0,87.0,101.0,0.919902532661456,0.39214707751434125
191.0,158.0,97.0,97.0,134.0,98.0,105.0,105.0,147.0,114.0,130.0,142.0,152.0,140.0,135.0,118.0,95.0,100.0,116.0,147.0,155.0,151.0,136.0,127.0,114.0,117.0,119.0,111.0,113.0,130.0,141.0,142.0,141.0,138.0,133.0,123.0,128.0,137.0,135.0,130.0,130.0,124.0,118.0,123.0,129.0,132.0,132.0,130.0,127.0,127.0,142.0,145.0,133.0,129.0,123.0,110.0,103.0,108.0,133.0,128.0,136.0,130.0,152.0,181.0,199.0,166.0,107.0,55.0,55.0,55.0,55.0,77.0,153.0,196.0,205.0,205.0,205.0,205.0,76.0,55.0,55.0,55.0,55.0,150.0,205.0,205.0,194.0,164.0,156.0,167.0,183.0,184.0,163.0,125.0,89.0,68.0,68.0,81.0,95.0,100.0,0.9988565330017097,0.04780822606836977
194.0,203.0,175.0,86.0,130.0,104.0,121.0,89.0,137.0,132.0,131.0,128.0,142.0,139.0,142.0,165.0,151.0,142.0,112.0,104.0,103.0,119.0,129.0,146.0,147.0,139.0,141.0,132.0,120.0,119.0,129.0,131.0,132.0,131.0,137.0,131.0,123.0,128.0,134.0,131.0,133.0,136.0,128.0,120.0,121.0,126.0,130.0,134.0,131.0,125.0,168.0,160.0,126.0,124.0,136.0,133.0,118.0,110.0,105.0,114.0,128.0,142.0,148.0,148.0,143.0,143.0,142.0,137.0,128.0,113.0,99.0,108.0,148.0,191.0,205.0,205.0,159.0,88.0,55.0,55.0,55.0,145.0,205.0,205.0,205.0,150.0,86.0,55.0,55.0,55.0,92.0,115.0,130.0,137.0,146.0,155.0,161.0,156.0,148.0,145.0,0.9511141677118847,-0.30883950520898207
205.0,184.0,127.0,102.0,110.0,123.0,91.0,128.0,130.0,142.0,113.0,146.0,133.0,153.0,156.0,159.0,140.0,121.0,108.0,101.0,114.0,123.0,146.0,151.0,143.0,136.0,137.0,126.0,120.0,127.0,129.0,132.0,129.0,135.0,136.0,128.0,125.0,133.0,132.0,132.0,137.0,133.0,123.0,121.0,124.0,129.0,135.0,136.0,131.0,125.0,127.0,106.0,98.0,102.0,121.0,118.0,115.0,109.0,119.0,125.0,126.0,114.0,98.0,83.0,80.0,90.0,105.0,125.0,151.0,177.0,194.0,200.0,186.0,148.0,96.0,56.0,55.0,55.0,87.0,168.0,205.0,205.0,205.0,205.0,148.0,109.0,85.0,75.0,72.0,73.0,75.0,79.0,88.0,101.0,115.0,128.0,139.0,147.0,153.0,158.0,0.7770500996133994,-0.6294387521362234
205.0,101.0,76.0,118.0,106.0,113.0,109.0,144.0,109.0,123.0,134.0,154.0,140.0,138.0,122.0,99.0,101.0,112.0,141.0,150.0,149.0,135.0,128.0,116.0,118.0,120.0,113.0,111.0,127.0,138.0,140.0,140.0,137.0,134.0,123.0,125.0,134.0,134.0,128.0,130.0,126.0,118.0,121.0,128.0,131.0,131.0,130.0,127.0,126.0,129.0,143.0,133.0,115.0,113.0,105.0,124.0,144.0,169.0,171.0,140.0,100.0,68.0,64.0,72.0,82.0,79.0,89.0,129.0,193.0,205.0,205.0,205.0,79.0,55.0,55.0,55.0,59.0,173.0,205.0,205.0,167.0,130.0,131.0,162.0,194.0,199.0,171.0,123.0,82.0,64.0,70.0,88.0,100.0,100.0,96.0,98.0,113.0,136.0,155.0,161.0,0.4965660707486447,-0.86799892706227
103.0,86.0,93.0,115.0,105.0,102.0,134.0,116.0,125.0,128.0,156.0,133.0,140.0,130.0,114.0,101.0,106.0,126.0,144.0,150.0,140.0,134.0,118.0,115.0,119.0,117.0,111.0,124.0,136.0,139.0,138.0,137.0,135.0,126.0,123.0,132.0,135.0,129.0,130.0,128.0,120.0,119.0,126.0,130.0,131.0,131.0,127.0,125.0,127.0,130.0,137.0,133.0,117.0,116.0,154.0,135.0,119.0,88.0,92.0,123.0,160.0,163.0,160.0,162.0,162.0,164.0,154.0,115.0,62.0,55.0,55.0,55.0,160.0,205.0,205.0,205.0,147.0,106.0,96.0,107.0,109.0,87.0,60.0,55.0,61.0,110.0,161.0,194.0,197.0,181.0,158.0,141.0,137.0,143.0,146.0,140.0,124.0,107.0,98.0,101.0,0.14688488722024082,-0.989153592677243
199.0,147.0,101.0,95.0,125.0,92.0,123.0,122.0,146.0,109.0,141.0,129.0,146.0,156.0,176.0,164.0,135.0,104.0,80.0,96.0,108.0,142.0,154.0,155.0,144.0,144.0,129.0,119.0,120.0,124.0,127.0,124.0,130.0,133.0,132.0,126.0,132.0,127.0,127.0,134.0,136.0,127.0,120.0,119.0,124.0,131.0,136.0,132.0,124.0,120.0,120.0,160.0,161.0,118.0,119.0,113.0,91.0,76.0,95.0,119.0,155.0,167.0,171.0,180.0,190.0,173.0,124.0,61.0,55.0,55.0,55.0,129.0,205.0,205.0,205.0,205.0,205.0,95.0,62.0,55.0,55.0,55.0,55.0,124.0,180.0,205.0,205.0,172.0,122.0,87.0,78.0,91.0,113.0,132.0,136.0,129.0,120.0,118.0,123.0,135.0,-0.22323267400111468,-0.9747651887805145
143.0,105.0,94.0,133.0,92.0,106.0,111.0,148.0,116.0,126.0,144.0,145.0,143.0,135.0,124.0,98.0,105.0,116.0,143.0,150.0,146.0,136.0,126.0,115.0,117.0,122.0,117.0,120.0,131.0,136.0,136.0,139.0,139.0,135.0,123.0,126.0,135.0,133.0,130.0,132.0,125.0,118.0,122.0,128.0,132.0,133.0,131.0,127.0,126.0,129.0,156.0,99.0,88.0,116.0,115.0,146.0,138.0,120.0,92.0,94.0,97.0,125.0,137.0,133.0,131.0,143.0,159.0,166.0,155.0,112.0,65.0,55.0,55.0,100.0,160.0,197.0,201.0,183.0,165.0,151.0,143.0,130.0,103.0,68.0,55.0,55.0,93.0,142.0,180.0,194.0,181.0,154.0,129.0,116.0,117.0,122.0,124.0,118.0,110.0,104.0,-0.561711889425038,-0.827332915626203
139.0,91.0,105.0,118.0,114.0,92.0,130.0,125.0,131.0,118.0,153.0,133.0,144.0,145.0,137.0,122.0,112.0,114.0,120.0,133.0,130.0,140.0,134.0,129.0,130.0,128.0,115.0,118.0,130.0,135.0,136.0,133.0,136.0,130.0,123.0,127.0,135.0,131.0,131.0,133.0,126.0,119.0,122.0,126.0,130.0,133.0,131.0,127.0,125.0,127.0,160.0,104.0,99.0,125.0,146.0,153.0,123.0,123.0,143.0,156.0,137.0,105.0,73.0,64.0,88.0,133.0,174.0,191.0,175.0,141.0,114.0,102.0,96.0,80.0,55.0,55.0,55.0,122.0,191.0,205.0,205.0,205.0,161.0,107.0,68.0,55.0,67.0,104.0,146.0,176.0,186.0,180.0,164.0,149.0,133.0,118.0,108.0,106.0,109.0,114.0,-0.8220570284857722,-0.5694051649898711
205.0,118.0,89.0,81.0,134.0,93.0,112.0,115.0,139.0,112.0,130.0,150.0,145.0,141.0,125.0,111.0,88.0,103.0,122.0,154.0,157.0,149.0,133.0,119.0,111.0,116.0,116.0,108.0,117.0,133.0,142.0,142.0,141.0,137.0,129.0,122.0,130.0,137.0,132.0,129.0,128.0,121.0,117.0,125.0,130.0,132.0,131.0,128.0,126.0,127.0,194.0,124.0,148.0,133.0,115.0,108.0,115.0,117.0,117.0,128.0,109.0,121.0,136.0,183.0,202.0,199.0,163.0,130.0,92.0,65.0,68.0,81.0,94.0,121.0,171.0,205.0,205.0,205.0,157.0,90.0,55.0,55.0,82.0,114.0,128.0,113.0,86.0,75.0,90.0,127.0,170.0,201.0,204.0,187.0,164.0,145.0,134.0,130.0,127.0,119.0,-0.9709776270642474,-0.23917033206625626
55.0,55.0,103.0,161.0,149.0,138.0,159.0,140.0,126.0,115.0,140.0,119.0,125.0,110.0,92.0,74.0,91.0,123.0,164.0,180.0,167.0,145.0,113.0,97.0,99.0,107.0,110.0,125.0,135.0,133.0,130.0,129.0,130.0,126.0,126.0,134.0,133.0,122.0,123.0,124.0,121.0,122.0,132.0,137.0,135.0,129.0,123.0,122.0,127.0,135.0,134.0,123.0,115.0,119.0,118.0,114.0,118.0,121.0,123.0,125.0,122.0,112.0,110.0,112.0,111.0,110.0,107.0,107.0,121.0,151.0,173.0,176.0,166.0,144.0,115.0,96.0,93.0,95.0,104.0,123.0,148.0,172.0,188.0,189.0,173.0,147.0,120.0,100.0,88.0,86.0,90.0,95.0,102.0,108.0,112.0,118.0,126.0,136.0,143.0,147.0,-0.9931685124573445,0.11668892776637206
205.0,85.0,74.0,85.0,111.0,110.0,105.0,138.0,114.0,119.0,126.0,161.0,144.0,142.0,116.0,91.0,79.0,98.0,135.0,165.0,170.0,152.0,133.0,110.0,104.0,108.0,108.0,105.0,120.0,137.0,144.0,145.0,143.0,138.0,126.0,123.0,133.0,137.0,131.0,128.0,124.0,117.0,118.0,127.0,133.0,133.0,130.0,125.0,124.0,129.0,164.0,147.0,120.0,110.0,104.0,128.0,142.0,142.0,138.0,139.0,135.0,129.0,126.0,112.0,92.0,75.0,71.0,87.0,129.0,173.0,199.0,198.0,175.0,139.0,105.0,79.0,61.0,56.0,70.0,106.0,151.0,188.0,205.0,205.0,184.0,157.0,132.0,114.0,107.0,111.0,115.0,112.0,102.0,95.0,99.0,111.0,124.0,131.0,135.0,137.0,-0.8924197970757424,0.45120605690448223
186.0,129.0,170.0,152.0,135.0,128.0,133.0,142.0,100.0,122.0,110.0,137.0,143.0,175.0,158.0,137.0,103.0,93.0,107.0,121.0,143.0,148.0,148.0,138.0,150.0,139.0,125.0,113.0,114.0,115.0,118.0,126.0,134.0,129.0,120.0,125.0,128.0,129.0,134.0,139.0,132.0,126.0,124.0,126.0,129.0,133.0,131.0,126.0,125.0,127.0,140.0,148.0,189.0,131.0,126.0,120.0,166.0,155.0,136.0,117.0,124.0,142.0,157.0,153.0,120.0,96.0,92.0,114.0,140.0,169.0,175.0,150.0,127.0,139.0,164.0,170.0,146.0,98.0,55.0,55.0,55.0,64.0,162.0,205.0,205.0,205.0,205.0,133.0,80.0,55.0,55.0,55.0,84.0,108.0,132.0,149.0,161.0,167.0,165.0,159.0,-0.6891488771977158,0.7246197796480081
132.0,113.0,87.0,134.0,90.0,126.0,123.0,143.0,111.0,134.0,133.0,144.0,165.0,177.0,169.0,130.0,99.0,75.0,93.0,109.0,144.0,158.0,157.0,147.0,144.0,130.0,117.0,119.0,123.0,127.0,125.0,132.0,135.0,128.0,120.0,128.0,131.0,132.0,137.0,136.0,124.0,117.0,119.0,126.0,134.0,137.0,131.0,122.0,119.0,120.0,144.0,127.0,109.0,109.0,108.0,110.0,96.0,101.0,108.0,109.0,125.0,152.0,172.0,178.0,168.0,132.0,93.0,70.0,68.0,81.0,109.0,141.0,167.0,193.0,205.0,205.0,203.0,152.0,93.0,55.0,55.0,55.0,62.0,140.0,169.0,169.0,149.0,127.0,115.0,115.0,123.0,131.0,132.0,127.0,122.0,119.0,120.0,124.0,128.0,130.0,-0.41525115430923654,0.9097068092769487
205.0,203.0,154.0,74.0,129.0,108.0,120.0,92.0,134.0,129.0,125.0,134.0,141.0,142.0,141.0,161.0,143.0,136.0,110.0,105.0,107.0,122.0,132.0,145.0,145.0,136.0,139.0,127.0,118.0,121.0,130.0,132.0,132.0,132.0,136.0,129.0,123.0,129.0,134.0,131.0,133.0,136.0,125.0,120.0,122.0,127.0,131.0,135.0,132.0,127.0,205.0,132.0,86.0,80.0,102.0,133.0,134.0,131.0,115.0,117.0,98.0,99.0,106.0,129.0,135.0,137.0,138.0,150.0,162.0,162.0,133.0,83.0,55.0,55.0,55.0,131.0,184.0,205.0,197.0,177.0,165.0,163.0,159.0,134.0,88.0,55.0,55.0,55.0,73.0,176.0,205.0,205.0,205.0,156.0,121.0,107.0,108.0,112.0,109.0,101.0,-0.10290786236460589,0.9946908926211938
84.0,119.0,104.0,107.0,102.0,131.0,139.0,117.0,138.0,131.0,144.0,143.0,171.0,152.0,140.0,108.0,95.0,100.0,113.0,135.0,148.0,150.0,138.0,142.0,128.0,119.0,119.0,128.0,130.0,129.0,131.0,135.0,129.0,121.0,129.0,132.0,130.0,134.0,135.0,125.0,119.0,120.0,125.0,131.0,135.0,132.0,125.0,122.0,123.0,124.0,113.0,96.0,79.0,79.0,115.0,157.0,176.0,167.0,125.0,105.0,119.0,137.0,127.0,105.0,79.0,75.0,124.0,202.0,205.0,205.0,152.0,55.0,55.0,55.0,55.0,61.0,147.0,205.0,205.0,205.0,205.0,151.0,55.0,55.0,55.0,55.0,55.0,155.0,205.0,205.0,205.0,205.0,145.0,122.0,121.0,129.0,129.0,116.0,98.0,84.0,0.213369805016017,0.9769715074184235
199.0,117.0,172.0,142.0,159.0,108.0,146.0,140.0,122.0,107.0,110.0,124.0,128.0,163.0,150.0,145.0,113.0,110.0,112.0,127.0,133.0,142.0,141.0,133.0,142.0,142.0,130.0,120.0,118.0,116.0,119.0,124.0,136.0,134.0,124.0,123.0,129.0,127.0,130.0,138.0,136.0,129.0,126.0,126.0,127.0,131.0,132.0,130.0,128.0,129.0,133.0,122.0,119.0,123.0,134.0,125.0,122.0,121.0,124.0,127.0,115.0,102.0,96.0,107.0,127.0,145.0,143.0,132.0,131.0,141.0,147.0,141.0,116.0,84.0,75.0,104.0,156.0,203.0,205.0,195.0,129.0,74.0,57.0,80.0,129.0,173.0,188.0,170.0,134.0,103.0,88.0,93.0,107.0,118.0,120.0,117.0,117.0,122.0,132.0,140.0,0.5022248548130338,0.8647370670949796
205.0,134.0,97.0,120.0,108.0,106.0,90.0,141.0,129.0,130.0,120.0,151.0,134.0,144.0,146.0,133.0,120.0,110.0,116.0,124.0,136.0,133.0,141.0,132.0,127.0,129.0,125.0,115.0,120.0,132.0,136.0,136.0,134.0,137.0,129.0,123.0,129.0,136.0,130.0,132.0,133.0,124.0,119.0,123.0,128.0,131.0,133.0,131.0,127.0,125.0,168.0,125.0,90.0,105.0,112.0,132.0,114.0,107.0,105.0,115.0,126.0,129.0,125.0,111.0,98.0,84.0,82.0,90.0,107.0,127.0,154.0,178.0,195.0,199.0,185.0,147.0,94.0,56.0,55.0,55.0,92.0,171.0,205.0,205.0,205.0,205.0,146.0,108.0,85.0,75.0,73.0,73.0,75.0,80.0,90.0,102.0,116.0,129.0,139.0,148.0,0.7382663276297747,0.6745093249822763
205.0,205.0,133.0,81.0,126.0,104.0,114.0,93.0,144.0,122.0,126.0,128.0,148.0,140.0,140.0,147.0,125.0,121.0,110.0,118.0,124.0,134.0,133.0,140.0,132.0,128.0,131.0,123.0,115.0,122.0,133.0,135.0,136.0,134.0,136.0,127.0,123.0,131.0,134.0,128.0,130.0,134.0,127.0,124.0,122.0,124.0,128.0,134.0,133.0,129.0,127.0,117.0,106.0,130.0,144.0,155.0,130.0,119.0,126.0,157.0,165.0,129.0,73.0,55.0,55.0,55.0,123.0,143.0,138.0,135.0,158.0,193.0,205.0,179.0,90.0,55.0,55.0,55.0,68.0,179.0,205.0,205.0,202.0,149.0,139.0,161.0,189.0,195.0,168.0,120.0,75.0,55.0,55.0,76.0,94.0,101.0,100.0,101.0,113.0,134.0,0.9036628734685233,0.42824456927626253
205.0,111.0,75.0,127.0,103.0,110.0,103.0,145.0,115.0,124.0,137.0,149.0,140.0,138.0,131.0,106.0,108.0,111.0,134.0,141.0,142.0,134.0,132.0,121.0,121.0,124.0,115.0,113.0,126.0,137.0,138.0,138.0,136.0,134.0,123.0,124.0,134.0,134.0,129.0,131.0,127.0,119.0,121.0,126.0,130.0,132.0,131.0,127.0,126.0,127.0,144.0,119.0,108.0,118.0,148.0,123.0,121.0,139.0,144.0,124.0,104.0,91.0,112.0,150.0,165.0,164.0,164.0,165.0,163.0,161.0,133.0,83.0,55.0,55.0,55.0,122.0,205.0,205.0,205.0,167.0,119.0,98.0,106.0,116.0,102.0,72.0,55.0,55.0,88.0,142.0,186.0,203.0,193.0,174.0,155.0,144.0,139.0,140.0,139.0,131.0,0.988616116900606,0.15045987307042102
205.0,180.0,148.0,88.0,113.0,112.0,100.0,119.0,134.0,140.0,112.0,142.0,133.0,148.0,150.0,166.0,146.0,130.0,107.0,99.0,110.0,118.0,139.0,148.0,147.0,138.0,141.0,126.0,119.0,123.0,129.0,132.0,130.0,134.0,135.0,126.0,121.0,131.0,137.0,137.0,137.0,131.0,120.0,119.0,124.0,130.0,134.0,135.0,129.0,123.0,125.0,118.0,147.0,142.0,96.0,98.0,102.0,92.0,82.0,101.0,130.0,175.0,201.0,204.0,196.0,172.0,119.0,65.0,55.0,55.0,55.0,97.0,203.0,205.0,205.0,205.0,205.0,205.0,93.0,55.0,55.0,55.0,55.0,55.0,70.0,174.0,205.0,205.0,180.0,133.0,99.0,90.0,100.0,117.0,130.0,132.0,123.0,116.0,115.0,122.0,0.9909434305165853,-0.13427999670845098
205.0,114.0,75.0,123.0,107.0,112.0,100.0,144.0,115.0,125.0,133.0,150.0,139.0,138.0,136.0,112.0,112.0,110.0,129.0,136.0,140.0,134.0,134.0,124.0,122.0,126.0,117.0,112.0,124.0,136.0,137.0,137.0,135.0,135.0,125.0,123.0,133.0,134.0,129.0,131.0,129.0,120.0,120.0,125.0,129.0,131.0,132.0,128.0,126.0,127.0,182.0,146.0,93.0,79.0,87.0,117.0,107.0,122.0,133.0,129.0,117.0,123.0,132.0,154.0,160.0,133.0,101.0,86.0,104.0,142.0,173.0,168.0,130.0,94.0,83.0,104.0,146.0,179.0,184.0,169.0,148.0,131.0,119.0,108.0,87.0,63.0,55.0,64.0,105.0,155.0,195.0,205.0,190.0,157.0,126.0,111.0,112.0,120.0,125.0,121.0,0.9150565874095677,-0.40332547878649583
200.0,142.0,115.0,92.0,134.0,93.0,104.0,114.0,146.0,122.0,122.0,145.0,141.0,145.0,138.0,133.0,106.0,110.0,114.0,135.0,143.0,141.0,137.0,131.0,122.0,123.0,125.0,114.0,116.0,129.0,138.0,139.0,138.0,136.0,133.0,123.0,127.0,136.0,133.0,130.0,132.0,126.0,119.0,122.0,128.0,131.0,133.0,132.0,127.0,126.0,160.0,142.0,107.0,106.0,132.0,162.0,161.0,148.0,128.0,126.0,140.0,150.0,136.0,105.0,75.0,65.0,101.0,160.0,198.0,194.0,156.0,118.0,105.0,111.0,112.0,91.0,62.0,55.0,80.0,143.0,202.0,205.0,205.0,157.0,108.0,84.0,89.0,115.0,142.0,154.0,149.0,131.0,117.0,115.0,126.0,140.0,144.0,137.0,127.0,122.0,0.7706188904514722,-0.6372962620942805
159.0,92.0,125.0,105.0,152.0,103.0,158.0,148.0,150.0,115.0,119.0,124.0,138.0,173.0,174.0,157.0,103.0,83.0,78.0,109.0,131.0,156.0,151.0,138.0,138.0,146.0,142.0,128.0,125.0,118.0,118.0,119.0,133.0,135.0,126.0,122.0,128.0,127.0,128.0,132.0,130.0,125.0,124.0,127.0,130.0,131.0,129.0,123.0,119.0,122.0,148.0,167.0,121.0,117.0,141.0,147.0,131.0,120.0,108.0,114.0,118.0,115.0,117.0,135.0,166.0,198.0,201.0,178.0,153.0,123.0,88.0,65.0,70.0,80.0,101.0,148.0,199.0,205.0,205.0,205.0,128.0,69.0,55.0,55.0,80.0,107.0,119.0,113.0,104.0,105.0,118.0,141.0,164.0,178.0,177.0,167.0,155.0,145.0,139.0,136.0,0.5715375543868624,-0.8205759099105239
205.0,121.0,82.0,101.0,130.0,101.0,94.0,118.0,135.0,120.0,125.0,150.0,146.0,144.0,125.0,101.0,77.0,87.0,122.0,162.0,176.0,163.0,140.0,115.0,102.0,106.0,109.0,105.0,114.0,133.0,145.0,147.0,145.0,141.0,131.0,122.0,130.0,138.0,134.0,129.0,127.0,119.0,116.0,125.0,131.0,134.0,130.0,127.0,126.0,129.0,135.0,126.0,115.0,118.0,115.0,115.0,120.0,123.0,124.0,125.0,122.0,114.0,112.0,109.0,105.0,107.0,111.0,113.0,128.0,153.0,172.0,175.0,164.0,140.0,112.0,95.0,92.0,95.0,106.0,128.0,153.0,176.0,189.0,187.0,168.0,142.0,116.0,97.0,87.0,86.0,91.0,97.0,103.0,109.0,113.0,119.0,128.0,137.0,144.0,146.0,0.3338045093304645,-0.9426423232332866
135.0,172.0,131.0,157.0,169.0,123.0,138.0,116.0,150.0,92.0,132.0,107.0,127.0,122.0,147.0,142.0,137.0,127.0,115.0,127.0,118.0,132.0,136.0,139.0,129.0,139.0,131.0,123.0,120.0,122.0,123.0,120.0,126.0,133.0,131.0,122.0,128.0,127.0,125.0,130.0,137.0,133.0,129.0,126.0,125.0,125.0,130.0,131.0,130.0,129.0,175.0,145.0,102.0,82.0,85.0,116.0,139.0,147.0,147.0,148.0,151.0,159.0,163.0,136.0,84.0,55.0,55.0,55.0,85.0,205.0,205.0,205.0,205.0,141.0,88.0,55.0,55.0,55.0,55.0,105.0,147.0,178.0,193.0,189.0,173.0,151.0,130.0,117.0,114.0,118.0,122.0,120.0,113.0,104.0,102.0,108.0,120.0,130.0,137.0,141.0,0.07452098584108884,-0.9972194455932316
205.0,199.0,138.0,98.0,107.0,127.0,95.0,123.0,124.0,145.0,111.0,146.0,133.0,148.0,156.0,170.0,156.0,132.0,107.0,90.0,104.0,114.0,142.0,152.0,153.0,143.0,143.0,128.0,119.0,123.0,128.0,130.0,128.0,134.0,136.0,129.0,123.0,132.0,132.0,132.0,137.0,136.0,124.0,120.0,122.0,128.0,134.0,136.0,132.0,124.0,132.0,159.0,138.0,162.0,116.0,142.0,153.0,163.0,145.0,128.0,112.0,104.0,105.0,109.0,124.0,121.0,128.0,144.0,162.0,159.0,150.0,124.0,86.0,70.0,100.0,142.0,164.0,158.0,117.0,67.0,55.0,89.0,157.0,205.0,205.0,205.0,179.0,116.0,78.0,67.0,79.0,103.0,121.0,125.0,120.0,119.0,127.0,144.0,155.0,152.0,-0.18890102234046374,-0.9819961322524278
190.0,203.0,112.0,105.0,111.0,113.0,96.0,95.0,142.0,126.0,128.0,123.0,155.0,136.0,143.0,135.0,118.0,108.0,110.0,124.0,138.0,145.0,137.0,138.0,125.0,121.0,124.0,121.0,112.0,122.0,135.0,139.0,139.0,137.0,136.0,127.0,123.0,131.0,137.0,130.0,131.0,130.0,122.0,119.0,125.0,130.0,132.0,133.0,130.0,127.0,105.0,122.0,116.0,108.0,127.0,139.0,118.0,102.0,91.0,94.0,111.0,116.0,112.0,126.0,155.0,175.0,180.0,163.0,124.0,87.0,71.0,71.0,87.0,116.0,147.0,173.0,198.0,205.0,205.0,190.0,140.0,82.0,55.0,55.0,55.0,91.0,148.0,172.0,167.0,144.0,124.0,114.0,117.0,125.0,132.0,131.0,127.0,122.0,120.0,121.0,-0.4393086491507444,-0.898336190288106
205.0,135.0,109.0,82.0,134.0,100.0,101.0,116.0,135.0,126.0,118.0,148.0,135.0,149.0,142.0,135.0,106.0,108.0,112.0,131.0,141.0,137.0,136.0,130.0,123.0,125.0,127.0,114.0,116.0,128.0,136.0,137.0,136.0,136.0,131.0,122.0,126.0,135.0,131.0,130.0,132.0,126.0,118.0,122.0,127.0,130.0,132.0,131.0,127.0,125.0,138.0,105.0,69.0,103.0,124.0,136.0,134.0,120.0,119.0,99.0,99.0,98.0,126.0,133.0,138.0,134.0,147.0,159.0,165.0,146.0,99.0,57.0,55.0,55.0,111.0,172.0,203.0,202.0,180.0,165.0,159.0,156.0,138.0,99.0,56.0,55.0,55.0,60.0,159.0,205.0,205.0,205.0,160.0,124.0,108.0,109.0,116.0,117.0,110.0,100.0,-0.6674847383496612,-0.7446234780547041
55.0,86.0,129.0,182.0,128.0,168.0,157.0,155.0,113.0,138.0,136.0,119.0,108.0,117.0,127.0,137.0,167.0,158.0,144.0,109.0,101.0,105.0,123.0,135.0,146.0,146.0,138.0,145.0,143.0,129.0,116.0,116.0,115.0,119.0,123.0,134.0,132.0,122.0,123.0,129.0,128.0,132.0,139.0,135.0,128.0,125.0,126.0,128.0,131.0,132.0,104.0,102.0,98.0,113.0,142.0,174.0,176.0,156.0,110.0,89.0,94.0,103.0,94.0,92.0,104.0,139.0,199.0,205.0,205.0,205.0,74.0,55.0,55.0,55.0,55.0,76.0,196.0,205.0,205.0,205.0,205.0,205.0,55.0,55.0,55.0,55.0,55.0,163.0,205.0,205.0,205.0,173.0,135.0,122.0,127.0,135.0,131.0,116.0,96.0,83.0,-0.8450093478000341,-0.5347515330792059
55.0,55.0,107.0,163.0,150.0,137.0,163.0,133.0,129.0,113.0,142.0,115.0,126.0,108.0,93.0,77.0,95.0,126.0,162.0,177.0,164.0,145.0,112.0,100.0,101.0,109.0,111.0,127.0,135.0,135.0,131.0,131.0,132.0,124.0,121.0,131.0,135.0,127.0,127.0,124.0,118.0,121.0,133.0,137.0,136.0,129.0,122.0,121.0,127.0,136.0,127.0,126.0,109.0,113.0,122.0,141.0,124.0,116.0,112.0,128.0,133.0,120.0,97.0,88.0,103.0,131.0,150.0,144.0,132.0,130.0,137.0,142.0,137.0,115.0,84.0,75.0,104.0,159.0,205.0,205.0,189.0,124.0,72.0,58.0,86.0,135.0,174.0,183.0,162.0,129.0,103.0,93.0,100.0,112.0,119.0,119.0,115.0,116.0,122.0,132.0,-0.9586157407175412,-0.2847031114135564
153.0,55.0,121.0,104.0,180.0,125.0,162.0,164.0,131.0,132.0,113.0,152.0,95.0,134.0,105.0,123.0,108.0,137.0,135.0,143.0,137.0,126.0,132.0,119.0,126.0,124.0,130.0,122.0,139.0,135.0,128.0,121.0,122.0,124.0,121.0,125.0,133.0,132.0,122.0,127.0,126.0,124.0,127.0,136.0,134.0,130.0,127.0,124.0,124.0,129.0,147.0,142.0,102.0,110.0,117.0,137.0,119.0,109.0,102.0,111.0,121.0,123.0,125.0,124.0,123.0,114.0,101.0,85.0,82.0,92.0,109.0,131.0,156.0,180.0,196.0,200.0,185.0,145.0,93.0,56.0,55.0,55.0,93.0,174.0,205.0,205.0,205.0,202.0,145.0,106.0,83.0,73.0,74.0,78.0,82.0,83.0,86.0,98.0,117.0,134.0,-0.9999099577142789,-0.013419257201087382
55.0,55.0,86.0,175.0,136.0,151.0,148.0,154.0,126.0,117.0,139.0,115.0,127.0,111.0,104.0,76.0,92.0,113.0,156.0,175.0,169.0,149.0,119.0,101.0,101.0,109.0,109.0,123.0,134.0,136.0,131.0,131.0,132.0,126.0,120.0,128.0,135.0,129.0,126.0,125.0,119.0,119.0,130.0,137.0,137.0,131.0,124.0,120.0,125.0,134.0,173.0,137.0,106.0,102.0,96.0,102.0,123.0,133.0,128.0,129.0,134.0,163.0,192.0,189.0,131.0,63.0,55.0,55.0,55.0,59.0,134.0,172.0,205.0,205.0,205.0,205.0,121.0,55.0,55.0,55.0,55.0,83.0,205.0,205.0,205.0,155.0,138.0,152.0,181.0,200.0,190.0,152.0,105.0,70.0,59.0,67.0,83.0,93.0,95.0,96.0,-0.965972895147571,0.2586433177954147
55.0,68.0,86.0,200.0,103.0,184.0,131.0,174.0,101.0,140.0,130.0,120.0,115.0,111.0,125.0,103.0,140.0,126.0,149.0,131.0,134.0,124.0,127.0,120.0,126.0,130.0,122.0,135.0,136.0,132.0,119.0,123.0,120.0,124.0,120.0,131.0,134.0,125.0,124.0,126.0,123.0,122.0,132.0,136.0,138.0,133.0,125.0,118.0,123.0,130.0,161.0,124.0,126.0,139.0,128.0,112.0,108.0,105.0,115.0,128.0,141.0,147.0,147.0,143.0,142.0,139.0,134.0,126.0,110.0,96.0,110.0,152.0,195.0,205.0,205.0,149.0,77.0,55.0,55.0,55.0,154.0,205.0,205.0,205.0,140.0,78.0,55.0,55.0,55.0,94.0,117.0,131.0,139.0,144.0,151.0,156.0,155.0,150.0,145.0,144.0,-0.8595465121983131,0.511057524519222
127.0,130.0,175.0,126.0,162.0,166.0,129.0,133.0,119.0,147.0,95.0,130.0,107.0,129.0,122.0,150.0,141.0,137.0,124.0,115.0,126.0,122.0,134.0,133.0,135.0,127.0,143.0,136.0,126.0,118.0,119.0,121.0,121.0,127.0,134.0,131.0,121.0,127.0,127.0,126.0,130.0,137.0,133.0,129.0,126.0,125.0,126.0,130.0,131.0,129.0,144.0,92.0,75.0,91.0,126.0,119.0,119.0,132.0,128.0,113.0,87.0,72.0,75.0,96.0,108.0,123.0,147.0,175.0,197.0,205.0,186.0,133.0,73.0,55.0,55.0,55.0,76.0,183.0,205.0,205.0,205.0,205.0,159.0,98.0,55.0,55.0,55.0,55.0,89.0,130.0,143.0,138.0,128.0,121.0,121.0,129.0,139.0,146.0,146.0,141.0,-0.6887941362682377,0.7249569903397666
143.0,151.0,161.0,143.0,122.0,135.0,142.0,114.0,105.0,112.0,126.0,147.0,175.0,170.0,144.0,105.0,87.0,96.0,118.0,138.0,151.0,151.0,142.0,148.0,145.0,128.0,114.0,112.0,113.0,116.0,123.0,134.0,131.0,121.0,121.0,128.0,129.0,134.0,140.0,135.0,126.0,123.0,125.0,128.0,131.0,130.0,125.0,125.0,130.0,131.0,137.0,120.0,108.0,104.0,126.0,152.0,174.0,165.0,129.0,90.0,66.0,65.0,76.0,83.0,80.0,91.0,138.0,205.0,205.0,205.0,205.0,56.0,55.0,55.0,55.0,75.0,193.0,205.0,205.0,154.0,126.0,137.0,172.0,199.0,194.0,158.0,110.0,74.0,64.0,81.0,94.0,96.0,92.0,93.0,104.0,123.0,143.0,156.0,157.0,148.0,-0.4666568457288135,0.8844384593257093
205.0,93.0,72.0,109.0,107.0,103.0,103.0,140.0,115.0,127.0,136.0,155.0,140.0,134.0,113.0,85.0,84.0,103.0,146.0,168.0,168.0,148.0,128.0,107.0,106.0,109.0,106.0,107.0,125.0,140.0,145.0,145.0,142.0,136.0,124.0,126.0,136.0,137.0,130.0,129.0,123.0,116.0,120.0,129.0,134.0,133.0,130.0,125.0,125.0,130.0,96.0,132.0,158.0,132.0,147.0,141.0,139.0,119.0,85.0,89.0,132.0,171.0,173.0,168.0,159.0,164.0,168.0,155.0,108.0,55.0,55.0,55.0,73.0,192.0,205.0,205.0,205.0,124.0,94.0,93.0,99.0,83.0,55.0,55.0,55.0,92.0,173.0,205.0,205.0,174.0,127.0,100.0,101.0,125.0,151.0,163.0,155.0,133.0,114.0,108.0,-0.20985786194263137,0.9777319048598483
146.0,55.0,55.0,101.0,168.0,145.0,141.0,160.0,138.0,128.0,112.0,144.0,112.0,129.0,108.0,99.0,77.0,96.0,122.0,159.0,175.0,162.0,146.0,114.0,102.0,101.0,110.0,110.0,126.0,134.0,135.0,130.0,131.0,131.0,124.0,121.0,129.0,135.0,127.0,127.0,124.0,119.0,120.0,135.0,136.0,134.0,127.0,123.0,122.0,128.0,115.0,151.0,167.0,139.0,107.0,124.0,99.0,80.0,85.0,106.0,140.0,165.0,170.0,174.0,190.0,183.0,150.0,89.0,55.0,55.0,55.0,71.0,201.0,205.0,205.0,205.0,205.0,115.0,79.0,55.0,55.0,55.0,55.0,90.0,157.0,200.0,205.0,190.0,145.0,100.0,78.0,83.0,103.0,125.0,136.0,132.0,123.0,118.0,120.0,129.0,0.062367428548883594,0.9980532570239926
104.0,121.0,186.0,118.0,175.0,150.0,155.0,109.0,137.0,135.0,115.0,109.0,113.0,126.0,131.0,162.0,150.0,144.0,110.0,104.0,107.0,125.0,133.0,143.0,141.0,132.0,143.0,140.0,128.0,115.0,117.0,115.0,119.0,122.0,134.0,132.0,121.0,122.0,128.0,126.0,130.0,137.0,134.0,127.0,125.0,125.0,126.0,130.0,130.0,128.0,120.0,103.0,118.0,98.0,153.0,128.0,112.0,83.0,107.0,111.0,137.0,133.0,128.0,135.0,149.0,161.0,160.0,137.0,86.0,56.0,55.0,76.0,129.0,178.0,193.0,185.0,172.0,161.0,151.0,145.0,131.0,101.0,72.0,60.0,67.0,94.0,134.0,170.0,187.0,186.0,171.0,152.0,136.0,127.0,119.0,110.0,102.0,97.0,96.0,103.0,0.3297186289605817,0.9440792475827198
205.0,199.0,147.0,99.0,107.0,125.0,94.0,121.0,123.0,149.0,111.0,145.0,130.0,147.0,155.0,176.0,162.0,135.0,106.0,85.0,100.0,111.0,143.0,154.0,155.0,144.0,145.0,130.0,120.0,122.0,126.0,130.0,127.0,134.0,136.0,129.0,122.0,130.0,132.0,133.0,137.0,136.0,125.0,120.0,121.0,127.0,134.0,137.0,132.0,124.0,124.0,100.0,104.0,136.0,157.0,146.0,119.0,127.0,149.0,148.0,125.0,89.0,66.0,71.0,109.0,154.0,183.0,183.0,158.0,130.0,110.0,98.0,86.0,63.0,55.0,55.0,71.0,156.0,205.0,205.0,205.0,200.0,134.0,87.0,58.0,55.0,83.0,125.0,163.0,184.0,185.0,172.0,156.0,140.0,125.0,112.0,106.0,107.0,112.0,115.0,0.5723453843511833,0.8200126590558808
193.0,205.0,98.0,113.0,108.0,119.0,102.0,122.0,141.0,122.0,129.0,128.0,144.0,146.0,181.0,172.0,156.0,111.0,84.0,81.0,100.0,127.0,151.0,161.0,150.0,148.0,137.0,124.0,115.0,122.0,125.0,126.0,128.0,135.0,133.0,122.0,124.0,130.0,131.0,134.0,138.0,130.0,120.0,117.0,122.0,130.0,136.0,135.0,127.0,120.0,161.0,120.0,133.0,138.0,133.0,125.0,117.0,114.0,118.0,116.0,115.0,124.0,145.0,179.0,203.0,196.0,169.0,140.0,103.0,71.0,65.0,75.0,89.0,122.0,174.0,205.0,205.0,205.0,163.0,96.0,55.0,55.0,55.0,95.0,116.0,118.0,107.0,103.0,110.0,128.0,153.0,173.0,179.0,172.0,160.0,149.0,141.0,137.0,134.0,126.0,0.7723172367926353,0.6352370311568655
205.0,181.0,205.0,89.0,124.0,113.0,112.0,100.0,119.0,147.0,122.0,139.0,133.0,148.0,145.0,178.0,170.0,156.0,113.0,87.0,83.0,101.0,130.0,152.0,163.0,150.0,150.0,136.0,123.0,116.0,124.0,127.0,127.0,129.0,136.0,133.0,123.0,126.0,131.0,132.0,135.0,139.0,131.0,120.0,118.0,123.0,131.0,137.0,135.0,126.0,172.0,123.0,104.0,117.0,125.0,137.0,119.0,107.0,112.0,126.0,130.0,130.0,122.0,113.0,112.0,111.0,107.0,107.0,111.0,114.0,127.0,152.0,171.0,175.0,166.0,144.0,115.0,97.0,92.0,96.0,106.0,126.0,152.0,174.0,189.0,188.0,171.0,145.0,119.0,99.0,88.0,87.0,91.0,97.0,103.0,109.0,113.0,119.0,128.0,137.0,0.9149398102973135,0.40359031645112103
205.0,205.0,106.0,118.0,93.0,135.0,90.0,133.0,132.0,138.0,120.0,131.0,140.0,144.0,178.0,174.0,164.0,120.0,94.0,79.0,99.0,119.0,149.0,161.0,154.0,149.0,142.0,128.0,117.0,122.0,125.0,128.0,126.0,136.0,136.0,126.0,123.0,130.0,132.0,134.0,139.0,135.0,123.0,118.0,121.0,127.0,134.0,138.0,134.0,126.0,138.0,111.0,122.0,157.0,156.0,143.0,113.0,96.0,102.0,125.0,137.0,132.0,118.0,113.0,130.0,156.0,167.0,143.0,90.0,55.0,55.0,55.0,147.0,205.0,205.0,205.0,159.0,106.0,68.0,55.0,58.0,94.0,137.0,173.0,193.0,194.0,182.0,164.0,143.0,122.0,106.0,100.0,104.0,111.0,115.0,113.0,109.0,108.0,113.0,122.0,0.9898214418809321,0.14231483827328928
