Feat_1,Feat_2,Feat_3,Feat_4,Feat_5,Feat_6,Feat_7,Feat_8,Feat_9,Feat_10,Feat_11,Feat_12,Feat_13,Feat_14,Feat_15,Feat_16,Feat_17,Feat_18,Feat_19,Feat_20,Feat_21,Feat_22,Feat_23,Feat_24,Feat_25,Feat_26,Feat_27,Feat_28,Feat_29,Feat_30,Feat_31,Feat_32,Feat_33,Feat_34,Feat_35,Feat_36,Feat_37,Feat_38,Feat_39,Feat_40,Feat_41,Feat_42,Feat_43,Feat_44,Feat_45,Feat_46,Feat_47,Feat_48,Feat_49,Feat_50,Feat_51,Feat_52,Feat_53,Feat_54,Feat_55,Feat_56,Feat_57,Feat_58,Feat_59,Feat_60,Feat_61,Feat_62,Feat_63,Feat_64,Feat_65,Feat_66,Feat_67,Feat_68,Feat_69,Feat_70,Feat_71,Feat_72,Feat_73,Feat_74,Feat_75,Feat_76,Feat_77,Feat_78,Feat_79,Feat_80,Feat_81,Feat_82,Feat_83,Feat_84,Feat_85,Feat_86,Feat_87,Feat_88,Feat_89,Feat_90,Feat_91,Feat_92,Feat_93,Feat_94,Feat_95,Feat_96,Feat_97,Feat_98,Feat_99,Feat_100,Label_Sin,Label_Cos
55.0,117.0,161.0,159.0,145.0,159.0,168.0,129.0,126.0,130.0,141.0,106.0,112.0,112.0,130.0,151.0,176.0,167.0,133.0,99.0,84.0,101.0,120.0,144.0,153.0,149.0,141.0,148.0,141.0,123.0,113.0,112.0,113.0,116.0,126.0,134.0,129.0,119.0,123.0,128.0,129.0,135.0,139.0,133.0,125.0,123.0,125.0,129.0,133.0,130.0,146.0,155.0,104.0,101.0,79.0,118.0,101.0,118.0,138.0,134.0,120.0,113.0,132.0,154.0,174.0,145.0,104.0,78.0,97.0,139.0,178.0,178.0,140.0,100.0,83.0,102.0,145.0,181.0,187.0,170.0,145.0,124.0,109.0,99.0,85.0,70.0,66.0,81.0,114.0,153.0,183.0,192.0,177.0,150.0,125.0,113.0,116.0,125.0,129.0,125.0,-0.5195839500354313,0.8544194045464899
205.0,205.0,148.0,104.0,99.0,129.0,96.0,120.0,122.0,148.0,112.0,140.0,130.0,146.0,158.0,179.0,172.0,137.0,103.0,76.0,92.0,108.0,142.0,155.0,157.0,146.0,146.0,131.0,120.0,120.0,124.0,127.0,125.0,133.0,136.0,129.0,121.0,129.0,131.0,132.0,137.0,138.0,126.0,119.0,119.0,126.0,133.0,137.0,132.0,124.0,142.0,151.0,153.0,129.0,121.0,151.0,169.0,162.0,142.0,120.0,100.0,105.0,114.0,114.0,114.0,121.0,133.0,160.0,175.0,163.0,126.0,91.0,77.0,93.0,121.0,132.0,109.0,73.0,62.0,97.0,169.0,205.0,205.0,205.0,157.0,100.0,74.0,82.0,109.0,136.0,146.0,140.0,125.0,115.0,119.0,134.0,147.0,150.0,139.0,127.0,-0.26991253292620976,0.9628848449162328
205.0,95.0,89.0,88.0,124.0,101.0,108.0,136.0,117.0,120.0,126.0,159.0,139.0,143.0,122.0,105.0,93.0,109.0,133.0,152.0,153.0,140.0,132.0,116.0,115.0,118.0,115.0,108.0,123.0,136.0,141.0,140.0,139.0,136.0,125.0,121.0,131.0,139.0,134.0,134.0,125.0,115.0,116.0,127.0,133.0,134.0,131.0,126.0,124.0,128.0,154.0,139.0,113.0,92.0,148.0,103.0,140.0,131.0,148.0,123.0,121.0,105.0,107.0,111.0,109.0,117.0,122.0,154.0,189.0,205.0,192.0,167.0,120.0,72.0,55.0,55.0,58.0,101.0,151.0,202.0,205.0,205.0,205.0,151.0,76.0,55.0,55.0,55.0,55.0,111.0,136.0,142.0,142.0,143.0,147.0,157.0,165.0,165.0,156.0,145.0,-0.00024044374236068482,0.999999971093403
205.0,205.0,91.0,84.0,113.0,108.0,106.0,108.0,144.0,112.0,125.0,133.0,155.0,138.0,138.0,117.0,95.0,94.0,112.0,144.0,156.0,155.0,137.0,127.0,112.0,114.0,117.0,111.0,110.0,128.0,140.0,142.0,141.0,139.0,133.0,123.0,126.0,135.0,135.0,129.0,129.0,125.0,118.0,121.0,129.0,132.0,131.0,129.0,126.0,126.0,110.0,131.0,126.0,105.0,126.0,135.0,129.0,118.0,110.0,109.0,124.0,132.0,129.0,125.0,118.0,113.0,111.0,108.0,104.0,108.0,112.0,118.0,138.0,165.0,178.0,174.0,157.0,128.0,102.0,91.0,93.0,99.0,116.0,141.0,168.0,188.0,194.0,183.0,157.0,129.0,105.0,89.0,83.0,86.0,93.0,101.0,107.0,113.0,117.0,124.0,0.2694494624594362,0.9630145311366392
180.0,93.0,109.0,115.0,102.0,108.0,119.0,149.0,113.0,139.0,126.0,145.0,149.0,180.0,169.0,147.0,106.0,81.0,88.0,104.0,136.0,153.0,158.0,146.0,147.0,132.0,121.0,118.0,124.0,126.0,125.0,129.0,135.0,130.0,121.0,127.0,130.0,131.0,135.0,137.0,127.0,118.0,118.0,124.0,131.0,136.0,133.0,125.0,120.0,120.0,150.0,112.0,118.0,153.0,158.0,148.0,121.0,99.0,97.0,119.0,135.0,135.0,122.0,115.0,129.0,158.0,171.0,145.0,84.0,55.0,55.0,55.0,149.0,205.0,205.0,205.0,159.0,102.0,62.0,55.0,55.0,96.0,142.0,179.0,198.0,198.0,184.0,172.0,144.0,115.0,96.0,95.0,106.0,116.0,117.0,112.0,106.0,107.0,114.0,126.0,0.5191730103713447,0.8546691671646729
205.0,172.0,100.0,106.0,108.0,119.0,90.0,131.0,127.0,135.0,115.0,147.0,133.0,143.0,154.0,149.0,135.0,114.0,108.0,106.0,121.0,125.0,142.0,142.0,137.0,136.0,132.0,119.0,117.0,127.0,131.0,133.0,130.0,135.0,132.0,123.0,125.0,134.0,130.0,131.0,134.0,129.0,120.0,121.0,124.0,129.0,133.0,133.0,128.0,124.0,117.0,135.0,153.0,113.0,123.0,122.0,104.0,129.0,148.0,168.0,159.0,156.0,142.0,141.0,124.0,109.0,80.0,55.0,55.0,112.0,178.0,205.0,205.0,170.0,99.0,57.0,72.0,117.0,154.0,156.0,117.0,65.0,55.0,71.0,139.0,198.0,205.0,205.0,173.0,136.0,118.0,118.0,127.0,131.0,122.0,106.0,95.0,98.0,111.0,127.0,0.7304255431812109,0.6829923322178904
110.0,87.0,95.0,123.0,108.0,98.0,131.0,120.0,125.0,123.0,157.0,136.0,142.0,133.0,121.0,107.0,110.0,122.0,135.0,142.0,136.0,137.0,125.0,121.0,123.0,121.0,111.0,120.0,133.0,138.0,136.0,134.0,134.0,130.0,128.0,135.0,135.0,124.0,126.0,130.0,125.0,122.0,125.0,127.0,129.0,131.0,130.0,127.0,127.0,129.0,140.0,146.0,87.0,101.0,98.0,146.0,128.0,120.0,128.0,117.0,117.0,105.0,105.0,98.0,114.0,108.0,116.0,139.0,174.0,188.0,177.0,148.0,110.0,88.0,83.0,90.0,102.0,124.0,149.0,177.0,201.0,205.0,195.0,159.0,112.0,74.0,57.0,66.0,91.0,117.0,134.0,136.0,128.0,120.0,118.0,125.0,134.0,141.0,142.0,138.0,0.8875531281580968,0.460705377325658
205.0,190.0,166.0,78.0,123.0,107.0,114.0,101.0,133.0,130.0,115.0,135.0,138.0,147.0,142.0,166.0,147.0,138.0,110.0,101.0,105.0,116.0,132.0,146.0,147.0,138.0,141.0,128.0,119.0,120.0,129.0,131.0,131.0,131.0,136.0,129.0,122.0,129.0,132.0,130.0,134.0,135.0,126.0,120.0,121.0,126.0,131.0,135.0,132.0,126.0,135.0,110.0,104.0,122.0,149.0,148.0,141.0,135.0,134.0,130.0,127.0,109.0,84.0,67.0,68.0,95.0,144.0,189.0,205.0,195.0,166.0,128.0,93.0,68.0,55.0,55.0,78.0,122.0,170.0,203.0,205.0,205.0,177.0,147.0,123.0,110.0,105.0,107.0,108.0,107.0,103.0,101.0,104.0,114.0,126.0,135.0,139.0,141.0,141.0,142.0,0.9789125219633881,0.2042798921658204
205.0,75.0,89.0,92.0,120.0,93.0,122.0,135.0,118.0,116.0,136.0,158.0,145.0,140.0,103.0,80.0,72.0,109.0,152.0,179.0,171.0,147.0,122.0,102.0,104.0,107.0,106.0,106.0,127.0,142.0,148.0,146.0,144.0,134.0,123.0,126.0,137.0,137.0,131.0,128.0,121.0,116.0,120.0,131.0,135.0,133.0,128.0,125.0,125.0,132.0,148.0,165.0,157.0,137.0,148.0,151.0,154.0,133.0,114.0,125.0,147.0,167.0,151.0,114.0,84.0,97.0,127.0,157.0,173.0,163.0,133.0,129.0,160.0,186.0,181.0,139.0,75.0,55.0,55.0,55.0,71.0,171.0,205.0,205.0,205.0,205.0,141.0,80.0,55.0,55.0,55.0,55.0,84.0,138.0,166.0,181.0,181.0,172.0,164.0,161.0,0.9977339415987699,-0.06728284909085122
203.0,205.0,111.0,90.0,107.0,116.0,105.0,96.0,137.0,121.0,125.0,124.0,156.0,136.0,142.0,133.0,118.0,106.0,110.0,125.0,138.0,145.0,136.0,137.0,123.0,121.0,123.0,120.0,111.0,121.0,134.0,139.0,138.0,137.0,136.0,127.0,123.0,131.0,136.0,130.0,131.0,130.0,122.0,119.0,125.0,129.0,131.0,132.0,129.0,126.0,154.0,103.0,84.0,100.0,111.0,103.0,99.0,108.0,118.0,130.0,134.0,143.0,153.0,153.0,134.0,105.0,77.0,66.0,79.0,103.0,137.0,178.0,205.0,205.0,175.0,121.0,68.0,55.0,59.0,135.0,191.0,205.0,181.0,115.0,60.0,55.0,69.0,129.0,174.0,191.0,176.0,146.0,118.0,102.0,100.0,108.0,113.0,114.0,112.0,114.0,0.9426227091735003,-0.3338598929946672
200.0,205.0,103.0,128.0,102.0,128.0,87.0,130.0,136.0,137.0,125.0,131.0,140.0,142.0,178.0,172.0,164.0,118.0,93.0,81.0,101.0,122.0,150.0,160.0,152.0,149.0,139.0,127.0,117.0,124.0,126.0,128.0,127.0,136.0,135.0,125.0,124.0,131.0,131.0,134.0,139.0,133.0,122.0,118.0,123.0,129.0,136.0,136.0,129.0,122.0,136.0,114.0,96.0,107.0,87.0,111.0,109.0,121.0,122.0,123.0,126.0,142.0,159.0,157.0,139.0,95.0,58.0,55.0,55.0,79.0,141.0,174.0,180.0,174.0,171.0,175.0,179.0,176.0,148.0,96.0,55.0,55.0,55.0,55.0,126.0,205.0,205.0,205.0,205.0,167.0,124.0,98.0,83.0,74.0,69.0,68.0,80.0,86.0,96.0,109.0,0.8176625983286778,-0.5756977291030383
199.0,160.0,95.0,112.0,130.0,103.0,111.0,116.0,150.0,115.0,139.0,128.0,145.0,154.0,181.0,173.0,146.0,106.0,78.0,87.0,105.0,138.0,156.0,161.0,148.0,148.0,133.0,121.0,118.0,123.0,127.0,125.0,131.0,137.0,131.0,121.0,127.0,131.0,132.0,137.0,139.0,128.0,119.0,119.0,125.0,132.0,137.0,134.0,125.0,120.0,150.0,162.0,147.0,132.0,101.0,99.0,111.0,124.0,124.0,130.0,137.0,152.0,181.0,201.0,182.0,124.0,57.0,55.0,55.0,55.0,68.0,156.0,205.0,205.0,205.0,205.0,205.0,62.0,55.0,55.0,55.0,55.0,85.0,205.0,205.0,205.0,205.0,160.0,135.0,130.0,133.0,132.0,118.0,98.0,81.0,79.0,88.0,102.0,112.0,117.0,0.6321132242897289,-0.7748760363297106
138.0,177.0,145.0,151.0,159.0,158.0,119.0,134.0,139.0,123.0,103.0,111.0,122.0,139.0,167.0,170.0,151.0,114.0,94.0,93.0,113.0,130.0,149.0,151.0,143.0,144.0,146.0,133.0,117.0,113.0,113.0,115.0,120.0,131.0,134.0,124.0,120.0,127.0,129.0,131.0,138.0,137.0,128.0,124.0,125.0,127.0,131.0,132.0,128.0,124.0,157.0,118.0,125.0,146.0,134.0,113.0,105.0,101.0,123.0,142.0,150.0,144.0,138.0,138.0,150.0,157.0,154.0,137.0,107.0,91.0,116.0,167.0,198.0,194.0,153.0,91.0,55.0,55.0,101.0,161.0,205.0,205.0,181.0,118.0,63.0,55.0,55.0,55.0,94.0,123.0,141.0,153.0,163.0,170.0,172.0,167.0,155.0,144.0,138.0,136.0,0.39972390111618045,-0.9166355889209529
112.0,66.0,55.0,111.0,179.0,122.0,174.0,132.0,179.0,99.0,149.0,123.0,134.0,99.0,119.0,121.0,120.0,145.0,139.0,147.0,124.0,124.0,113.0,128.0,122.0,135.0,135.0,130.0,135.0,141.0,133.0,119.0,120.0,117.0,122.0,120.0,132.0,134.0,126.0,122.0,128.0,126.0,127.0,135.0,136.0,131.0,127.0,126.0,125.0,128.0,78.0,99.0,80.0,146.0,116.0,124.0,121.0,132.0,117.0,100.0,80.0,72.0,89.0,101.0,123.0,144.0,179.0,200.0,205.0,194.0,147.0,85.0,55.0,55.0,55.0,73.0,176.0,205.0,205.0,205.0,205.0,153.0,99.0,56.0,55.0,55.0,55.0,92.0,121.0,134.0,134.0,125.0,118.0,121.0,135.0,147.0,153.0,151.0,145.0,136.0,0.13771480971645172,-0.9904719234712115
193.0,123.0,166.0,122.0,188.0,106.0,155.0,119.0,139.0,97.0,123.0,120.0,118.0,137.0,135.0,148.0,131.0,134.0,119.0,132.0,120.0,133.0,131.0,130.0,132.0,141.0,135.0,122.0,122.0,120.0,125.0,121.0,131.0,135.0,129.0,123.0,129.0,127.0,126.0,133.0,137.0,133.0,129.0,128.0,126.0,128.0,131.0,132.0,130.0,131.0,149.0,130.0,117.0,119.0,116.0,116.0,126.0,149.0,173.0,172.0,136.0,90.0,61.0,58.0,71.0,81.0,80.0,92.0,142.0,205.0,205.0,205.0,205.0,55.0,55.0,55.0,55.0,81.0,205.0,205.0,205.0,150.0,121.0,137.0,176.0,204.0,196.0,154.0,102.0,67.0,59.0,74.0,94.0,103.0,100.0,96.0,102.0,123.0,147.0,163.0,-0.1344990273432775,-0.9909137256309009
55.0,132.0,144.0,161.0,132.0,167.0,165.0,137.0,121.0,127.0,134.0,102.0,119.0,115.0,132.0,139.0,163.0,151.0,133.0,109.0,100.0,113.0,122.0,139.0,144.0,142.0,135.0,146.0,137.0,122.0,114.0,115.0,117.0,119.0,127.0,134.0,128.0,119.0,125.0,128.0,127.0,133.0,138.0,132.0,126.0,125.0,126.0,128.0,131.0,130.0,130.0,145.0,114.0,122.0,138.0,128.0,120.0,110.0,115.0,147.0,169.0,163.0,157.0,156.0,145.0,128.0,105.0,68.0,55.0,55.0,103.0,161.0,205.0,205.0,174.0,113.0,77.0,75.0,103.0,132.0,126.0,91.0,61.0,59.0,94.0,151.0,199.0,205.0,205.0,174.0,146.0,131.0,130.0,133.0,136.0,120.0,100.0,88.0,95.0,112.0,-0.3967464100441039,-0.9179282576090115
58.0,55.0,66.0,179.0,128.0,161.0,137.0,165.0,120.0,121.0,132.0,119.0,124.0,113.0,111.0,79.0,93.0,106.0,150.0,167.0,170.0,149.0,126.0,104.0,103.0,110.0,110.0,122.0,133.0,136.0,130.0,130.0,130.0,128.0,120.0,127.0,134.0,130.0,126.0,126.0,121.0,119.0,129.0,136.0,137.0,132.0,125.0,121.0,124.0,132.0,125.0,159.0,141.0,86.0,92.0,95.0,88.0,87.0,116.0,149.0,195.0,205.0,205.0,186.0,145.0,85.0,55.0,55.0,55.0,55.0,166.0,205.0,205.0,205.0,205.0,205.0,101.0,60.0,55.0,55.0,55.0,55.0,55.0,131.0,205.0,205.0,205.0,155.0,107.0,85.0,89.0,107.0,125.0,133.0,128.0,117.0,113.0,118.0,129.0,142.0,-0.6295946582994458,-0.776923784061734
55.0,81.0,76.0,196.0,113.0,172.0,152.0,161.0,119.0,119.0,139.0,107.0,130.0,110.0,123.0,94.0,126.0,122.0,150.0,145.0,144.0,135.0,123.0,116.0,118.0,125.0,118.0,134.0,135.0,132.0,122.0,126.0,125.0,125.0,122.0,132.0,134.0,125.0,125.0,127.0,123.0,124.0,134.0,135.0,135.0,128.0,124.0,121.0,128.0,133.0,101.0,56.0,77.0,108.0,119.0,137.0,134.0,116.0,106.0,120.0,145.0,169.0,157.0,112.0,78.0,83.0,121.0,166.0,184.0,155.0,105.0,76.0,83.0,123.0,169.0,190.0,179.0,155.0,134.0,122.0,112.0,96.0,71.0,55.0,55.0,82.0,135.0,185.0,205.0,205.0,172.0,134.0,109.0,104.0,113.0,122.0,122.0,114.0,106.0,103.0,-0.8157895845913106,-0.5783488166084002
63.0,70.0,188.0,120.0,171.0,145.0,157.0,115.0,122.0,140.0,112.0,127.0,108.0,118.0,89.0,119.0,119.0,150.0,151.0,149.0,138.0,123.0,113.0,114.0,121.0,114.0,128.0,132.0,135.0,130.0,132.0,126.0,120.0,117.0,129.0,137.0,129.0,126.0,125.0,120.0,121.0,133.0,137.0,134.0,130.0,124.0,122.0,126.0,132.0,134.0,152.0,152.0,133.0,105.0,101.0,147.0,173.0,164.0,137.0,119.0,126.0,149.0,155.0,129.0,93.0,65.0,70.0,118.0,177.0,205.0,187.0,143.0,109.0,103.0,112.0,108.0,79.0,55.0,55.0,95.0,168.0,205.0,205.0,205.0,139.0,92.0,76.0,91.0,122.0,150.0,157.0,146.0,126.0,113.0,117.0,132.0,145.0,145.0,135.0,124.0,-0.9415340390713787,-0.33691787318267274
136.0,205.0,205.0,131.0,114.0,100.0,135.0,87.0,127.0,123.0,148.0,113.0,143.0,132.0,145.0,161.0,175.0,164.0,132.0,104.0,84.0,100.0,111.0,145.0,155.0,155.0,146.0,144.0,130.0,119.0,123.0,126.0,130.0,126.0,135.0,137.0,129.0,123.0,130.0,131.0,133.0,138.0,136.0,125.0,119.0,121.0,127.0,134.0,137.0,131.0,96.0,118.0,147.0,129.0,123.0,150.0,146.0,121.0,114.0,107.0,113.0,118.0,117.0,115.0,131.0,160.0,196.0,205.0,188.0,156.0,118.0,78.0,57.0,65.0,81.0,106.0,154.0,205.0,205.0,205.0,205.0,121.0,58.0,55.0,55.0,55.0,106.0,121.0,115.0,107.0,109.0,123.0,146.0,168.0,180.0,176.0,163.0,150.0,140.0,135.0,-0.9975102862051289,-0.07052112389179355
93.0,78.0,123.0,97.0,118.0,108.0,139.0,108.0,130.0,148.0,150.0,137.0,128.0,116.0,94.0,102.0,117.0,146.0,154.0,149.0,135.0,124.0,113.0,116.0,117.0,109.0,113.0,130.0,141.0,141.0,140.0,137.0,131.0,122.0,128.0,137.0,133.0,128.0,129.0,123.0,118.0,123.0,129.0,131.0,131.0,129.0,126.0,126.0,130.0,132.0,148.0,102.0,111.0,122.0,140.0,128.0,114.0,103.0,118.0,132.0,133.0,128.0,118.0,112.0,111.0,110.0,105.0,107.0,111.0,116.0,134.0,161.0,178.0,176.0,161.0,134.0,106.0,92.0,92.0,98.0,113.0,138.0,164.0,185.0,195.0,187.0,163.0,133.0,109.0,91.0,83.0,85.0,92.0,100.0,107.0,112.0,116.0,123.0,133.0,142.0,-0.9795704542699977,0.20110128075492284
142.0,108.0,66.0,142.0,87.0,115.0,105.0,145.0,111.0,126.0,144.0,147.0,145.0,128.0,113.0,80.0,92.0,110.0,153.0,165.0,162.0,140.0,122.0,107.0,109.0,112.0,105.0,112.0,129.0,142.0,143.0,144.0,141.0,133.0,122.0,128.0,136.0,133.0,127.0,129.0,127.0,121.0,123.0,126.0,130.0,131.0,131.0,128.0,127.0,130.0,156.0,141.0,120.0,102.0,100.0,116.0,135.0,134.0,122.0,113.0,124.0,152.0,171.0,155.0,98.0,55.0,55.0,55.0,110.0,205.0,205.0,205.0,170.0,112.0,68.0,55.0,55.0,85.0,132.0,172.0,196.0,199.0,187.0,168.0,146.0,123.0,105.0,97.0,100.0,109.0,115.0,115.0,115.0,107.0,109.0,115.0,128.0,141.0,147.0,146.0,-0.889043895007153,0.4578219662166838
55.0,129.0,161.0,154.0,141.0,158.0,162.0,127.0,126.0,135.0,134.0,103.0,113.0,115.0,133.0,149.0,170.0,155.0,128.0,102.0,94.0,110.0,124.0,143.0,148.0,143.0,138.0,147.0,138.0,121.0,113.0,113.0,115.0,118.0,127.0,134.0,127.0,119.0,124.0,127.0,128.0,135.0,139.0,131.0,125.0,124.0,126.0,128.0,131.0,129.0,145.0,164.0,145.0,111.0,129.0,118.0,119.0,135.0,164.0,169.0,166.0,154.0,143.0,133.0,120.0,99.0,63.0,55.0,86.0,158.0,205.0,205.0,205.0,140.0,74.0,59.0,94.0,136.0,150.0,122.0,70.0,55.0,55.0,136.0,205.0,205.0,205.0,177.0,118.0,91.0,96.0,119.0,139.0,142.0,125.0,107.0,102.0,112.0,131.0,146.0,-0.7326386779020351,0.6806177838125875
55.0,136.0,153.0,158.0,137.0,159.0,164.0,126.0,130.0,129.0,138.0,99.0,121.0,113.0,132.0,140.0,161.0,148.0,129.0,110.0,101.0,117.0,123.0,141.0,142.0,140.0,134.0,146.0,136.0,122.0,115.0,116.0,117.0,119.0,128.0,134.0,128.0,120.0,126.0,128.0,128.0,133.0,138.0,131.0,127.0,125.0,126.0,128.0,131.0,130.0,137.0,136.0,104.0,117.0,130.0,121.0,106.0,89.0,93.0,107.0,117.0,117.0,139.0,166.0,182.0,179.0,152.0,107.0,73.0,65.0,73.0,97.0,131.0,162.0,188.0,205.0,205.0,205.0,173.0,114.0,56.0,55.0,55.0,55.0,127.0,174.0,178.0,156.0,131.0,118.0,116.0,121.0,129.0,131.0,127.0,122.0,119.0,120.0,123.0,127.0,-0.5219445184234554,0.8529794368492756
126.0,200.0,143.0,164.0,141.0,168.0,113.0,141.0,137.0,129.0,103.0,107.0,122.0,135.0,172.0,174.0,162.0,116.0,94.0,85.0,109.0,128.0,151.0,155.0,147.0,147.0,148.0,136.0,117.0,113.0,111.0,115.0,118.0,132.0,135.0,125.0,120.0,126.0,129.0,132.0,139.0,139.0,129.0,124.0,124.0,127.0,132.0,133.0,129.0,124.0,111.0,75.0,91.0,109.0,139.0,132.0,117.0,102.0,100.0,96.0,113.0,127.0,133.0,136.0,144.0,155.0,162.0,152.0,113.0,64.0,55.0,55.0,57.0,147.0,192.0,205.0,191.0,172.0,164.0,167.0,162.0,129.0,73.0,55.0,55.0,55.0,72.0,198.0,205.0,205.0,205.0,155.0,114.0,98.0,98.0,102.0,100.0,92.0,85.0,86.0,-0.272573973521192,0.9621348288877545
205.0,154.0,76.0,125.0,104.0,118.0,91.0,137.0,127.0,124.0,130.0,141.0,141.0,140.0,158.0,139.0,132.0,110.0,108.0,111.0,123.0,132.0,143.0,141.0,131.0,136.0,126.0,117.0,121.0,130.0,131.0,130.0,131.0,137.0,130.0,122.0,128.0,132.0,129.0,133.0,135.0,126.0,120.0,121.0,126.0,131.0,134.0,131.0,126.0,124.0,101.0,77.0,68.0,80.0,127.0,164.0,178.0,164.0,121.0,105.0,121.0,138.0,126.0,100.0,72.0,74.0,137.0,205.0,205.0,205.0,141.0,55.0,55.0,55.0,55.0,69.0,163.0,205.0,205.0,205.0,205.0,118.0,55.0,55.0,55.0,55.0,74.0,186.0,205.0,205.0,205.0,205.0,132.0,116.0,121.0,130.0,128.0,112.0,92.0,81.0,-0.0030055422837803126,0.9999954833475901
205.0,205.0,95.0,79.0,106.0,109.0,103.0,102.0,142.0,117.0,120.0,128.0,157.0,147.0,141.0,118.0,87.0,79.0,98.0,141.0,168.0,172.0,152.0,131.0,108.0,105.0,109.0,108.0,106.0,122.0,139.0,145.0,146.0,144.0,139.0,125.0,123.0,135.0,138.0,132.0,129.0,124.0,116.0,118.0,128.0,134.0,134.0,131.0,126.0,125.0,146.0,158.0,127.0,122.0,144.0,129.0,115.0,123.0,134.0,141.0,130.0,106.0,94.0,110.0,135.0,152.0,147.0,132.0,130.0,147.0,163.0,164.0,142.0,99.0,68.0,87.0,143.0,191.0,204.0,170.0,111.0,74.0,88.0,138.0,183.0,195.0,166.0,112.0,68.0,56.0,71.0,104.0,134.0,146.0,139.0,128.0,126.0,136.0,150.0,157.0,0.26678560134483564,0.9637559042180102
146.0,55.0,118.0,115.0,180.0,130.0,169.0,161.0,130.0,127.0,121.0,148.0,98.0,129.0,106.0,128.0,120.0,151.0,141.0,138.0,122.0,114.0,124.0,122.0,134.0,134.0,136.0,127.0,143.0,136.0,126.0,117.0,119.0,120.0,121.0,126.0,134.0,131.0,121.0,126.0,127.0,125.0,130.0,138.0,133.0,129.0,126.0,125.0,126.0,130.0,121.0,123.0,112.0,111.0,131.0,131.0,116.0,106.0,106.0,113.0,122.0,124.0,124.0,126.0,123.0,113.0,97.0,82.0,79.0,90.0,109.0,131.0,159.0,185.0,202.0,204.0,185.0,139.0,83.0,55.0,55.0,55.0,99.0,190.0,205.0,205.0,205.0,190.0,135.0,98.0,78.0,71.0,70.0,72.0,76.0,82.0,94.0,108.0,122.0,135.0,0.5168077803059655,0.8561014649065967
55.0,55.0,137.0,145.0,155.0,132.0,173.0,119.0,131.0,112.0,141.0,114.0,125.0,110.0,86.0,85.0,98.0,138.0,163.0,174.0,155.0,139.0,109.0,102.0,105.0,110.0,114.0,131.0,136.0,132.0,130.0,130.0,131.0,122.0,124.0,133.0,133.0,126.0,127.0,123.0,118.0,124.0,134.0,137.0,134.0,128.0,122.0,122.0,129.0,136.0,163.0,134.0,138.0,103.0,121.0,94.0,110.0,123.0,138.0,133.0,137.0,149.0,180.0,204.0,176.0,112.0,55.0,55.0,55.0,55.0,68.0,157.0,199.0,205.0,205.0,205.0,205.0,69.0,55.0,55.0,55.0,55.0,159.0,205.0,205.0,205.0,159.0,146.0,163.0,187.0,191.0,165.0,121.0,82.0,60.0,62.0,80.0,97.0,103.0,103.0,0.7285342090570016,0.6850094205437536
139.0,165.0,148.0,151.0,149.0,175.0,114.0,143.0,124.0,139.0,96.0,124.0,116.0,131.0,144.0,154.0,147.0,125.0,115.0,106.0,123.0,124.0,141.0,139.0,137.0,135.0,145.0,134.0,121.0,117.0,116.0,120.0,120.0,130.0,134.0,127.0,120.0,128.0,127.0,128.0,134.0,137.0,131.0,127.0,126.0,126.0,128.0,131.0,130.0,127.0,135.0,114.0,144.0,142.0,123.0,104.0,100.0,111.0,136.0,149.0,146.0,141.0,134.0,145.0,155.0,157.0,145.0,120.0,93.0,99.0,145.0,188.0,200.0,175.0,118.0,61.0,55.0,72.0,137.0,191.0,205.0,205.0,146.0,84.0,55.0,55.0,55.0,55.0,110.0,133.0,152.0,165.0,170.0,168.0,164.0,158.0,151.0,143.0,138.0,133.0,0.8862758389084652,0.4631577888442516
86.0,125.0,187.0,134.0,162.0,154.0,156.0,117.0,134.0,142.0,120.0,105.0,106.0,124.0,138.0,174.0,170.0,153.0,109.0,89.0,88.0,109.0,130.0,153.0,158.0,146.0,143.0,141.0,130.0,115.0,115.0,113.0,114.0,118.0,130.0,133.0,123.0,120.0,126.0,128.0,131.0,139.0,137.0,128.0,123.0,124.0,126.0,131.0,131.0,127.0,96.0,72.0,99.0,119.0,125.0,134.0,132.0,108.0,89.0,73.0,71.0,86.0,104.0,118.0,144.0,177.0,201.0,205.0,191.0,135.0,69.0,55.0,55.0,55.0,71.0,189.0,205.0,205.0,205.0,205.0,202.0,98.0,55.0,55.0,55.0,55.0,67.0,142.0,161.0,156.0,139.0,123.0,117.0,122.0,133.0,142.0,143.0,136.0,126.0,119.0,0.9783439254475857,0.20698590178997395
109.0,71.0,116.0,98.0,109.0,118.0,134.0,114.0,115.0,145.0,151.0,148.0,130.0,106.0,76.0,82.0,110.0,154.0,174.0,168.0,144.0,120.0,103.0,105.0,109.0,104.0,109.0,128.0,142.0,145.0,145.0,142.0,133.0,122.0,127.0,137.0,135.0,129.0,127.0,121.0,115.0,121.0,130.0,134.0,132.0,128.0,124.0,125.0,131.0,135.0,139.0,99.0,98.0,116.0,154.0,164.0,142.0,98.0,67.0,71.0,100.0,121.0,115.0,103.0,112.0,154.0,205.0,205.0,205.0,103.0,55.0,55.0,55.0,117.0,205.0,205.0,186.0,130.0,103.0,116.0,154.0,184.0,182.0,150.0,105.0,72.0,64.0,79.0,102.0,115.0,114.0,107.0,107.0,121.0,142.0,156.0,156.0,145.0,132.0,126.0,0.9979161711417411,-0.064523758212051
205.0,109.0,119.0,92.0,131.0,85.0,134.0,132.0,139.0,118.0,131.0,138.0,141.0,174.0,170.0,162.0,123.0,102.0,85.0,98.0,112.0,143.0,158.0,155.0,151.0,141.0,125.0,115.0,122.0,126.0,129.0,127.0,135.0,134.0,124.0,123.0,131.0,131.0,133.0,138.0,133.0,122.0,118.0,122.0,129.0,135.0,136.0,129.0,121.0,120.0,122.0,137.0,159.0,132.0,132.0,138.0,124.0,123.0,94.0,128.0,156.0,183.0,162.0,167.0,152.0,142.0,126.0,104.0,67.0,55.0,55.0,113.0,182.0,205.0,205.0,175.0,106.0,69.0,72.0,99.0,118.0,102.0,67.0,55.0,82.0,143.0,199.0,205.0,205.0,165.0,125.0,109.0,115.0,135.0,147.0,145.0,128.0,110.0,101.0,108.0,0.9435422614625575,-0.3312521710632594
205.0,141.0,101.0,103.0,121.0,108.0,94.0,127.0,131.0,132.0,117.0,152.0,133.0,146.0,143.0,138.0,119.0,113.0,114.0,122.0,135.0,132.0,140.0,133.0,129.0,129.0,128.0,114.0,116.0,128.0,134.0,141.0,140.0,140.0,128.0,118.0,125.0,137.0,134.0,133.0,133.0,125.0,118.0,122.0,128.0,132.0,134.0,132.0,127.0,125.0,177.0,134.0,100.0,114.0,91.0,79.0,90.0,116.0,148.0,172.0,179.0,184.0,193.0,174.0,124.0,57.0,55.0,55.0,55.0,134.0,205.0,205.0,205.0,205.0,205.0,82.0,56.0,55.0,55.0,55.0,55.0,125.0,188.0,205.0,205.0,173.0,119.0,80.0,72.0,88.0,113.0,133.0,137.0,128.0,118.0,116.0,123.0,136.0,149.0,154.0,0.8192513340166473,-0.5734346097960462
109.0,75.0,123.0,109.0,112.0,101.0,143.0,115.0,125.0,136.0,149.0,140.0,137.0,133.0,109.0,109.0,110.0,131.0,139.0,142.0,135.0,133.0,123.0,122.0,124.0,115.0,113.0,126.0,137.0,138.0,138.0,136.0,133.0,122.0,122.0,132.0,137.0,135.0,135.0,125.0,114.0,118.0,127.0,133.0,133.0,131.0,126.0,124.0,127.0,130.0,160.0,144.0,104.0,71.0,99.0,104.0,120.0,125.0,141.0,115.0,115.0,119.0,147.0,167.0,161.0,121.0,84.0,84.0,116.0,163.0,181.0,160.0,113.0,86.0,89.0,126.0,168.0,188.0,179.0,155.0,131.0,113.0,102.0,90.0,75.0,64.0,71.0,96.0,138.0,176.0,194.0,182.0,155.0,130.0,117.0,116.0,122.0,128.0,126.0,118.0,0.6342534171592922,-0.7731252180738647
178.0,81.0,118.0,112.0,111.0,106.0,124.0,143.0,115.0,141.0,129.0,146.0,145.0,176.0,160.0,145.0,109.0,90.0,95.0,108.0,135.0,150.0,155.0,143.0,146.0,131.0,121.0,119.0,126.0,129.0,128.0,131.0,136.0,130.0,122.0,128.0,131.0,131.0,135.0,137.0,127.0,120.0,120.0,125.0,132.0,136.0,133.0,125.0,121.0,122.0,145.0,148.0,126.0,123.0,156.0,169.0,156.0,137.0,116.0,102.0,106.0,114.0,111.0,112.0,120.0,134.0,156.0,174.0,165.0,127.0,87.0,72.0,90.0,123.0,133.0,107.0,69.0,64.0,102.0,173.0,205.0,205.0,205.0,154.0,97.0,71.0,80.0,110.0,137.0,146.0,138.0,123.0,114.0,119.0,134.0,148.0,149.0,137.0,125.0,121.0,0.4022569616594852,-0.9155268083439607
205.0,127.0,78.0,125.0,107.0,116.0,94.0,143.0,119.0,125.0,129.0,149.0,139.0,138.0,142.0,121.0,122.0,114.0,122.0,124.0,132.0,133.0,141.0,132.0,127.0,128.0,119.0,113.0,123.0,135.0,137.0,136.0,134.0,135.0,126.0,123.0,132.0,134.0,129.0,131.0,131.0,123.0,120.0,125.0,129.0,131.0,133.0,130.0,126.0,126.0,115.0,153.0,179.0,141.0,119.0,118.0,129.0,128.0,138.0,138.0,135.0,136.0,124.0,112.0,108.0,111.0,122.0,134.0,141.0,161.0,189.0,201.0,195.0,170.0,120.0,70.0,55.0,55.0,72.0,116.0,169.0,205.0,205.0,205.0,205.0,149.0,97.0,55.0,55.0,55.0,55.0,58.0,117.0,142.0,156.0,162.0,166.0,169.0,169.0,166.0,0.14045303670776332,-0.9900873418439242
55.0,140.0,169.0,141.0,154.0,147.0,169.0,111.0,142.0,128.0,133.0,96.0,118.0,117.0,132.0,152.0,157.0,147.0,120.0,109.0,102.0,121.0,125.0,143.0,142.0,138.0,138.0,145.0,133.0,118.0,116.0,115.0,119.0,120.0,131.0,134.0,125.0,120.0,127.0,128.0,128.0,135.0,137.0,129.0,124.0,123.0,128.0,134.0,135.0,127.0,103.0,101.0,119.0,102.0,93.0,104.0,119.0,128.0,129.0,124.0,137.0,160.0,168.0,153.0,114.0,65.0,55.0,55.0,91.0,142.0,178.0,184.0,170.0,162.0,160.0,154.0,145.0,129.0,103.0,79.0,70.0,73.0,87.0,116.0,151.0,180.0,195.0,196.0,180.0,156.0,131.0,110.0,92.0,83.0,84.0,89.0,98.0,106.0,112.0,122.0,-0.13175853808008378,-0.9912818406704519
205.0,164.0,130.0,76.0,127.0,109.0,103.0,112.0,135.0,130.0,116.0,144.0,136.0,145.0,142.0,149.0,125.0,120.0,109.0,115.0,124.0,128.0,137.0,139.0,134.0,130.0,132.0,119.0,116.0,125.0,133.0,134.0,133.0,134.0,134.0,124.0,124.0,133.0,132.0,130.0,133.0,130.0,121.0,121.0,124.0,129.0,132.0,133.0,129.0,125.0,133.0,122.0,123.0,114.0,101.0,144.0,168.0,158.0,131.0,107.0,96.0,106.0,131.0,138.0,131.0,116.0,115.0,134.0,164.0,171.0,137.0,73.0,55.0,55.0,56.0,166.0,205.0,205.0,205.0,150.0,98.0,62.0,55.0,55.0,99.0,150.0,187.0,202.0,196.0,180.0,159.0,137.0,117.0,102.0,98.0,104.0,112.0,116.0,113.0,108.0,-0.39420673032099096,-0.919021791781693
198.0,205.0,106.0,120.0,104.0,125.0,92.0,125.0,137.0,131.0,129.0,133.0,145.0,140.0,177.0,173.0,165.0,121.0,92.0,79.0,97.0,122.0,150.0,163.0,154.0,150.0,140.0,127.0,116.0,123.0,126.0,128.0,127.0,135.0,135.0,125.0,124.0,131.0,132.0,134.0,139.0,134.0,123.0,118.0,122.0,129.0,136.0,137.0,129.0,122.0,110.0,84.0,113.0,109.0,104.0,105.0,127.0,117.0,148.0,172.0,200.0,190.0,168.0,123.0,82.0,57.0,61.0,83.0,98.0,127.0,169.0,205.0,205.0,196.0,146.0,80.0,55.0,55.0,94.0,135.0,146.0,118.0,70.0,55.0,55.0,111.0,179.0,205.0,205.0,205.0,174.0,139.0,120.0,115.0,116.0,110.0,100.0,92.0,93.0,103.0,-0.627443979826918,-0.7786617058639509
55.0,114.0,193.0,116.0,173.0,135.0,174.0,103.0,147.0,127.0,129.0,102.0,118.0,123.0,123.0,152.0,144.0,147.0,119.0,119.0,111.0,127.0,125.0,138.0,138.0,132.0,138.0,142.0,132.0,118.0,119.0,117.0,122.0,121.0,133.0,134.0,125.0,122.0,128.0,127.0,128.0,136.0,136.0,130.0,127.0,126.0,126.0,129.0,131.0,131.0,129.0,87.0,101.0,126.0,112.0,135.0,129.0,114.0,98.0,94.0,94.0,108.0,114.0,111.0,129.0,160.0,180.0,180.0,160.0,116.0,78.0,63.0,71.0,92.0,125.0,151.0,174.0,201.0,205.0,205.0,188.0,129.0,66.0,55.0,55.0,55.0,96.0,160.0,178.0,167.0,142.0,120.0,112.0,116.0,126.0,131.0,129.0,124.0,119.0,118.0,-0.814187273866362,-0.5806023450469878
55.0,69.0,115.0,139.0,156.0,139.0,177.0,123.0,130.0,111.0,145.0,115.0,127.0,110.0,90.0,85.0,99.0,134.0,161.0,175.0,157.0,142.0,111.0,104.0,105.0,111.0,114.0,131.0,137.0,133.0,130.0,131.0,132.0,122.0,124.0,133.0,134.0,127.0,127.0,124.0,119.0,124.0,135.0,138.0,135.0,129.0,123.0,122.0,129.0,136.0,112.0,86.0,90.0,133.0,138.0,128.0,130.0,125.0,105.0,97.0,97.0,115.0,137.0,141.0,136.0,144.0,161.0,171.0,161.0,119.0,65.0,55.0,55.0,87.0,163.0,205.0,205.0,188.0,165.0,152.0,143.0,129.0,101.0,64.0,55.0,55.0,97.0,152.0,192.0,202.0,182.0,147.0,118.0,111.0,118.0,129.0,126.0,116.0,107.0,106.0,-0.9405988282292794,-0.33952002051971336
61.0,74.0,190.0,115.0,177.0,143.0,167.0,108.0,125.0,135.0,119.0,125.0,110.0,118.0,90.0,118.0,118.0,151.0,150.0,151.0,137.0,125.0,113.0,115.0,121.0,116.0,129.0,135.0,134.0,125.0,127.0,126.0,126.0,120.0,130.0,134.0,127.0,125.0,127.0,122.0,122.0,132.0,136.0,134.0,130.0,126.0,122.0,126.0,132.0,135.0,156.0,125.0,136.0,130.0,162.0,121.0,103.0,121.0,165.0,167.0,142.0,94.0,75.0,102.0,136.0,160.0,169.0,156.0,130.0,141.0,170.0,182.0,158.0,106.0,55.0,55.0,55.0,55.0,113.0,203.0,205.0,205.0,205.0,205.0,88.0,55.0,55.0,55.0,55.0,94.0,163.0,184.0,185.0,176.0,162.0,153.0,152.0,155.0,153.0,146.0,-0.9973114749007406,-0.07327906953086623
127.0,171.0,132.0,165.0,139.0,179.0,102.0,146.0,120.0,138.0,96.0,122.0,117.0,124.0,143.0,145.0,146.0,124.0,120.0,110.0,126.0,122.0,138.0,136.0,133.0,134.0,142.0,133.0,120.0,119.0,117.0,121.0,120.0,131.0,134.0,127.0,120.0,128.0,126.0,127.0,134.0,136.0,128.0,125.0,127.0,131.0,133.0,131.0,125.0,123.0,170.0,130.0,101.0,87.0,114.0,110.0,102.0,96.0,114.0,122.0,134.0,135.0,144.0,156.0,153.0,133.0,102.0,74.0,62.0,80.0,111.0,151.0,190.0,205.0,204.0,166.0,113.0,63.0,55.0,80.0,147.0,198.0,205.0,173.0,105.0,57.0,55.0,82.0,138.0,180.0,192.0,174.0,142.0,115.0,101.0,102.0,109.0,115.0,114.0,112.0,-0.9801227745339544,0.19839190215294406
55.0,120.0,149.0,146.0,151.0,142.0,180.0,111.0,143.0,112.0,149.0,91.0,131.0,109.0,122.0,123.0,140.0,143.0,134.0,131.0,117.0,129.0,116.0,131.0,130.0,133.0,128.0,141.0,134.0,123.0,119.0,119.0,123.0,120.0,128.0,133.0,130.0,121.0,128.0,126.0,125.0,130.0,137.0,132.0,129.0,126.0,124.0,126.0,130.0,132.0,120.0,84.0,92.0,104.0,127.0,104.0,98.0,100.0,116.0,125.0,127.0,131.0,145.0,158.0,154.0,132.0,87.0,56.0,55.0,55.0,98.0,147.0,175.0,179.0,174.0,172.0,176.0,179.0,172.0,140.0,86.0,55.0,55.0,55.0,55.0,137.0,205.0,205.0,205.0,205.0,157.0,116.0,92.0,81.0,76.0,73.0,68.0,69.0,82.0,103.0,-0.8903064195940236,0.45536192114588425
196.0,205.0,116.0,98.0,89.0,133.0,96.0,103.0,119.0,135.0,120.0,125.0,152.0,138.0,142.0,128.0,121.0,103.0,113.0,121.0,139.0,144.0,141.0,137.0,127.0,119.0,119.0,120.0,109.0,118.0,133.0,141.0,139.0,138.0,136.0,130.0,122.0,129.0,137.0,131.0,129.0,130.0,123.0,118.0,124.0,129.0,131.0,132.0,130.0,126.0,114.0,108.0,90.0,102.0,119.0,139.0,126.0,132.0,135.0,169.0,198.0,191.0,132.0,61.0,55.0,55.0,55.0,57.0,132.0,182.0,205.0,205.0,205.0,205.0,93.0,55.0,55.0,55.0,55.0,85.0,205.0,205.0,205.0,169.0,150.0,157.0,177.0,187.0,173.0,135.0,94.0,64.0,58.0,71.0,90.0,100.0,102.0,103.0,113.0,133.0,-0.7345178530224733,0.6785893630106917
205.0,196.0,184.0,90.0,104.0,110.0,104.0,118.0,127.0,152.0,108.0,132.0,123.0,147.0,155.0,182.0,168.0,143.0,105.0,81.0,89.0,105.0,136.0,153.0,158.0,146.0,148.0,133.0,121.0,117.0,123.0,126.0,125.0,130.0,136.0,130.0,121.0,127.0,131.0,132.0,135.0,137.0,127.0,118.0,118.0,124.0,132.0,137.0,133.0,125.0,180.0,141.0,109.0,133.0,141.0,136.0,112.0,104.0,104.0,129.0,141.0,146.0,144.0,141.0,145.0,154.0,157.0,149.0,131.0,102.0,95.0,130.0,178.0,200.0,186.0,137.0,76.0,55.0,60.0,121.0,173.0,205.0,205.0,170.0,108.0,56.0,55.0,55.0,55.0,104.0,130.0,146.0,157.0,165.0,171.0,172.0,165.0,153.0,143.0,138.0,-0.5243010961331406,0.8515329474504126
185.0,205.0,93.0,122.0,105.0,120.0,94.0,125.0,140.0,128.0,129.0,129.0,142.0,143.0,180.0,169.0,156.0,111.0,94.0,88.0,104.0,122.0,146.0,157.0,150.0,152.0,138.0,124.0,115.0,123.0,126.0,128.0,128.0,136.0,133.0,122.0,125.0,131.0,132.0,134.0,138.0,131.0,121.0,118.0,123.0,130.0,136.0,135.0,127.0,121.0,137.0,134.0,101.0,99.0,107.0,121.0,127.0,119.0,134.0,120.0,117.0,93.0,84.0,76.0,90.0,103.0,125.0,153.0,182.0,202.0,205.0,188.0,139.0,84.0,55.0,55.0,55.0,93.0,183.0,205.0,205.0,205.0,205.0,142.0,93.0,64.0,57.0,63.0,76.0,87.0,96.0,103.0,111.0,119.0,128.0,137.0,145.0,151.0,154.0,154.0,-0.275233330072653,0.9613774565783816
96.0,92.0,104.0,118.0,98.0,105.0,140.0,119.0,123.0,127.0,158.0,138.0,140.0,121.0,102.0,95.0,110.0,136.0,152.0,155.0,139.0,127.0,111.0,116.0,121.0,118.0,109.0,123.0,136.0,141.0,141.0,140.0,136.0,125.0,123.0,133.0,137.0,130.0,130.0,127.0,119.0,120.0,127.0,132.0,132.0,131.0,127.0,125.0,129.0,132.0,152.0,132.0,101.0,108.0,129.0,170.0,182.0,159.0,107.0,70.0,57.0,66.0,77.0,79.0,80.0,109.0,175.0,205.0,205.0,205.0,185.0,55.0,55.0,55.0,55.0,166.0,205.0,205.0,187.0,134.0,120.0,148.0,189.0,205.0,183.0,130.0,81.0,58.0,61.0,83.0,101.0,104.0,98.0,96.0,109.0,134.0,156.0,164.0,155.0,138.0,-0.00577061784530978,0.9999833498462278
205.0,111.0,117.0,90.0,138.0,89.0,131.0,129.0,137.0,118.0,131.0,140.0,143.0,174.0,173.0,165.0,122.0,96.0,78.0,97.0,116.0,147.0,159.0,154.0,148.0,141.0,128.0,116.0,122.0,124.0,127.0,126.0,134.0,135.0,125.0,122.0,130.0,131.0,133.0,138.0,134.0,122.0,117.0,121.0,128.0,135.0,136.0,130.0,122.0,120.0,167.0,137.0,151.0,117.0,145.0,117.0,117.0,100.0,146.0,172.0,178.0,163.0,155.0,151.0,141.0,126.0,86.0,55.0,55.0,80.0,149.0,205.0,205.0,205.0,140.0,82.0,65.0,84.0,112.0,112.0,81.0,56.0,56.0,116.0,181.0,205.0,205.0,182.0,139.0,111.0,106.0,120.0,139.0,149.0,145.0,129.0,110.0,102.0,113.0,133.0,0.2641197004436805,0.9644899086240045
110.0,99.0,72.0,141.0,90.0,113.0,113.0,136.0,116.0,124.0,154.0,140.0,148.0,121.0,109.0,79.0,95.0,117.0,157.0,167.0,158.0,139.0,118.0,107.0,109.0,112.0,104.0,115.0,131.0,143.0,144.0,144.0,140.0,130.0,122.0,130.0,138.0,133.0,129.0,127.0,120.0,116.0,124.0,131.0,133.0,131.0,128.0,125.0,127.0,132.0,133.0,158.0,134.0,136.0,147.0,91.0,95.0,94.0,126.0,136.0,160.0,148.0,157.0,161.0,158.0,137.0,95.0,55.0,55.0,56.0,133.0,205.0,205.0,205.0,205.0,162.0,98.0,55.0,55.0,55.0,55.0,99.0,156.0,199.0,205.0,205.0,182.0,124.0,75.0,55.0,55.0,55.0,98.0,121.0,132.0,137.0,140.0,144.0,152.0,161.0,0.5144385988369209,0.8575272170763477
77.0,83.0,164.0,138.0,156.0,157.0,149.0,125.0,115.0,145.0,114.0,129.0,108.0,106.0,80.0,99.0,117.0,155.0,171.0,165.0,148.0,119.0,104.0,103.0,112.0,111.0,126.0,133.0,134.0,128.0,133.0,137.0,131.0,121.0,125.0,132.0,128.0,129.0,128.0,121.0,119.0,131.0,137.0,137.0,132.0,125.0,121.0,126.0,134.0,138.0,92.0,104.0,128.0,124.0,142.0,130.0,105.0,90.0,92.0,109.0,132.0,141.0,132.0,138.0,154.0,169.0,165.0,132.0,78.0,55.0,55.0,56.0,140.0,196.0,205.0,194.0,170.0,153.0,144.0,137.0,110.0,68.0,55.0,55.0,74.0,140.0,182.0,199.0,186.0,156.0,126.0,111.0,111.0,120.0,125.0,121.0,112.0,105.0,105.0,112.0,0.7266373047132771,0.6870212714312594
153.0,82.0,55.0,55.0,153.0,142.0,149.0,140.0,166.0,127.0,121.0,120.0,132.0,122.0,121.0,107.0,77.0,79.0,98.0,144.0,172.0,179.0,158.0,133.0,103.0,96.0,101.0,109.0,119.0,135.0,136.0,129.0,128.0,132.0,132.0,123.0,124.0,132.0,132.0,126.0,126.0,122.0,118.0,124.0,134.0,138.0,134.0,127.0,121.0,122.0,156.0,151.0,126.0,100.0,111.0,149.0,167.0,160.0,139.0,124.0,131.0,147.0,144.0,117.0,84.0,64.0,84.0,140.0,190.0,204.0,173.0,130.0,104.0,105.0,112.0,99.0,66.0,55.0,55.0,121.0,191.0,205.0,205.0,179.0,119.0,82.0,78.0,101.0,134.0,155.0,155.0,138.0,119.0,112.0,122.0,138.0,147.0,142.0,130.0,122.0,0.8849917733798908,0.46560665915546795
196.0,189.0,205.0,88.0,132.0,103.0,123.0,91.0,132.0,141.0,132.0,131.0,132.0,143.0,143.0,179.0,166.0,158.0,114.0,94.0,88.0,107.0,127.0,150.0,157.0,148.0,148.0,137.0,125.0,118.0,126.0,128.0,129.0,129.0,137.0,134.0,124.0,126.0,132.0,131.0,134.0,139.0,131.0,122.0,120.0,124.0,130.0,135.0,133.0,130.0,152.0,122.0,135.0,155.0,136.0,115.0,111.0,108.0,117.0,119.0,117.0,120.0,144.0,180.0,205.0,204.0,173.0,139.0,99.0,65.0,60.0,75.0,92.0,127.0,181.0,205.0,205.0,205.0,160.0,87.0,55.0,55.0,55.0,96.0,120.0,121.0,108.0,102.0,111.0,131.0,157.0,177.0,183.0,173.0,158.0,146.0,138.0,135.0,132.0,124.0,0.9777678487195375,0.209690328843196
104.0,67.0,124.0,94.0,112.0,113.0,139.0,112.0,121.0,146.0,147.0,146.0,129.0,110.0,79.0,87.0,110.0,154.0,169.0,164.0,142.0,120.0,105.0,107.0,111.0,105.0,111.0,129.0,143.0,144.0,145.0,141.0,133.0,122.0,128.0,137.0,134.0,129.0,128.0,121.0,116.0,123.0,131.0,134.0,132.0,128.0,125.0,126.0,131.0,135.0,129.0,120.0,114.0,122.0,127.0,121.0,112.0,116.0,127.0,128.0,129.0,119.0,112.0,109.0,107.0,105.0,108.0,111.0,116.0,137.0,165.0,179.0,175.0,158.0,129.0,102.0,91.0,92.0,99.0,115.0,141.0,167.0,187.0,195.0,183.0,158.0,129.0,105.0,89.0,83.0,86.0,93.0,100.0,107.0,112.0,117.0,124.0,133.0,142.0,148.0,0.9980907708271354,-0.06176417399832002
153.0,150.0,155.0,152.0,123.0,135.0,144.0,121.0,104.0,109.0,124.0,142.0,171.0,173.0,152.0,112.0,90.0,91.0,112.0,132.0,150.0,153.0,145.0,147.0,147.0,133.0,116.0,113.0,112.0,114.0,118.0,130.0,136.0,128.0,124.0,125.0,124.0,129.0,139.0,140.0,130.0,123.0,123.0,126.0,131.0,132.0,129.0,124.0,125.0,126.0,142.0,118.0,99.0,115.0,141.0,154.0,147.0,139.0,131.0,132.0,128.0,109.0,82.0,65.0,69.0,95.0,141.0,184.0,204.0,197.0,170.0,132.0,97.0,71.0,56.0,55.0,72.0,117.0,165.0,201.0,205.0,205.0,180.0,150.0,126.0,111.0,106.0,107.0,109.0,107.0,103.0,98.0,102.0,116.0,131.0,138.0,136.0,135.0,139.0,145.0,0.9444545996254863,-0.32864191644746465
55.0,119.0,101.0,184.0,119.0,165.0,162.0,134.0,129.0,114.0,151.0,97.0,133.0,104.0,125.0,109.0,141.0,136.0,144.0,134.0,124.0,129.0,119.0,127.0,126.0,131.0,123.0,140.0,135.0,128.0,120.0,122.0,123.0,121.0,124.0,133.0,132.0,122.0,127.0,127.0,124.0,127.0,136.0,134.0,129.0,125.0,123.0,128.0,134.0,135.0,165.0,169.0,145.0,147.0,143.0,153.0,147.0,133.0,116.0,137.0,152.0,161.0,135.0,101.0,88.0,111.0,141.0,164.0,173.0,151.0,128.0,141.0,175.0,188.0,167.0,112.0,55.0,55.0,55.0,55.0,125.0,197.0,205.0,205.0,205.0,180.0,114.0,59.0,55.0,55.0,55.0,55.0,117.0,153.0,175.0,183.0,179.0,169.0,163.0,162.0,0.8208338058807763,-0.5711671061285656
127.0,201.0,135.0,162.0,143.0,164.0,119.0,147.0,142.0,120.0,99.0,104.0,127.0,139.0,177.0,172.0,158.0,111.0,91.0,88.0,112.0,131.0,151.0,154.0,145.0,148.0,147.0,134.0,116.0,113.0,111.0,115.0,120.0,133.0,134.0,124.0,120.0,127.0,129.0,133.0,140.0,137.0,129.0,124.0,125.0,128.0,132.0,133.0,129.0,124.0,124.0,101.0,131.0,86.0,109.0,105.0,132.0,115.0,136.0,138.0,160.0,161.0,146.0,120.0,99.0,74.0,64.0,86.0,120.0,171.0,205.0,205.0,203.0,151.0,92.0,55.0,55.0,105.0,165.0,195.0,182.0,130.0,79.0,63.0,90.0,134.0,170.0,178.0,158.0,127.0,105.0,97.0,104.0,117.0,125.0,123.0,118.0,117.0,123.0,134.0,0.6363887606602097,-0.7713684886650234
158.0,134.0,91.0,124.0,106.0,98.0,119.0,137.0,134.0,114.0,145.0,136.0,147.0,145.0,151.0,128.0,120.0,110.0,115.0,125.0,128.0,139.0,140.0,136.0,128.0,133.0,120.0,117.0,128.0,133.0,134.0,131.0,135.0,136.0,127.0,125.0,133.0,132.0,131.0,135.0,131.0,122.0,121.0,125.0,129.0,133.0,134.0,130.0,126.0,126.0,150.0,107.0,75.0,100.0,109.0,131.0,99.0,94.0,99.0,118.0,128.0,127.0,131.0,144.0,159.0,155.0,132.0,86.0,55.0,55.0,55.0,99.0,148.0,176.0,179.0,174.0,172.0,176.0,180.0,173.0,140.0,86.0,55.0,55.0,55.0,55.0,142.0,205.0,205.0,205.0,205.0,158.0,118.0,94.0,80.0,72.0,68.0,68.0,75.0,87.0,0.40478694663030884,-0.914411027841261
106.0,194.0,110.0,178.0,132.0,177.0,102.0,146.0,127.0,126.0,106.0,116.0,125.0,118.0,150.0,139.0,148.0,121.0,123.0,115.0,128.0,124.0,136.0,136.0,130.0,138.0,140.0,132.0,118.0,120.0,118.0,123.0,121.0,133.0,133.0,124.0,121.0,126.0,128.0,132.0,140.0,134.0,126.0,124.0,126.0,128.0,131.0,131.0,130.0,127.0,123.0,123.0,125.0,155.0,148.0,141.0,100.0,98.0,105.0,128.0,130.0,137.0,139.0,157.0,189.0,202.0,172.0,107.0,55.0,55.0,55.0,55.0,71.0,170.0,205.0,205.0,205.0,205.0,205.0,55.0,55.0,55.0,55.0,55.0,146.0,205.0,205.0,205.0,204.0,157.0,140.0,141.0,143.0,134.0,113.0,89.0,75.0,76.0,91.0,109.0,0.14319018982442552,-0.9896951902166874
144.0,55.0,78.0,92.0,199.0,109.0,183.0,137.0,163.0,104.0,139.0,136.0,117.0,113.0,110.0,127.0,114.0,151.0,136.0,146.0,121.0,122.0,118.0,126.0,127.0,134.0,136.0,127.0,139.0,139.0,131.0,117.0,120.0,118.0,122.0,122.0,133.0,133.0,123.0,123.0,128.0,126.0,128.0,137.0,135.0,130.0,127.0,126.0,125.0,128.0,144.0,104.0,136.0,142.0,131.0,111.0,102.0,107.0,131.0,147.0,149.0,145.0,138.0,144.0,154.0,157.0,149.0,126.0,97.0,96.0,138.0,185.0,202.0,181.0,128.0,68.0,55.0,60.0,129.0,185.0,205.0,205.0,156.0,92.0,55.0,55.0,55.0,55.0,110.0,133.0,147.0,158.0,168.0,174.0,172.0,161.0,143.0,136.0,139.0,140.0,-0.12901704141898276,-0.9916423765771067
204.0,205.0,130.0,93.0,88.0,135.0,93.0,108.0,114.0,144.0,111.0,123.0,142.0,148.0,145.0,133.0,117.0,90.0,101.0,118.0,150.0,157.0,151.0,134.0,122.0,112.0,117.0,118.0,109.0,115.0,131.0,142.0,141.0,141.0,138.0,131.0,121.0,129.0,137.0,133.0,129.0,129.0,123.0,117.0,124.0,130.0,132.0,131.0,129.0,125.0,89.0,90.0,114.0,107.0,138.0,138.0,122.0,90.0,75.0,68.0,83.0,101.0,115.0,137.0,168.0,197.0,205.0,204.0,154.0,87.0,55.0,55.0,55.0,57.0,160.0,205.0,205.0,205.0,205.0,205.0,115.0,55.0,55.0,55.0,55.0,59.0,135.0,156.0,154.0,141.0,129.0,121.0,121.0,129.0,138.0,142.0,138.0,130.0,121.0,117.0,-0.39166403657597126,-0.9201082993066719
185.0,202.0,205.0,101.0,124.0,102.0,125.0,91.0,128.0,140.0,135.0,126.0,128.0,142.0,144.0,181.0,174.0,164.0,116.0,91.0,80.0,100.0,123.0,150.0,161.0,152.0,150.0,140.0,127.0,116.0,124.0,126.0,128.0,127.0,136.0,135.0,124.0,124.0,130.0,132.0,134.0,136.0,133.0,123.0,118.0,124.0,130.0,136.0,134.0,128.0,136.0,102.0,102.0,129.0,171.0,186.0,160.0,103.0,66.0,55.0,67.0,79.0,80.0,80.0,110.0,178.0,205.0,205.0,205.0,161.0,55.0,55.0,55.0,55.0,174.0,205.0,205.0,176.0,128.0,124.0,155.0,193.0,205.0,178.0,126.0,80.0,58.0,64.0,84.0,100.0,102.0,97.0,97.0,111.0,135.0,156.0,163.0,154.0,138.0,127.0,-0.62528850404943,-0.7803936741822206
115.0,90.0,86.0,134.0,93.0,108.0,115.0,139.0,112.0,130.0,149.0,147.0,141.0,126.0,110.0,87.0,102.0,122.0,155.0,159.0,151.0,134.0,119.0,110.0,115.0,116.0,108.0,117.0,133.0,143.0,142.0,142.0,138.0,130.0,122.0,131.0,138.0,133.0,129.0,128.0,121.0,118.0,125.0,131.0,132.0,131.0,128.0,126.0,128.0,132.0,159.0,161.0,136.0,126.0,123.0,109.0,109.0,154.0,183.0,183.0,166.0,154.0,143.0,140.0,132.0,84.0,55.0,55.0,80.0,170.0,205.0,205.0,205.0,124.0,72.0,65.0,92.0,114.0,100.0,61.0,55.0,55.0,140.0,205.0,205.0,205.0,174.0,111.0,82.0,90.0,121.0,150.0,158.0,146.0,124.0,110.0,113.0,130.0,147.0,151.0,-0.8125787380364253,-0.5828514343219294
89.0,87.0,120.0,108.0,102.0,130.0,121.0,123.0,123.0,157.0,136.0,142.0,132.0,120.0,105.0,110.0,121.0,137.0,144.0,137.0,136.0,124.0,120.0,123.0,120.0,111.0,119.0,133.0,138.0,138.0,136.0,136.0,128.0,122.0,130.0,136.0,130.0,130.0,130.0,123.0,119.0,124.0,128.0,129.0,129.0,127.0,129.0,132.0,134.0,128.0,125.0,160.0,144.0,99.0,84.0,113.0,128.0,137.0,149.0,149.0,167.0,171.0,158.0,123.0,84.0,55.0,55.0,87.0,149.0,205.0,205.0,205.0,205.0,158.0,92.0,55.0,55.0,55.0,55.0,103.0,155.0,194.0,205.0,205.0,197.0,139.0,85.0,55.0,55.0,55.0,56.0,111.0,132.0,144.0,150.0,153.0,159.0,166.0,168.0,165.0,-0.9396564257659903,-0.34211957195793974
93.0,83.0,130.0,103.0,112.0,128.0,115.0,117.0,128.0,162.0,139.0,141.0,120.0,105.0,92.0,109.0,132.0,153.0,153.0,141.0,132.0,117.0,114.0,117.0,115.0,108.0,122.0,136.0,142.0,140.0,139.0,135.0,126.0,123.0,132.0,136.0,130.0,129.0,127.0,120.0,119.0,127.0,131.0,132.0,131.0,128.0,125.0,128.0,131.0,132.0,129.0,101.0,98.0,126.0,135.0,96.0,86.0,103.0,129.0,138.0,131.0,125.0,142.0,166.0,170.0,148.0,103.0,58.0,55.0,55.0,108.0,156.0,185.0,182.0,169.0,163.0,161.0,154.0,144.0,124.0,97.0,77.0,72.0,78.0,95.0,128.0,162.0,187.0,199.0,194.0,175.0,150.0,126.0,106.0,90.0,84.0,86.0,93.0,103.0,111.0,-0.9971050383621683,-0.07603645489354961
205.0,114.0,92.0,83.0,123.0,106.0,104.0,123.0,128.0,121.0,122.0,155.0,136.0,143.0,133.0,127.0,106.0,110.0,117.0,133.0,141.0,136.0,142.0,132.0,124.0,119.0,117.0,109.0,119.0,135.0,140.0,137.0,134.0,135.0,129.0,123.0,129.0,136.0,130.0,129.0,130.0,124.0,119.0,123.0,128.0,130.0,131.0,130.0,126.0,126.0,125.0,105.0,109.0,124.0,131.0,108.0,126.0,151.0,160.0,143.0,119.0,97.0,99.0,122.0,138.0,135.0,119.0,113.0,129.0,158.0,171.0,146.0,85.0,55.0,55.0,55.0,147.0,205.0,205.0,205.0,140.0,137.0,134.0,135.0,129.0,123.0,129.0,136.0,130.0,129.0,130.0,124.0,119.0,123.0,128.0,130.0,131.0,130.0,126.0,126.0,-0.9806676009849206,0.19568100668813163
65.0,55.0,118.0,183.0,121.0,173.0,136.0,176.0,101.0,147.0,124.0,132.0,99.0,119.0,121.0,122.0,148.0,142.0,147.0,121.0,120.0,111.0,127.0,123.0,137.0,137.0,132.0,136.0,142.0,132.0,118.0,119.0,116.0,122.0,120.0,132.0,133.0,125.0,121.0,128.0,126.0,127.0,135.0,136.0,133.0,126.0,124.0,123.0,128.0,132.0,148.0,120.0,82.0,113.0,100.0,118.0,111.0,126.0,114.0,143.0,179.0,203.0,192.0,161.0,127.0,88.0,63.0,60.0,80.0,93.0,125.0,171.0,205.0,205.0,205.0,149.0,80.0,55.0,55.0,87.0,126.0,139.0,116.0,76.0,57.0,73.0,120.0,178.0,205.0,205.0,205.0,168.0,140.0,123.0,120.0,119.0,114.0,103.0,96.0,97.0,-0.8915621370849005,0.4528983944734239
112.0,88.0,99.0,117.0,108.0,98.0,137.0,119.0,126.0,123.0,155.0,135.0,142.0,133.0,118.0,106.0,110.0,124.0,138.0,144.0,136.0,136.0,124.0,121.0,123.0,120.0,111.0,121.0,134.0,138.0,138.0,136.0,136.0,127.0,122.0,131.0,136.0,129.0,130.0,130.0,122.0,119.0,125.0,129.0,131.0,132.0,128.0,126.0,126.0,129.0,139.0,130.0,115.0,117.0,114.0,116.0,121.0,125.0,124.0,123.0,118.0,115.0,115.0,111.0,101.0,101.0,107.0,116.0,135.0,162.0,177.0,175.0,158.0,132.0,105.0,92.0,92.0,97.0,111.0,136.0,163.0,184.0,194.0,185.0,162.0,132.0,108.0,90.0,83.0,85.0,91.0,99.0,106.0,111.0,116.0,122.0,131.0,141.0,147.0,148.0,-0.736391412173594,0.6765557538569752
205.0,138.0,103.0,87.0,140.0,95.0,105.0,105.0,143.0,115.0,130.0,149.0,147.0,138.0,129.0,123.0,100.0,107.0,116.0,141.0,147.0,145.0,135.0,129.0,117.0,119.0,121.0,111.0,114.0,130.0,140.0,140.0,139.0,136.0,132.0,122.0,127.0,136.0,134.0,129.0,130.0,125.0,118.0,123.0,128.0,131.0,132.0,130.0,127.0,126.0,108.0,132.0,144.0,152.0,146.0,134.0,124.0,123.0,114.0,92.0,71.0,65.0,85.0,131.0,180.0,204.0,201.0,177.0,141.0,99.0,67.0,55.0,55.0,73.0,114.0,160.0,197.0,205.0,205.0,183.0,154.0,128.0,111.0,105.0,106.0,108.0,108.0,104.0,101.0,102.0,111.0,123.0,133.0,139.0,140.0,141.0,142.0,142.0,139.0,134.0,-0.5266536651467076,0.8500799474093831
137.0,55.0,124.0,127.0,168.0,134.0,162.0,168.0,125.0,132.0,118.0,147.0,95.0,130.0,108.0,129.0,125.0,150.0,142.0,136.0,123.0,113.0,125.0,120.0,134.0,133.0,136.0,128.0,143.0,135.0,124.0,118.0,119.0,121.0,120.0,127.0,134.0,130.0,120.0,127.0,127.0,126.0,131.0,138.0,133.0,129.0,126.0,125.0,126.0,130.0,167.0,172.0,139.0,147.0,140.0,160.0,148.0,130.0,110.0,134.0,155.0,165.0,137.0,98.0,85.0,108.0,142.0,165.0,175.0,151.0,128.0,141.0,175.0,186.0,164.0,107.0,55.0,55.0,55.0,55.0,133.0,194.0,205.0,205.0,205.0,176.0,107.0,55.0,55.0,55.0,55.0,55.0,121.0,154.0,175.0,182.0,177.0,168.0,162.0,161.0,-0.27789058224785357,0.960612733778784
67.0,55.0,97.0,193.0,107.0,182.0,124.0,186.0,97.0,147.0,121.0,131.0,106.0,117.0,123.0,109.0,138.0,130.0,149.0,130.0,134.0,119.0,130.0,119.0,130.0,131.0,126.0,133.0,139.0,133.0,120.0,123.0,119.0,124.0,120.0,131.0,134.0,126.0,121.0,126.0,124.0,130.0,140.0,139.0,128.0,123.0,124.0,126.0,130.0,133.0,115.0,114.0,107.0,114.0,102.0,95.0,100.0,111.0,114.0,137.0,164.0,180.0,179.0,157.0,114.0,76.0,64.0,70.0,92.0,126.0,159.0,184.0,205.0,205.0,205.0,180.0,123.0,61.0,55.0,55.0,55.0,98.0,164.0,179.0,165.0,139.0,118.0,112.0,117.0,128.0,132.0,129.0,123.0,118.0,118.0,121.0,126.0,130.0,130.0,130.0,-0.008535649285907443,0.9999635706820864
55.0,68.0,100.0,195.0,108.0,180.0,137.0,170.0,103.0,143.0,132.0,122.0,108.0,113.0,126.0,118.0,152.0,139.0,146.0,120.0,120.0,115.0,127.0,126.0,135.0,136.0,129.0,139.0,139.0,131.0,117.0,119.0,118.0,122.0,121.0,133.0,132.0,124.0,123.0,128.0,126.0,128.0,136.0,135.0,130.0,127.0,126.0,125.0,129.0,131.0,100.0,78.0,96.0,112.0,145.0,122.0,113.0,97.0,98.0,100.0,122.0,129.0,134.0,139.0,149.0,159.0,159.0,138.0,91.0,55.0,55.0,55.0,96.0,168.0,199.0,200.0,183.0,168.0,166.0,169.0,156.0,110.0,55.0,55.0,55.0,55.0,123.0,205.0,205.0,205.0,205.0,139.0,106.0,96.0,98.0,99.0,95.0,86.0,82.0,88.0,0.26145178013873105,0.9652165387426226
119.0,55.0,98.0,130.0,181.0,123.0,171.0,153.0,149.0,112.0,136.0,138.0,114.0,109.0,112.0,126.0,134.0,164.0,153.0,145.0,113.0,103.0,103.0,118.0,132.0,145.0,146.0,137.0,144.0,139.0,126.0,114.0,116.0,116.0,119.0,123.0,133.0,130.0,121.0,123.0,127.0,127.0,131.0,138.0,134.0,127.0,125.0,125.0,127.0,131.0,149.0,135.0,152.0,135.0,128.0,96.0,104.0,114.0,123.0,132.0,137.0,146.0,167.0,198.0,193.0,151.0,81.0,55.0,55.0,55.0,55.0,116.0,189.0,205.0,205.0,205.0,205.0,121.0,55.0,55.0,55.0,55.0,76.0,189.0,205.0,205.0,205.0,176.0,146.0,137.0,140.0,140.0,127.0,105.0,83.0,75.0,82.0,97.0,109.0,115.0,0.5120654840783392,0.8589464127730065
180.0,125.0,172.0,152.0,146.0,114.0,136.0,139.0,113.0,111.0,112.0,126.0,135.0,166.0,155.0,140.0,108.0,100.0,106.0,123.0,136.0,144.0,141.0,132.0,144.0,145.0,133.0,118.0,112.0,110.0,116.0,125.0,137.0,133.0,120.0,121.0,126.0,127.0,133.0,140.0,134.0,127.0,124.0,125.0,127.0,131.0,131.0,127.0,125.0,126.0,113.0,133.0,145.0,131.0,109.0,103.0,103.0,128.0,145.0,150.0,143.0,137.0,140.0,152.0,158.0,151.0,132.0,101.0,92.0,125.0,175.0,201.0,189.0,142.0,80.0,55.0,55.0,114.0,173.0,205.0,205.0,170.0,106.0,56.0,55.0,55.0,55.0,102.0,127.0,144.0,156.0,165.0,171.0,172.0,165.0,153.0,143.0,138.0,135.0,132.0,0.7247348446532467,0.6890278694983494
205.0,191.0,163.0,86.0,116.0,118.0,104.0,114.0,126.0,147.0,114.0,144.0,131.0,148.0,150.0,176.0,161.0,142.0,109.0,91.0,99.0,112.0,139.0,152.0,155.0,144.0,146.0,131.0,121.0,122.0,128.0,131.0,129.0,133.0,137.0,131.0,123.0,130.0,133.0,132.0,137.0,137.0,127.0,121.0,121.0,127.0,134.0,138.0,133.0,126.0,138.0,100.0,65.0,88.0,127.0,128.0,125.0,126.0,124.0,101.0,85.0,68.0,77.0,95.0,114.0,133.0,162.0,192.0,205.0,205.0,167.0,100.0,55.0,55.0,55.0,55.0,131.0,205.0,205.0,205.0,205.0,205.0,125.0,63.0,55.0,55.0,55.0,55.0,106.0,156.0,160.0,146.0,131.0,123.0,125.0,128.0,134.0,139.0,140.0,134.0,0.8837009413899948,0.46805196953590217
205.0,141.0,104.0,84.0,138.0,94.0,106.0,109.0,145.0,117.0,125.0,143.0,144.0,142.0,134.0,125.0,99.0,105.0,114.0,141.0,148.0,146.0,135.0,127.0,117.0,119.0,121.0,111.0,114.0,130.0,139.0,139.0,139.0,137.0,132.0,122.0,127.0,136.0,133.0,129.0,130.0,125.0,118.0,122.0,128.0,131.0,132.0,130.0,127.0,126.0,131.0,100.0,100.0,127.0,159.0,160.0,126.0,84.0,67.0,83.0,110.0,120.0,108.0,101.0,121.0,170.0,205.0,205.0,172.0,75.0,55.0,55.0,55.0,143.0,205.0,205.0,169.0,119.0,103.0,126.0,164.0,187.0,176.0,138.0,94.0,67.0,66.0,86.0,107.0,117.0,112.0,106.0,109.0,126.0,147.0,158.0,154.0,141.0,130.0,127.0,0.9771842961837669,0.212393152648187
201.0,115.0,117.0,95.0,137.0,84.0,134.0,125.0,142.0,114.0,141.0,136.0,143.0,165.0,167.0,159.0,124.0,102.0,85.0,104.0,115.0,145.0,154.0,151.0,145.0,140.0,126.0,117.0,124.0,126.0,130.0,126.0,135.0,134.0,126.0,123.0,131.0,131.0,132.0,137.0,133.0,122.0,119.0,122.0,128.0,134.0,135.0,130.0,123.0,121.0,95.0,144.0,131.0,121.0,128.0,140.0,116.0,109.0,107.0,130.0,163.0,170.0,157.0,152.0,154.0,139.0,124.0,93.0,58.0,55.0,59.0,122.0,182.0,205.0,205.0,153.0,97.0,71.0,80.0,112.0,131.0,113.0,76.0,58.0,72.0,118.0,173.0,205.0,205.0,187.0,158.0,136.0,129.0,132.0,135.0,128.0,115.0,101.0,95.0,102.0,0.9982577393200126,-0.05900411754867425
55.0,118.0,163.0,156.0,145.0,156.0,164.0,128.0,124.0,134.0,139.0,106.0,109.0,112.0,130.0,152.0,175.0,164.0,132.0,99.0,85.0,102.0,121.0,144.0,152.0,148.0,141.0,148.0,140.0,123.0,112.0,111.0,113.0,116.0,127.0,134.0,128.0,118.0,123.0,128.0,129.0,135.0,140.0,132.0,125.0,123.0,125.0,129.0,132.0,130.0,143.0,127.0,163.0,147.0,103.0,82.0,114.0,128.0,141.0,145.0,151.0,167.0,174.0,158.0,122.0,82.0,55.0,55.0,92.0,153.0,205.0,205.0,205.0,205.0,170.0,97.0,55.0,55.0,55.0,55.0,100.0,153.0,190.0,205.0,205.0,204.0,147.0,91.0,55.0,55.0,55.0,55.0,105.0,131.0,146.0,153.0,155.0,161.0,167.0,169.0,0.9453597166868019,-0.32602914910456954
203.0,205.0,100.0,97.0,91.0,126.0,95.0,106.0,133.0,126.0,120.0,126.0,156.0,138.0,143.0,124.0,109.0,93.0,108.0,129.0,152.0,154.0,143.0,134.0,118.0,115.0,118.0,117.0,108.0,122.0,135.0,142.0,141.0,140.0,137.0,127.0,123.0,132.0,137.0,131.0,130.0,128.0,120.0,119.0,126.0,131.0,132.0,131.0,128.0,126.0,117.0,93.0,118.0,114.0,97.0,97.0,112.0,121.0,132.0,126.0,129.0,149.0,167.0,163.0,138.0,92.0,55.0,55.0,55.0,115.0,163.0,187.0,180.0,167.0,162.0,157.0,149.0,138.0,115.0,87.0,70.0,68.0,78.0,102.0,138.0,169.0,191.0,199.0,190.0,162.0,134.0,114.0,101.0,92.0,87.0,87.0,93.0,102.0,112.0,119.0,0.8224100018219327,-0.5688952354372893
205.0,64.0,137.0,60.0,151.0,81.0,128.0,132.0,121.0,121.0,128.0,171.0,128.0,150.0,113.0,122.0,100.0,134.0,137.0,148.0,136.0,126.0,127.0,120.0,127.0,127.0,126.0,112.0,129.0,137.0,141.0,137.0,137.0,133.0,126.0,125.0,135.0,137.0,128.0,129.0,128.0,123.0,122.0,129.0,129.0,128.0,128.0,130.0,133.0,134.0,121.0,117.0,126.0,107.0,113.0,147.0,168.0,150.0,127.0,103.0,97.0,110.0,133.0,137.0,127.0,114.0,116.0,141.0,168.0,167.0,121.0,58.0,55.0,55.0,74.0,179.0,205.0,205.0,205.0,137.0,85.0,55.0,55.0,55.0,113.0,159.0,190.0,201.0,194.0,176.0,155.0,132.0,112.0,99.0,98.0,105.0,113.0,116.0,112.0,108.0,0.6385192384662541,-0.7696058615346396
157.0,55.0,55.0,91.0,171.0,142.0,148.0,156.0,143.0,128.0,114.0,144.0,113.0,128.0,109.0,103.0,79.0,96.0,118.0,156.0,172.0,164.0,147.0,117.0,103.0,102.0,111.0,111.0,127.0,134.0,134.0,130.0,130.0,131.0,125.0,121.0,130.0,135.0,128.0,127.0,125.0,119.0,120.0,131.0,137.0,136.0,130.0,124.0,121.0,126.0,151.0,129.0,138.0,137.0,116.0,122.0,108.0,112.0,115.0,119.0,118.0,136.0,165.0,199.0,205.0,184.0,154.0,116.0,76.0,55.0,65.0,84.0,114.0,163.0,205.0,205.0,205.0,181.0,108.0,55.0,55.0,55.0,88.0,117.0,122.0,107.0,96.0,102.0,123.0,152.0,178.0,189.0,181.0,164.0,148.0,138.0,134.0,132.0,127.0,116.0,0.40731383668511556,-0.9132882559437907
55.0,82.0,167.0,121.0,169.0,130.0,184.0,108.0,137.0,114.0,139.0,109.0,123.0,115.0,95.0,106.0,112.0,145.0,150.0,158.0,138.0,134.0,111.0,114.0,117.0,117.0,122.0,135.0,136.0,127.0,127.0,125.0,128.0,120.0,127.0,134.0,131.0,124.0,127.0,123.0,120.0,128.0,136.0,135.0,131.0,126.0,122.0,124.0,130.0,135.0,135.0,122.0,115.0,110.0,114.0,121.0,128.0,124.0,124.0,120.0,115.0,110.0,107.0,103.0,105.0,109.0,111.0,124.0,156.0,180.0,183.0,164.0,133.0,104.0,92.0,93.0,98.0,108.0,130.0,157.0,180.0,194.0,190.0,168.0,138.0,111.0,92.0,82.0,84.0,90.0,97.0,104.0,110.0,114.0,121.0,130.0,140.0,146.0,148.0,146.0,0.1459262481389628,-0.9892954715877789
73.0,97.0,199.0,111.0,184.0,136.0,163.0,101.0,141.0,135.0,121.0,110.0,111.0,125.0,117.0,154.0,140.0,146.0,119.0,119.0,115.0,126.0,127.0,135.0,137.0,128.0,139.0,139.0,131.0,117.0,120.0,117.0,121.0,122.0,133.0,133.0,123.0,122.0,128.0,125.0,128.0,136.0,135.0,130.0,127.0,126.0,126.0,128.0,129.0,128.0,164.0,126.0,95.0,77.0,94.0,122.0,148.0,151.0,153.0,152.0,158.0,163.0,152.0,109.0,55.0,55.0,55.0,55.0,148.0,205.0,205.0,205.0,205.0,105.0,59.0,55.0,55.0,55.0,59.0,132.0,171.0,193.0,197.0,185.0,163.0,139.0,119.0,111.0,113.0,119.0,129.0,117.0,103.0,93.0,99.0,118.0,133.0,140.0,140.0,140.0,-0.1262745583206717,-0.9919953305943124
106.0,185.0,118.0,175.0,125.0,191.0,102.0,151.0,115.0,141.0,101.0,124.0,120.0,111.0,130.0,129.0,148.0,135.0,140.0,122.0,133.0,117.0,130.0,129.0,127.0,130.0,140.0,135.0,123.0,124.0,120.0,125.0,118.0,132.0,139.0,135.0,122.0,125.0,123.0,124.0,134.0,139.0,135.0,129.0,126.0,124.0,128.0,132.0,134.0,132.0,156.0,172.0,141.0,110.0,125.0,116.0,120.0,144.0,165.0,168.0,163.0,154.0,142.0,132.0,117.0,96.0,60.0,55.0,88.0,163.0,205.0,205.0,205.0,122.0,60.0,56.0,104.0,145.0,151.0,115.0,61.0,55.0,55.0,150.0,205.0,205.0,205.0,165.0,111.0,91.0,100.0,123.0,141.0,140.0,122.0,106.0,103.0,115.0,134.0,147.0,-0.38911834824993713,-0.9211877718767443
164.0,55.0,65.0,77.0,187.0,122.0,164.0,146.0,155.0,119.0,121.0,142.0,111.0,127.0,107.0,115.0,88.0,115.0,120.0,151.0,155.0,152.0,140.0,119.0,111.0,112.0,119.0,115.0,131.0,134.0,131.0,124.0,127.0,127.0,123.0,119.0,134.0,140.0,130.0,123.0,121.0,119.0,122.0,135.0,138.0,135.0,128.0,123.0,122.0,128.0,72.0,101.0,127.0,127.0,130.0,125.0,108.0,100.0,96.0,96.0,106.0,111.0,111.0,129.0,160.0,179.0,180.0,160.0,118.0,79.0,64.0,68.0,87.0,120.0,153.0,180.0,205.0,205.0,205.0,186.0,129.0,66.0,55.0,55.0,55.0,94.0,159.0,178.0,167.0,141.0,119.0,112.0,116.0,125.0,131.0,129.0,123.0,118.0,117.0,120.0,-0.6231282474472984,-0.7821196757742759
173.0,159.0,144.0,157.0,162.0,130.0,127.0,138.0,134.0,106.0,110.0,117.0,132.0,155.0,175.0,162.0,129.0,99.0,88.0,106.0,124.0,146.0,153.0,147.0,142.0,149.0,140.0,122.0,114.0,113.0,115.0,118.0,128.0,136.0,128.0,119.0,125.0,129.0,130.0,137.0,140.0,132.0,125.0,124.0,127.0,130.0,133.0,130.0,125.0,124.0,203.0,134.0,89.0,77.0,107.0,142.0,131.0,137.0,117.0,112.0,93.0,98.0,107.0,133.0,138.0,137.0,140.0,155.0,169.0,163.0,130.0,74.0,55.0,55.0,56.0,147.0,199.0,205.0,194.0,170.0,157.0,151.0,141.0,113.0,70.0,55.0,55.0,55.0,135.0,193.0,205.0,205.0,167.0,129.0,108.0,106.0,116.0,123.0,119.0,108.0,-0.8109639894000371,-0.5850960672371475
55.0,69.0,177.0,122.0,168.0,131.0,176.0,112.0,131.0,123.0,127.0,117.0,117.0,115.0,86.0,101.0,108.0,148.0,158.0,163.0,143.0,129.0,108.0,109.0,114.0,113.0,122.0,133.0,134.0,125.0,129.0,132.0,132.0,119.0,123.0,131.0,129.0,127.0,129.0,123.0,118.0,127.0,135.0,136.0,133.0,127.0,121.0,124.0,131.0,136.0,108.0,82.0,72.0,74.0,124.0,161.0,181.0,165.0,123.0,104.0,120.0,137.0,125.0,100.0,72.0,75.0,138.0,205.0,205.0,205.0,139.0,55.0,55.0,55.0,55.0,70.0,167.0,205.0,205.0,205.0,205.0,113.0,55.0,55.0,55.0,55.0,73.0,188.0,205.0,205.0,205.0,205.0,130.0,115.0,120.0,130.0,126.0,110.0,90.0,80.0,-0.9387068388869181,-0.3447165076217407
55.0,117.0,102.0,185.0,123.0,163.0,163.0,135.0,129.0,114.0,152.0,98.0,134.0,105.0,121.0,103.0,132.0,131.0,144.0,141.0,138.0,139.0,121.0,119.0,118.0,127.0,122.0,142.0,137.0,129.0,120.0,122.0,125.0,124.0,126.0,133.0,133.0,122.0,126.0,127.0,124.0,126.0,136.0,134.0,132.0,128.0,125.0,125.0,129.0,132.0,128.0,129.0,112.0,93.0,134.0,133.0,126.0,122.0,143.0,166.0,174.0,151.0,113.0,86.0,71.0,79.0,100.0,134.0,173.0,205.0,205.0,205.0,157.0,94.0,55.0,55.0,113.0,168.0,187.0,159.0,103.0,61.0,73.0,126.0,180.0,202.0,181.0,131.0,85.0,67.0,77.0,103.0,128.0,140.0,136.0,126.0,124.0,133.0,147.0,156.0,-0.9968909781677818,-0.07879325889746555
55.0,132.0,149.0,154.0,145.0,153.0,177.0,116.0,140.0,117.0,145.0,94.0,130.0,112.0,128.0,131.0,148.0,145.0,132.0,123.0,111.0,126.0,121.0,137.0,135.0,136.0,131.0,144.0,135.0,123.0,118.0,118.0,121.0,120.0,129.0,134.0,130.0,121.0,128.0,127.0,126.0,132.0,138.0,132.0,128.0,127.0,126.0,131.0,130.0,130.0,142.0,100.0,106.0,117.0,133.0,119.0,106.0,104.0,114.0,126.0,127.0,129.0,121.0,114.0,100.0,85.0,78.0,86.0,104.0,127.0,155.0,181.0,200.0,205.0,190.0,148.0,93.0,55.0,55.0,55.0,82.0,178.0,205.0,205.0,205.0,205.0,143.0,102.0,79.0,71.0,71.0,73.0,75.0,81.0,91.0,105.0,120.0,133.0,144.0,151.0,-0.9812049294572688,0.19296861508741803
55.0,71.0,122.0,136.0,159.0,139.0,178.0,118.0,130.0,111.0,144.0,114.0,127.0,111.0,90.0,87.0,100.0,137.0,160.0,173.0,154.0,140.0,110.0,105.0,107.0,111.0,113.0,129.0,139.0,137.0,134.0,128.0,127.0,119.0,125.0,135.0,136.0,126.0,126.0,122.0,119.0,125.0,136.0,138.0,135.0,128.0,122.0,122.0,129.0,136.0,189.0,163.0,141.0,117.0,97.0,106.0,102.0,112.0,126.0,139.0,134.0,138.0,155.0,190.0,200.0,160.0,86.0,55.0,55.0,55.0,55.0,108.0,170.0,205.0,205.0,205.0,205.0,152.0,55.0,55.0,55.0,55.0,77.0,201.0,205.0,205.0,164.0,138.0,146.0,176.0,202.0,201.0,165.0,113.0,72.0,55.0,61.0,81.0,96.0,100.0,-0.892811037878836,0.45043140503490187
55.0,135.0,159.0,163.0,138.0,157.0,166.0,127.0,133.0,128.0,139.0,98.0,123.0,114.0,134.0,139.0,161.0,148.0,131.0,112.0,104.0,120.0,124.0,141.0,142.0,140.0,135.0,146.0,137.0,123.0,117.0,117.0,119.0,120.0,129.0,135.0,129.0,118.0,127.0,129.0,128.0,135.0,138.0,131.0,125.0,125.0,128.0,130.0,132.0,130.0,116.0,172.0,134.0,137.0,81.0,117.0,124.0,146.0,142.0,143.0,142.0,145.0,158.0,153.0,154.0,135.0,111.0,91.0,120.0,165.0,200.0,198.0,160.0,99.0,56.0,55.0,100.0,160.0,204.0,205.0,160.0,91.0,55.0,55.0,55.0,106.0,129.0,129.0,118.0,115.0,127.0,148.0,169.0,175.0,169.0,157.0,148.0,143.0,141.0,137.0,-0.7382593410305548,0.6745169718999893
142.0,165.0,124.0,183.0,150.0,144.0,106.0,143.0,126.0,114.0,110.0,123.0,130.0,136.0,157.0,139.0,128.0,107.0,113.0,122.0,135.0,138.0,142.0,134.0,130.0,141.0,136.0,123.0,115.0,119.0,119.0,123.0,127.0,135.0,129.0,121.0,127.0,131.0,128.0,133.0,137.0,132.0,127.0,127.0,128.0,128.0,131.0,130.0,128.0,128.0,153.0,124.0,102.0,90.0,106.0,152.0,114.0,85.0,75.0,82.0,89.0,103.0,114.0,141.0,181.0,203.0,205.0,189.0,138.0,70.0,55.0,55.0,55.0,64.0,171.0,205.0,205.0,205.0,205.0,205.0,121.0,70.0,55.0,55.0,55.0,55.0,56.0,118.0,155.0,182.0,192.0,184.0,165.0,144.0,128.0,117.0,112.0,109.0,105.0,103.0,-0.5290022074769054,0.8486204478355215
205.0,96.0,91.0,89.0,130.0,100.0,102.0,127.0,122.0,121.0,126.0,158.0,137.0,141.0,125.0,114.0,98.0,109.0,125.0,145.0,149.0,140.0,135.0,121.0,116.0,119.0,117.0,109.0,120.0,134.0,140.0,139.0,138.0,136.0,127.0,122.0,131.0,136.0,130.0,130.0,128.0,121.0,119.0,125.0,130.0,131.0,131.0,128.0,126.0,127.0,133.0,145.0,109.0,90.0,72.0,86.0,103.0,122.0,149.0,142.0,147.0,148.0,167.0,174.0,160.0,102.0,55.0,55.0,56.0,169.0,205.0,205.0,205.0,128.0,82.0,82.0,116.0,155.0,167.0,151.0,117.0,89.0,75.0,79.0,91.0,102.0,109.0,114.0,123.0,138.0,155.0,164.0,161.0,147.0,130.0,122.0,119.0,131.0,136.0,135.0,-0.2805457097299929,0.959840666335874
135.0,69.0,119.0,110.0,118.0,98.0,138.0,121.0,121.0,135.0,143.0,143.0,138.0,151.0,127.0,125.0,109.0,113.0,119.0,128.0,134.0,140.0,135.0,129.0,132.0,119.0,115.0,126.0,137.0,134.0,129.0,129.0,134.0,128.0,125.0,132.0,132.0,128.0,131.0,132.0,123.0,120.0,123.0,127.0,130.0,133.0,130.0,126.0,125.0,126.0,156.0,141.0,150.0,141.0,126.0,136.0,162.0,167.0,152.0,132.0,113.0,104.0,110.0,115.0,112.0,114.0,124.0,141.0,164.0,176.0,158.0,115.0,80.0,75.0,100.0,130.0,130.0,97.0,64.0,68.0,121.0,196.0,205.0,205.0,205.0,131.0,85.0,73.0,91.0,121.0,142.0,145.0,134.0,120.0,115.0,125.0,140.0,150.0,147.0,134.0,-0.01130061546471978,0.999936146006393
159.0,205.0,176.0,116.0,108.0,111.0,118.0,89.0,130.0,129.0,138.0,111.0,149.0,139.0,150.0,154.0,150.0,138.0,119.0,111.0,105.0,118.0,122.0,142.0,145.0,142.0,139.0,135.0,121.0,117.0,127.0,131.0,134.0,130.0,136.0,133.0,124.0,125.0,134.0,131.0,132.0,136.0,131.0,124.0,120.0,123.0,127.0,134.0,136.0,130.0,113.0,74.0,112.0,121.0,130.0,128.0,141.0,134.0,127.0,109.0,100.0,102.0,108.0,116.0,120.0,137.0,170.0,202.0,203.0,179.0,139.0,86.0,55.0,55.0,55.0,75.0,134.0,191.0,205.0,205.0,205.0,205.0,105.0,55.0,55.0,55.0,55.0,67.0,152.0,170.0,168.0,155.0,144.0,144.0,151.0,165.0,156.0,141.0,126.0,119.0,0.25878186082835647,0.9659357890182003
201.0,200.0,205.0,84.0,129.0,103.0,123.0,95.0,134.0,140.0,129.0,130.0,132.0,142.0,141.0,175.0,163.0,160.0,119.0,99.0,87.0,104.0,126.0,151.0,159.0,148.0,147.0,134.0,123.0,118.0,128.0,130.0,131.0,129.0,136.0,133.0,124.0,127.0,132.0,132.0,134.0,139.0,130.0,122.0,121.0,125.0,131.0,137.0,135.0,127.0,150.0,105.0,91.0,116.0,123.0,94.0,97.0,107.0,127.0,132.0,129.0,127.0,149.0,167.0,164.0,136.0,88.0,55.0,55.0,55.0,118.0,165.0,186.0,177.0,163.0,159.0,156.0,153.0,144.0,119.0,85.0,67.0,69.0,82.0,104.0,137.0,168.0,189.0,197.0,189.0,169.0,145.0,120.0,99.0,85.0,82.0,86.0,95.0,104.0,112.0,0.509688454174555,0.8603590411457025
164.0,125.0,75.0,126.0,108.0,102.0,109.0,130.0,128.0,116.0,146.0,138.0,149.0,145.0,144.0,117.0,115.0,110.0,120.0,129.0,129.0,136.0,136.0,131.0,129.0,132.0,118.0,116.0,125.0,133.0,135.0,133.0,135.0,133.0,123.0,123.0,133.0,132.0,130.0,133.0,129.0,120.0,121.0,125.0,129.0,132.0,132.0,128.0,124.0,126.0,135.0,118.0,111.0,125.0,112.0,112.0,142.0,164.0,153.0,130.0,106.0,95.0,107.0,130.0,138.0,129.0,114.0,115.0,137.0,166.0,169.0,128.0,63.0,55.0,55.0,63.0,175.0,205.0,205.0,205.0,141.0,91.0,58.0,55.0,55.0,104.0,155.0,190.0,202.0,195.0,177.0,156.0,133.0,113.0,100.0,98.0,104.0,112.0,115.0,112.0,0.72282684342274,0.6910291994029758
166.0,205.0,205.0,112.0,129.0,98.0,133.0,80.0,136.0,130.0,144.0,120.0,136.0,137.0,142.0,173.0,170.0,162.0,121.0,100.0,85.0,104.0,119.0,148.0,157.0,151.0,147.0,140.0,127.0,118.0,126.0,127.0,130.0,128.0,136.0,135.0,126.0,128.0,131.0,130.0,131.0,139.0,135.0,124.0,119.0,122.0,129.0,136.0,136.0,130.0,164.0,131.0,136.0,145.0,123.0,112.0,114.0,115.0,119.0,117.0,114.0,123.0,151.0,188.0,205.0,200.0,166.0,129.0,89.0,61.0,63.0,78.0,97.0,137.0,192.0,205.0,205.0,205.0,144.0,73.0,55.0,55.0,55.0,103.0,122.0,118.0,105.0,102.0,114.0,137.0,162.0,180.0,180.0,168.0,154.0,147.0,143.0,137.0,127.0,117.0,0.8824033528082049,0.47049370128922946
205.0,151.0,75.0,120.0,106.0,114.0,99.0,136.0,130.0,120.0,136.0,132.0,139.0,141.0,165.0,144.0,133.0,107.0,103.0,109.0,121.0,135.0,145.0,143.0,133.0,137.0,125.0,118.0,121.0,130.0,131.0,131.0,132.0,136.0,128.0,122.0,130.0,132.0,130.0,133.0,134.0,124.0,120.0,122.0,127.0,131.0,135.0,131.0,125.0,123.0,123.0,114.0,119.0,121.0,130.0,116.0,112.0,117.0,129.0,129.0,127.0,117.0,110.0,109.0,107.0,105.0,108.0,111.0,119.0,143.0,169.0,180.0,173.0,153.0,123.0,98.0,90.0,93.0,102.0,120.0,147.0,173.0,190.0,194.0,179.0,152.0,124.0,101.0,86.0,83.0,87.0,94.0,101.0,106.0,113.0,122.0,132.0,137.0,139.0,143.0,0.9765932723019944,0.215094352539723
129.0,157.0,205.0,172.0,118.0,107.0,113.0,115.0,90.0,130.0,131.0,139.0,113.0,147.0,133.0,145.0,154.0,155.0,138.0,119.0,108.0,105.0,120.0,124.0,143.0,144.0,139.0,137.0,135.0,121.0,118.0,128.0,132.0,134.0,131.0,136.0,133.0,125.0,125.0,134.0,131.0,130.0,136.0,131.0,121.0,121.0,126.0,128.0,132.0,133.0,158.0,159.0,127.0,103.0,84.0,92.0,112.0,140.0,151.0,154.0,154.0,156.0,162.0,157.0,121.0,64.0,55.0,55.0,55.0,129.0,205.0,205.0,205.0,205.0,108.0,65.0,55.0,55.0,55.0,55.0,117.0,159.0,191.0,201.0,192.0,169.0,143.0,121.0,111.0,112.0,120.0,122.0,118.0,108.0,100.0,102.0,113.0,126.0,136.0,141.0,0.998417075343766,-0.056243609965939884
205.0,109.0,91.0,90.0,125.0,104.0,100.0,130.0,124.0,123.0,122.0,156.0,137.0,143.0,131.0,120.0,103.0,110.0,122.0,140.0,146.0,138.0,136.0,124.0,120.0,122.0,120.0,110.0,120.0,133.0,139.0,139.0,138.0,136.0,128.0,122.0,130.0,136.0,130.0,130.0,130.0,123.0,119.0,125.0,129.0,131.0,132.0,129.0,126.0,126.0,164.0,175.0,127.0,111.0,119.0,111.0,125.0,158.0,170.0,168.0,157.0,150.0,137.0,130.0,113.0,85.0,55.0,55.0,113.0,184.0,205.0,205.0,182.0,101.0,56.0,70.0,117.0,150.0,144.0,98.0,55.0,55.0,84.0,175.0,205.0,205.0,205.0,144.0,99.0,89.0,106.0,134.0,149.0,138.0,111.0,97.0,104.0,124.0,143.0,149.0,0.9462576057261736,-0.3234138890112318
205.0,186.0,104.0,118.0,106.0,124.0,87.0,135.0,137.0,141.0,114.0,140.0,133.0,147.0,164.0,158.0,144.0,116.0,105.0,100.0,118.0,125.0,145.0,147.0,141.0,140.0,136.0,122.0,118.0,127.0,131.0,133.0,130.0,137.0,134.0,125.0,126.0,134.0,131.0,133.0,137.0,131.0,122.0,121.0,125.0,130.0,135.0,134.0,129.0,124.0,136.0,88.0,86.0,122.0,120.0,132.0,129.0,118.0,100.0,96.0,94.0,103.0,112.0,110.0,121.0,151.0,176.0,182.0,169.0,132.0,89.0,65.0,64.0,78.0,112.0,150.0,176.0,195.0,205.0,205.0,205.0,150.0,86.0,55.0,55.0,55.0,66.0,148.0,177.0,174.0,149.0,124.0,112.0,114.0,123.0,131.0,130.0,125.0,120.0,117.0,0.8239799097888564,-0.5666190150924588
205.0,152.0,91.0,77.0,125.0,97.0,113.0,114.0,138.0,111.0,128.0,149.0,144.0,142.0,127.0,116.0,92.0,104.0,120.0,148.0,154.0,147.0,135.0,121.0,113.0,116.0,117.0,109.0,116.0,132.0,141.0,140.0,140.0,137.0,130.0,122.0,129.0,137.0,132.0,128.0,129.0,122.0,118.0,124.0,130.0,131.0,131.0,128.0,126.0,127.0,148.0,103.0,92.0,110.0,133.0,136.0,130.0,136.0,107.0,103.0,92.0,108.0,123.0,142.0,136.0,138.0,151.0,166.0,169.0,147.0,101.0,56.0,55.0,55.0,127.0,182.0,205.0,201.0,176.0,153.0,136.0,125.0,110.0,88.0,68.0,67.0,87.0,123.0,157.0,176.0,171.0,152.0,130.0,117.0,117.0,126.0,132.0,131.0,123.0,114.0,0.6414642813290519,-0.7671529024770766
128.0,90.0,105.0,121.0,95.0,129.0,127.0,137.0,109.0,144.0,133.0,146.0,154.0,159.0,143.0,122.0,107.0,100.0,113.0,119.0,141.0,145.0,143.0,138.0,137.0,122.0,117.0,125.0,130.0,132.0,129.0,134.0,134.0,125.0,123.0,132.0,131.0,131.0,135.0,132.0,121.0,120.0,123.0,128.0,133.0,134.0,129.0,123.0,123.0,124.0,166.0,152.0,116.0,122.0,126.0,132.0,100.0,134.0,156.0,166.0,127.0,88.0,71.0,102.0,138.0,157.0,164.0,146.0,129.0,144.0,178.0,180.0,147.0,85.0,55.0,55.0,55.0,55.0,123.0,205.0,205.0,205.0,205.0,205.0,57.0,55.0,55.0,55.0,55.0,111.0,195.0,205.0,203.0,178.0,155.0,142.0,141.0,146.0,146.0,136.0,0.4124098629599371,-0.9109984110487602
110.0,205.0,186.0,192.0,95.0,120.0,122.0,106.0,105.0,116.0,152.0,119.0,138.0,127.0,143.0,150.0,183.0,176.0,152.0,109.0,80.0,84.0,103.0,135.0,155.0,162.0,149.0,148.0,135.0,122.0,117.0,123.0,127.0,126.0,130.0,137.0,133.0,122.0,126.0,131.0,132.0,136.0,139.0,130.0,120.0,118.0,124.0,131.0,137.0,134.0,141.0,105.0,83.0,106.0,106.0,104.0,98.0,113.0,119.0,132.0,135.0,145.0,155.0,150.0,130.0,99.0,72.0,61.0,80.0,111.0,153.0,192.0,205.0,201.0,162.0,108.0,60.0,55.0,81.0,149.0,199.0,205.0,168.0,101.0,56.0,55.0,86.0,141.0,180.0,187.0,168.0,142.0,118.0,104.0,99.0,104.0,111.0,115.0,115.0,116.0,0.1535120207498655,-0.9881467803344263
64.0,110.0,189.0,113.0,176.0,138.0,173.0,103.0,145.0,128.0,125.0,104.0,116.0,124.0,120.0,152.0,142.0,147.0,119.0,119.0,112.0,127.0,125.0,137.0,137.0,130.0,138.0,140.0,131.0,117.0,119.0,117.0,122.0,121.0,132.0,133.0,125.0,122.0,128.0,126.0,128.0,136.0,135.0,130.0,127.0,126.0,125.0,129.0,131.0,130.0,135.0,105.0,92.0,109.0,98.0,112.0,102.0,113.0,115.0,123.0,126.0,141.0,155.0,158.0,145.0,110.0,67.0,55.0,55.0,56.0,126.0,165.0,180.0,176.0,172.0,173.0,177.0,178.0,160.0,114.0,59.0,55.0,55.0,55.0,77.0,202.0,205.0,205.0,205.0,183.0,135.0,104.0,86.0,75.0,69.0,67.0,70.0,80.0,94.0,111.0,-0.11658651129976781,-0.9931805401753244
107.0,130.0,186.0,117.0,174.0,152.0,148.0,117.0,132.0,140.0,106.0,120.0,112.0,131.0,130.0,162.0,148.0,140.0,114.0,108.0,115.0,125.0,136.0,142.0,141.0,132.0,145.0,139.0,127.0,116.0,118.0,118.0,121.0,126.0,135.0,132.0,122.0,125.0,129.0,127.0,132.0,139.0,134.0,129.0,126.0,126.0,128.0,131.0,132.0,129.0,97.0,94.0,99.0,104.0,127.0,134.0,130.0,131.0,143.0,175.0,200.0,180.0,113.0,55.0,55.0,55.0,55.0,67.0,153.0,191.0,205.0,205.0,205.0,205.0,78.0,55.0,55.0,55.0,55.0,164.0,205.0,205.0,187.0,144.0,137.0,161.0,192.0,203.0,181.0,133.0,85.0,56.0,55.0,71.0,90.0,98.0,98.0,100.0,112.0,134.0,-0.37845424116598214,-0.9256200015900049
55.0,135.0,184.0,129.0,157.0,147.0,165.0,112.0,145.0,132.0,127.0,99.0,117.0,123.0,134.0,159.0,156.0,147.0,115.0,107.0,104.0,122.0,128.0,143.0,143.0,137.0,141.0,144.0,132.0,117.0,117.0,115.0,119.0,121.0,132.0,133.0,124.0,121.0,128.0,128.0,130.0,137.0,136.0,129.0,126.0,126.0,127.0,130.0,131.0,129.0,140.0,156.0,155.0,129.0,93.0,110.0,142.0,146.0,136.0,141.0,142.0,156.0,164.0,157.0,144.0,122.0,97.0,102.0,143.0,183.0,199.0,187.0,142.0,87.0,63.0,81.0,127.0,178.0,203.0,178.0,115.0,55.0,55.0,55.0,71.0,148.0,162.0,140.0,108.0,90.0,98.0,129.0,160.0,177.0,176.0,166.0,155.0,148.0,146.0,144.0,-0.6130972393974146,-0.7900074525238793
58.0,62.0,92.0,199.0,102.0,183.0,127.0,181.0,100.0,145.0,127.0,125.0,110.0,114.0,125.0,106.0,141.0,129.0,150.0,129.0,134.0,122.0,128.0,120.0,129.0,132.0,125.0,135.0,138.0,133.0,120.0,123.0,120.0,125.0,121.0,132.0,134.0,126.0,123.0,128.0,125.0,125.0,134.0,136.0,132.0,128.0,126.0,125.0,128.0,131.0,77.0,97.0,137.0,122.0,88.0,74.0,74.0,87.0,102.0,113.0,141.0,179.0,203.0,205.0,183.0,131.0,70.0,55.0,55.0,55.0,59.0,164.0,205.0,205.0,205.0,205.0,205.0,121.0,67.0,55.0,55.0,55.0,55.0,55.0,102.0,145.0,182.0,200.0,193.0,171.0,147.0,129.0,116.0,110.0,107.0,103.0,100.0,100.0,105.0,114.0,-0.8032015896159503,-0.5957073160860209
55.0,103.0,167.0,129.0,170.0,128.0,186.0,101.0,149.0,113.0,144.0,97.0,126.0,115.0,112.0,125.0,129.0,146.0,135.0,140.0,122.0,132.0,116.0,128.0,127.0,126.0,128.0,139.0,135.0,122.0,121.0,118.0,124.0,125.0,135.0,137.0,126.0,117.0,125.0,127.0,127.0,133.0,136.0,132.0,128.0,126.0,125.0,127.0,130.0,132.0,149.0,122.0,110.0,122.0,119.0,113.0,83.0,73.0,87.0,119.0,143.0,147.0,143.0,148.0,164.0,174.0,160.0,109.0,57.0,55.0,55.0,150.0,205.0,205.0,205.0,146.0,94.0,82.0,106.0,145.0,164.0,154.0,119.0,85.0,67.0,71.0,91.0,113.0,123.0,122.0,120.0,124.0,136.0,149.0,154.0,148.0,136.0,128.0,127.0,133.0,-0.934330089291109,-0.3564088722875294
68.0,74.0,192.0,115.0,171.0,144.0,159.0,114.0,123.0,140.0,112.0,126.0,107.0,120.0,93.0,123.0,121.0,150.0,147.0,146.0,136.0,123.0,115.0,116.0,123.0,116.0,132.0,135.0,133.0,123.0,126.0,125.0,125.0,121.0,131.0,134.0,125.0,126.0,126.0,122.0,123.0,133.0,135.0,133.0,129.0,125.0,123.0,127.0,132.0,134.0,144.0,128.0,126.0,117.0,109.0,137.0,171.0,178.0,170.0,166.0,156.0,142.0,124.0,91.0,56.0,55.0,78.0,144.0,205.0,205.0,205.0,155.0,89.0,63.0,79.0,107.0,108.0,75.0,55.0,55.0,111.0,193.0,205.0,205.0,205.0,130.0,87.0,83.0,109.0,142.0,158.0,153.0,139.0,114.0,107.0,117.0,138.0,154.0,152.0,135.0,-0.9960019652983766,-0.08933132217633105
55.0,134.0,166.0,145.0,156.0,151.0,166.0,111.0,140.0,132.0,132.0,98.0,117.0,118.0,133.0,155.0,159.0,147.0,118.0,105.0,101.0,120.0,127.0,144.0,143.0,138.0,139.0,145.0,133.0,118.0,116.0,114.0,118.0,120.0,131.0,133.0,124.0,119.0,127.0,127.0,129.0,137.0,137.0,129.0,125.0,125.0,126.0,129.0,131.0,129.0,117.0,163.0,100.0,99.0,143.0,125.0,133.0,130.0,145.0,115.0,128.0,109.0,114.0,108.0,112.0,113.0,126.0,153.0,186.0,205.0,192.0,166.0,126.0,83.0,55.0,55.0,67.0,95.0,145.0,201.0,205.0,205.0,205.0,150.0,78.0,55.0,55.0,55.0,55.0,112.0,128.0,131.0,134.0,138.0,146.0,159.0,169.0,169.0,160.0,148.0,-0.9825779435130602,0.18585097503549874
100.0,55.0,55.0,135.0,153.0,143.0,143.0,163.0,135.0,119.0,118.0,134.0,124.0,122.0,107.0,79.0,75.0,95.0,139.0,174.0,183.0,163.0,135.0,106.0,95.0,101.0,107.0,113.0,130.0,138.0,136.0,132.0,133.0,131.0,122.0,122.0,132.0,132.0,125.0,128.0,128.0,122.0,122.0,129.0,135.0,135.0,130.0,124.0,122.0,128.0,148.0,97.0,96.0,118.0,111.0,92.0,103.0,116.0,128.0,130.0,125.0,135.0,157.0,169.0,155.0,119.0,70.0,55.0,55.0,85.0,137.0,177.0,185.0,171.0,162.0,160.0,154.0,145.0,131.0,106.0,81.0,71.0,72.0,85.0,112.0,148.0,178.0,195.0,197.0,181.0,158.0,133.0,112.0,93.0,84.0,83.0,88.0,97.0,107.0,114.0,-0.8938716212329542,0.44832301385760925
151.0,75.0,133.0,119.0,143.0,106.0,150.0,153.0,141.0,126.0,121.0,127.0,131.0,166.0,157.0,143.0,103.0,95.0,99.0,123.0,138.0,149.0,141.0,126.0,136.0,142.0,138.0,128.0,128.0,122.0,122.0,124.0,135.0,135.0,125.0,125.0,129.0,126.0,126.0,131.0,129.0,125.0,127.0,129.0,130.0,130.0,128.0,124.0,122.0,125.0,140.0,156.0,155.0,135.0,117.0,98.0,102.0,121.0,137.0,133.0,119.0,113.0,128.0,158.0,172.0,145.0,83.0,55.0,55.0,55.0,150.0,205.0,205.0,205.0,157.0,101.0,62.0,55.0,55.0,95.0,141.0,178.0,196.0,199.0,188.0,169.0,141.0,113.0,98.0,97.0,105.0,113.0,116.0,112.0,106.0,106.0,114.0,126.0,135.0,140.0,-0.7354137207841972,0.6776183728931373
55.0,70.0,85.0,164.0,144.0,153.0,158.0,144.0,126.0,115.0,146.0,114.0,130.0,109.0,105.0,80.0,99.0,118.0,155.0,172.0,164.0,148.0,118.0,104.0,104.0,112.0,111.0,127.0,135.0,136.0,130.0,130.0,130.0,123.0,121.0,135.0,141.0,130.0,123.0,121.0,118.0,123.0,135.0,140.0,136.0,130.0,123.0,121.0,127.0,135.0,126.0,163.0,155.0,117.0,124.0,122.0,117.0,126.0,161.0,168.0,168.0,155.0,146.0,134.0,124.0,106.0,71.0,55.0,61.0,141.0,204.0,205.0,205.0,153.0,81.0,56.0,85.0,130.0,151.0,131.0,80.0,55.0,55.0,116.0,190.0,205.0,205.0,205.0,131.0,93.0,91.0,112.0,136.0,144.0,131.0,111.0,101.0,108.0,126.0,144.0,-0.5183100191390131,0.8551927993500155
67.0,99.0,202.0,105.0,181.0,135.0,170.0,104.0,143.0,133.0,121.0,111.0,111.0,124.0,117.0,158.0,144.0,149.0,117.0,118.0,115.0,129.0,129.0,136.0,136.0,127.0,138.0,140.0,133.0,119.0,121.0,119.0,122.0,122.0,134.0,134.0,125.0,123.0,128.0,126.0,128.0,137.0,136.0,131.0,128.0,126.0,126.0,129.0,131.0,131.0,127.0,79.0,82.0,120.0,130.0,128.0,128.0,116.0,102.0,97.0,94.0,101.0,110.0,110.0,119.0,148.0,174.0,182.0,171.0,136.0,93.0,67.0,65.0,78.0,106.0,141.0,170.0,196.0,205.0,205.0,205.0,153.0,91.0,55.0,55.0,55.0,59.0,143.0,175.0,175.0,152.0,126.0,113.0,113.0,121.0,130.0,131.0,126.0,120.0,117.0,-0.2586573605242064,0.9659691350383048
139.0,55.0,55.0,110.0,156.0,152.0,141.0,164.0,133.0,124.0,116.0,139.0,122.0,123.0,110.0,86.0,76.0,92.0,130.0,167.0,182.0,166.0,142.0,110.0,97.0,101.0,107.0,112.0,128.0,137.0,136.0,132.0,132.0,132.0,123.0,122.0,132.0,135.0,128.0,126.0,123.0,117.0,122.0,133.0,139.0,136.0,129.0,122.0,121.0,128.0,126.0,131.0,142.0,141.0,149.0,138.0,127.0,120.0,111.0,91.0,72.0,67.0,86.0,133.0,182.0,205.0,200.0,172.0,133.0,98.0,72.0,57.0,55.0,71.0,113.0,161.0,199.0,205.0,205.0,183.0,152.0,127.0,111.0,105.0,107.0,109.0,108.0,103.0,100.0,103.0,112.0,124.0,133.0,138.0,140.0,141.0,142.0,142.0,139.0,134.0,0.02348512020429007,0.9997241865279594
110.0,120.0,178.0,133.0,159.0,172.0,122.0,133.0,111.0,157.0,99.0,137.0,106.0,119.0,108.0,134.0,138.0,145.0,141.0,129.0,134.0,119.0,127.0,124.0,129.0,122.0,140.0,136.0,129.0,123.0,124.0,125.0,122.0,126.0,134.0,133.0,123.0,128.0,127.0,124.0,128.0,137.0,135.0,132.0,128.0,125.0,125.0,130.0,133.0,133.0,186.0,168.0,116.0,150.0,126.0,169.0,126.0,120.0,110.0,151.0,161.0,156.0,113.0,82.0,93.0,121.0,153.0,167.0,167.0,135.0,130.0,153.0,184.0,181.0,141.0,71.0,55.0,55.0,55.0,69.0,175.0,205.0,205.0,205.0,205.0,131.0,61.0,55.0,55.0,55.0,55.0,124.0,157.0,173.0,177.0,171.0,163.0,157.0,158.0,158.0,0.30553226408922163,0.9521817240424824
205.0,205.0,100.0,120.0,99.0,125.0,93.0,128.0,139.0,129.0,125.0,128.0,147.0,145.0,177.0,166.0,159.0,117.0,93.0,80.0,98.0,121.0,148.0,161.0,151.0,150.0,138.0,124.0,115.0,123.0,125.0,127.0,126.0,135.0,133.0,123.0,124.0,131.0,132.0,133.0,138.0,131.0,121.0,117.0,122.0,129.0,136.0,135.0,128.0,121.0,154.0,149.0,106.0,108.0,103.0,125.0,100.0,98.0,107.0,118.0,131.0,134.0,142.0,151.0,161.0,146.0,123.0,91.0,69.0,68.0,91.0,126.0,168.0,205.0,205.0,197.0,150.0,92.0,55.0,55.0,105.0,167.0,203.0,195.0,143.0,85.0,59.0,73.0,114.0,158.0,184.0,180.0,152.0,119.0,102.0,102.0,113.0,121.0,120.0,116.0,0.5641348918771182,0.8256826410714907
194.0,197.0,168.0,87.0,130.0,103.0,119.0,90.0,141.0,133.0,124.0,124.0,141.0,144.0,146.0,164.0,145.0,136.0,111.0,106.0,108.0,122.0,130.0,145.0,144.0,137.0,140.0,130.0,119.0,119.0,129.0,132.0,133.0,130.0,136.0,128.0,124.0,134.0,140.0,131.0,129.0,132.0,127.0,123.0,124.0,128.0,130.0,134.0,132.0,128.0,96.0,107.0,104.0,134.0,109.0,114.0,97.0,100.0,108.0,126.0,131.0,134.0,147.0,153.0,160.0,144.0,108.0,60.0,55.0,55.0,58.0,142.0,184.0,195.0,188.0,175.0,169.0,172.0,169.0,140.0,83.0,55.0,55.0,55.0,58.0,154.0,205.0,205.0,205.0,181.0,130.0,101.0,92.0,90.0,88.0,82.0,76.0,78.0,94.0,113.0,0.7771416704919782,0.6293256899133687
205.0,140.0,85.0,83.0,127.0,101.0,104.0,117.0,136.0,120.0,122.0,146.0,143.0,147.0,131.0,107.0,77.0,83.0,115.0,159.0,177.0,167.0,143.0,117.0,101.0,105.0,109.0,105.0,112.0,131.0,144.0,146.0,146.0,142.0,132.0,122.0,129.0,137.0,135.0,130.0,127.0,119.0,114.0,121.0,133.0,139.0,137.0,127.0,120.0,124.0,110.0,124.0,135.0,155.0,152.0,132.0,104.0,98.0,111.0,123.0,131.0,137.0,144.0,161.0,192.0,201.0,168.0,102.0,55.0,55.0,55.0,55.0,80.0,185.0,205.0,205.0,205.0,205.0,205.0,55.0,55.0,55.0,55.0,55.0,164.0,205.0,205.0,205.0,205.0,148.0,129.0,129.0,133.0,129.0,112.0,92.0,80.0,82.0,95.0,108.0,0.9255969024273099,0.37851073197066554
195.0,138.0,172.0,138.0,167.0,107.0,150.0,130.0,126.0,98.0,116.0,123.0,136.0,167.0,160.0,150.0,111.0,101.0,97.0,120.0,129.0,148.0,147.0,141.0,145.0,145.0,132.0,116.0,116.0,113.0,117.0,120.0,133.0,133.0,124.0,122.0,128.0,128.0,131.0,138.0,136.0,128.0,125.0,125.0,127.0,131.0,132.0,129.0,125.0,126.0,130.0,175.0,156.0,121.0,109.0,146.0,143.0,128.0,111.0,97.0,111.0,145.0,157.0,147.0,136.0,133.0,151.0,161.0,159.0,142.0,114.0,92.0,107.0,157.0,196.0,201.0,166.0,106.0,55.0,55.0,89.0,151.0,200.0,205.0,203.0,134.0,75.0,55.0,55.0,55.0,77.0,119.0,138.0,152.0,162.0,170.0,173.0,169.0,158.0,147.0,0.995584509257253,0.09386951010309362
167.0,126.0,88.0,118.0,117.0,96.0,122.0,129.0,136.0,112.0,146.0,133.0,145.0,149.0,155.0,135.0,121.0,108.0,106.0,118.0,123.0,140.0,143.0,138.0,134.0,135.0,120.0,117.0,126.0,131.0,133.0,130.0,134.0,134.0,124.0,123.0,133.0,131.0,130.0,134.0,131.0,121.0,120.0,123.0,128.0,132.0,134.0,129.0,124.0,124.0,151.0,121.0,98.0,103.0,114.0,123.0,115.0,109.0,114.0,122.0,130.0,124.0,112.0,94.0,81.0,78.0,87.0,104.0,127.0,156.0,184.0,202.0,204.0,186.0,141.0,85.0,55.0,55.0,55.0,94.0,190.0,205.0,205.0,205.0,187.0,138.0,101.0,79.0,69.0,68.0,70.0,74.0,81.0,92.0,105.0,119.0,133.0,143.0,151.0,156.0,0.9797208034864737,-0.2003675303431629
83.0,109.0,96.0,113.0,116.0,143.0,107.0,126.0,141.0,155.0,141.0,133.0,106.0,83.0,89.0,117.0,156.0,167.0,159.0,137.0,120.0,105.0,110.0,111.0,109.0,116.0,135.0,142.0,139.0,141.0,139.0,134.0,124.0,129.0,136.0,133.0,129.0,128.0,122.0,117.0,123.0,131.0,133.0,133.0,129.0,125.0,127.0,132.0,134.0,133.0,135.0,125.0,116.0,103.0,122.0,145.0,181.0,176.0,145.0,94.0,65.0,60.0,72.0,80.0,78.0,83.0,123.0,195.0,205.0,205.0,205.0,86.0,55.0,55.0,55.0,69.0,191.0,205.0,205.0,165.0,124.0,128.0,164.0,198.0,200.0,170.0,120.0,79.0,57.0,62.0,84.0,103.0,105.0,99.0,99.0,114.0,139.0,160.0,164.0,152.0,0.8784070548219366,-0.47791322019698435
205.0,73.0,92.0,90.0,122.0,103.0,102.0,142.0,112.0,127.0,122.0,166.0,135.0,147.0,116.0,102.0,86.0,106.0,135.0,158.0,161.0,144.0,134.0,113.0,112.0,113.0,113.0,106.0,123.0,136.0,143.0,143.0,142.0,137.0,126.0,124.0,133.0,137.0,130.0,130.0,126.0,119.0,119.0,128.0,132.0,133.0,131.0,127.0,125.0,129.0,107.0,122.0,147.0,116.0,122.0,137.0,128.0,114.0,108.0,116.0,147.0,170.0,163.0,154.0,155.0,147.0,132.0,110.0,74.0,55.0,55.0,95.0,152.0,204.0,205.0,184.0,121.0,80.0,73.0,98.0,130.0,130.0,96.0,63.0,57.0,87.0,143.0,195.0,205.0,205.0,179.0,149.0,132.0,129.0,133.0,130.0,120.0,106.0,95.0,96.0,0.6998035553608196,-0.71433534415172
122.0,158.0,167.0,132.0,165.0,160.0,137.0,124.0,135.0,138.0,106.0,115.0,114.0,132.0,145.0,171.0,158.0,134.0,106.0,96.0,110.0,125.0,143.0,149.0,145.0,138.0,147.0,140.0,124.0,115.0,116.0,116.0,119.0,127.0,136.0,130.0,120.0,126.0,129.0,129.0,135.0,139.0,131.0,125.0,129.0,132.0,133.0,130.0,126.0,125.0,176.0,188.0,127.0,100.0,105.0,91.0,79.0,96.0,117.0,150.0,173.0,181.0,186.0,192.0,169.0,115.0,55.0,55.0,55.0,55.0,144.0,205.0,205.0,205.0,205.0,205.0,73.0,55.0,55.0,55.0,55.0,55.0,135.0,193.0,205.0,205.0,167.0,113.0,77.0,72.0,91.0,115.0,134.0,136.0,127.0,117.0,116.0,124.0,138.0,150.0,0.458998281378586,-0.8884371546099952
80.0,55.0,81.0,179.0,116.0,173.0,128.0,183.0,107.0,137.0,119.0,129.0,111.0,121.0,123.0,96.0,108.0,108.0,145.0,151.0,160.0,140.0,132.0,110.0,113.0,118.0,117.0,126.0,136.0,135.0,126.0,126.0,125.0,128.0,120.0,128.0,134.0,129.0,124.0,127.0,124.0,121.0,130.0,136.0,135.0,131.0,126.0,122.0,124.0,131.0,153.0,116.0,103.0,72.0,115.0,102.0,118.0,128.0,142.0,118.0,116.0,124.0,150.0,172.0,156.0,122.0,82.0,86.0,121.0,170.0,186.0,157.0,107.0,82.0,92.0,135.0,177.0,191.0,177.0,152.0,128.0,111.0,102.0,90.0,73.0,63.0,73.0,103.0,145.0,181.0,196.0,186.0,158.0,129.0,112.0,113.0,122.0,129.0,126.0,118.0,0.17685290642267598,-0.9842372932834095
55.0,119.0,153.0,138.0,156.0,139.0,183.0,110.0,145.0,110.0,149.0,92.0,132.0,110.0,119.0,123.0,136.0,144.0,135.0,135.0,118.0,131.0,116.0,131.0,129.0,130.0,127.0,141.0,134.0,124.0,121.0,120.0,124.0,120.0,128.0,133.0,130.0,121.0,128.0,125.0,124.0,130.0,136.0,132.0,127.0,124.0,127.0,132.0,135.0,130.0,134.0,164.0,143.0,148.0,147.0,127.0,127.0,157.0,168.0,156.0,137.0,117.0,103.0,107.0,115.0,112.0,114.0,121.0,136.0,157.0,175.0,165.0,126.0,87.0,73.0,92.0,124.0,134.0,106.0,69.0,62.0,105.0,180.0,205.0,205.0,205.0,147.0,93.0,72.0,84.0,113.0,138.0,146.0,137.0,122.0,115.0,121.0,137.0,149.0,149.0,-0.1217368921814482,-0.9925624056360398
55.0,112.0,148.0,152.0,146.0,165.0,134.0,120.0,119.0,138.0,126.0,122.0,109.0,82.0,75.0,93.0,135.0,172.0,184.0,166.0,139.0,108.0,96.0,101.0,107.0,112.0,128.0,137.0,137.0,133.0,133.0,132.0,123.0,122.0,133.0,135.0,128.0,126.0,122.0,117.0,122.0,134.0,140.0,136.0,129.0,121.0,121.0,129.0,137.0,140.0,164.0,142.0,92.0,127.0,123.0,135.0,126.0,138.0,132.0,138.0,131.0,114.0,103.0,99.0,111.0,125.0,140.0,158.0,190.0,200.0,192.0,168.0,129.0,78.0,55.0,55.0,57.0,102.0,158.0,205.0,205.0,205.0,205.0,151.0,90.0,55.0,55.0,55.0,55.0,84.0,121.0,142.0,156.0,160.0,158.0,157.0,160.0,164.0,162.0,153.0,-0.4100402454291024,-0.9120674301434305
75.0,128.0,182.0,136.0,163.0,153.0,163.0,113.0,133.0,136.0,123.0,107.0,113.0,127.0,133.0,164.0,168.0,157.0,116.0,94.0,87.0,108.0,127.0,149.0,154.0,146.0,146.0,146.0,133.0,115.0,112.0,111.0,115.0,118.0,131.0,133.0,123.0,119.0,125.0,128.0,131.0,139.0,137.0,128.0,123.0,124.0,126.0,130.0,131.0,128.0,115.0,108.0,114.0,99.0,88.0,107.0,123.0,127.0,128.0,121.0,136.0,159.0,170.0,154.0,118.0,69.0,55.0,55.0,86.0,139.0,177.0,185.0,169.0,160.0,159.0,158.0,152.0,132.0,100.0,75.0,69.0,75.0,88.0,114.0,148.0,177.0,194.0,196.0,182.0,158.0,133.0,110.0,92.0,83.0,84.0,89.0,98.0,107.0,114.0,120.0,-0.6619586935720608,-0.7495403177977622
131.0,74.0,121.0,105.0,107.0,110.0,139.0,124.0,119.0,141.0,139.0,143.0,139.0,145.0,118.0,116.0,109.0,122.0,130.0,133.0,137.0,136.0,129.0,125.0,129.0,117.0,115.0,125.0,135.0,135.0,134.0,135.0,134.0,124.0,124.0,133.0,132.0,129.0,132.0,130.0,120.0,121.0,125.0,129.0,132.0,132.0,128.0,125.0,126.0,127.0,120.0,126.0,119.0,107.0,141.0,162.0,154.0,133.0,109.0,97.0,106.0,129.0,136.0,130.0,117.0,116.0,136.0,164.0,170.0,133.0,69.0,55.0,55.0,59.0,171.0,205.0,205.0,205.0,143.0,89.0,56.0,55.0,55.0,106.0,152.0,186.0,200.0,196.0,180.0,159.0,136.0,114.0,100.0,98.0,104.0,113.0,116.0,113.0,107.0,108.0,-0.8545229445064016,-0.5194136475990105
99.0,78.0,136.0,95.0,110.0,108.0,142.0,116.0,125.0,145.0,144.0,141.0,134.0,124.0,98.0,100.0,110.0,143.0,151.0,147.0,133.0,123.0,119.0,124.0,125.0,109.0,111.0,127.0,139.0,141.0,141.0,136.0,131.0,121.0,127.0,137.0,133.0,129.0,130.0,124.0,117.0,122.0,128.0,131.0,131.0,130.0,126.0,126.0,129.0,131.0,170.0,134.0,84.0,79.0,109.0,112.0,110.0,112.0,119.0,125.0,156.0,187.0,199.0,182.0,147.0,105.0,65.0,55.0,68.0,90.0,109.0,144.0,186.0,205.0,205.0,175.0,115.0,58.0,55.0,55.0,115.0,147.0,143.0,100.0,56.0,55.0,55.0,136.0,203.0,205.0,205.0,205.0,162.0,130.0,114.0,112.0,111.0,105.0,95.0,91.0,-0.9701539348040913,-0.2424898818180646
205.0,178.0,89.0,121.0,102.0,123.0,87.0,135.0,130.0,134.0,122.0,142.0,137.0,141.0,163.0,152.0,143.0,113.0,104.0,100.0,117.0,125.0,145.0,147.0,139.0,140.0,132.0,120.0,117.0,128.0,130.0,132.0,129.0,136.0,131.0,123.0,126.0,133.0,131.0,132.0,136.0,129.0,121.0,120.0,125.0,130.0,135.0,133.0,127.0,123.0,134.0,111.0,111.0,110.0,120.0,124.0,128.0,123.0,122.0,118.0,113.0,111.0,107.0,103.0,106.0,110.0,114.0,133.0,161.0,177.0,176.0,159.0,132.0,103.0,91.0,91.0,98.0,113.0,137.0,164.0,185.0,194.0,184.0,160.0,131.0,107.0,89.0,82.0,84.0,92.0,99.0,106.0,112.0,116.0,123.0,132.0,141.0,147.0,148.0,146.0,-0.9984296686736587,0.0560196100683341
106.0,105.0,102.0,117.0,135.0,116.0,114.0,139.0,154.0,147.0,134.0,108.0,79.0,78.0,106.0,151.0,175.0,170.0,147.0,123.0,104.0,104.0,108.0,105.0,107.0,126.0,141.0,146.0,145.0,143.0,135.0,123.0,126.0,136.0,136.0,130.0,128.0,121.0,115.0,119.0,128.0,138.0,137.0,132.0,121.0,121.0,129.0,136.0,137.0,134.0,134.0,112.0,106.0,130.0,148.0,152.0,146.0,132.0,125.0,123.0,116.0,93.0,72.0,64.0,83.0,128.0,178.0,205.0,203.0,176.0,138.0,102.0,74.0,57.0,55.0,67.0,108.0,157.0,196.0,205.0,205.0,184.0,154.0,127.0,113.0,110.0,112.0,108.0,103.0,100.0,101.0,106.0,113.0,123.0,131.0,136.0,139.0,142.0,143.0,143.0,-0.9366248607345523,0.35033394105336196
85.0,193.0,109.0,179.0,129.0,183.0,106.0,140.0,125.0,127.0,116.0,116.0,122.0,96.0,122.0,119.0,150.0,145.0,151.0,134.0,130.0,114.0,119.0,123.0,119.0,129.0,137.0,136.0,125.0,127.0,125.0,127.0,121.0,130.0,135.0,128.0,125.0,128.0,124.0,122.0,132.0,136.0,135.0,131.0,127.0,123.0,126.0,132.0,134.0,132.0,166.0,132.0,149.0,144.0,163.0,139.0,117.0,118.0,141.0,165.0,155.0,118.0,82.0,95.0,127.0,159.0,170.0,163.0,134.0,130.0,158.0,186.0,183.0,143.0,80.0,55.0,55.0,55.0,67.0,167.0,205.0,205.0,205.0,205.0,145.0,83.0,55.0,55.0,55.0,55.0,88.0,138.0,165.0,180.0,180.0,173.0,164.0,161.0,161.0,159.0,-0.7895183460105705,0.6137269599037777
55.0,135.0,165.0,156.0,139.0,159.0,164.0,128.0,128.0,135.0,140.0,103.0,111.0,110.0,131.0,152.0,173.0,157.0,127.0,99.0,92.0,109.0,125.0,144.0,149.0,143.0,137.0,146.0,138.0,122.0,114.0,113.0,115.0,118.0,128.0,135.0,128.0,119.0,125.0,127.0,129.0,135.0,139.0,131.0,125.0,124.0,126.0,129.0,132.0,130.0,180.0,125.0,101.0,86.0,110.0,102.0,102.0,103.0,113.0,125.0,131.0,139.0,148.0,157.0,143.0,122.0,89.0,66.0,64.0,88.0,123.0,165.0,201.0,205.0,190.0,146.0,91.0,55.0,55.0,103.0,167.0,205.0,204.0,148.0,82.0,55.0,55.0,103.0,156.0,186.0,185.0,159.0,128.0,107.0,100.0,104.0,111.0,114.0,113.0,112.0,-0.569715563253914,0.8218419416081632
55.0,139.0,153.0,150.0,146.0,149.0,173.0,115.0,139.0,120.0,142.0,93.0,126.0,113.0,128.0,135.0,150.0,145.0,129.0,119.0,109.0,124.0,121.0,138.0,136.0,136.0,131.0,144.0,134.0,122.0,117.0,117.0,120.0,120.0,129.0,134.0,128.0,120.0,127.0,127.0,127.0,133.0,137.0,131.0,128.0,126.0,125.0,127.0,130.0,131.0,145.0,101.0,110.0,116.0,137.0,119.0,109.0,102.0,112.0,124.0,126.0,129.0,124.0,119.0,106.0,92.0,79.0,82.0,96.0,118.0,144.0,171.0,195.0,205.0,199.0,168.0,115.0,63.0,55.0,55.0,55.0,148.0,205.0,205.0,205.0,205.0,163.0,115.0,84.0,72.0,73.0,77.0,77.0,75.0,81.0,97.0,117.0,132.0,141.0,147.0,-0.29670331795494803,0.9549697069093475
116.0,55.0,105.0,155.0,138.0,161.0,135.0,183.0,108.0,146.0,111.0,149.0,95.0,129.0,110.0,114.0,119.0,130.0,144.0,137.0,141.0,123.0,133.0,116.0,128.0,125.0,127.0,125.0,139.0,135.0,124.0,122.0,121.0,125.0,120.0,128.0,134.0,130.0,122.0,127.0,125.0,123.0,130.0,137.0,134.0,130.0,126.0,124.0,125.0,130.0,147.0,111.0,91.0,95.0,95.0,127.0,136.0,131.0,129.0,138.0,171.0,200.0,185.0,120.0,55.0,55.0,55.0,55.0,67.0,149.0,188.0,205.0,205.0,205.0,205.0,87.0,55.0,55.0,55.0,55.0,149.0,205.0,205.0,200.0,145.0,135.0,157.0,190.0,203.0,184.0,137.0,88.0,57.0,55.0,68.0,88.0,98.0,98.0,99.0,110.0,0.004762032113014019,0.9999886614607961
55.0,123.0,183.0,139.0,171.0,153.0,162.0,103.0,141.0,134.0,133.0,105.0,118.0,120.0,130.0,159.0,157.0,149.0,117.0,108.0,105.0,124.0,130.0,145.0,143.0,136.0,140.0,144.0,131.0,118.0,118.0,117.0,120.0,122.0,133.0,134.0,125.0,122.0,129.0,127.0,130.0,137.0,137.0,130.0,126.0,126.0,127.0,130.0,131.0,130.0,153.0,103.0,106.0,146.0,135.0,122.0,131.0,134.0,117.0,113.0,115.0,141.0,170.0,168.0,152.0,153.0,156.0,144.0,124.0,92.0,56.0,55.0,73.0,131.0,190.0,205.0,205.0,147.0,95.0,73.0,86.0,120.0,137.0,114.0,76.0,58.0,73.0,121.0,178.0,205.0,205.0,192.0,162.0,138.0,131.0,132.0,133.0,126.0,113.0,100.0,0.306819909297014,0.9517675888886804
165.0,55.0,65.0,82.0,185.0,128.0,159.0,150.0,147.0,124.0,118.0,146.0,109.0,129.0,106.0,112.0,87.0,113.0,121.0,152.0,157.0,152.0,141.0,119.0,111.0,110.0,118.0,114.0,130.0,135.0,133.0,126.0,127.0,128.0,124.0,121.0,130.0,135.0,126.0,126.0,125.0,121.0,122.0,132.0,136.0,134.0,132.0,123.0,121.0,124.0,110.0,120.0,155.0,138.0,90.0,89.0,82.0,77.0,91.0,125.0,158.0,196.0,205.0,205.0,183.0,139.0,79.0,55.0,55.0,55.0,62.0,183.0,205.0,205.0,205.0,205.0,205.0,90.0,57.0,55.0,55.0,55.0,55.0,58.0,159.0,205.0,205.0,205.0,146.0,101.0,83.0,90.0,108.0,125.0,131.0,124.0,113.0,110.0,120.0,135.0,0.5810494529037818,0.8138682530239251
55.0,121.0,140.0,169.0,130.0,159.0,164.0,126.0,131.0,122.0,146.0,95.0,127.0,108.0,130.0,128.0,153.0,143.0,135.0,120.0,111.0,123.0,122.0,136.0,135.0,136.0,129.0,144.0,135.0,124.0,117.0,118.0,120.0,120.0,127.0,134.0,130.0,120.0,126.0,127.0,126.0,131.0,138.0,132.0,128.0,126.0,125.0,126.0,130.0,130.0,135.0,82.0,68.0,97.0,117.0,114.0,130.0,137.0,121.0,115.0,124.0,147.0,168.0,157.0,111.0,79.0,87.0,129.0,173.0,185.0,151.0,101.0,76.0,88.0,130.0,175.0,192.0,179.0,154.0,135.0,122.0,112.0,95.0,69.0,55.0,55.0,90.0,144.0,192.0,205.0,205.0,169.0,132.0,109.0,106.0,115.0,124.0,123.0,114.0,106.0,0.8011666230366942,0.5984413439360449
55.0,140.0,155.0,151.0,145.0,152.0,170.0,117.0,137.0,128.0,138.0,94.0,120.0,114.0,133.0,142.0,157.0,146.0,127.0,113.0,105.0,121.0,123.0,140.0,139.0,137.0,134.0,145.0,135.0,121.0,116.0,116.0,119.0,120.0,129.0,134.0,127.0,119.0,127.0,127.0,128.0,134.0,138.0,130.0,126.0,123.0,123.0,126.0,135.0,136.0,133.0,105.0,102.0,127.0,166.0,158.0,144.0,114.0,142.0,142.0,150.0,111.0,84.0,60.0,82.0,133.0,185.0,203.0,176.0,136.0,107.0,100.0,101.0,88.0,59.0,55.0,55.0,120.0,192.0,205.0,205.0,205.0,137.0,85.0,61.0,70.0,104.0,142.0,165.0,167.0,155.0,140.0,135.0,137.0,137.0,130.0,120.0,115.0,116.0,123.0,0.9456168790040534,0.32528252049969336
89.0,85.0,201.0,101.0,180.0,145.0,163.0,113.0,129.0,141.0,109.0,126.0,109.0,129.0,106.0,144.0,131.0,150.0,131.0,131.0,126.0,125.0,125.0,128.0,134.0,124.0,139.0,137.0,131.0,120.0,123.0,122.0,124.0,123.0,134.0,134.0,125.0,126.0,129.0,126.0,127.0,136.0,135.0,132.0,128.0,127.0,125.0,129.0,132.0,133.0,119.0,145.0,141.0,126.0,117.0,109.0,111.0,118.0,119.0,118.0,133.0,164.0,200.0,205.0,187.0,153.0,114.0,76.0,58.0,69.0,85.0,110.0,158.0,205.0,205.0,205.0,196.0,113.0,55.0,55.0,55.0,72.0,114.0,124.0,113.0,102.0,105.0,121.0,145.0,170.0,186.0,184.0,167.0,147.0,135.0,134.0,136.0,131.0,119.0,110.0,0.9997979916085967,0.020099153599499625
88.0,199.0,115.0,166.0,152.0,149.0,124.0,121.0,148.0,106.0,131.0,107.0,122.0,98.0,130.0,127.0,150.0,145.0,141.0,136.0,122.0,120.0,120.0,126.0,119.0,134.0,136.0,133.0,123.0,127.0,125.0,123.0,121.0,132.0,136.0,127.0,127.0,126.0,123.0,125.0,135.0,136.0,134.0,130.0,125.0,124.0,128.0,134.0,134.0,133.0,128.0,117.0,114.0,122.0,129.0,122.0,111.0,114.0,128.0,129.0,130.0,119.0,112.0,109.0,108.0,105.0,108.0,110.0,115.0,135.0,164.0,180.0,176.0,159.0,130.0,103.0,91.0,92.0,99.0,114.0,140.0,166.0,187.0,195.0,185.0,160.0,131.0,106.0,89.0,83.0,86.0,93.0,100.0,107.0,112.0,117.0,124.0,133.0,142.0,147.0,0.9581566645505541,-0.286244312043675
110.0,198.0,110.0,178.0,138.0,166.0,105.0,142.0,134.0,119.0,111.0,114.0,126.0,122.0,156.0,143.0,146.0,117.0,117.0,113.0,126.0,128.0,138.0,139.0,131.0,141.0,140.0,131.0,117.0,119.0,118.0,122.0,122.0,134.0,133.0,124.0,123.0,129.0,127.0,129.0,137.0,135.0,130.0,127.0,126.0,126.0,130.0,131.0,130.0,128.0,162.0,125.0,98.0,78.0,94.0,119.0,146.0,151.0,154.0,153.0,158.0,163.0,153.0,113.0,56.0,55.0,55.0,55.0,144.0,205.0,205.0,205.0,205.0,108.0,61.0,55.0,55.0,55.0,56.0,129.0,168.0,193.0,198.0,186.0,165.0,140.0,120.0,110.0,112.0,119.0,122.0,117.0,107.0,100.0,103.0,114.0,127.0,136.0,140.0,140.0,0.8245228775312455,-0.5658286175403244
55.0,111.0,162.0,131.0,162.0,132.0,185.0,106.0,147.0,111.0,147.0,95.0,129.0,112.0,114.0,120.0,128.0,148.0,141.0,143.0,119.0,129.0,114.0,129.0,128.0,129.0,126.0,139.0,134.0,123.0,123.0,121.0,125.0,120.0,128.0,133.0,130.0,122.0,128.0,125.0,123.0,130.0,137.0,133.0,130.0,127.0,124.0,126.0,130.0,132.0,177.0,131.0,144.0,155.0,151.0,123.0,151.0,160.0,143.0,141.0,118.0,106.0,94.0,107.0,114.0,126.0,126.0,142.0,158.0,161.0,151.0,128.0,91.0,64.0,86.0,136.0,169.0,166.0,128.0,71.0,55.0,58.0,148.0,205.0,205.0,205.0,205.0,119.0,75.0,62.0,74.0,100.0,118.0,122.0,120.0,123.0,131.0,143.0,151.0,154.0,0.6111381364394478,-0.791523959327397
95.0,202.0,112.0,183.0,127.0,182.0,100.0,148.0,127.0,129.0,110.0,115.0,125.0,109.0,142.0,131.0,150.0,129.0,134.0,121.0,129.0,122.0,131.0,133.0,126.0,135.0,139.0,134.0,121.0,123.0,120.0,125.0,121.0,133.0,135.0,127.0,124.0,129.0,126.0,126.0,135.0,137.0,133.0,129.0,127.0,125.0,128.0,132.0,132.0,131.0,121.0,117.0,114.0,138.0,126.0,107.0,93.0,91.0,102.0,115.0,114.0,121.0,149.0,175.0,184.0,170.0,133.0,90.0,67.0,66.0,80.0,109.0,144.0,173.0,199.0,205.0,205.0,205.0,151.0,87.0,55.0,55.0,55.0,66.0,148.0,177.0,175.0,151.0,126.0,113.0,114.0,123.0,131.0,131.0,126.0,120.0,117.0,119.0,124.0,128.0,0.33811126044566,-0.9411061446828658
133.0,155.0,146.0,150.0,144.0,177.0,111.0,143.0,117.0,144.0,93.0,127.0,112.0,126.0,132.0,147.0,145.0,130.0,123.0,111.0,130.0,120.0,135.0,132.0,134.0,132.0,144.0,134.0,121.0,118.0,118.0,121.0,120.0,129.0,133.0,128.0,120.0,128.0,126.0,126.0,132.0,137.0,131.0,127.0,126.0,125.0,127.0,130.0,131.0,128.0,148.0,148.0,98.0,105.0,96.0,145.0,127.0,133.0,134.0,124.0,106.0,96.0,100.0,116.0,141.0,138.0,139.0,145.0,164.0,171.0,161.0,118.0,68.0,55.0,55.0,104.0,166.0,205.0,205.0,187.0,162.0,145.0,131.0,118.0,97.0,72.0,61.0,76.0,109.0,149.0,176.0,180.0,164.0,139.0,121.0,115.0,122.0,130.0,132.0,125.0,0.03158780901806417,-0.9995009806505636
55.0,120.0,114.0,185.0,121.0,164.0,164.0,134.0,131.0,115.0,151.0,95.0,134.0,106.0,127.0,112.0,143.0,138.0,141.0,130.0,121.0,134.0,125.0,133.0,125.0,129.0,122.0,143.0,139.0,130.0,120.0,120.0,122.0,121.0,127.0,135.0,133.0,123.0,127.0,127.0,125.0,129.0,138.0,134.0,130.0,127.0,125.0,126.0,130.0,133.0,148.0,141.0,119.0,124.0,142.0,124.0,106.0,134.0,164.0,158.0,125.0,84.0,78.0,109.0,142.0,159.0,164.0,144.0,126.0,149.0,182.0,183.0,142.0,77.0,55.0,55.0,55.0,58.0,153.0,205.0,205.0,205.0,205.0,205.0,61.0,55.0,55.0,55.0,55.0,122.0,184.0,196.0,188.0,171.0,155.0,147.0,149.0,152.0,149.0,138.0,-0.2787101869448978,-0.9603752556647532
91.0,201.0,105.0,179.0,127.0,182.0,102.0,144.0,126.0,125.0,112.0,115.0,126.0,105.0,138.0,126.0,150.0,133.0,138.0,125.0,129.0,119.0,128.0,130.0,124.0,134.0,138.0,134.0,121.0,124.0,121.0,125.0,121.0,132.0,134.0,127.0,124.0,129.0,125.0,125.0,134.0,136.0,133.0,129.0,127.0,124.0,128.0,132.0,133.0,131.0,109.0,120.0,107.0,130.0,121.0,100.0,117.0,127.0,120.0,121.0,143.0,161.0,172.0,153.0,121.0,91.0,75.0,74.0,92.0,121.0,159.0,202.0,205.0,205.0,171.0,110.0,56.0,55.0,93.0,156.0,186.0,170.0,116.0,66.0,62.0,109.0,167.0,198.0,189.0,144.0,95.0,68.0,72.0,94.0,122.0,138.0,137.0,127.0,122.0,128.0,-0.5623478516367142,-0.8269007762480165
121.0,200.0,113.0,173.0,146.0,157.0,114.0,137.0,138.0,111.0,116.0,113.0,130.0,126.0,160.0,146.0,144.0,116.0,112.0,115.0,126.0,133.0,140.0,140.0,132.0,144.0,140.0,129.0,117.0,119.0,118.0,122.0,124.0,135.0,133.0,123.0,125.0,129.0,127.0,130.0,137.0,132.0,127.0,128.0,133.0,133.0,131.0,126.0,125.0,127.0,125.0,94.0,108.0,114.0,128.0,112.0,107.0,111.0,120.0,130.0,128.0,120.0,103.0,90.0,78.0,81.0,94.0,113.0,139.0,168.0,193.0,204.0,200.0,171.0,120.0,66.0,55.0,55.0,55.0,139.0,205.0,205.0,205.0,205.0,168.0,119.0,88.0,73.0,69.0,70.0,73.0,77.0,85.0,97.0,112.0,126.0,138.0,147.0,153.0,157.0,-0.7911712489001468,-0.6115946818880802
205.0,102.0,94.0,95.0,126.0,100.0,101.0,132.0,124.0,122.0,124.0,157.0,138.0,143.0,128.0,115.0,99.0,109.0,125.0,145.0,149.0,140.0,135.0,121.0,117.0,120.0,119.0,109.0,119.0,132.0,141.0,144.0,143.0,136.0,123.0,119.0,130.0,139.0,133.0,131.0,128.0,120.0,118.0,125.0,131.0,132.0,132.0,128.0,125.0,127.0,149.0,129.0,117.0,119.0,116.0,116.0,127.0,150.0,173.0,172.0,135.0,89.0,60.0,58.0,71.0,80.0,80.0,93.0,144.0,205.0,205.0,205.0,205.0,55.0,55.0,55.0,55.0,84.0,205.0,205.0,205.0,146.0,118.0,137.0,181.0,205.0,202.0,148.0,96.0,64.0,61.0,77.0,96.0,103.0,99.0,95.0,103.0,126.0,150.0,163.0,-0.9421369017944696,-0.3352283673514488
55.0,117.0,119.0,184.0,124.0,171.0,156.0,135.0,121.0,126.0,145.0,100.0,125.0,107.0,130.0,124.0,155.0,143.0,138.0,119.0,112.0,121.0,123.0,134.0,136.0,137.0,128.0,143.0,137.0,126.0,117.0,118.0,119.0,120.0,126.0,134.0,131.0,121.0,125.0,127.0,126.0,131.0,138.0,133.0,128.0,126.0,125.0,126.0,130.0,131.0,123.0,98.0,123.0,150.0,125.0,127.0,135.0,128.0,116.0,111.0,119.0,149.0,172.0,165.0,157.0,157.0,149.0,133.0,112.0,75.0,55.0,55.0,97.0,155.0,205.0,205.0,186.0,122.0,81.0,74.0,100.0,132.0,131.0,98.0,65.0,59.0,89.0,145.0,196.0,205.0,205.0,180.0,151.0,133.0,131.0,134.0,132.0,121.0,107.0,97.0,-0.9996901878793585,-0.024890324580707432
195.0,108.0,179.0,126.0,188.0,103.0,145.0,123.0,130.0,112.0,118.0,123.0,102.0,126.0,120.0,147.0,140.0,152.0,136.0,133.0,112.0,119.0,125.0,124.0,134.0,139.0,135.0,122.0,124.0,123.0,128.0,122.0,131.0,135.0,128.0,124.0,129.0,125.0,124.0,133.0,136.0,134.0,131.0,127.0,125.0,127.0,132.0,134.0,133.0,132.0,136.0,155.0,133.0,77.0,97.0,91.0,88.0,91.0,120.0,156.0,199.0,205.0,205.0,184.0,136.0,77.0,55.0,55.0,55.0,72.0,190.0,205.0,205.0,205.0,205.0,205.0,89.0,57.0,55.0,55.0,55.0,55.0,71.0,165.0,205.0,205.0,194.0,149.0,107.0,89.0,94.0,110.0,125.0,131.0,125.0,115.0,112.0,118.0,129.0,143.0,-0.9574424756790603,0.2886241600517047
166.0,157.0,146.0,149.0,170.0,117.0,142.0,128.0,137.0,97.0,122.0,118.0,133.0,146.0,158.0,148.0,126.0,111.0,103.0,121.0,125.0,142.0,142.0,139.0,137.0,145.0,135.0,120.0,117.0,116.0,119.0,120.0,130.0,135.0,127.0,121.0,128.0,128.0,128.0,135.0,138.0,131.0,127.0,126.0,127.0,129.0,131.0,130.0,127.0,128.0,189.0,125.0,96.0,66.0,107.0,106.0,125.0,139.0,125.0,113.0,110.0,132.0,153.0,174.0,145.0,107.0,78.0,93.0,133.0,172.0,178.0,144.0,104.0,86.0,102.0,142.0,178.0,185.0,170.0,143.0,119.0,102.0,92.0,83.0,75.0,76.0,89.0,115.0,145.0,170.0,179.0,169.0,147.0,126.0,115.0,117.0,125.0,130.0,127.0,119.0,-0.8189601783730817,0.5738503517809589
55.0,138.0,167.0,155.0,149.0,158.0,166.0,120.0,134.0,133.0,133.0,101.0,117.0,118.0,134.0,152.0,166.0,152.0,124.0,104.0,98.0,115.0,126.0,145.0,147.0,142.0,139.0,146.0,136.0,120.0,115.0,115.0,117.0,120.0,130.0,135.0,127.0,120.0,127.0,128.0,129.0,136.0,139.0,131.0,126.0,125.0,127.0,130.0,132.0,130.0,166.0,139.0,103.0,108.0,133.0,169.0,161.0,149.0,124.0,130.0,142.0,151.0,126.0,94.0,67.0,74.0,121.0,178.0,205.0,186.0,143.0,108.0,103.0,110.0,105.0,75.0,55.0,55.0,101.0,174.0,205.0,205.0,205.0,137.0,90.0,73.0,88.0,121.0,150.0,160.0,150.0,130.0,117.0,120.0,133.0,145.0,144.0,133.0,122.0,120.0,-0.5975633928669886,0.8018216706383615
141.0,55.0,56.0,77.0,195.0,117.0,168.0,134.0,170.0,114.0,129.0,133.0,118.0,121.0,111.0,118.0,87.0,112.0,114.0,150.0,154.0,156.0,140.0,126.0,110.0,112.0,118.0,114.0,127.0,134.0,135.0,126.0,127.0,126.0,126.0,120.0,129.0,134.0,128.0,125.0,126.0,122.0,121.0,131.0,136.0,135.0,130.0,125.0,122.0,125.0,155.0,124.0,131.0,155.0,136.0,117.0,111.0,109.0,116.0,120.0,117.0,120.0,144.0,180.0,205.0,205.0,174.0,139.0,99.0,65.0,60.0,75.0,93.0,128.0,182.0,205.0,205.0,205.0,158.0,86.0,55.0,55.0,55.0,97.0,121.0,121.0,108.0,102.0,111.0,132.0,158.0,178.0,183.0,172.0,158.0,146.0,138.0,135.0,132.0,125.0,-0.31512965103273155,0.9490486304926575
136.0,173.0,151.0,151.0,145.0,169.0,114.0,145.0,129.0,134.0,97.0,121.0,119.0,132.0,151.0,157.0,148.0,122.0,111.0,104.0,122.0,126.0,143.0,143.0,138.0,138.0,146.0,134.0,119.0,117.0,116.0,120.0,121.0,131.0,134.0,126.0,121.0,128.0,128.0,129.0,136.0,137.0,130.0,127.0,126.0,127.0,130.0,132.0,130.0,127.0,128.0,122.0,116.0,120.0,126.0,119.0,113.0,118.0,128.0,128.0,128.0,117.0,111.0,108.0,107.0,105.0,108.0,111.0,118.0,142.0,169.0,180.0,172.0,153.0,123.0,98.0,89.0,92.0,99.0,118.0,149.0,178.0,193.0,190.0,174.0,150.0,126.0,104.0,88.0,82.0,86.0,93.0,102.0,109.0,114.0,118.0,125.0,135.0,144.0,148.0,0.0,1.0
