Feat_1,Feat_2,Feat_3,Feat_4,Feat_5,Feat_6,Feat_7,Feat_8,Feat_9,Feat_10,Feat_11,Feat_12,Feat_13,Feat_14,Feat_15,Feat_16,Feat_17,Feat_18,Feat_19,Feat_20,Feat_21,Feat_22,Feat_23,Feat_24,Feat_25,Feat_26,Feat_27,Feat_28,Feat_29,Feat_30,Feat_31,Feat_32,Feat_33,Feat_34,Feat_35,Feat_36,Feat_37,Feat_38,Feat_39,Feat_40,Feat_41,Feat_42,Feat_43,Feat_44,Feat_45,Feat_46,Feat_47,Feat_48,Feat_49,Feat_50,Feat_51,Feat_52,Feat_53,Feat_54,Feat_55,Feat_56,Feat_57,Feat_58,Feat_59,Feat_60,Feat_61,Feat_62,Feat_63,Feat_64,Feat_65,Feat_66,Feat_67,Feat_68,Feat_69,Feat_70,Feat_71,Feat_72,Feat_73,Feat_74,Feat_75,Feat_76,Feat_77,Feat_78,Feat_79,Feat_80,Feat_81,Feat_82,Feat_83,Feat_84,Feat_85,Feat_86,Feat_87,Feat_88,Feat_89,Feat_90,Feat_91,Feat_92,Feat_93,Feat_94,Feat_95,Feat_96,Feat_97,Feat_98,Feat_99,Feat_100,Label_Sin,Label_Cos
182.0,106.0,185.0,128.0,183.0,97.0,141.0,124.0,135.0,113.0,115.0,120.0,99.0,125.0,121.0,148.0,138.0,144.0,128.0,131.0,116.0,123.0,125.0,120.0,128.0,136.0,135.0,124.0,125.0,122.0,126.0,119.0,129.0,134.0,128.0,123.0,128.0,124.0,122.0,131.0,136.0,134.0,130.0,127.0,124.0,125.0,130.0,133.0,132.0,131.0,168.0,104.0,100.0,142.0,133.0,120.0,133.0,132.0,115.0,111.0,113.0,138.0,166.0,170.0,158.0,157.0,153.0,137.0,116.0,83.0,55.0,55.0,82.0,140.0,196.0,205.0,205.0,136.0,89.0,74.0,88.0,119.0,131.0,107.0,72.0,57.0,77.0,129.0,185.0,205.0,205.0,189.0,156.0,133.0,127.0,131.0,131.0,123.0,109.0,97.0,-0.7818314824680299,0.6234898018587334
57.0,55.0,63.0,185.0,122.0,174.0,133.0,170.0,112.0,129.0,133.0,123.0,123.0,112.0,118.0,88.0,111.0,112.0,147.0,150.0,156.0,141.0,129.0,112.0,113.0,119.0,114.0,125.0,133.0,136.0,126.0,127.0,126.0,127.0,120.0,128.0,135.0,129.0,125.0,127.0,123.0,120.0,130.0,135.0,135.0,131.0,126.0,122.0,125.0,131.0,152.0,133.0,80.0,125.0,122.0,121.0,83.0,82.0,63.0,90.0,104.0,129.0,159.0,193.0,205.0,205.0,174.0,108.0,55.0,55.0,55.0,55.0,97.0,205.0,205.0,205.0,205.0,205.0,136.0,86.0,55.0,55.0,55.0,55.0,55.0,122.0,156.0,171.0,172.0,161.0,146.0,136.0,131.0,128.0,123.0,118.0,112.0,106.0,107.0,111.0,-0.5716889901254177,0.8204704129762268
56.0,119.0,137.0,144.0,151.0,166.0,138.0,117.0,118.0,132.0,125.0,123.0,112.0,82.0,75.0,92.0,136.0,171.0,182.0,165.0,138.0,108.0,96.0,102.0,107.0,113.0,128.0,138.0,136.0,132.0,133.0,132.0,123.0,123.0,133.0,134.0,128.0,126.0,123.0,117.0,122.0,133.0,139.0,136.0,129.0,122.0,121.0,129.0,136.0,139.0,139.0,111.0,102.0,133.0,155.0,160.0,119.0,78.0,63.0,84.0,112.0,119.0,106.0,103.0,132.0,185.0,205.0,205.0,145.0,55.0,55.0,55.0,71.0,192.0,205.0,205.0,152.0,108.0,103.0,136.0,175.0,189.0,168.0,130.0,82.0,58.0,61.0,89.0,115.0,121.0,113.0,104.0,111.0,132.0,153.0,160.0,152.0,137.0,126.0,126.0,-0.31286143898896773,0.9497987786861765
66.0,107.0,190.0,117.0,174.0,140.0,165.0,106.0,141.0,133.0,125.0,106.0,113.0,123.0,123.0,155.0,147.0,146.0,116.0,114.0,109.0,124.0,126.0,139.0,139.0,132.0,139.0,141.0,132.0,117.0,118.0,116.0,120.0,120.0,132.0,133.0,123.0,121.0,127.0,126.0,127.0,135.0,135.0,130.0,126.0,125.0,125.0,129.0,130.0,129.0,170.0,133.0,125.0,120.0,110.0,121.0,161.0,177.0,171.0,167.0,158.0,143.0,126.0,96.0,57.0,55.0,55.0,131.0,203.0,205.0,205.0,175.0,94.0,59.0,70.0,102.0,110.0,80.0,55.0,55.0,85.0,182.0,205.0,205.0,205.0,136.0,87.0,76.0,100.0,135.0,157.0,154.0,134.0,113.0,107.0,120.0,139.0,151.0,148.0,134.0,-0.026518623704268645,0.9996483194588142
134.0,180.0,122.0,167.0,152.0,150.0,117.0,135.0,139.0,112.0,112.0,112.0,126.0,134.0,164.0,162.0,147.0,112.0,97.0,102.0,119.0,137.0,148.0,146.0,135.0,144.0,141.0,129.0,116.0,116.0,116.0,118.0,122.0,134.0,132.0,121.0,123.0,128.0,127.0,131.0,138.0,135.0,128.0,126.0,126.0,128.0,131.0,131.0,128.0,126.0,182.0,153.0,91.0,118.0,121.0,136.0,127.0,141.0,127.0,136.0,123.0,114.0,104.0,104.0,111.0,121.0,134.0,156.0,191.0,204.0,194.0,167.0,126.0,74.0,55.0,55.0,55.0,104.0,161.0,205.0,205.0,205.0,205.0,146.0,83.0,55.0,55.0,55.0,55.0,87.0,128.0,143.0,153.0,155.0,157.0,161.0,165.0,165.0,159.0,147.0,0.2633416823267115,0.9647026269008172
143.0,58.0,55.0,55.0,164.0,136.0,145.0,141.0,161.0,135.0,122.0,134.0,118.0,121.0,113.0,108.0,79.0,84.0,102.0,147.0,173.0,176.0,156.0,127.0,102.0,98.0,105.0,107.0,119.0,132.0,137.0,132.0,131.0,132.0,129.0,120.0,126.0,135.0,131.0,127.0,126.0,120.0,117.0,126.0,135.0,138.0,133.0,126.0,121.0,123.0,158.0,104.0,93.0,115.0,109.0,90.0,103.0,116.0,128.0,131.0,127.0,136.0,159.0,170.0,155.0,116.0,65.0,55.0,55.0,80.0,140.0,181.0,190.0,176.0,160.0,154.0,150.0,145.0,132.0,104.0,78.0,68.0,71.0,86.0,117.0,154.0,183.0,198.0,197.0,180.0,155.0,130.0,108.0,90.0,80.0,81.0,89.0,99.0,108.0,115.0,0.5318761521978982,0.8468221529478065
134.0,184.0,132.0,157.0,160.0,140.0,132.0,129.0,149.0,105.0,116.0,104.0,131.0,142.0,179.0,171.0,146.0,105.0,86.0,95.0,113.0,140.0,151.0,154.0,142.0,150.0,144.0,130.0,114.0,113.0,113.0,115.0,123.0,134.0,132.0,120.0,123.0,127.0,129.0,133.0,140.0,135.0,128.0,123.0,125.0,128.0,133.0,132.0,127.0,124.0,134.0,123.0,101.0,118.0,164.0,170.0,145.0,113.0,95.0,99.0,123.0,141.0,136.0,120.0,113.0,128.0,158.0,176.0,151.0,87.0,55.0,55.0,55.0,122.0,205.0,205.0,205.0,162.0,103.0,62.0,55.0,55.0,92.0,141.0,180.0,200.0,200.0,184.0,166.0,146.0,124.0,103.0,91.0,97.0,110.0,120.0,117.0,110.0,106.0,112.0,0.7555336544610363,0.6551098358113329
205.0,179.0,204.0,86.0,124.0,106.0,116.0,97.0,124.0,142.0,122.0,134.0,128.0,143.0,140.0,175.0,163.0,153.0,114.0,94.0,91.0,106.0,128.0,147.0,155.0,144.0,147.0,134.0,123.0,118.0,126.0,128.0,127.0,128.0,136.0,132.0,123.0,127.0,131.0,130.0,133.0,138.0,130.0,121.0,119.0,124.0,129.0,135.0,134.0,127.0,110.0,171.0,94.0,89.0,106.0,113.0,107.0,117.0,131.0,113.0,154.0,182.0,205.0,188.0,163.0,112.0,72.0,55.0,60.0,87.0,110.0,146.0,188.0,205.0,205.0,184.0,122.0,60.0,55.0,55.0,107.0,139.0,137.0,97.0,56.0,55.0,79.0,149.0,205.0,205.0,205.0,191.0,147.0,122.0,114.0,118.0,119.0,111.0,98.0,93.0,0.9141661248338685,0.40533972937059604
123.0,181.0,138.0,156.0,140.0,175.0,120.0,143.0,135.0,136.0,97.0,106.0,116.0,133.0,161.0,174.0,166.0,125.0,98.0,83.0,103.0,119.0,147.0,152.0,148.0,143.0,148.0,140.0,121.0,113.0,111.0,114.0,115.0,128.0,135.0,127.0,119.0,124.0,126.0,129.0,136.0,139.0,132.0,125.0,123.0,126.0,130.0,132.0,130.0,125.0,102.0,76.0,108.0,127.0,125.0,131.0,124.0,105.0,98.0,94.0,97.0,106.0,111.0,114.0,139.0,168.0,183.0,177.0,150.0,105.0,70.0,62.0,71.0,95.0,131.0,164.0,191.0,205.0,205.0,205.0,168.0,106.0,55.0,55.0,55.0,55.0,121.0,172.0,181.0,161.0,133.0,114.0,111.0,118.0,128.0,131.0,127.0,120.0,116.0,117.0,0.9929220211340494,0.11876809313563293
143.0,55.0,55.0,100.0,157.0,149.0,133.0,159.0,141.0,129.0,114.0,139.0,121.0,125.0,113.0,94.0,76.0,88.0,118.0,157.0,178.0,169.0,149.0,117.0,99.0,100.0,107.0,109.0,124.0,135.0,136.0,132.0,131.0,133.0,125.0,120.0,129.0,135.0,129.0,127.0,125.0,118.0,119.0,130.0,137.0,137.0,131.0,124.0,121.0,126.0,117.0,133.0,135.0,148.0,142.0,149.0,134.0,126.0,123.0,106.0,84.0,64.0,68.0,97.0,154.0,198.0,205.0,193.0,160.0,119.0,87.0,64.0,55.0,55.0,80.0,131.0,180.0,205.0,205.0,205.0,175.0,145.0,122.0,108.0,101.0,100.0,101.0,102.0,103.0,107.0,114.0,123.0,133.0,137.0,138.0,138.0,139.0,140.0,139.0,135.0,0.9837404100415703,-0.179596229501744
175.0,130.0,156.0,161.0,142.0,129.0,127.0,138.0,100.0,123.0,113.0,132.0,129.0,159.0,147.0,136.0,115.0,107.0,117.0,122.0,136.0,140.0,140.0,132.0,145.0,138.0,126.0,116.0,117.0,119.0,119.0,125.0,134.0,130.0,121.0,126.0,128.0,127.0,131.0,138.0,133.0,128.0,126.0,126.0,128.0,131.0,131.0,128.0,127.0,128.0,163.0,106.0,81.0,69.0,86.0,114.0,161.0,178.0,171.0,124.0,107.0,117.0,137.0,127.0,100.0,73.0,73.0,135.0,205.0,205.0,205.0,200.0,55.0,55.0,55.0,55.0,70.0,167.0,205.0,205.0,205.0,205.0,107.0,55.0,55.0,55.0,55.0,73.0,192.0,205.0,205.0,205.0,152.0,129.0,117.0,124.0,133.0,129.0,112.0,92.0,0.8862897468522639,-0.4631311743173309
55.0,109.0,94.0,195.0,114.0,168.0,156.0,145.0,128.0,118.0,152.0,102.0,133.0,106.0,127.0,107.0,142.0,135.0,146.0,135.0,129.0,130.0,122.0,127.0,127.0,134.0,123.0,139.0,137.0,132.0,122.0,123.0,124.0,123.0,124.0,134.0,135.0,124.0,127.0,128.0,126.0,127.0,136.0,135.0,133.0,130.0,127.0,125.0,129.0,132.0,128.0,117.0,90.0,118.0,84.0,110.0,110.0,121.0,126.0,133.0,145.0,157.0,162.0,136.0,111.0,75.0,62.0,69.0,101.0,140.0,184.0,205.0,205.0,180.0,127.0,71.0,55.0,55.0,127.0,186.0,205.0,181.0,117.0,64.0,55.0,84.0,133.0,173.0,185.0,166.0,136.0,111.0,100.0,102.0,112.0,117.0,117.0,114.0,115.0,122.0,0.7082377289788047,-0.705974021654441
106.0,150.0,174.0,137.0,154.0,167.0,133.0,132.0,127.0,148.0,102.0,119.0,106.0,132.0,144.0,177.0,170.0,141.0,105.0,85.0,98.0,114.0,143.0,151.0,152.0,142.0,150.0,142.0,127.0,115.0,113.0,114.0,115.0,125.0,134.0,131.0,120.0,124.0,127.0,129.0,134.0,141.0,134.0,127.0,124.0,126.0,129.0,133.0,131.0,127.0,152.0,136.0,105.0,108.0,124.0,122.0,117.0,105.0,111.0,116.0,128.0,126.0,127.0,120.0,112.0,96.0,80.0,77.0,88.0,109.0,134.0,165.0,190.0,205.0,205.0,181.0,131.0,75.0,55.0,55.0,55.0,102.0,202.0,205.0,205.0,205.0,179.0,125.0,90.0,73.0,68.0,70.0,72.0,76.0,84.0,96.0,111.0,126.0,138.0,147.0,0.4647944543863487,-0.8854186101340408
99.0,73.0,119.0,106.0,113.0,120.0,128.0,112.0,120.0,152.0,143.0,144.0,130.0,122.0,99.0,106.0,118.0,141.0,148.0,143.0,136.0,124.0,117.0,119.0,121.0,110.0,115.0,129.0,138.0,138.0,138.0,137.0,131.0,122.0,127.0,136.0,131.0,129.0,130.0,124.0,118.0,123.0,128.0,130.0,131.0,129.0,126.0,126.0,129.0,130.0,120.0,91.0,92.0,83.0,121.0,143.0,146.0,129.0,134.0,165.0,202.0,192.0,127.0,55.0,55.0,55.0,55.0,68.0,153.0,193.0,205.0,205.0,205.0,205.0,85.0,55.0,55.0,55.0,55.0,158.0,205.0,205.0,204.0,143.0,134.0,157.0,191.0,205.0,184.0,135.0,85.0,55.0,55.0,67.0,89.0,99.0,99.0,100.0,111.0,134.0,0.17753617818738338,-0.9841142745812692
205.0,187.0,204.0,84.0,123.0,111.0,113.0,104.0,122.0,148.0,118.0,138.0,126.0,145.0,144.0,180.0,169.0,154.0,114.0,90.0,90.0,104.0,130.0,149.0,158.0,146.0,149.0,136.0,124.0,118.0,125.0,128.0,127.0,130.0,137.0,133.0,123.0,127.0,131.0,131.0,135.0,139.0,131.0,122.0,119.0,124.0,131.0,136.0,135.0,127.0,139.0,148.0,157.0,130.0,97.0,104.0,144.0,146.0,137.0,141.0,143.0,157.0,163.0,157.0,142.0,125.0,99.0,103.0,143.0,186.0,202.0,188.0,139.0,82.0,60.0,80.0,130.0,180.0,205.0,181.0,112.0,55.0,55.0,55.0,69.0,157.0,167.0,138.0,102.0,85.0,98.0,133.0,166.0,180.0,176.0,164.0,152.0,146.0,145.0,143.0,-0.12741434683505207,-0.9918495774161509
192.0,201.0,112.0,101.0,107.0,113.0,100.0,107.0,145.0,121.0,119.0,120.0,156.0,141.0,146.0,129.0,109.0,98.0,109.0,132.0,147.0,151.0,140.0,134.0,120.0,117.0,121.0,118.0,110.0,122.0,135.0,140.0,140.0,139.0,138.0,127.0,123.0,133.0,137.0,131.0,131.0,129.0,121.0,119.0,126.0,130.0,132.0,132.0,129.0,127.0,127.0,109.0,112.0,92.0,153.0,128.0,110.0,74.0,73.0,72.0,96.0,111.0,131.0,166.0,194.0,205.0,205.0,168.0,98.0,55.0,55.0,55.0,55.0,127.0,205.0,205.0,205.0,205.0,205.0,118.0,74.0,55.0,55.0,55.0,55.0,68.0,140.0,163.0,169.0,162.0,148.0,137.0,132.0,132.0,131.0,127.0,120.0,113.0,109.0,110.0,-0.42170904362913864,-0.9067312074266537
203.0,176.0,99.0,109.0,125.0,103.0,112.0,117.0,151.0,115.0,138.0,127.0,144.0,151.0,180.0,174.0,149.0,111.0,82.0,88.0,103.0,135.0,153.0,160.0,148.0,148.0,135.0,123.0,118.0,124.0,127.0,126.0,130.0,137.0,132.0,122.0,127.0,131.0,132.0,136.0,139.0,130.0,120.0,119.0,124.0,131.0,136.0,134.0,126.0,121.0,111.0,96.0,117.0,149.0,165.0,141.0,95.0,64.0,70.0,102.0,123.0,118.0,100.0,107.0,151.0,205.0,205.0,205.0,98.0,55.0,55.0,55.0,123.0,205.0,205.0,186.0,126.0,100.0,116.0,156.0,186.0,183.0,148.0,102.0,68.0,62.0,79.0,103.0,117.0,115.0,107.0,107.0,122.0,143.0,158.0,157.0,144.0,131.0,126.0,130.0,-0.6858700999554448,-0.7277239902511861
191.0,202.0,111.0,103.0,107.0,119.0,99.0,103.0,138.0,122.0,122.0,123.0,157.0,139.0,144.0,129.0,111.0,99.0,109.0,130.0,145.0,150.0,141.0,135.0,121.0,118.0,121.0,118.0,110.0,122.0,135.0,140.0,139.0,139.0,137.0,127.0,123.0,133.0,137.0,131.0,131.0,129.0,121.0,119.0,126.0,130.0,132.0,132.0,129.0,127.0,163.0,163.0,136.0,124.0,121.0,111.0,114.0,154.0,180.0,179.0,168.0,160.0,148.0,137.0,115.0,74.0,55.0,55.0,103.0,177.0,205.0,205.0,205.0,120.0,68.0,62.0,91.0,114.0,97.0,58.0,55.0,55.0,151.0,205.0,205.0,205.0,164.0,103.0,77.0,89.0,123.0,152.0,159.0,143.0,119.0,110.0,119.0,138.0,148.0,147.0,-0.8801883791564252,-0.47462450126177114
154.0,89.0,126.0,106.0,119.0,88.0,137.0,126.0,129.0,122.0,148.0,139.0,141.0,151.0,137.0,127.0,112.0,114.0,117.0,130.0,131.0,142.0,136.0,131.0,133.0,128.0,117.0,119.0,131.0,135.0,135.0,132.0,137.0,130.0,123.0,129.0,135.0,131.0,132.0,134.0,127.0,120.0,122.0,126.0,130.0,133.0,132.0,127.0,124.0,124.0,156.0,158.0,106.0,84.0,106.0,134.0,143.0,150.0,152.0,167.0,174.0,160.0,121.0,76.0,55.0,55.0,93.0,163.0,205.0,205.0,205.0,205.0,154.0,94.0,55.0,55.0,55.0,55.0,105.0,158.0,194.0,205.0,205.0,197.0,142.0,89.0,55.0,55.0,55.0,55.0,104.0,131.0,147.0,155.0,159.0,164.0,170.0,171.0,167.0,158.0,-0.9846886361070636,-0.1743223735543171
199.0,205.0,95.0,84.0,102.0,114.0,105.0,97.0,140.0,116.0,123.0,122.0,159.0,144.0,145.0,121.0,95.0,80.0,96.0,133.0,161.0,170.0,154.0,137.0,112.0,107.0,109.0,110.0,105.0,119.0,136.0,144.0,144.0,144.0,140.0,127.0,124.0,133.0,138.0,132.0,131.0,127.0,118.0,118.0,126.0,132.0,133.0,131.0,127.0,125.0,154.0,100.0,96.0,116.0,106.0,90.0,105.0,118.0,129.0,131.0,127.0,138.0,161.0,170.0,151.0,110.0,61.0,55.0,55.0,94.0,148.0,183.0,185.0,168.0,160.0,159.0,154.0,144.0,126.0,99.0,76.0,69.0,74.0,89.0,120.0,156.0,185.0,199.0,196.0,178.0,152.0,127.0,105.0,88.0,80.0,80.0,88.0,102.0,115.0,120.0,-0.9899717164212328,0.1412657095193244
151.0,90.0,114.0,110.0,120.0,87.0,132.0,124.0,132.0,119.0,149.0,134.0,142.0,148.0,140.0,126.0,112.0,113.0,116.0,129.0,129.0,141.0,136.0,131.0,132.0,129.0,116.0,117.0,129.0,134.0,134.0,132.0,136.0,131.0,122.0,127.0,135.0,130.0,131.0,134.0,127.0,120.0,121.0,125.0,129.0,132.0,131.0,128.0,124.0,126.0,119.0,119.0,122.0,100.0,134.0,162.0,164.0,137.0,113.0,95.0,100.0,124.0,139.0,135.0,119.0,113.0,129.0,160.0,174.0,144.0,78.0,55.0,55.0,55.0,153.0,205.0,205.0,205.0,159.0,100.0,58.0,55.0,55.0,94.0,145.0,187.0,202.0,197.0,177.0,157.0,141.0,121.0,104.0,95.0,99.0,109.0,116.0,115.0,110.0,108.0,-0.8982512043951074,0.43948239305202996
205.0,138.0,101.0,65.0,131.0,96.0,114.0,119.0,129.0,114.0,122.0,159.0,138.0,148.0,120.0,113.0,83.0,100.0,119.0,151.0,159.0,157.0,143.0,119.0,106.0,108.0,114.0,107.0,119.0,132.0,141.0,140.0,141.0,139.0,131.0,123.0,130.0,137.0,131.0,130.0,128.0,121.0,117.0,124.0,130.0,132.0,131.0,128.0,125.0,127.0,134.0,176.0,122.0,117.0,79.0,122.0,100.0,117.0,118.0,122.0,125.0,156.0,193.0,205.0,194.0,152.0,112.0,67.0,56.0,67.0,90.0,109.0,149.0,196.0,205.0,205.0,183.0,117.0,56.0,55.0,55.0,106.0,138.0,135.0,99.0,63.0,59.0,95.0,151.0,204.0,205.0,205.0,186.0,152.0,129.0,120.0,120.0,118.0,109.0,100.0,-0.7190896719535654,0.6949172926972774
55.0,93.0,166.0,122.0,171.0,125.0,189.0,105.0,148.0,112.0,145.0,99.0,125.0,115.0,110.0,121.0,126.0,144.0,136.0,143.0,124.0,133.0,116.0,126.0,125.0,125.0,125.0,137.0,135.0,124.0,123.0,121.0,126.0,119.0,128.0,133.0,130.0,122.0,127.0,125.0,123.0,129.0,136.0,134.0,130.0,127.0,124.0,125.0,129.0,132.0,161.0,139.0,115.0,111.0,103.0,122.0,129.0,131.0,121.0,120.0,113.0,111.0,108.0,103.0,103.0,107.0,112.0,124.0,152.0,175.0,180.0,167.0,142.0,111.0,91.0,88.0,93.0,104.0,130.0,161.0,187.0,195.0,186.0,165.0,139.0,115.0,94.0,82.0,81.0,87.0,96.0,105.0,112.0,116.0,121.0,129.0,139.0,146.0,149.0,147.0,-0.4699277494450284,0.8827048829034144
169.0,55.0,79.0,69.0,195.0,114.0,175.0,143.0,158.0,113.0,124.0,143.0,115.0,125.0,107.0,122.0,94.0,126.0,121.0,148.0,142.0,144.0,134.0,125.0,118.0,118.0,125.0,117.0,131.0,135.0,134.0,123.0,125.0,124.0,124.0,121.0,130.0,134.0,126.0,125.0,127.0,123.0,122.0,132.0,135.0,133.0,130.0,126.0,123.0,126.0,158.0,157.0,125.0,102.0,82.0,92.0,114.0,142.0,153.0,157.0,157.0,159.0,163.0,153.0,111.0,55.0,55.0,55.0,55.0,148.0,205.0,205.0,205.0,205.0,89.0,57.0,55.0,55.0,55.0,57.0,132.0,171.0,195.0,199.0,187.0,164.0,138.0,118.0,109.0,112.0,118.0,121.0,115.0,105.0,99.0,103.0,115.0,129.0,139.0,142.0,-0.1750203141757644,0.9845648224600637
190.0,133.0,174.0,137.0,163.0,109.0,150.0,133.0,125.0,101.0,115.0,125.0,134.0,166.0,158.0,149.0,111.0,104.0,101.0,121.0,130.0,146.0,146.0,138.0,144.0,144.0,132.0,117.0,117.0,115.0,119.0,121.0,133.0,133.0,123.0,122.0,129.0,128.0,131.0,138.0,135.0,129.0,126.0,126.0,128.0,131.0,132.0,129.0,126.0,127.0,148.0,145.0,150.0,127.0,154.0,163.0,147.0,137.0,116.0,105.0,94.0,107.0,115.0,126.0,126.0,142.0,159.0,163.0,151.0,126.0,87.0,61.0,84.0,137.0,173.0,170.0,128.0,69.0,55.0,60.0,154.0,205.0,205.0,205.0,205.0,112.0,72.0,63.0,79.0,106.0,123.0,124.0,120.0,121.0,131.0,144.0,154.0,152.0,142.0,132.0,0.13692462106018446,0.9905814697174206
200.0,180.0,84.0,127.0,102.0,122.0,91.0,133.0,132.0,126.0,129.0,138.0,140.0,134.0,160.0,152.0,146.0,116.0,105.0,101.0,115.0,128.0,145.0,147.0,139.0,140.0,129.0,118.0,117.0,133.0,137.0,134.0,126.0,131.0,129.0,124.0,131.0,135.0,130.0,131.0,135.0,128.0,122.0,122.0,125.0,129.0,133.0,133.0,128.0,124.0,120.0,138.0,112.0,114.0,126.0,131.0,108.0,93.0,88.0,101.0,114.0,115.0,128.0,155.0,181.0,184.0,167.0,125.0,82.0,63.0,67.0,85.0,117.0,153.0,181.0,205.0,205.0,205.0,197.0,136.0,71.0,55.0,55.0,55.0,74.0,159.0,182.0,172.0,145.0,121.0,111.0,115.0,125.0,131.0,130.0,124.0,118.0,117.0,119.0,125.0,0.435540513677638,0.9001691290782079
172.0,140.0,76.0,128.0,107.0,108.0,105.0,138.0,128.0,117.0,137.0,139.0,151.0,141.0,147.0,120.0,120.0,112.0,121.0,125.0,128.0,133.0,138.0,133.0,129.0,133.0,121.0,114.0,121.0,132.0,135.0,133.0,132.0,132.0,123.0,125.0,138.0,139.0,129.0,127.0,127.0,121.0,123.0,126.0,128.0,129.0,131.0,128.0,126.0,127.0,160.0,99.0,78.0,96.0,112.0,144.0,120.0,114.0,100.0,100.0,98.0,119.0,129.0,138.0,146.0,154.0,160.0,155.0,126.0,76.0,55.0,55.0,55.0,120.0,178.0,203.0,198.0,180.0,166.0,166.0,167.0,147.0,94.0,55.0,55.0,55.0,55.0,147.0,205.0,205.0,205.0,175.0,126.0,98.0,92.0,96.0,98.0,91.0,83.0,81.0,0.6917583479770135,0.7221290660291365
161.0,89.0,80.0,132.0,101.0,112.0,104.0,143.0,111.0,127.0,141.0,150.0,141.0,132.0,118.0,93.0,98.0,114.0,146.0,155.0,153.0,137.0,125.0,111.0,116.0,117.0,110.0,112.0,128.0,140.0,140.0,141.0,138.0,133.0,122.0,127.0,136.0,134.0,129.0,130.0,124.0,118.0,122.0,129.0,131.0,131.0,129.0,126.0,126.0,130.0,114.0,129.0,138.0,158.0,148.0,132.0,104.0,99.0,109.0,123.0,131.0,139.0,146.0,165.0,195.0,204.0,166.0,96.0,55.0,55.0,55.0,55.0,89.0,187.0,205.0,205.0,205.0,205.0,205.0,55.0,55.0,55.0,55.0,56.0,191.0,205.0,205.0,205.0,205.0,142.0,127.0,129.0,132.0,126.0,108.0,88.0,78.0,83.0,97.0,110.0,0.8806363829730011,0.4737927405355951
101.0,101.0,106.0,116.0,140.0,109.0,122.0,137.0,157.0,141.0,134.0,102.0,79.0,80.0,112.0,155.0,173.0,167.0,142.0,120.0,101.0,106.0,109.0,105.0,108.0,127.0,142.0,145.0,144.0,142.0,133.0,122.0,127.0,137.0,135.0,129.0,127.0,120.0,115.0,121.0,130.0,133.0,131.0,127.0,124.0,126.0,131.0,134.0,134.0,132.0,166.0,177.0,129.0,109.0,142.0,135.0,127.0,107.0,99.0,110.0,138.0,152.0,149.0,141.0,136.0,147.0,157.0,157.0,142.0,115.0,90.0,105.0,162.0,200.0,202.0,161.0,101.0,55.0,55.0,87.0,148.0,199.0,205.0,205.0,135.0,74.0,55.0,55.0,55.0,72.0,121.0,140.0,153.0,162.0,170.0,173.0,169.0,158.0,146.0,139.0,0.9837881271882749,0.17933466146672966
205.0,106.0,83.0,113.0,111.0,107.0,103.0,143.0,115.0,123.0,129.0,154.0,139.0,140.0,125.0,103.0,98.0,110.0,136.0,149.0,151.0,138.0,131.0,116.0,116.0,120.0,115.0,110.0,124.0,136.0,140.0,139.0,138.0,136.0,124.0,124.0,134.0,135.0,129.0,130.0,127.0,119.0,120.0,127.0,130.0,131.0,130.0,127.0,126.0,128.0,133.0,97.0,70.0,81.0,132.0,132.0,119.0,126.0,130.0,108.0,87.0,68.0,71.0,92.0,113.0,132.0,160.0,192.0,205.0,205.0,175.0,107.0,55.0,55.0,55.0,55.0,128.0,205.0,205.0,205.0,205.0,205.0,113.0,63.0,55.0,55.0,55.0,55.0,104.0,157.0,165.0,153.0,132.0,121.0,119.0,127.0,139.0,145.0,143.0,132.0,0.9911721871599818,-0.13258090134139972
205.0,147.0,115.0,94.0,135.0,94.0,121.0,120.0,148.0,114.0,137.0,132.0,143.0,158.0,178.0,172.0,138.0,105.0,79.0,95.0,109.0,140.0,151.0,155.0,147.0,148.0,135.0,121.0,118.0,122.0,127.0,124.0,132.0,137.0,130.0,121.0,127.0,131.0,132.0,137.0,138.0,127.0,119.0,119.0,125.0,132.0,136.0,133.0,124.0,120.0,157.0,130.0,119.0,117.0,104.0,125.0,146.0,173.0,175.0,151.0,101.0,65.0,55.0,64.0,76.0,79.0,87.0,129.0,201.0,205.0,205.0,205.0,74.0,55.0,55.0,55.0,79.0,203.0,205.0,205.0,160.0,121.0,128.0,167.0,202.0,205.0,165.0,110.0,66.0,55.0,69.0,95.0,109.0,101.0,92.0,97.0,120.0,148.0,165.0,163.0,0.9030470421668314,-0.4295416622793846
205.0,154.0,86.0,115.0,107.0,121.0,87.0,135.0,124.0,130.0,119.0,147.0,136.0,141.0,150.0,140.0,128.0,112.0,113.0,115.0,128.0,129.0,141.0,136.0,131.0,132.0,128.0,116.0,118.0,129.0,133.0,134.0,132.0,136.0,130.0,122.0,127.0,134.0,130.0,132.0,134.0,127.0,120.0,122.0,125.0,129.0,133.0,131.0,128.0,125.0,158.0,161.0,145.0,126.0,150.0,146.0,136.0,129.0,128.0,123.0,124.0,126.0,137.0,162.0,173.0,171.0,168.0,166.0,147.0,123.0,97.0,70.0,65.0,91.0,140.0,187.0,205.0,205.0,156.0,89.0,55.0,55.0,79.0,138.0,162.0,147.0,112.0,85.0,83.0,107.0,145.0,172.0,183.0,178.0,166.0,154.0,147.0,144.0,140.0,131.0,0.7292721204544078,-0.6842237750384969
178.0,147.0,147.0,156.0,157.0,121.0,135.0,140.0,125.0,103.0,111.0,122.0,137.0,165.0,170.0,153.0,116.0,96.0,94.0,112.0,129.0,147.0,151.0,143.0,144.0,147.0,134.0,118.0,114.0,114.0,116.0,119.0,131.0,134.0,124.0,120.0,127.0,128.0,131.0,138.0,137.0,129.0,125.0,125.0,128.0,131.0,132.0,128.0,123.0,123.0,142.0,137.0,88.0,82.0,124.0,141.0,101.0,71.0,73.0,77.0,98.0,108.0,130.0,163.0,200.0,205.0,201.0,156.0,92.0,55.0,55.0,55.0,55.0,121.0,205.0,205.0,205.0,205.0,205.0,128.0,85.0,55.0,55.0,55.0,55.0,55.0,93.0,136.0,171.0,194.0,196.0,181.0,157.0,136.0,119.0,109.0,104.0,102.0,99.0,98.0,0.4867875179157018,-0.8735204132711898
61.0,55.0,58.0,177.0,129.0,158.0,133.0,167.0,123.0,124.0,130.0,123.0,122.0,114.0,113.0,80.0,91.0,102.0,145.0,164.0,171.0,152.0,131.0,106.0,103.0,109.0,109.0,118.0,130.0,134.0,128.0,130.0,136.0,135.0,122.0,122.0,129.0,128.0,128.0,129.0,123.0,117.0,125.0,133.0,137.0,134.0,128.0,122.0,123.0,130.0,158.0,134.0,101.0,80.0,70.0,92.0,108.0,129.0,139.0,143.0,148.0,160.0,172.0,168.0,134.0,77.0,55.0,55.0,95.0,194.0,205.0,205.0,191.0,112.0,78.0,88.0,126.0,159.0,163.0,137.0,100.0,71.0,65.0,80.0,104.0,121.0,124.0,121.0,121.0,129.0,143.0,153.0,152.0,141.0,130.0,125.0,129.0,136.0,140.0,136.0,0.19824271873783453,-0.980152959729976
174.0,145.0,147.0,155.0,160.0,122.0,131.0,141.0,128.0,104.0,108.0,119.0,135.0,162.0,172.0,157.0,120.0,95.0,89.0,107.0,126.0,147.0,152.0,145.0,143.0,147.0,136.0,119.0,113.0,112.0,114.0,118.0,129.0,134.0,124.0,119.0,125.0,127.0,129.0,136.0,137.0,127.0,125.0,129.0,131.0,130.0,127.0,125.0,124.0,126.0,149.0,147.0,145.0,125.0,129.0,161.0,168.0,158.0,133.0,105.0,93.0,104.0,118.0,116.0,116.0,121.0,136.0,162.0,179.0,162.0,112.0,72.0,67.0,99.0,134.0,132.0,92.0,58.0,67.0,127.0,204.0,205.0,205.0,205.0,120.0,76.0,69.0,91.0,124.0,144.0,145.0,131.0,117.0,115.0,127.0,143.0,151.0,146.0,132.0,122.0,-0.10969501279031323,-0.9939652932416367
88.0,159.0,134.0,158.0,158.0,148.0,119.0,118.0,139.0,123.0,124.0,111.0,99.0,81.0,99.0,122.0,158.0,169.0,164.0,144.0,119.0,103.0,106.0,112.0,115.0,126.0,134.0,134.0,130.0,132.0,132.0,125.0,120.0,131.0,136.0,128.0,126.0,124.0,117.0,122.0,136.0,143.0,135.0,126.0,121.0,122.0,129.0,136.0,138.0,136.0,134.0,91.0,127.0,157.0,127.0,129.0,153.0,138.0,115.0,111.0,107.0,112.0,118.0,117.0,118.0,139.0,176.0,205.0,205.0,179.0,141.0,101.0,65.0,56.0,71.0,90.0,123.0,175.0,205.0,205.0,205.0,171.0,88.0,55.0,55.0,55.0,82.0,123.0,123.0,108.0,99.0,108.0,130.0,157.0,178.0,184.0,173.0,158.0,145.0,137.0,-0.4083278381050714,-0.912835350229404
113.0,63.0,139.0,86.0,122.0,100.0,147.0,105.0,128.0,139.0,149.0,143.0,130.0,120.0,86.0,98.0,110.0,149.0,156.0,157.0,138.0,125.0,110.0,113.0,117.0,107.0,112.0,127.0,141.0,141.0,142.0,139.0,134.0,122.0,127.0,136.0,133.0,129.0,129.0,124.0,117.0,122.0,129.0,132.0,131.0,128.0,125.0,125.0,130.0,133.0,161.0,119.0,110.0,122.0,122.0,131.0,114.0,111.0,118.0,131.0,130.0,126.0,115.0,109.0,108.0,105.0,105.0,108.0,112.0,123.0,151.0,175.0,179.0,167.0,146.0,118.0,98.0,88.0,89.0,102.0,129.0,160.0,183.0,195.0,191.0,171.0,142.0,115.0,95.0,83.0,81.0,88.0,96.0,104.0,111.0,115.0,121.0,129.0,139.0,146.0,-0.6691632308918852,-0.7431154489191659
55.0,76.0,90.0,166.0,141.0,148.0,163.0,133.0,131.0,111.0,150.0,107.0,130.0,108.0,110.0,90.0,110.0,124.0,149.0,159.0,150.0,143.0,118.0,112.0,111.0,118.0,114.0,130.0,135.0,133.0,126.0,127.0,129.0,123.0,121.0,129.0,132.0,128.0,131.0,130.0,119.0,118.0,129.0,136.0,137.0,132.0,125.0,121.0,125.0,132.0,159.0,116.0,80.0,78.0,104.0,140.0,151.0,150.0,155.0,160.0,167.0,160.0,125.0,67.0,55.0,55.0,55.0,112.0,205.0,205.0,205.0,205.0,110.0,69.0,55.0,55.0,55.0,55.0,117.0,162.0,191.0,200.0,192.0,171.0,146.0,123.0,110.0,110.0,117.0,121.0,118.0,109.0,100.0,101.0,111.0,125.0,137.0,142.0,142.0,142.0,-0.8663132521387774,-0.49950110026779226
55.0,68.0,82.0,194.0,109.0,181.0,134.0,170.0,103.0,140.0,132.0,124.0,111.0,112.0,126.0,112.0,147.0,135.0,148.0,123.0,125.0,117.0,126.0,124.0,132.0,135.0,125.0,134.0,138.0,137.0,124.0,122.0,115.0,119.0,119.0,133.0,136.0,126.0,122.0,126.0,124.0,126.0,135.0,136.0,132.0,128.0,125.0,125.0,128.0,130.0,102.0,151.0,163.0,137.0,109.0,130.0,111.0,118.0,146.0,168.0,168.0,164.0,157.0,143.0,127.0,106.0,81.0,55.0,55.0,109.0,180.0,205.0,205.0,197.0,107.0,56.0,61.0,111.0,149.0,148.0,103.0,55.0,55.0,58.0,170.0,205.0,205.0,205.0,148.0,99.0,86.0,102.0,128.0,143.0,137.0,117.0,102.0,104.0,120.0,139.0,-0.9789220234471833,-0.20423435560667136
162.0,67.0,55.0,56.0,162.0,140.0,153.0,137.0,157.0,127.0,122.0,137.0,122.0,124.0,113.0,108.0,78.0,87.0,105.0,147.0,171.0,173.0,155.0,128.0,104.0,100.0,107.0,108.0,119.0,131.0,136.0,130.0,128.0,132.0,134.0,127.0,129.0,130.0,126.0,124.0,128.0,124.0,120.0,126.0,134.0,136.0,133.0,127.0,122.0,124.0,109.0,126.0,116.0,112.0,135.0,124.0,106.0,92.0,91.0,102.0,113.0,114.0,126.0,156.0,180.0,184.0,165.0,125.0,83.0,64.0,69.0,85.0,113.0,145.0,175.0,205.0,205.0,205.0,200.0,134.0,70.0,55.0,55.0,55.0,81.0,159.0,181.0,172.0,146.0,122.0,111.0,114.0,124.0,132.0,131.0,124.0,119.0,117.0,119.0,124.0,-0.9934322439250609,0.11442192416673627
66.0,151.0,124.0,164.0,151.0,165.0,122.0,113.0,135.0,129.0,135.0,117.0,105.0,73.0,86.0,106.0,152.0,173.0,173.0,153.0,127.0,105.0,103.0,110.0,110.0,119.0,131.0,137.0,133.0,132.0,133.0,129.0,121.0,127.0,136.0,132.0,127.0,127.0,121.0,118.0,127.0,137.0,139.0,134.0,126.0,121.0,124.0,132.0,138.0,138.0,124.0,106.0,122.0,139.0,154.0,153.0,144.0,124.0,118.0,113.0,99.0,77.0,66.0,76.0,114.0,164.0,200.0,205.0,187.0,148.0,104.0,72.0,56.0,55.0,55.0,102.0,152.0,193.0,205.0,205.0,191.0,160.0,132.0,112.0,104.0,105.0,108.0,108.0,104.0,101.0,101.0,109.0,121.0,133.0,139.0,141.0,141.0,142.0,142.0,140.0,-0.9054538777804487,0.4244446668440402
55.0,98.0,77.0,198.0,111.0,177.0,149.0,151.0,116.0,122.0,146.0,108.0,127.0,105.0,127.0,104.0,142.0,132.0,146.0,130.0,128.0,125.0,123.0,125.0,128.0,133.0,122.0,137.0,135.0,129.0,119.0,126.0,126.0,124.0,117.0,129.0,132.0,126.0,127.0,128.0,123.0,124.0,134.0,135.0,133.0,128.0,126.0,124.0,127.0,130.0,153.0,164.0,166.0,133.0,137.0,149.0,156.0,142.0,114.0,126.0,140.0,166.0,150.0,116.0,83.0,94.0,123.0,154.0,173.0,166.0,138.0,129.0,157.0,182.0,178.0,134.0,72.0,55.0,55.0,55.0,84.0,184.0,205.0,205.0,205.0,205.0,116.0,60.0,55.0,55.0,55.0,58.0,114.0,144.0,165.0,176.0,176.0,169.0,161.0,157.0,-0.7209693065791879,0.69296699702852
114.0,118.0,162.0,141.0,148.0,174.0,121.0,140.0,109.0,154.0,94.0,133.0,106.0,121.0,110.0,134.0,138.0,139.0,137.0,124.0,132.0,118.0,128.0,125.0,129.0,122.0,139.0,135.0,127.0,121.0,121.0,124.0,120.0,125.0,133.0,132.0,121.0,127.0,126.0,124.0,126.0,134.0,131.0,130.0,132.0,131.0,128.0,125.0,127.0,129.0,138.0,110.0,96.0,92.0,102.0,102.0,108.0,105.0,116.0,147.0,176.0,184.0,170.0,135.0,95.0,70.0,66.0,73.0,97.0,138.0,174.0,201.0,205.0,205.0,205.0,152.0,89.0,55.0,55.0,55.0,58.0,143.0,177.0,178.0,154.0,127.0,111.0,111.0,120.0,130.0,131.0,125.0,118.0,115.0,117.0,122.0,127.0,129.0,129.0,130.0,-0.45661286949519114,0.889665491862738
174.0,156.0,147.0,149.0,167.0,129.0,131.0,137.0,135.0,107.0,110.0,117.0,132.0,154.0,174.0,164.0,130.0,100.0,88.0,104.0,122.0,145.0,152.0,148.0,142.0,148.0,141.0,123.0,114.0,113.0,114.0,117.0,127.0,135.0,128.0,119.0,124.0,131.0,128.0,134.0,137.0,132.0,127.0,126.0,126.0,129.0,132.0,130.0,126.0,125.0,122.0,92.0,91.0,108.0,117.0,105.0,98.0,105.0,115.0,126.0,128.0,137.0,151.0,160.0,152.0,121.0,75.0,55.0,55.0,55.0,113.0,162.0,186.0,179.0,169.0,168.0,177.0,183.0,170.0,126.0,66.0,55.0,55.0,55.0,72.0,195.0,205.0,205.0,205.0,202.0,138.0,104.0,86.0,75.0,70.0,68.0,70.0,78.0,93.0,109.0,-0.13881095480997505,0.9903188975399505
98.0,143.0,173.0,137.0,160.0,160.0,143.0,119.0,133.0,142.0,115.0,106.0,110.0,123.0,141.0,171.0,167.0,143.0,107.0,91.0,97.0,116.0,136.0,149.0,148.0,140.0,146.0,144.0,129.0,115.0,113.0,113.0,115.0,122.0,133.0,131.0,120.0,121.0,127.0,127.0,132.0,139.0,135.0,127.0,124.0,125.0,128.0,131.0,129.0,125.0,117.0,132.0,156.0,152.0,139.0,103.0,96.0,104.0,125.0,131.0,139.0,142.0,160.0,191.0,205.0,174.0,105.0,55.0,55.0,55.0,55.0,74.0,179.0,205.0,205.0,205.0,205.0,205.0,55.0,55.0,55.0,55.0,55.0,170.0,205.0,205.0,205.0,205.0,149.0,133.0,134.0,137.0,130.0,110.0,88.0,76.0,79.0,93.0,108.0,116.0,0.19833084839709303,0.9801351307723284
55.0,99.0,152.0,137.0,163.0,134.0,184.0,108.0,145.0,110.0,151.0,96.0,130.0,111.0,116.0,119.0,133.0,143.0,135.0,138.0,121.0,132.0,117.0,130.0,127.0,128.0,125.0,139.0,135.0,125.0,121.0,121.0,125.0,119.0,127.0,134.0,131.0,121.0,128.0,126.0,123.0,128.0,134.0,131.0,130.0,132.0,131.0,128.0,125.0,127.0,184.0,154.0,111.0,129.0,141.0,132.0,112.0,104.0,101.0,127.0,147.0,153.0,143.0,138.0,140.0,153.0,158.0,150.0,127.0,97.0,91.0,131.0,188.0,205.0,194.0,130.0,66.0,55.0,55.0,124.0,182.0,205.0,205.0,163.0,98.0,55.0,55.0,55.0,55.0,107.0,132.0,148.0,159.0,167.0,179.0,174.0,159.0,145.0,140.0,141.0,0.5163553493281657,0.8563744234972153
198.0,125.0,169.0,139.0,164.0,111.0,147.0,135.0,123.0,104.0,110.0,126.0,133.0,171.0,162.0,153.0,110.0,100.0,95.0,116.0,129.0,147.0,148.0,140.0,146.0,144.0,133.0,116.0,115.0,112.0,115.0,117.0,136.0,137.0,126.0,119.0,123.0,124.0,131.0,141.0,138.0,129.0,123.0,124.0,127.0,132.0,132.0,129.0,125.0,125.0,95.0,98.0,100.0,109.0,125.0,148.0,128.0,91.0,76.0,64.0,81.0,96.0,116.0,134.0,170.0,198.0,205.0,205.0,158.0,89.0,55.0,55.0,55.0,55.0,143.0,205.0,205.0,205.0,205.0,205.0,114.0,56.0,55.0,55.0,55.0,55.0,107.0,159.0,166.0,154.0,136.0,124.0,122.0,129.0,138.0,141.0,136.0,127.0,117.0,114.0,0.7767671045035723,0.629787952696093
205.0,178.0,101.0,121.0,107.0,122.0,88.0,132.0,129.0,137.0,116.0,145.0,135.0,143.0,155.0,150.0,137.0,118.0,115.0,111.0,120.0,120.0,139.0,143.0,141.0,140.0,135.0,120.0,116.0,127.0,132.0,135.0,131.0,137.0,133.0,124.0,126.0,135.0,132.0,132.0,136.0,130.0,122.0,121.0,125.0,129.0,134.0,133.0,129.0,125.0,155.0,126.0,94.0,105.0,133.0,164.0,158.0,120.0,81.0,65.0,84.0,109.0,119.0,106.0,103.0,127.0,179.0,205.0,205.0,160.0,60.0,55.0,55.0,56.0,158.0,205.0,205.0,160.0,107.0,98.0,131.0,174.0,192.0,173.0,128.0,84.0,62.0,67.0,90.0,111.0,117.0,111.0,105.0,111.0,130.0,151.0,159.0,153.0,138.0,127.0,0.9470080424440015,0.3212098497032433
137.0,169.0,150.0,148.0,145.0,171.0,118.0,139.0,126.0,142.0,94.0,118.0,109.0,135.0,151.0,171.0,160.0,128.0,104.0,89.0,107.0,117.0,144.0,147.0,146.0,140.0,149.0,138.0,123.0,114.0,112.0,115.0,116.0,128.0,134.0,127.0,118.0,125.0,126.0,128.0,135.0,139.0,131.0,126.0,124.0,126.0,129.0,131.0,130.0,125.0,148.0,161.0,150.0,147.0,126.0,124.0,116.0,107.0,132.0,171.0,182.0,171.0,162.0,151.0,140.0,125.0,91.0,55.0,55.0,59.0,147.0,205.0,205.0,205.0,148.0,83.0,58.0,77.0,107.0,107.0,71.0,55.0,55.0,110.0,198.0,205.0,205.0,205.0,124.0,82.0,79.0,107.0,142.0,159.0,152.0,130.0,112.0,109.0,123.0,141.0,0.9994474181225268,-0.03323941046732299
138.0,55.0,127.0,130.0,164.0,137.0,156.0,170.0,126.0,134.0,119.0,148.0,96.0,128.0,108.0,129.0,123.0,149.0,143.0,135.0,123.0,112.0,123.0,120.0,134.0,134.0,136.0,128.0,142.0,136.0,125.0,118.0,118.0,121.0,119.0,126.0,134.0,130.0,120.0,126.0,127.0,125.0,130.0,137.0,133.0,129.0,127.0,126.0,126.0,129.0,142.0,160.0,129.0,79.0,99.0,118.0,139.0,143.0,153.0,156.0,174.0,167.0,141.0,98.0,58.0,55.0,55.0,124.0,196.0,205.0,205.0,205.0,205.0,112.0,57.0,55.0,55.0,55.0,63.0,137.0,184.0,205.0,205.0,205.0,161.0,102.0,57.0,55.0,55.0,55.0,99.0,127.0,142.0,150.0,153.0,158.0,165.0,169.0,167.0,160.0,0.9217846898764032,-0.3877021866193991
193.0,125.0,170.0,140.0,160.0,112.0,147.0,135.0,120.0,104.0,114.0,127.0,134.0,166.0,155.0,145.0,109.0,104.0,103.0,123.0,132.0,145.0,144.0,136.0,145.0,142.0,130.0,116.0,117.0,115.0,119.0,121.0,133.0,132.0,122.0,123.0,129.0,127.0,131.0,138.0,135.0,128.0,125.0,126.0,128.0,131.0,131.0,129.0,126.0,127.0,138.0,128.0,90.0,102.0,133.0,115.0,85.0,96.0,120.0,134.0,137.0,127.0,136.0,160.0,173.0,157.0,116.0,66.0,55.0,55.0,90.0,145.0,182.0,188.0,172.0,162.0,161.0,156.0,147.0,130.0,104.0,79.0,70.0,74.0,89.0,118.0,154.0,184.0,199.0,199.0,182.0,156.0,131.0,109.0,92.0,82.0,82.0,88.0,99.0,113.0,0.720440725258418,-0.6935165184688283
205.0,202.0,102.0,89.0,116.0,110.0,102.0,106.0,143.0,118.0,122.0,128.0,156.0,139.0,142.0,121.0,100.0,93.0,110.0,140.0,154.0,155.0,140.0,131.0,114.0,115.0,118.0,114.0,109.0,125.0,138.0,142.0,141.0,140.0,136.0,124.0,125.0,135.0,137.0,130.0,131.0,126.0,119.0,120.0,127.0,132.0,132.0,130.0,127.0,126.0,141.0,122.0,98.0,135.0,170.0,166.0,136.0,105.0,91.0,105.0,135.0,142.0,132.0,114.0,116.0,141.0,170.0,172.0,128.0,61.0,55.0,55.0,65.0,182.0,205.0,205.0,205.0,137.0,83.0,55.0,55.0,55.0,112.0,158.0,191.0,204.0,197.0,179.0,157.0,133.0,111.0,98.0,98.0,106.0,114.0,117.0,113.0,108.0,109.0,118.0,0.4206563746655955,-0.9072200474268622
140.0,88.0,81.0,127.0,103.0,105.0,116.0,135.0,118.0,120.0,149.0,146.0,148.0,129.0,109.0,79.0,85.0,113.0,155.0,173.0,165.0,144.0,119.0,104.0,107.0,111.0,105.0,111.0,129.0,143.0,145.0,145.0,143.0,133.0,122.0,129.0,138.0,135.0,131.0,128.0,121.0,116.0,122.0,131.0,134.0,132.0,128.0,125.0,126.0,132.0,161.0,134.0,118.0,142.0,96.0,149.0,162.0,171.0,145.0,153.0,149.0,143.0,126.0,96.0,63.0,55.0,81.0,147.0,205.0,205.0,205.0,150.0,82.0,62.0,97.0,137.0,149.0,121.0,64.0,55.0,55.0,74.0,197.0,205.0,205.0,205.0,115.0,89.0,70.0,79.0,103.0,121.0,123.0,116.0,116.0,125.0,141.0,154.0,156.0,147.0,0.06306304468338109,-0.9980095452425602
179.0,204.0,199.0,95.0,129.0,102.0,127.0,89.0,134.0,133.0,135.0,123.0,139.0,140.0,141.0,167.0,158.0,151.0,117.0,105.0,97.0,113.0,124.0,145.0,150.0,143.0,144.0,136.0,124.0,118.0,127.0,130.0,132.0,129.0,137.0,134.0,125.0,127.0,133.0,131.0,133.0,138.0,131.0,123.0,121.0,124.0,129.0,135.0,134.0,129.0,119.0,137.0,112.0,114.0,127.0,130.0,107.0,93.0,88.0,101.0,115.0,115.0,128.0,156.0,181.0,184.0,166.0,124.0,82.0,63.0,67.0,85.0,117.0,153.0,182.0,205.0,205.0,205.0,193.0,134.0,70.0,55.0,55.0,55.0,80.0,160.0,182.0,172.0,145.0,121.0,111.0,115.0,125.0,132.0,130.0,124.0,118.0,117.0,119.0,123.0,-0.3027051988682277,-0.953084236874237
183.0,166.0,82.0,105.0,113.0,108.0,94.0,116.0,141.0,118.0,121.0,138.0,156.0,145.0,138.0,105.0,81.0,78.0,112.0,155.0,176.0,169.0,146.0,122.0,103.0,107.0,110.0,107.0,109.0,128.0,143.0,147.0,146.0,144.0,135.0,124.0,128.0,138.0,137.0,131.0,129.0,122.0,116.0,121.0,131.0,135.0,133.0,129.0,125.0,127.0,99.0,104.0,78.0,112.0,129.0,134.0,107.0,96.0,100.0,101.0,125.0,127.0,135.0,138.0,156.0,159.0,158.0,128.0,81.0,55.0,55.0,55.0,111.0,171.0,196.0,196.0,181.0,171.0,169.0,173.0,157.0,109.0,55.0,55.0,55.0,55.0,123.0,205.0,205.0,205.0,205.0,144.0,106.0,91.0,91.0,91.0,88.0,81.0,79.0,86.0,-0.6260989336882037,-0.779743627889638
93.0,55.0,73.0,170.0,118.0,172.0,127.0,183.0,110.0,137.0,118.0,134.0,113.0,119.0,118.0,93.0,107.0,110.0,144.0,149.0,159.0,140.0,135.0,112.0,114.0,117.0,115.0,120.0,131.0,137.0,132.0,131.0,126.0,125.0,116.0,126.0,136.0,133.0,125.0,126.0,123.0,119.0,128.0,136.0,136.0,132.0,127.0,122.0,124.0,130.0,96.0,98.0,104.0,147.0,169.0,188.0,160.0,117.0,83.0,87.0,95.0,94.0,92.0,104.0,141.0,202.0,205.0,205.0,205.0,55.0,55.0,55.0,55.0,55.0,80.0,190.0,205.0,205.0,205.0,205.0,205.0,55.0,55.0,55.0,55.0,57.0,185.0,205.0,205.0,205.0,201.0,127.0,116.0,125.0,135.0,131.0,112.0,89.0,77.0,82.0,-0.863797970253436,-0.5038383337798387
55.0,117.0,98.0,186.0,108.0,176.0,150.0,156.0,114.0,129.0,140.0,109.0,119.0,109.0,130.0,119.0,154.0,141.0,143.0,119.0,116.0,116.0,123.0,130.0,136.0,138.0,128.0,141.0,138.0,130.0,117.0,119.0,119.0,121.0,122.0,133.0,132.0,122.0,123.0,128.0,125.0,129.0,137.0,134.0,129.0,126.0,126.0,126.0,129.0,130.0,165.0,176.0,132.0,109.0,140.0,138.0,126.0,107.0,99.0,108.0,137.0,152.0,150.0,147.0,138.0,142.0,150.0,156.0,147.0,122.0,93.0,101.0,150.0,196.0,205.0,173.0,112.0,55.0,55.0,64.0,144.0,199.0,205.0,205.0,139.0,75.0,55.0,55.0,55.0,77.0,115.0,133.0,149.0,165.0,173.0,175.0,169.0,157.0,145.0,139.0,-0.9862956685640415,-0.16498743640595884
78.0,110.0,196.0,127.0,166.0,151.0,150.0,122.0,133.0,146.0,113.0,113.0,104.0,129.0,136.0,176.0,168.0,152.0,108.0,90.0,93.0,112.0,135.0,149.0,153.0,141.0,149.0,144.0,132.0,115.0,114.0,113.0,115.0,120.0,131.0,130.0,119.0,125.0,132.0,132.0,130.0,135.0,133.0,128.0,126.0,127.0,128.0,131.0,127.0,127.0,123.0,86.0,91.0,118.0,113.0,143.0,135.0,112.0,83.0,69.0,68.0,85.0,105.0,120.0,147.0,179.0,205.0,205.0,191.0,131.0,63.0,55.0,55.0,55.0,73.0,200.0,205.0,205.0,205.0,205.0,192.0,90.0,55.0,55.0,55.0,55.0,67.0,148.0,165.0,157.0,138.0,122.0,117.0,122.0,134.0,142.0,142.0,134.0,124.0,117.0,-0.9817181383832977,0.19034047590891545
205.0,108.0,99.0,88.0,133.0,95.0,105.0,121.0,132.0,115.0,125.0,152.0,143.0,143.0,126.0,112.0,90.0,103.0,122.0,149.0,154.0,153.0,140.0,122.0,109.0,112.0,116.0,110.0,120.0,133.0,141.0,139.0,140.0,142.0,130.0,121.0,128.0,137.0,133.0,131.0,130.0,121.0,117.0,124.0,130.0,132.0,132.0,129.0,125.0,127.0,128.0,108.0,106.0,138.0,158.0,156.0,112.0,74.0,65.0,89.0,115.0,117.0,104.0,105.0,141.0,196.0,205.0,205.0,126.0,55.0,55.0,55.0,74.0,205.0,205.0,205.0,144.0,109.0,112.0,142.0,175.0,184.0,162.0,118.0,77.0,60.0,70.0,95.0,114.0,118.0,110.0,106.0,116.0,136.0,155.0,159.0,149.0,134.0,126.0,127.0,-0.8563452378178729,0.5164037506318585
205.0,186.0,163.0,85.0,120.0,113.0,108.0,108.0,131.0,139.0,116.0,140.0,135.0,147.0,143.0,167.0,148.0,138.0,112.0,102.0,107.0,116.0,135.0,146.0,148.0,138.0,142.0,129.0,120.0,121.0,129.0,132.0,130.0,132.0,137.0,130.0,123.0,130.0,133.0,131.0,134.0,136.0,126.0,121.0,122.0,126.0,131.0,135.0,132.0,127.0,148.0,163.0,150.0,149.0,125.0,125.0,117.0,108.0,130.0,170.0,182.0,171.0,163.0,152.0,141.0,126.0,94.0,55.0,55.0,56.0,143.0,205.0,205.0,205.0,150.0,85.0,59.0,76.0,107.0,108.0,73.0,55.0,55.0,107.0,195.0,205.0,205.0,205.0,126.0,83.0,79.0,106.0,141.0,158.0,152.0,130.0,112.0,109.0,123.0,142.0,-0.6320388796605386,0.7749366777985484
109.0,67.0,123.0,95.0,112.0,126.0,126.0,117.0,120.0,161.0,138.0,148.0,119.0,112.0,83.0,101.0,120.0,152.0,158.0,150.0,141.0,122.0,113.0,109.0,110.0,103.0,118.0,133.0,143.0,141.0,141.0,138.0,129.0,123.0,131.0,138.0,131.0,129.0,127.0,121.0,117.0,125.0,130.0,132.0,130.0,128.0,125.0,127.0,131.0,133.0,186.0,137.0,97.0,81.0,133.0,125.0,128.0,127.0,139.0,135.0,126.0,108.0,98.0,102.0,109.0,118.0,124.0,149.0,185.0,205.0,202.0,170.0,123.0,68.0,55.0,55.0,55.0,97.0,156.0,205.0,205.0,205.0,205.0,163.0,73.0,55.0,55.0,55.0,55.0,106.0,167.0,176.0,167.0,152.0,143.0,146.0,154.0,157.0,151.0,140.0,-0.3413974675375173,0.9399190226604469
55.0,56.0,119.0,137.0,158.0,140.0,172.0,131.0,128.0,111.0,135.0,117.0,127.0,116.0,89.0,81.0,92.0,132.0,161.0,178.0,162.0,144.0,111.0,101.0,104.0,109.0,113.0,128.0,137.0,134.0,131.0,132.0,133.0,123.0,123.0,132.0,134.0,128.0,127.0,124.0,118.0,122.0,133.0,138.0,136.0,130.0,123.0,122.0,128.0,136.0,164.0,108.0,83.0,110.0,116.0,95.0,102.0,112.0,126.0,130.0,128.0,132.0,156.0,170.0,160.0,121.0,75.0,55.0,55.0,65.0,132.0,175.0,190.0,173.0,155.0,154.0,156.0,152.0,137.0,109.0,80.0,68.0,71.0,83.0,110.0,146.0,177.0,195.0,198.0,185.0,161.0,135.0,112.0,93.0,82.0,81.0,87.0,97.0,106.0,114.0,-0.018672055484121333,0.9998256619751255
55.0,111.0,103.0,184.0,114.0,171.0,154.0,144.0,121.0,123.0,146.0,103.0,126.0,106.0,129.0,116.0,151.0,140.0,142.0,122.0,117.0,121.0,122.0,131.0,133.0,136.0,126.0,141.0,137.0,129.0,117.0,119.0,120.0,120.0,123.0,133.0,132.0,122.0,125.0,127.0,125.0,128.0,137.0,133.0,130.0,127.0,126.0,126.0,129.0,130.0,125.0,115.0,121.0,112.0,109.0,147.0,169.0,156.0,128.0,101.0,88.0,103.0,135.0,143.0,131.0,113.0,115.0,141.0,170.0,170.0,121.0,56.0,55.0,55.0,74.0,190.0,205.0,205.0,205.0,129.0,78.0,55.0,55.0,55.0,115.0,160.0,190.0,201.0,197.0,181.0,157.0,126.0,102.0,94.0,99.0,109.0,116.0,115.0,109.0,105.0,0.30026139060945833,0.9538569585159372
59.0,108.0,187.0,118.0,171.0,137.0,172.0,104.0,144.0,128.0,129.0,101.0,115.0,127.0,126.0,152.0,140.0,143.0,118.0,120.0,112.0,126.0,124.0,136.0,137.0,132.0,138.0,142.0,133.0,118.0,118.0,117.0,121.0,120.0,132.0,133.0,124.0,121.0,128.0,126.0,127.0,135.0,136.0,131.0,127.0,126.0,126.0,128.0,130.0,130.0,139.0,83.0,74.0,104.0,105.0,114.0,119.0,120.0,129.0,163.0,195.0,205.0,177.0,130.0,83.0,55.0,60.0,80.0,94.0,114.0,156.0,199.0,205.0,205.0,158.0,92.0,55.0,55.0,66.0,132.0,154.0,134.0,82.0,55.0,55.0,62.0,161.0,205.0,205.0,205.0,200.0,148.0,120.0,109.0,110.0,109.0,101.0,92.0,91.0,99.0,0.5831155768959293,0.812389207203867
129.0,149.0,166.0,132.0,159.0,164.0,128.0,131.0,127.0,145.0,98.0,120.0,106.0,134.0,143.0,173.0,160.0,136.0,105.0,91.0,104.0,116.0,142.0,147.0,147.0,139.0,149.0,140.0,125.0,114.0,113.0,114.0,116.0,126.0,134.0,128.0,119.0,124.0,125.0,125.0,131.0,138.0,137.0,132.0,127.0,122.0,123.0,129.0,131.0,129.0,132.0,82.0,86.0,102.0,151.0,127.0,119.0,122.0,120.0,112.0,103.0,98.0,100.0,113.0,111.0,126.0,154.0,181.0,185.0,170.0,134.0,91.0,68.0,64.0,81.0,115.0,152.0,178.0,200.0,205.0,205.0,194.0,142.0,82.0,55.0,55.0,55.0,90.0,150.0,172.0,165.0,141.0,121.0,114.0,118.0,129.0,136.0,134.0,127.0,122.0,0.8041412607917634,0.5944382496880841
202.0,188.0,180.0,84.0,128.0,106.0,119.0,95.0,133.0,136.0,125.0,132.0,136.0,144.0,141.0,168.0,152.0,144.0,114.0,103.0,102.0,115.0,130.0,146.0,148.0,140.0,143.0,132.0,122.0,119.0,129.0,131.0,131.0,131.0,137.0,132.0,123.0,129.0,133.0,131.0,134.0,137.0,129.0,121.0,121.0,126.0,131.0,135.0,133.0,128.0,131.0,108.0,103.0,123.0,151.0,152.0,146.0,135.0,130.0,126.0,123.0,104.0,78.0,62.0,69.0,105.0,160.0,201.0,205.0,190.0,154.0,114.0,82.0,61.0,55.0,55.0,89.0,139.0,185.0,205.0,205.0,203.0,167.0,137.0,116.0,106.0,104.0,107.0,108.0,105.0,102.0,101.0,107.0,119.0,130.0,138.0,141.0,141.0,142.0,143.0,0.9458460790315317,0.32461545678029186
193.0,147.0,100.0,105.0,127.0,95.0,122.0,124.0,144.0,111.0,142.0,131.0,144.0,150.0,166.0,158.0,138.0,113.0,91.0,100.0,110.0,140.0,151.0,151.0,141.0,141.0,127.0,118.0,123.0,129.0,131.0,127.0,133.0,135.0,128.0,123.0,131.0,131.0,131.0,135.0,136.0,125.0,120.0,121.0,126.0,132.0,135.0,132.0,125.0,122.0,144.0,140.0,180.0,171.0,127.0,149.0,157.0,145.0,126.0,123.0,103.0,103.0,110.0,122.0,124.0,137.0,155.0,166.0,158.0,138.0,113.0,82.0,78.0,116.0,166.0,181.0,157.0,104.0,55.0,55.0,55.0,153.0,205.0,205.0,205.0,205.0,111.0,74.0,55.0,55.0,56.0,98.0,115.0,128.0,140.0,151.0,159.0,162.0,158.0,149.0,0.999548350284459,0.030051546443013184
205.0,190.0,124.0,110.0,108.0,128.0,89.0,130.0,127.0,142.0,113.0,144.0,134.0,144.0,156.0,161.0,148.0,125.0,111.0,99.0,113.0,119.0,142.0,147.0,145.0,141.0,139.0,125.0,118.0,126.0,130.0,133.0,129.0,136.0,135.0,126.0,124.0,133.0,132.0,131.0,134.0,131.0,125.0,127.0,129.0,129.0,129.0,130.0,129.0,127.0,154.0,147.0,112.0,114.0,116.0,128.0,108.0,96.0,87.0,103.0,113.0,118.0,135.0,163.0,183.0,182.0,160.0,113.0,75.0,61.0,70.0,92.0,126.0,160.0,187.0,205.0,205.0,205.0,180.0,120.0,58.0,55.0,55.0,55.0,103.0,168.0,183.0,167.0,138.0,117.0,111.0,117.0,127.0,132.0,129.0,122.0,117.0,117.0,121.0,126.0,0.9649715313878413,-0.26235461423615997
158.0,131.0,89.0,127.0,108.0,98.0,116.0,135.0,134.0,114.0,144.0,135.0,146.0,142.0,149.0,125.0,119.0,112.0,119.0,128.0,130.0,138.0,137.0,133.0,129.0,132.0,119.0,116.0,125.0,134.0,134.0,131.0,133.0,136.0,131.0,130.0,135.0,128.0,126.0,133.0,133.0,124.0,122.0,123.0,127.0,131.0,133.0,131.0,127.0,126.0,192.0,138.0,102.0,76.0,104.0,134.0,135.0,134.0,126.0,114.0,95.0,94.0,104.0,131.0,142.0,149.0,143.0,151.0,163.0,165.0,138.0,83.0,55.0,55.0,55.0,144.0,201.0,205.0,204.0,171.0,154.0,147.0,137.0,113.0,73.0,55.0,55.0,55.0,137.0,191.0,205.0,205.0,164.0,126.0,107.0,107.0,118.0,125.0,121.0,110.0,0.849154807079918,-0.528144027338251
134.0,100.0,97.0,130.0,93.0,106.0,111.0,146.0,113.0,127.0,143.0,149.0,143.0,132.0,117.0,91.0,100.0,117.0,150.0,157.0,152.0,136.0,121.0,110.0,120.0,122.0,111.0,110.0,126.0,140.0,143.0,144.0,140.0,132.0,121.0,128.0,137.0,135.0,131.0,130.0,123.0,117.0,122.0,130.0,132.0,132.0,130.0,126.0,127.0,131.0,101.0,114.0,128.0,157.0,170.0,172.0,147.0,103.0,84.0,88.0,92.0,89.0,99.0,125.0,175.0,205.0,205.0,205.0,119.0,55.0,55.0,55.0,55.0,63.0,161.0,205.0,205.0,205.0,205.0,205.0,90.0,55.0,55.0,55.0,55.0,88.0,205.0,205.0,205.0,205.0,139.0,117.0,119.0,132.0,135.0,122.0,99.0,80.0,78.0,90.0,0.6642362521196093,-0.7475227096015844
94.0,163.0,140.0,150.0,166.0,133.0,131.0,110.0,152.0,110.0,131.0,108.0,107.0,90.0,110.0,126.0,150.0,161.0,152.0,144.0,119.0,113.0,111.0,118.0,114.0,131.0,136.0,134.0,128.0,128.0,130.0,124.0,123.0,132.0,135.0,126.0,127.0,126.0,121.0,123.0,133.0,137.0,135.0,130.0,125.0,123.0,127.0,133.0,136.0,135.0,157.0,143.0,136.0,159.0,98.0,125.0,130.0,144.0,121.0,115.0,95.0,105.0,128.0,145.0,152.0,140.0,134.0,138.0,155.0,158.0,151.0,119.0,85.0,85.0,133.0,183.0,203.0,180.0,120.0,63.0,55.0,99.0,162.0,205.0,205.0,167.0,99.0,55.0,55.0,55.0,89.0,119.0,134.0,140.0,143.0,148.0,157.0,163.0,162.0,150.0,0.427127697724311,-0.9041913126306454
136.0,55.0,110.0,125.0,173.0,124.0,166.0,160.0,137.0,124.0,125.0,144.0,102.0,123.0,109.0,130.0,125.0,157.0,146.0,138.0,116.0,108.0,117.0,121.0,135.0,138.0,139.0,129.0,143.0,138.0,127.0,116.0,118.0,118.0,119.0,124.0,133.0,131.0,121.0,125.0,127.0,126.0,130.0,137.0,133.0,128.0,126.0,125.0,126.0,130.0,164.0,127.0,92.0,100.0,101.0,129.0,121.0,119.0,116.0,124.0,123.0,111.0,92.0,75.0,76.0,87.0,109.0,132.0,163.0,190.0,205.0,204.0,177.0,126.0,69.0,55.0,55.0,55.0,111.0,205.0,205.0,205.0,205.0,174.0,122.0,87.0,71.0,67.0,68.0,71.0,75.0,83.0,95.0,111.0,125.0,137.0,146.0,153.0,157.0,159.0,0.15785019331346292,-0.9874630709403276
170.0,117.0,126.0,161.0,144.0,133.0,113.0,151.0,103.0,111.0,103.0,144.0,134.0,140.0,117.0,86.0,76.0,98.0,148.0,174.0,179.0,154.0,130.0,103.0,107.0,117.0,117.0,108.0,115.0,125.0,131.0,136.0,140.0,138.0,125.0,122.0,131.0,134.0,129.0,131.0,129.0,124.0,126.0,131.0,132.0,130.0,128.0,126.0,128.0,134.0,144.0,123.0,104.0,107.0,135.0,169.0,183.0,161.0,113.0,72.0,55.0,60.0,73.0,78.0,80.0,109.0,175.0,205.0,205.0,205.0,205.0,55.0,55.0,55.0,55.0,174.0,205.0,205.0,179.0,127.0,120.0,153.0,193.0,205.0,181.0,128.0,79.0,56.0,61.0,83.0,101.0,104.0,99.0,97.0,110.0,135.0,158.0,165.0,155.0,138.0,-0.12212907652101171,-0.9925142259273289
59.0,55.0,67.0,185.0,116.0,164.0,130.0,175.0,118.0,129.0,127.0,126.0,120.0,111.0,114.0,87.0,106.0,110.0,145.0,153.0,160.0,143.0,131.0,111.0,111.0,115.0,112.0,121.0,133.0,137.0,128.0,127.0,127.0,128.0,120.0,127.0,134.0,130.0,124.0,127.0,123.0,119.0,128.0,135.0,136.0,132.0,127.0,122.0,124.0,130.0,152.0,94.0,109.0,150.0,126.0,124.0,132.0,125.0,111.0,109.0,118.0,148.0,171.0,165.0,155.0,156.0,149.0,131.0,107.0,71.0,55.0,55.0,98.0,156.0,205.0,205.0,184.0,118.0,76.0,70.0,97.0,131.0,131.0,95.0,61.0,56.0,89.0,147.0,199.0,205.0,205.0,177.0,147.0,130.0,128.0,132.0,130.0,119.0,105.0,95.0,-0.39139164778386576,-0.9202241998801327
55.0,116.0,74.0,188.0,106.0,184.0,148.0,161.0,108.0,128.0,139.0,113.0,122.0,109.0,128.0,110.0,147.0,135.0,147.0,124.0,123.0,120.0,124.0,126.0,132.0,136.0,126.0,138.0,137.0,132.0,118.0,121.0,120.0,122.0,121.0,132.0,133.0,123.0,124.0,127.0,125.0,127.0,136.0,135.0,131.0,127.0,126.0,125.0,128.0,131.0,127.0,114.0,110.0,152.0,90.0,93.0,76.0,86.0,82.0,106.0,124.0,162.0,198.0,205.0,205.0,168.0,111.0,55.0,55.0,55.0,55.0,82.0,205.0,205.0,205.0,205.0,205.0,157.0,92.0,55.0,55.0,55.0,55.0,55.0,90.0,150.0,180.0,192.0,184.0,162.0,139.0,125.0,119.0,115.0,114.0,110.0,105.0,103.0,105.0,112.0,-0.6298304727615978,-0.7767326281165883
55.0,55.0,117.0,149.0,157.0,138.0,168.0,125.0,128.0,113.0,142.0,119.0,124.0,111.0,88.0,81.0,94.0,131.0,160.0,176.0,162.0,144.0,113.0,102.0,103.0,108.0,112.0,127.0,136.0,134.0,131.0,131.0,132.0,123.0,122.0,132.0,134.0,127.0,127.0,124.0,117.0,119.0,130.0,137.0,141.0,136.0,125.0,117.0,123.0,133.0,156.0,131.0,118.0,118.0,104.0,94.0,77.0,84.0,104.0,134.0,147.0,147.0,148.0,160.0,173.0,166.0,125.0,66.0,55.0,55.0,122.0,205.0,205.0,205.0,165.0,101.0,77.0,95.0,135.0,164.0,160.0,129.0,92.0,68.0,67.0,85.0,108.0,122.0,124.0,121.0,122.0,132.0,146.0,154.0,150.0,139.0,128.0,126.0,131.0,138.0,-0.8196731302698644,-0.572831528037347
79.0,81.0,107.0,111.0,103.0,132.0,121.0,116.0,123.0,156.0,148.0,145.0,122.0,97.0,77.0,90.0,126.0,160.0,173.0,160.0,139.0,113.0,103.0,107.0,110.0,104.0,115.0,133.0,144.0,145.0,144.0,141.0,128.0,122.0,131.0,138.0,133.0,130.0,126.0,119.0,116.0,125.0,132.0,133.0,131.0,125.0,122.0,125.0,137.0,140.0,158.0,150.0,146.0,148.0,128.0,126.0,159.0,168.0,154.0,134.0,112.0,100.0,104.0,113.0,112.0,115.0,124.0,139.0,160.0,174.0,158.0,115.0,79.0,72.0,97.0,129.0,130.0,95.0,61.0,65.0,121.0,198.0,205.0,205.0,205.0,127.0,80.0,69.0,88.0,120.0,143.0,146.0,134.0,119.0,114.0,124.0,140.0,150.0,147.0,134.0,-0.946302014363043,-0.32328392724112837
165.0,55.0,75.0,70.0,195.0,122.0,168.0,141.0,154.0,115.0,126.0,145.0,115.0,125.0,106.0,121.0,93.0,124.0,121.0,148.0,144.0,145.0,136.0,125.0,117.0,117.0,124.0,117.0,131.0,135.0,134.0,124.0,125.0,125.0,125.0,121.0,130.0,134.0,126.0,125.0,127.0,123.0,122.0,132.0,135.0,134.0,130.0,126.0,123.0,126.0,200.0,171.0,123.0,91.0,118.0,120.0,131.0,148.0,134.0,136.0,122.0,116.0,103.0,109.0,108.0,120.0,128.0,146.0,178.0,203.0,201.0,178.0,142.0,90.0,55.0,55.0,55.0,88.0,141.0,195.0,205.0,205.0,205.0,170.0,103.0,55.0,55.0,55.0,55.0,58.0,119.0,140.0,151.0,155.0,156.0,160.0,164.0,165.0,160.0,152.0,-0.9989358398831835,-0.04612144617072227
81.0,199.0,106.0,181.0,127.0,181.0,103.0,143.0,136.0,129.0,109.0,108.0,124.0,108.0,142.0,130.0,149.0,128.0,135.0,123.0,129.0,122.0,129.0,130.0,123.0,133.0,138.0,135.0,121.0,123.0,121.0,125.0,120.0,131.0,135.0,127.0,123.0,128.0,125.0,124.0,133.0,136.0,133.0,129.0,127.0,125.0,128.0,131.0,132.0,130.0,163.0,129.0,99.0,107.0,132.0,102.0,93.0,103.0,115.0,132.0,133.0,131.0,141.0,165.0,168.0,153.0,109.0,60.0,55.0,55.0,97.0,153.0,190.0,190.0,174.0,164.0,158.0,150.0,140.0,121.0,90.0,66.0,62.0,73.0,101.0,141.0,176.0,194.0,194.0,179.0,157.0,136.0,120.0,106.0,95.0,88.0,88.0,94.0,103.0,113.0,-0.9723678095518135,0.23345415598658376
154.0,57.0,55.0,66.0,179.0,127.0,158.0,136.0,165.0,125.0,122.0,133.0,119.0,124.0,114.0,114.0,81.0,94.0,104.0,146.0,163.0,168.0,151.0,128.0,107.0,104.0,111.0,110.0,121.0,132.0,136.0,130.0,130.0,130.0,129.0,120.0,126.0,134.0,130.0,126.0,126.0,122.0,119.0,127.0,135.0,137.0,133.0,127.0,122.0,124.0,134.0,110.0,104.0,130.0,156.0,154.0,122.0,126.0,147.0,146.0,121.0,82.0,57.0,69.0,122.0,176.0,201.0,183.0,142.0,112.0,102.0,100.0,82.0,55.0,55.0,55.0,80.0,190.0,205.0,205.0,205.0,167.0,107.0,63.0,55.0,55.0,100.0,148.0,182.0,192.0,183.0,166.0,149.0,134.0,119.0,108.0,104.0,108.0,114.0,117.0,-0.8698149489168597,0.4933781051493476
158.0,150.0,138.0,173.0,122.0,138.0,124.0,142.0,102.0,122.0,112.0,128.0,146.0,172.0,169.0,136.0,105.0,84.0,101.0,114.0,145.0,153.0,151.0,142.0,149.0,140.0,124.0,115.0,112.0,114.0,115.0,126.0,134.0,129.0,119.0,124.0,127.0,128.0,135.0,139.0,132.0,125.0,123.0,125.0,129.0,132.0,130.0,126.0,124.0,125.0,184.0,132.0,153.0,130.0,96.0,111.0,108.0,115.0,110.0,128.0,113.0,142.0,169.0,205.0,204.0,181.0,139.0,98.0,63.0,55.0,74.0,92.0,126.0,175.0,205.0,205.0,205.0,162.0,93.0,55.0,55.0,55.0,110.0,132.0,121.0,90.0,72.0,85.0,123.0,170.0,205.0,205.0,194.0,166.0,141.0,128.0,124.0,125.0,119.0,109.0,-0.7004444301101796,0.7137069428887641
122.0,142.0,170.0,129.0,157.0,166.0,134.0,133.0,125.0,143.0,98.0,124.0,110.0,129.0,128.0,159.0,153.0,140.0,117.0,104.0,116.0,122.0,140.0,141.0,139.0,130.0,143.0,138.0,127.0,119.0,119.0,120.0,119.0,126.0,134.0,131.0,121.0,127.0,128.0,126.0,131.0,138.0,134.0,129.0,127.0,127.0,128.0,131.0,131.0,129.0,148.0,99.0,66.0,96.0,140.0,132.0,126.0,119.0,113.0,103.0,100.0,95.0,103.0,110.0,112.0,129.0,158.0,181.0,182.0,164.0,122.0,81.0,63.0,68.0,86.0,119.0,153.0,181.0,205.0,205.0,205.0,187.0,129.0,67.0,55.0,55.0,55.0,93.0,159.0,179.0,167.0,141.0,119.0,111.0,116.0,126.0,133.0,131.0,124.0,119.0,-0.4783988731921199,0.8781426524936082
55.0,129.0,188.0,128.0,165.0,138.0,176.0,110.0,143.0,131.0,133.0,100.0,108.0,120.0,131.0,166.0,169.0,162.0,118.0,98.0,85.0,107.0,122.0,147.0,152.0,146.0,144.0,147.0,137.0,118.0,114.0,111.0,115.0,116.0,130.0,133.0,125.0,119.0,125.0,127.0,130.0,137.0,138.0,130.0,124.0,124.0,126.0,130.0,132.0,129.0,146.0,121.0,105.0,126.0,142.0,154.0,148.0,138.0,125.0,123.0,117.0,97.0,73.0,62.0,77.0,121.0,176.0,205.0,205.0,180.0,142.0,103.0,74.0,57.0,55.0,56.0,103.0,154.0,196.0,205.0,205.0,189.0,157.0,129.0,111.0,104.0,105.0,108.0,107.0,103.0,99.0,100.0,113.0,128.0,137.0,136.0,135.0,139.0,144.0,145.0,-0.22146699958338814,0.9751678666237581
55.0,94.0,150.0,137.0,162.0,135.0,183.0,110.0,144.0,110.0,152.0,96.0,130.0,110.0,114.0,117.0,131.0,143.0,136.0,139.0,122.0,133.0,117.0,128.0,126.0,127.0,123.0,138.0,135.0,125.0,122.0,121.0,125.0,119.0,127.0,134.0,131.0,122.0,127.0,125.0,123.0,128.0,136.0,133.0,128.0,124.0,126.0,130.0,133.0,130.0,164.0,161.0,140.0,151.0,147.0,158.0,138.0,115.0,123.0,147.0,168.0,148.0,109.0,81.0,100.0,133.0,163.0,176.0,160.0,130.0,132.0,168.0,192.0,180.0,128.0,60.0,55.0,55.0,55.0,105.0,189.0,205.0,205.0,205.0,205.0,124.0,65.0,55.0,55.0,55.0,55.0,107.0,149.0,175.0,185.0,182.0,171.0,163.0,162.0,162.0,0.0504583234615594,0.9987261674720698
165.0,161.0,145.0,146.0,172.0,130.0,135.0,127.0,145.0,102.0,115.0,110.0,131.0,150.0,176.0,172.0,137.0,104.0,83.0,99.0,115.0,144.0,153.0,152.0,143.0,149.0,143.0,126.0,114.0,112.0,114.0,115.0,126.0,134.0,130.0,120.0,124.0,127.0,129.0,135.0,140.0,134.0,126.0,124.0,126.0,130.0,133.0,131.0,126.0,124.0,127.0,128.0,95.0,124.0,77.0,116.0,114.0,129.0,123.0,135.0,146.0,161.0,164.0,144.0,112.0,72.0,58.0,67.0,109.0,148.0,191.0,205.0,205.0,180.0,127.0,70.0,55.0,55.0,131.0,186.0,202.0,173.0,110.0,64.0,62.0,100.0,147.0,179.0,179.0,153.0,121.0,102.0,98.0,107.0,119.0,123.0,120.0,116.0,118.0,126.0,0.3169884516020058,0.9484293972410192
184.0,205.0,127.0,101.0,112.0,113.0,106.0,96.0,139.0,123.0,126.0,121.0,154.0,139.0,144.0,138.0,122.0,110.0,110.0,124.0,134.0,142.0,137.0,138.0,126.0,123.0,126.0,123.0,113.0,120.0,133.0,138.0,138.0,136.0,138.0,129.0,123.0,131.0,137.0,131.0,132.0,131.0,124.0,120.0,124.0,129.0,132.0,132.0,130.0,127.0,129.0,96.0,90.0,105.0,112.0,106.0,101.0,108.0,116.0,125.0,128.0,139.0,154.0,160.0,148.0,114.0,68.0,55.0,55.0,55.0,121.0,162.0,179.0,176.0,172.0,172.0,177.0,178.0,165.0,123.0,66.0,55.0,55.0,55.0,73.0,203.0,205.0,205.0,205.0,180.0,136.0,104.0,85.0,74.0,67.0,65.0,69.0,79.0,94.0,111.0,0.5587780573740098,0.8293172388159599
118.0,171.0,150.0,146.0,155.0,167.0,129.0,127.0,137.0,134.0,108.0,107.0,117.0,129.0,153.0,172.0,168.0,135.0,102.0,83.0,96.0,118.0,145.0,156.0,150.0,143.0,147.0,140.0,122.0,114.0,113.0,114.0,116.0,125.0,134.0,128.0,119.0,123.0,128.0,128.0,135.0,139.0,132.0,125.0,124.0,126.0,129.0,132.0,130.0,125.0,171.0,160.0,121.0,94.0,101.0,92.0,106.0,127.0,143.0,135.0,138.0,152.0,188.0,203.0,166.0,91.0,55.0,55.0,55.0,55.0,103.0,173.0,205.0,205.0,205.0,205.0,180.0,55.0,55.0,55.0,55.0,74.0,197.0,205.0,205.0,173.0,143.0,147.0,174.0,196.0,192.0,157.0,108.0,68.0,55.0,59.0,82.0,98.0,102.0,101.0,0.7588810517697474,0.6512292601418044
105.0,148.0,55.0,115.0,118.0,174.0,128.0,164.0,162.0,133.0,128.0,124.0,147.0,98.0,121.0,102.0,130.0,124.0,155.0,142.0,136.0,120.0,112.0,122.0,122.0,134.0,134.0,136.0,127.0,143.0,138.0,127.0,117.0,118.0,120.0,120.0,125.0,134.0,131.0,120.0,125.0,127.0,126.0,129.0,137.0,134.0,129.0,127.0,126.0,127.0,183.0,167.0,120.0,113.0,143.0,136.0,123.0,106.0,98.0,115.0,141.0,154.0,147.0,140.0,137.0,150.0,158.0,155.0,137.0,109.0,90.0,114.0,168.0,203.0,201.0,157.0,93.0,55.0,55.0,95.0,160.0,205.0,205.0,190.0,121.0,63.0,55.0,55.0,55.0,84.0,125.0,142.0,155.0,165.0,171.0,173.0,167.0,155.0,144.0,138.0,0.9038384263962673,0.42787392882661046
133.0,184.0,124.0,161.0,157.0,138.0,128.0,129.0,142.0,100.0,119.0,107.0,133.0,138.0,173.0,161.0,142.0,107.0,93.0,103.0,116.0,139.0,147.0,148.0,138.0,149.0,141.0,127.0,115.0,114.0,115.0,116.0,124.0,134.0,130.0,120.0,124.0,127.0,128.0,133.0,139.0,133.0,127.0,124.0,126.0,129.0,132.0,131.0,127.0,124.0,109.0,81.0,91.0,118.0,119.0,140.0,134.0,108.0,84.0,69.0,70.0,85.0,105.0,120.0,148.0,181.0,205.0,205.0,189.0,128.0,60.0,55.0,55.0,55.0,74.0,202.0,205.0,205.0,205.0,205.0,175.0,87.0,55.0,55.0,55.0,55.0,68.0,149.0,165.0,156.0,137.0,122.0,117.0,122.0,134.0,142.0,142.0,134.0,123.0,116.0,0.9844451527192809,0.1756921776503201
77.0,60.0,167.0,120.0,166.0,140.0,171.0,121.0,120.0,130.0,123.0,125.0,116.0,115.0,82.0,95.0,104.0,146.0,163.0,170.0,150.0,130.0,107.0,105.0,111.0,111.0,121.0,132.0,137.0,130.0,130.0,131.0,129.0,121.0,128.0,135.0,130.0,126.0,127.0,122.0,119.0,128.0,136.0,138.0,133.0,127.0,122.0,124.0,131.0,137.0,147.0,125.0,100.0,122.0,153.0,187.0,173.0,126.0,76.0,55.0,55.0,71.0,79.0,77.0,100.0,160.0,205.0,205.0,205.0,205.0,55.0,55.0,55.0,55.0,92.0,205.0,205.0,205.0,135.0,118.0,144.0,186.0,205.0,188.0,139.0,87.0,58.0,56.0,78.0,98.0,104.0,99.0,96.0,106.0,130.0,153.0,164.0,158.0,141.0,128.0,0.9961746731732264,-0.08738432655926168
167.0,132.0,149.0,175.0,130.0,140.0,111.0,151.0,94.0,133.0,108.0,125.0,114.0,139.0,140.0,139.0,134.0,121.0,130.0,119.0,130.0,129.0,133.0,125.0,141.0,136.0,128.0,120.0,121.0,123.0,121.0,126.0,134.0,132.0,122.0,127.0,127.0,125.0,128.0,136.0,134.0,131.0,128.0,126.0,126.0,130.0,132.0,131.0,130.0,130.0,157.0,107.0,108.0,147.0,122.0,120.0,134.0,130.0,112.0,109.0,115.0,144.0,170.0,167.0,156.0,156.0,149.0,131.0,109.0,73.0,55.0,55.0,91.0,149.0,205.0,205.0,204.0,120.0,72.0,65.0,95.0,133.0,134.0,98.0,60.0,55.0,84.0,144.0,198.0,205.0,205.0,179.0,148.0,130.0,128.0,132.0,130.0,119.0,105.0,95.0,0.9392673692853679,-0.3431862599168917
55.0,99.0,166.0,123.0,168.0,127.0,188.0,105.0,147.0,112.0,148.0,97.0,126.0,114.0,114.0,124.0,131.0,145.0,133.0,138.0,120.0,131.0,116.0,129.0,128.0,128.0,126.0,139.0,135.0,124.0,122.0,120.0,125.0,119.0,128.0,133.0,129.0,122.0,128.0,125.0,123.0,130.0,136.0,133.0,130.0,127.0,125.0,126.0,129.0,132.0,103.0,151.0,155.0,106.0,79.0,95.0,85.0,82.0,106.0,139.0,183.0,205.0,205.0,199.0,160.0,100.0,55.0,55.0,55.0,55.0,132.0,205.0,205.0,205.0,205.0,205.0,162.0,55.0,55.0,55.0,55.0,55.0,55.0,118.0,204.0,205.0,205.0,168.0,114.0,84.0,84.0,100.0,119.0,131.0,129.0,118.0,112.0,115.0,126.0,139.0,0.8185117582516178,-0.5744897750211444
115.0,148.0,164.0,132.0,163.0,160.0,141.0,121.0,133.0,138.0,108.0,111.0,113.0,129.0,141.0,169.0,160.0,137.0,106.0,94.0,104.0,120.0,138.0,148.0,145.0,137.0,146.0,141.0,126.0,114.0,114.0,115.0,117.0,124.0,134.0,130.0,120.0,123.0,127.0,127.0,132.0,139.0,133.0,127.0,124.0,126.0,128.0,131.0,130.0,126.0,153.0,97.0,74.0,110.0,136.0,138.0,142.0,120.0,93.0,85.0,96.0,117.0,137.0,139.0,133.0,142.0,160.0,171.0,159.0,117.0,61.0,55.0,55.0,88.0,164.0,205.0,205.0,186.0,162.0,148.0,140.0,126.0,97.0,60.0,55.0,55.0,96.0,154.0,195.0,203.0,180.0,145.0,117.0,106.0,111.0,122.0,126.0,119.0,108.0,102.0,0.6427630960137635,-0.7660650118643988
98.0,98.0,105.0,121.0,95.0,106.0,137.0,122.0,121.0,126.0,157.0,139.0,143.0,121.0,103.0,89.0,107.0,135.0,155.0,158.0,144.0,132.0,114.0,113.0,116.0,114.0,108.0,122.0,136.0,142.0,141.0,141.0,137.0,126.0,124.0,133.0,137.0,131.0,130.0,127.0,119.0,119.0,126.0,131.0,132.0,131.0,127.0,126.0,128.0,132.0,111.0,102.0,127.0,156.0,158.0,124.0,123.0,145.0,148.0,126.0,88.0,59.0,64.0,111.0,167.0,200.0,189.0,150.0,115.0,103.0,101.0,87.0,56.0,55.0,55.0,67.0,179.0,205.0,205.0,205.0,141.0,141.0,137.0,126.0,124.0,133.0,137.0,131.0,130.0,127.0,119.0,119.0,126.0,131.0,132.0,131.0,127.0,126.0,128.0,132.0,0.4242534708735702,-0.9055434790509668
136.0,75.0,125.0,108.0,106.0,106.0,136.0,127.0,117.0,140.0,139.0,144.0,139.0,148.0,123.0,119.0,109.0,118.0,124.0,128.0,139.0,142.0,135.0,125.0,127.0,117.0,116.0,126.0,135.0,135.0,132.0,133.0,135.0,126.0,124.0,133.0,132.0,129.0,132.0,131.0,122.0,121.0,124.0,127.0,130.0,132.0,129.0,126.0,125.0,127.0,108.0,153.0,156.0,120.0,137.0,152.0,133.0,115.0,109.0,107.0,115.0,120.0,118.0,125.0,153.0,192.0,205.0,204.0,165.0,126.0,85.0,58.0,61.0,80.0,103.0,146.0,200.0,205.0,205.0,205.0,133.0,63.0,55.0,55.0,55.0,107.0,125.0,118.0,104.0,103.0,116.0,139.0,164.0,184.0,186.0,174.0,153.0,136.0,130.0,133.0,0.1777509688682091,-0.9840755017103174
205.0,102.0,111.0,113.0,108.0,106.0,116.0,149.0,117.0,135.0,125.0,142.0,147.0,180.0,175.0,155.0,113.0,84.0,83.0,99.0,129.0,151.0,160.0,148.0,149.0,136.0,124.0,116.0,123.0,126.0,125.0,128.0,135.0,133.0,122.0,125.0,130.0,131.0,134.0,139.0,131.0,120.0,117.0,122.0,130.0,136.0,134.0,127.0,121.0,120.0,164.0,149.0,104.0,112.0,121.0,138.0,127.0,114.0,104.0,119.0,132.0,133.0,128.0,117.0,111.0,109.0,106.0,102.0,107.0,115.0,124.0,142.0,164.0,176.0,174.0,158.0,128.0,99.0,88.0,91.0,100.0,119.0,148.0,174.0,192.0,196.0,181.0,154.0,124.0,101.0,86.0,81.0,86.0,94.0,102.0,109.0,114.0,119.0,126.0,136.0,-0.08037583001965493,-0.9967646291620964
205.0,112.0,97.0,109.0,124.0,104.0,92.0,130.0,124.0,126.0,123.0,155.0,136.0,142.0,132.0,120.0,105.0,110.0,124.0,138.0,145.0,139.0,138.0,124.0,120.0,122.0,121.0,111.0,119.0,132.0,139.0,138.0,137.0,138.0,129.0,123.0,130.0,137.0,130.0,131.0,131.0,123.0,119.0,124.0,129.0,131.0,132.0,129.0,127.0,127.0,164.0,153.0,115.0,92.0,80.0,97.0,124.0,147.0,160.0,157.0,151.0,154.0,162.0,148.0,99.0,55.0,55.0,55.0,60.0,187.0,205.0,205.0,205.0,205.0,85.0,55.0,55.0,55.0,55.0,86.0,145.0,180.0,199.0,198.0,182.0,157.0,132.0,114.0,109.0,113.0,120.0,120.0,114.0,103.0,99.0,106.0,119.0,132.0,140.0,142.0,-0.3331365532898937,-0.9428785907327252
205.0,153.0,107.0,98.0,120.0,113.0,93.0,123.0,128.0,134.0,114.0,149.0,132.0,144.0,145.0,144.0,125.0,114.0,112.0,117.0,129.0,129.0,139.0,136.0,131.0,129.0,129.0,115.0,118.0,132.0,138.0,134.0,128.0,132.0,132.0,125.0,128.0,135.0,130.0,129.0,133.0,129.0,122.0,122.0,125.0,128.0,132.0,132.0,128.0,125.0,162.0,170.0,138.0,110.0,123.0,108.0,122.0,155.0,173.0,170.0,161.0,151.0,137.0,127.0,111.0,84.0,55.0,55.0,112.0,185.0,205.0,205.0,186.0,101.0,55.0,65.0,117.0,152.0,146.0,98.0,55.0,55.0,71.0,178.0,205.0,205.0,205.0,144.0,97.0,88.0,105.0,130.0,144.0,136.0,116.0,102.0,105.0,122.0,141.0,150.0,-0.5638962844088014,-0.8258456153724788
137.0,90.0,127.0,107.0,113.0,90.0,141.0,122.0,127.0,125.0,149.0,138.0,137.0,144.0,127.0,125.0,116.0,121.0,121.0,131.0,133.0,142.0,134.0,127.0,128.0,121.0,113.0,121.0,134.0,137.0,136.0,134.0,137.0,128.0,123.0,131.0,135.0,130.0,132.0,132.0,124.0,120.0,123.0,128.0,130.0,133.0,130.0,127.0,126.0,128.0,87.0,105.0,128.0,113.0,136.0,128.0,111.0,95.0,93.0,95.0,109.0,113.0,114.0,137.0,167.0,184.0,178.0,152.0,106.0,72.0,62.0,71.0,94.0,130.0,163.0,190.0,205.0,205.0,205.0,172.0,110.0,55.0,55.0,55.0,55.0,106.0,172.0,181.0,163.0,135.0,117.0,112.0,117.0,122.0,127.0,129.0,125.0,120.0,117.0,119.0,-0.7573141984058411,-0.6530506909060876
205.0,152.0,117.0,81.0,136.0,99.0,105.0,106.0,143.0,122.0,121.0,140.0,143.0,143.0,137.0,135.0,108.0,109.0,112.0,133.0,140.0,142.0,136.0,132.0,122.0,122.0,125.0,115.0,114.0,126.0,137.0,138.0,137.0,137.0,135.0,123.0,125.0,135.0,134.0,130.0,132.0,128.0,120.0,121.0,126.0,130.0,131.0,131.0,128.0,126.0,139.0,147.0,105.0,96.0,113.0,134.0,139.0,128.0,136.0,106.0,104.0,92.0,109.0,122.0,141.0,137.0,141.0,154.0,168.0,170.0,144.0,98.0,56.0,55.0,56.0,133.0,187.0,205.0,204.0,174.0,147.0,128.0,116.0,104.0,89.0,76.0,78.0,96.0,123.0,153.0,169.0,164.0,142.0,122.0,116.0,123.0,133.0,137.0,132.0,123.0,-0.9002133926250907,-0.43544901852963713
91.0,96.0,115.0,109.0,100.0,135.0,118.0,124.0,123.0,155.0,136.0,140.0,133.0,117.0,106.0,109.0,125.0,138.0,144.0,137.0,136.0,123.0,119.0,123.0,120.0,111.0,119.0,133.0,138.0,138.0,135.0,135.0,125.0,124.0,135.0,140.0,128.0,126.0,127.0,122.0,121.0,126.0,128.0,129.0,130.0,128.0,126.0,128.0,130.0,130.0,167.0,169.0,115.0,151.0,126.0,173.0,129.0,122.0,122.0,146.0,161.0,145.0,109.0,80.0,103.0,129.0,161.0,171.0,162.0,131.0,137.0,168.0,187.0,171.0,117.0,55.0,55.0,55.0,55.0,111.0,199.0,205.0,205.0,205.0,205.0,103.0,55.0,55.0,55.0,55.0,67.0,136.0,164.0,178.0,179.0,171.0,163.0,158.0,159.0,159.0,-0.982104524307107,-0.18833667549235064
120.0,96.0,88.0,133.0,94.0,107.0,114.0,140.0,112.0,127.0,146.0,148.0,142.0,129.0,114.0,87.0,100.0,120.0,153.0,159.0,153.0,136.0,121.0,110.0,115.0,116.0,109.0,115.0,131.0,142.0,141.0,142.0,139.0,131.0,122.0,130.0,138.0,134.0,130.0,129.0,123.0,117.0,124.0,130.0,135.0,131.0,127.0,124.0,128.0,133.0,162.0,108.0,94.0,125.0,96.0,113.0,115.0,131.0,110.0,138.0,143.0,168.0,164.0,146.0,110.0,80.0,65.0,71.0,101.0,136.0,182.0,205.0,205.0,197.0,141.0,79.0,55.0,55.0,119.0,178.0,199.0,172.0,112.0,66.0,67.0,106.0,153.0,182.0,176.0,145.0,111.0,94.0,94.0,107.0,122.0,129.0,125.0,119.0,119.0,128.0,-0.9974377767930505,0.07153936976334659
98.0,116.0,105.0,97.0,139.0,113.0,125.0,123.0,159.0,141.0,142.0,120.0,95.0,82.0,98.0,134.0,161.0,168.0,153.0,136.0,112.0,106.0,110.0,110.0,105.0,120.0,136.0,143.0,144.0,143.0,140.0,127.0,123.0,133.0,137.0,131.0,130.0,126.0,118.0,118.0,126.0,132.0,133.0,131.0,127.0,125.0,129.0,133.0,134.0,133.0,149.0,118.0,104.0,106.0,134.0,124.0,116.0,100.0,111.0,118.0,129.0,128.0,126.0,119.0,107.0,92.0,78.0,79.0,92.0,114.0,139.0,170.0,194.0,205.0,203.0,173.0,120.0,64.0,55.0,55.0,55.0,142.0,205.0,205.0,205.0,205.0,168.0,117.0,86.0,71.0,68.0,70.0,73.0,78.0,86.0,99.0,114.0,129.0,140.0,149.0,-0.9451740053265514,0.3265671441755343
56.0,57.0,70.0,192.0,114.0,174.0,129.0,176.0,110.0,135.0,129.0,124.0,118.0,113.0,122.0,94.0,119.0,116.0,147.0,144.0,151.0,136.0,130.0,115.0,118.0,122.0,117.0,127.0,135.0,136.0,124.0,126.0,125.0,126.0,120.0,129.0,134.0,128.0,124.0,127.0,124.0,121.0,130.0,135.0,134.0,131.0,126.0,123.0,125.0,130.0,179.0,150.0,154.0,134.0,113.0,112.0,102.0,102.0,114.0,139.0,133.0,141.0,142.0,175.0,202.0,194.0,131.0,57.0,55.0,55.0,55.0,69.0,151.0,194.0,205.0,205.0,205.0,205.0,83.0,55.0,55.0,55.0,55.0,102.0,205.0,205.0,205.0,166.0,150.0,161.0,182.0,190.0,171.0,130.0,87.0,60.0,57.0,74.0,94.0,104.0,-0.8288551605875001,0.5594632452337414
60.0,95.0,192.0,111.0,178.0,133.0,176.0,102.0,144.0,126.0,128.0,103.0,113.0,127.0,121.0,150.0,135.0,142.0,119.0,124.0,117.0,129.0,123.0,133.0,134.0,128.0,136.0,141.0,134.0,119.0,119.0,117.0,122.0,120.0,131.0,133.0,125.0,121.0,128.0,125.0,126.0,134.0,136.0,131.0,127.0,126.0,125.0,128.0,130.0,130.0,135.0,179.0,154.0,120.0,125.0,142.0,131.0,113.0,107.0,103.0,127.0,146.0,153.0,143.0,139.0,142.0,149.0,158.0,151.0,131.0,101.0,93.0,128.0,185.0,205.0,188.0,136.0,77.0,55.0,55.0,115.0,174.0,205.0,205.0,172.0,106.0,55.0,55.0,55.0,55.0,104.0,132.0,147.0,158.0,167.0,172.0,173.0,165.0,153.0,142.0,-0.6563642483301328,0.7544441487042097
111.0,153.0,155.0,146.0,143.0,178.0,118.0,145.0,117.0,148.0,95.0,129.0,112.0,127.0,128.0,147.0,146.0,134.0,127.0,114.0,127.0,120.0,136.0,134.0,135.0,130.0,143.0,137.0,125.0,120.0,120.0,123.0,120.0,128.0,134.0,131.0,122.0,128.0,128.0,126.0,134.0,136.0,132.0,127.0,128.0,128.0,129.0,131.0,131.0,129.0,130.0,108.0,96.0,102.0,121.0,121.0,118.0,113.0,123.0,125.0,123.0,106.0,88.0,75.0,77.0,91.0,111.0,137.0,168.0,194.0,205.0,200.0,168.0,115.0,65.0,55.0,55.0,55.0,136.0,205.0,205.0,205.0,205.0,164.0,114.0,82.0,70.0,68.0,70.0,72.0,76.0,84.0,97.0,113.0,128.0,140.0,147.0,153.0,157.0,159.0,-0.43939109282091326,0.8982958686032367
55.0,83.0,187.0,111.0,178.0,122.0,186.0,102.0,145.0,122.0,134.0,107.0,117.0,121.0,103.0,126.0,122.0,146.0,136.0,144.0,127.0,132.0,117.0,124.0,125.0,121.0,128.0,136.0,135.0,123.0,124.0,122.0,126.0,120.0,129.0,134.0,128.0,123.0,128.0,124.0,122.0,130.0,135.0,133.0,130.0,127.0,124.0,126.0,130.0,132.0,142.0,133.0,138.0,144.0,135.0,132.0,133.0,152.0,165.0,143.0,86.0,55.0,55.0,55.0,94.0,147.0,143.0,134.0,152.0,190.0,205.0,198.0,99.0,55.0,55.0,55.0,59.0,189.0,205.0,205.0,205.0,139.0,131.0,154.0,189.0,201.0,175.0,120.0,69.0,55.0,55.0,69.0,99.0,108.0,105.0,103.0,114.0,137.0,158.0,165.0,-0.1926401096446775,0.981269477848
118.0,193.0,133.0,163.0,146.0,168.0,115.0,139.0,138.0,129.0,105.0,106.0,122.0,132.0,170.0,172.0,163.0,117.0,95.0,85.0,106.0,126.0,149.0,154.0,146.0,146.0,147.0,137.0,118.0,114.0,111.0,114.0,117.0,130.0,134.0,125.0,119.0,125.0,127.0,130.0,138.0,138.0,130.0,124.0,124.0,127.0,131.0,132.0,129.0,124.0,121.0,118.0,149.0,124.0,120.0,137.0,125.0,115.0,101.0,120.0,149.0,175.0,165.0,157.0,154.0,148.0,130.0,105.0,67.0,55.0,55.0,104.0,166.0,205.0,205.0,178.0,111.0,72.0,71.0,99.0,130.0,124.0,95.0,60.0,61.0,97.0,157.0,205.0,205.0,205.0,164.0,136.0,126.0,131.0,137.0,134.0,120.0,105.0,95.0,98.0,0.06716622235513732,0.9977417995526399
80.0,117.0,108.0,103.0,130.0,120.0,118.0,122.0,158.0,141.0,143.0,118.0,104.0,85.0,99.0,125.0,153.0,164.0,155.0,142.0,117.0,107.0,107.0,109.0,103.0,116.0,134.0,144.0,144.0,143.0,140.0,129.0,123.0,131.0,138.0,132.0,129.0,127.0,120.0,117.0,125.0,131.0,133.0,131.0,127.0,125.0,128.0,133.0,134.0,133.0,171.0,131.0,139.0,143.0,134.0,73.0,98.0,103.0,133.0,147.0,156.0,152.0,164.0,169.0,150.0,113.0,60.0,55.0,55.0,108.0,184.0,205.0,205.0,205.0,205.0,119.0,64.0,55.0,55.0,55.0,55.0,133.0,185.0,205.0,205.0,205.0,154.0,95.0,56.0,55.0,55.0,62.0,109.0,129.0,137.0,142.0,145.0,151.0,160.0,166.0,0.3224206546305067,0.9465964934794738
56.0,55.0,82.0,149.0,152.0,144.0,154.0,146.0,124.0,117.0,145.0,128.0,126.0,108.0,95.0,75.0,89.0,116.0,155.0,177.0,171.0,152.0,120.0,102.0,100.0,107.0,108.0,121.0,134.0,137.0,133.0,132.0,133.0,126.0,120.0,128.0,136.0,130.0,127.0,125.0,119.0,118.0,129.0,138.0,138.0,132.0,125.0,121.0,125.0,134.0,149.0,96.0,82.0,120.0,129.0,137.0,135.0,113.0,92.0,89.0,98.0,122.0,138.0,138.0,139.0,148.0,159.0,162.0,147.0,106.0,58.0,55.0,55.0,107.0,177.0,205.0,205.0,182.0,158.0,144.0,135.0,119.0,87.0,55.0,55.0,55.0,114.0,169.0,202.0,200.0,171.0,135.0,111.0,106.0,115.0,125.0,125.0,116.0,106.0,102.0,0.5558244239162511,0.831299711162086
167.0,157.0,153.0,138.0,173.0,121.0,139.0,126.0,143.0,98.0,116.0,110.0,133.0,151.0,174.0,168.0,133.0,104.0,84.0,101.0,116.0,145.0,152.0,150.0,142.0,149.0,141.0,124.0,115.0,112.0,114.0,115.0,126.0,134.0,129.0,119.0,124.0,127.0,128.0,135.0,140.0,133.0,125.0,124.0,126.0,130.0,133.0,131.0,126.0,124.0,172.0,119.0,87.0,127.0,138.0,176.0,135.0,121.0,131.0,155.0,146.0,114.0,77.0,56.0,81.0,133.0,187.0,201.0,178.0,136.0,110.0,102.0,99.0,79.0,55.0,55.0,55.0,103.0,202.0,205.0,205.0,205.0,152.0,94.0,58.0,55.0,73.0,121.0,162.0,184.0,184.0,170.0,155.0,142.0,131.0,119.0,111.0,112.0,117.0,118.0,0.7515596009639786,0.6596651925021247
205.0,156.0,107.0,99.0,132.0,98.0,119.0,119.0,150.0,114.0,138.0,130.0,144.0,155.0,180.0,174.0,144.0,110.0,81.0,90.0,104.0,138.0,155.0,159.0,148.0,148.0,135.0,121.0,119.0,124.0,128.0,126.0,132.0,137.0,131.0,122.0,128.0,132.0,132.0,137.0,139.0,129.0,120.0,119.0,125.0,132.0,137.0,134.0,126.0,121.0,151.0,169.0,122.0,131.0,149.0,136.0,118.0,112.0,113.0,114.0,116.0,112.0,119.0,151.0,190.0,205.0,205.0,169.0,132.0,92.0,62.0,60.0,77.0,96.0,135.0,190.0,205.0,205.0,205.0,146.0,72.0,55.0,55.0,55.0,102.0,123.0,118.0,103.0,103.0,118.0,141.0,162.0,176.0,179.0,172.0,159.0,146.0,136.0,132.0,128.0,0.8963610821661362,0.4433247234003009
98.0,85.0,116.0,108.0,107.0,106.0,143.0,114.0,122.0,131.0,156.0,140.0,141.0,120.0,97.0,92.0,111.0,142.0,155.0,155.0,139.0,129.0,113.0,114.0,117.0,112.0,109.0,126.0,138.0,142.0,141.0,139.0,135.0,124.0,125.0,135.0,136.0,130.0,130.0,126.0,118.0,120.0,128.0,132.0,132.0,130.0,127.0,126.0,129.0,133.0,154.0,114.0,108.0,121.0,131.0,131.0,115.0,106.0,119.0,131.0,133.0,126.0,116.0,109.0,109.0,107.0,105.0,108.0,111.0,120.0,144.0,172.0,182.0,173.0,152.0,120.0,96.0,89.0,93.0,103.0,123.0,151.0,176.0,193.0,195.0,178.0,150.0,120.0,98.0,84.0,81.0,86.0,93.0,103.0,113.0,120.0,120.0,123.0,132.0,144.0,0.9804155744823997,0.19693984186128058
104.0,55.0,76.0,164.0,130.0,169.0,123.0,184.0,108.0,144.0,114.0,147.0,103.0,124.0,112.0,103.0,110.0,117.0,142.0,142.0,151.0,133.0,136.0,115.0,120.0,119.0,120.0,122.0,135.0,136.0,127.0,124.0,123.0,128.0,120.0,127.0,133.0,130.0,123.0,127.0,124.0,121.0,127.0,135.0,134.0,131.0,128.0,124.0,124.0,129.0,120.0,136.0,159.0,152.0,136.0,108.0,92.0,100.0,132.0,144.0,136.0,114.0,112.0,137.0,171.0,173.0,122.0,56.0,55.0,55.0,74.0,191.0,205.0,205.0,204.0,128.0,78.0,55.0,55.0,55.0,117.0,163.0,193.0,203.0,195.0,176.0,154.0,129.0,109.0,97.0,98.0,106.0,114.0,116.0,111.0,107.0,109.0,119.0,131.0,139.0,0.998026648859632,-0.06279178422383556
83.0,192.0,107.0,181.0,123.0,181.0,97.0,148.0,129.0,134.0,105.0,111.0,121.0,105.0,136.0,127.0,148.0,130.0,136.0,123.0,130.0,119.0,127.0,129.0,123.0,130.0,137.0,135.0,122.0,123.0,120.0,125.0,120.0,130.0,134.0,127.0,123.0,128.0,125.0,123.0,132.0,135.0,133.0,129.0,126.0,124.0,126.0,130.0,132.0,130.0,124.0,104.0,106.0,135.0,118.0,119.0,114.0,107.0,122.0,140.0,161.0,156.0,153.0,144.0,142.0,123.0,106.0,83.0,57.0,55.0,94.0,157.0,199.0,205.0,175.0,108.0,58.0,60.0,111.0,163.0,178.0,144.0,81.0,55.0,55.0,64.0,161.0,205.0,205.0,205.0,178.0,138.0,114.0,110.0,117.0,116.0,103.0,90.0,88.0,99.0,0.9480007910313784,-0.3182679691767314
104.0,83.0,125.0,106.0,111.0,107.0,143.0,112.0,120.0,132.0,156.0,143.0,139.0,123.0,99.0,97.0,111.0,141.0,151.0,152.0,137.0,130.0,116.0,117.0,120.0,114.0,110.0,125.0,138.0,140.0,140.0,139.0,136.0,124.0,125.0,135.0,135.0,130.0,131.0,127.0,119.0,120.0,127.0,131.0,131.0,130.0,127.0,126.0,129.0,132.0,116.0,87.0,107.0,128.0,115.0,138.0,127.0,107.0,94.0,92.0,98.0,110.0,114.0,115.0,142.0,171.0,185.0,176.0,146.0,100.0,69.0,63.0,73.0,99.0,135.0,167.0,193.0,205.0,205.0,205.0,163.0,101.0,55.0,55.0,55.0,55.0,134.0,175.0,180.0,159.0,131.0,113.0,111.0,119.0,129.0,132.0,127.0,120.0,116.0,117.0,0.8337282867764003,-0.5521749214052448
153.0,122.0,83.0,129.0,106.0,99.0,115.0,134.0,131.0,114.0,146.0,134.0,145.0,140.0,145.0,120.0,115.0,111.0,121.0,130.0,131.0,138.0,136.0,130.0,127.0,130.0,117.0,115.0,125.0,134.0,135.0,133.0,135.0,134.0,124.0,124.0,134.0,132.0,130.0,133.0,129.0,121.0,121.0,124.0,128.0,131.0,132.0,128.0,125.0,126.0,144.0,119.0,107.0,129.0,143.0,153.0,146.0,134.0,127.0,127.0,120.0,92.0,74.0,61.0,78.0,124.0,180.0,205.0,205.0,176.0,134.0,97.0,72.0,56.0,55.0,64.0,109.0,159.0,199.0,205.0,205.0,185.0,154.0,127.0,110.0,104.0,106.0,108.0,107.0,103.0,100.0,102.0,111.0,124.0,134.0,139.0,141.0,141.0,142.0,142.0,0.6629534599883291,-0.7486606106170558
205.0,173.0,109.0,113.0,110.0,122.0,87.0,128.0,127.0,138.0,115.0,145.0,133.0,141.0,154.0,154.0,141.0,118.0,109.0,104.0,118.0,123.0,141.0,144.0,139.0,137.0,134.0,121.0,117.0,126.0,131.0,132.0,129.0,135.0,132.0,123.0,122.0,134.0,135.0,136.0,134.0,126.0,118.0,120.0,126.0,130.0,133.0,132.0,128.0,123.0,154.0,167.0,162.0,138.0,147.0,146.0,158.0,135.0,115.0,123.0,148.0,166.0,146.0,107.0,80.0,99.0,131.0,164.0,179.0,165.0,128.0,128.0,164.0,192.0,181.0,127.0,57.0,55.0,55.0,55.0,106.0,191.0,205.0,205.0,205.0,200.0,123.0,63.0,55.0,55.0,55.0,55.0,108.0,151.0,175.0,185.0,181.0,171.0,163.0,161.0,0.447249834675818,-0.8944090704942864
205.0,188.0,163.0,92.0,117.0,123.0,104.0,110.0,120.0,147.0,114.0,142.0,128.0,146.0,146.0,175.0,163.0,145.0,113.0,90.0,95.0,106.0,135.0,150.0,155.0,144.0,146.0,132.0,122.0,120.0,126.0,129.0,127.0,131.0,136.0,131.0,122.0,129.0,131.0,131.0,135.0,138.0,129.0,121.0,120.0,125.0,131.0,136.0,133.0,126.0,168.0,142.0,101.0,110.0,116.0,123.0,108.0,92.0,91.0,105.0,115.0,125.0,153.0,176.0,184.0,171.0,135.0,90.0,65.0,64.0,79.0,109.0,145.0,176.0,201.0,205.0,205.0,205.0,149.0,84.0,55.0,55.0,55.0,68.0,151.0,180.0,177.0,152.0,125.0,112.0,113.0,123.0,131.0,131.0,126.0,119.0,116.0,118.0,124.0,129.0,0.2012357895148652,-0.979542830619636
205.0,183.0,105.0,113.0,105.0,126.0,87.0,131.0,127.0,138.0,115.0,143.0,134.0,142.0,157.0,156.0,144.0,118.0,108.0,101.0,115.0,121.0,142.0,145.0,145.0,138.0,134.0,119.0,117.0,127.0,131.0,132.0,127.0,135.0,133.0,125.0,125.0,133.0,130.0,131.0,135.0,132.0,122.0,120.0,123.0,128.0,133.0,133.0,129.0,124.0,141.0,125.0,61.0,103.0,115.0,144.0,131.0,120.0,105.0,89.0,95.0,107.0,134.0,135.0,140.0,140.0,158.0,165.0,158.0,116.0,62.0,55.0,55.0,58.0,153.0,203.0,205.0,192.0,167.0,158.0,157.0,148.0,113.0,61.0,55.0,55.0,55.0,117.0,205.0,205.0,205.0,175.0,129.0,103.0,99.0,108.0,114.0,109.0,98.0,91.0,-0.05841613943235477,-0.998292319240121
99.0,110.0,100.0,119.0,137.0,117.0,114.0,135.0,154.0,145.0,138.0,108.0,83.0,77.0,107.0,149.0,173.0,169.0,147.0,123.0,104.0,105.0,109.0,106.0,107.0,125.0,140.0,146.0,145.0,143.0,135.0,123.0,126.0,136.0,137.0,130.0,128.0,122.0,116.0,120.0,130.0,134.0,132.0,128.0,125.0,125.0,131.0,135.0,134.0,131.0,96.0,92.0,96.0,127.0,160.0,187.0,171.0,135.0,91.0,81.0,89.0,93.0,87.0,99.0,132.0,189.0,205.0,205.0,205.0,87.0,55.0,55.0,55.0,55.0,71.0,170.0,205.0,205.0,205.0,205.0,205.0,60.0,55.0,55.0,55.0,55.0,108.0,205.0,205.0,205.0,205.0,135.0,115.0,120.0,132.0,134.0,118.0,95.0,78.0,78.0,-0.3141091676157347,-0.949386870996092
69.0,73.0,155.0,130.0,159.0,147.0,163.0,125.0,117.0,135.0,124.0,128.0,115.0,108.0,78.0,87.0,105.0,148.0,172.0,178.0,156.0,127.0,102.0,101.0,109.0,109.0,119.0,132.0,138.0,133.0,132.0,133.0,130.0,121.0,127.0,136.0,131.0,127.0,126.0,121.0,119.0,127.0,137.0,139.0,134.0,127.0,122.0,124.0,132.0,138.0,150.0,166.0,133.0,122.0,140.0,127.0,115.0,126.0,136.0,140.0,127.0,104.0,93.0,111.0,138.0,154.0,147.0,131.0,131.0,149.0,164.0,163.0,136.0,91.0,66.0,93.0,154.0,201.0,205.0,162.0,99.0,68.0,93.0,149.0,191.0,196.0,159.0,101.0,60.0,55.0,76.0,111.0,140.0,148.0,138.0,127.0,127.0,138.0,152.0,158.0,-0.5485148078326494,-0.8361408407608802
55.0,87.0,142.0,140.0,156.0,131.0,182.0,115.0,142.0,109.0,149.0,102.0,129.0,112.0,106.0,104.0,116.0,138.0,145.0,153.0,136.0,138.0,115.0,119.0,118.0,121.0,120.0,135.0,136.0,128.0,125.0,124.0,128.0,121.0,125.0,133.0,132.0,123.0,128.0,125.0,121.0,126.0,135.0,135.0,132.0,128.0,124.0,124.0,128.0,133.0,127.0,128.0,114.0,109.0,126.0,133.0,118.0,107.0,105.0,112.0,122.0,126.0,126.0,127.0,123.0,112.0,95.0,80.0,77.0,88.0,108.0,133.0,162.0,189.0,205.0,205.0,183.0,134.0,77.0,55.0,55.0,55.0,103.0,200.0,205.0,205.0,205.0,183.0,128.0,92.0,74.0,68.0,69.0,72.0,76.0,84.0,96.0,110.0,125.0,138.0,-0.7457472333729137,-0.6662289875985921
89.0,55.0,56.0,160.0,130.0,161.0,136.0,171.0,123.0,126.0,124.0,129.0,120.0,118.0,113.0,82.0,89.0,99.0,143.0,163.0,173.0,154.0,134.0,108.0,103.0,109.0,109.0,117.0,130.0,137.0,131.0,130.0,130.0,131.0,121.0,125.0,134.0,131.0,126.0,127.0,123.0,118.0,125.0,134.0,137.0,134.0,128.0,122.0,123.0,130.0,181.0,170.0,132.0,109.0,94.0,104.0,101.0,119.0,132.0,139.0,135.0,143.0,174.0,205.0,194.0,127.0,55.0,55.0,55.0,55.0,69.0,151.0,191.0,205.0,205.0,205.0,205.0,92.0,55.0,55.0,55.0,55.0,150.0,205.0,205.0,205.0,147.0,136.0,158.0,192.0,205.0,187.0,139.0,89.0,57.0,55.0,68.0,90.0,101.0,101.0,-0.8924398710991913,-0.45116635121921367
123.0,186.0,138.0,160.0,142.0,175.0,116.0,139.0,133.0,135.0,103.0,108.0,118.0,131.0,163.0,173.0,165.0,122.0,97.0,84.0,104.0,121.0,147.0,154.0,148.0,144.0,148.0,139.0,120.0,113.0,111.0,114.0,116.0,129.0,135.0,126.0,118.0,124.0,127.0,129.0,137.0,139.0,131.0,125.0,124.0,126.0,130.0,132.0,129.0,124.0,148.0,154.0,133.0,92.0,104.0,140.0,150.0,133.0,148.0,142.0,158.0,159.0,157.0,142.0,127.0,101.0,101.0,142.0,185.0,205.0,190.0,141.0,80.0,57.0,76.0,128.0,182.0,205.0,181.0,114.0,55.0,55.0,55.0,90.0,147.0,154.0,130.0,102.0,94.0,111.0,145.0,172.0,183.0,176.0,161.0,150.0,145.0,144.0,142.0,134.0,-0.9786512630310963,-0.20552787005085196
55.0,99.0,88.0,196.0,105.0,180.0,142.0,160.0,110.0,131.0,141.0,112.0,120.0,108.0,128.0,112.0,150.0,137.0,145.0,122.0,121.0,118.0,124.0,127.0,133.0,136.0,126.0,139.0,138.0,131.0,118.0,120.0,119.0,121.0,121.0,132.0,133.0,123.0,124.0,128.0,125.0,127.0,136.0,135.0,131.0,127.0,126.0,125.0,128.0,131.0,133.0,117.0,87.0,91.0,147.0,122.0,91.0,73.0,80.0,82.0,102.0,114.0,144.0,184.0,205.0,205.0,185.0,133.0,69.0,55.0,55.0,55.0,61.0,173.0,205.0,205.0,205.0,205.0,205.0,114.0,65.0,55.0,55.0,55.0,55.0,57.0,123.0,159.0,185.0,193.0,182.0,161.0,141.0,126.0,116.0,111.0,108.0,104.0,102.0,104.0,-0.9985388055887601,0.05403937206678506
55.0,73.0,173.0,115.0,175.0,127.0,184.0,108.0,137.0,119.0,136.0,112.0,120.0,118.0,95.0,110.0,113.0,145.0,147.0,156.0,137.0,134.0,113.0,117.0,119.0,117.0,123.0,134.0,136.0,127.0,127.0,125.0,128.0,120.0,127.0,134.0,131.0,124.0,128.0,124.0,121.0,128.0,135.0,136.0,132.0,128.0,123.0,125.0,130.0,134.0,160.0,117.0,96.0,111.0,140.0,164.0,152.0,111.0,72.0,65.0,89.0,115.0,118.0,105.0,108.0,144.0,199.0,205.0,205.0,119.0,55.0,55.0,55.0,78.0,205.0,205.0,205.0,137.0,103.0,109.0,147.0,182.0,188.0,158.0,111.0,73.0,61.0,74.0,99.0,115.0,116.0,108.0,106.0,118.0,138.0,156.0,158.0,148.0,133.0,126.0,-0.9507547067375248,0.30994432986657977
56.0,72.0,163.0,141.0,153.0,150.0,153.0,126.0,117.0,141.0,117.0,129.0,111.0,109.0,79.0,94.0,110.0,150.0,169.0,167.0,152.0,123.0,106.0,103.0,111.0,109.0,123.0,133.0,136.0,130.0,130.0,132.0,127.0,120.0,128.0,135.0,129.0,127.0,126.0,120.0,119.0,128.0,136.0,137.0,132.0,125.0,121.0,125.0,132.0,137.0,92.0,122.0,176.0,134.0,146.0,117.0,127.0,115.0,105.0,125.0,160.0,181.0,166.0,162.0,151.0,147.0,128.0,101.0,57.0,55.0,55.0,124.0,193.0,205.0,205.0,171.0,97.0,62.0,70.0,101.0,116.0,93.0,58.0,55.0,88.0,160.0,205.0,205.0,205.0,153.0,110.0,97.0,110.0,136.0,151.0,147.0,128.0,109.0,102.0,112.0,-0.8385373267538365,0.5448441535343199
118.0,189.0,125.0,160.0,156.0,157.0,122.0,132.0,143.0,118.0,107.0,104.0,125.0,135.0,174.0,170.0,155.0,110.0,91.0,88.0,108.0,130.0,149.0,154.0,143.0,147.0,145.0,133.0,115.0,113.0,112.0,114.0,118.0,130.0,131.0,119.0,118.0,130.0,133.0,134.0,135.0,132.0,125.0,124.0,127.0,129.0,131.0,130.0,126.0,123.0,144.0,158.0,132.0,88.0,99.0,122.0,139.0,150.0,149.0,161.0,173.0,170.0,139.0,97.0,56.0,55.0,58.0,129.0,201.0,205.0,205.0,205.0,205.0,112.0,58.0,55.0,55.0,55.0,71.0,138.0,181.0,205.0,205.0,205.0,166.0,110.0,62.0,55.0,55.0,55.0,78.0,121.0,140.0,152.0,158.0,163.0,168.0,172.0,169.0,163.0,-0.6694917123876056,0.7428195252174726
130.0,103.0,87.0,133.0,95.0,104.0,113.0,142.0,118.0,124.0,145.0,143.0,144.0,132.0,122.0,96.0,104.0,117.0,145.0,152.0,148.0,136.0,124.0,115.0,118.0,120.0,111.0,115.0,130.0,140.0,140.0,140.0,138.0,132.0,122.0,128.0,137.0,133.0,130.0,131.0,125.0,118.0,123.0,129.0,131.0,132.0,129.0,125.0,124.0,128.0,140.0,101.0,105.0,114.0,90.0,98.0,111.0,125.0,129.0,128.0,128.0,148.0,168.0,166.0,137.0,89.0,55.0,55.0,55.0,117.0,165.0,188.0,179.0,163.0,159.0,158.0,151.0,138.0,116.0,88.0,71.0,69.0,78.0,99.0,135.0,169.0,192.0,200.0,191.0,168.0,142.0,118.0,97.0,81.0,80.0,84.0,92.0,101.0,111.0,121.0,-0.4550741977673775,0.8904535218226596
84.0,84.0,117.0,97.0,111.0,126.0,128.0,109.0,129.0,151.0,151.0,141.0,121.0,93.0,75.0,93.0,130.0,167.0,172.0,159.0,134.0,111.0,102.0,108.0,108.0,105.0,116.0,135.0,145.0,145.0,145.0,140.0,128.0,122.0,133.0,138.0,133.0,129.0,126.0,117.0,117.0,126.0,133.0,133.0,130.0,126.0,124.0,128.0,133.0,135.0,166.0,174.0,144.0,122.0,97.0,100.0,113.0,134.0,135.0,124.0,114.0,120.0,148.0,172.0,164.0,110.0,55.0,55.0,55.0,82.0,199.0,205.0,205.0,184.0,119.0,72.0,55.0,55.0,64.0,124.0,168.0,196.0,203.0,192.0,172.0,149.0,125.0,106.0,96.0,98.0,107.0,115.0,115.0,110.0,106.0,110.0,120.0,131.0,139.0,143.0,-0.20981600098896952,0.9777408888499022
140.0,79.0,115.0,109.0,121.0,91.0,137.0,119.0,125.0,125.0,148.0,140.0,138.0,148.0,129.0,122.0,110.0,117.0,121.0,132.0,132.0,140.0,133.0,127.0,131.0,124.0,115.0,119.0,131.0,135.0,134.0,133.0,136.0,128.0,122.0,129.0,134.0,129.0,131.0,133.0,125.0,120.0,122.0,125.0,127.0,132.0,135.0,131.0,126.0,122.0,184.0,144.0,102.0,128.0,103.0,128.0,155.0,171.0,159.0,159.0,152.0,138.0,126.0,106.0,80.0,55.0,55.0,116.0,187.0,205.0,205.0,181.0,99.0,55.0,70.0,119.0,150.0,142.0,92.0,55.0,55.0,61.0,177.0,205.0,205.0,205.0,146.0,95.0,80.0,94.0,121.0,138.0,134.0,117.0,105.0,109.0,125.0,143.0,151.0,146.0,0.04966156623482345,0.9987661031688572
205.0,159.0,113.0,93.0,129.0,94.0,118.0,118.0,147.0,112.0,136.0,130.0,143.0,156.0,177.0,171.0,141.0,108.0,80.0,90.0,103.0,138.0,154.0,158.0,147.0,146.0,133.0,120.0,119.0,123.0,127.0,124.0,131.0,136.0,130.0,121.0,128.0,130.0,132.0,136.0,137.0,127.0,119.0,119.0,124.0,132.0,136.0,132.0,125.0,120.0,116.0,136.0,117.0,112.0,125.0,134.0,109.0,96.0,87.0,99.0,113.0,115.0,124.0,151.0,178.0,185.0,170.0,131.0,87.0,64.0,65.0,81.0,111.0,147.0,177.0,203.0,205.0,205.0,205.0,144.0,80.0,55.0,55.0,55.0,70.0,153.0,181.0,176.0,150.0,124.0,112.0,114.0,123.0,132.0,131.0,125.0,119.0,117.0,119.0,124.0,0.30577353596431506,0.952104271970187
182.0,205.0,129.0,103.0,98.0,126.0,104.0,96.0,121.0,132.0,126.0,119.0,152.0,136.0,144.0,135.0,131.0,109.0,110.0,117.0,133.0,142.0,138.0,138.0,131.0,122.0,122.0,123.0,114.0,118.0,130.0,137.0,137.0,136.0,137.0,132.0,123.0,128.0,136.0,131.0,130.0,132.0,126.0,119.0,123.0,127.0,130.0,132.0,131.0,128.0,159.0,108.0,80.0,95.0,137.0,134.0,137.0,128.0,112.0,95.0,93.0,104.0,126.0,141.0,138.0,139.0,152.0,169.0,168.0,142.0,88.0,55.0,55.0,55.0,135.0,193.0,205.0,205.0,173.0,153.0,142.0,132.0,112.0,78.0,55.0,55.0,72.0,131.0,178.0,199.0,190.0,159.0,128.0,110.0,110.0,120.0,128.0,125.0,115.0,106.0,0.5411630290486533,0.8409176987023679
189.0,116.0,90.0,96.0,126.0,90.0,112.0,123.0,138.0,108.0,130.0,148.0,155.0,143.0,122.0,93.0,72.0,92.0,129.0,169.0,175.0,164.0,136.0,113.0,101.0,108.0,108.0,105.0,116.0,135.0,146.0,146.0,147.0,141.0,130.0,123.0,133.0,139.0,135.0,130.0,127.0,118.0,117.0,126.0,133.0,138.0,130.0,125.0,122.0,129.0,130.0,91.0,75.0,74.0,106.0,147.0,184.0,175.0,137.0,105.0,114.0,133.0,129.0,104.0,75.0,70.0,124.0,205.0,205.0,205.0,205.0,55.0,55.0,55.0,55.0,72.0,161.0,205.0,205.0,205.0,205.0,189.0,55.0,55.0,55.0,55.0,56.0,183.0,205.0,205.0,205.0,205.0,123.0,112.0,117.0,128.0,127.0,112.0,91.0,78.0,0.7398775424120556,0.6727415716560832
205.0,188.0,111.0,74.0,133.0,99.0,109.0,107.0,142.0,120.0,121.0,142.0,143.0,143.0,136.0,133.0,106.0,108.0,112.0,134.0,142.0,142.0,136.0,130.0,120.0,121.0,124.0,114.0,113.0,127.0,137.0,138.0,137.0,137.0,134.0,123.0,125.0,134.0,133.0,129.0,132.0,127.0,119.0,121.0,126.0,130.0,130.0,129.0,125.0,124.0,126.0,158.0,148.0,121.0,137.0,136.0,119.0,116.0,132.0,139.0,135.0,113.0,94.0,99.0,127.0,150.0,152.0,138.0,128.0,142.0,159.0,169.0,150.0,108.0,64.0,71.0,130.0,191.0,205.0,184.0,121.0,73.0,76.0,126.0,178.0,200.0,178.0,122.0,72.0,55.0,63.0,97.0,130.0,147.0,143.0,131.0,125.0,133.0,147.0,157.0,0.8884500608360681,0.45897329922380753
154.0,130.0,85.0,131.0,103.0,100.0,113.0,138.0,130.0,114.0,142.0,137.0,150.0,145.0,146.0,114.0,112.0,110.0,125.0,134.0,135.0,137.0,134.0,128.0,127.0,131.0,118.0,116.0,125.0,134.0,136.0,135.0,136.0,135.0,124.0,124.0,134.0,133.0,131.0,133.0,130.0,121.0,121.0,125.0,129.0,132.0,132.0,129.0,126.0,127.0,135.0,139.0,109.0,113.0,121.0,135.0,115.0,107.0,104.0,114.0,125.0,126.0,127.0,124.0,121.0,108.0,92.0,78.0,78.0,92.0,114.0,140.0,170.0,195.0,205.0,203.0,173.0,120.0,64.0,55.0,55.0,55.0,140.0,205.0,205.0,205.0,205.0,168.0,117.0,85.0,72.0,68.0,70.0,73.0,77.0,86.0,99.0,114.0,129.0,140.0,0.9768117255705696,0.21410009992488604
205.0,205.0,142.0,85.0,128.0,107.0,114.0,87.0,140.0,123.0,128.0,127.0,146.0,139.0,138.0,149.0,129.0,123.0,110.0,117.0,121.0,132.0,133.0,140.0,132.0,127.0,131.0,124.0,115.0,120.0,132.0,135.0,135.0,133.0,137.0,128.0,122.0,130.0,135.0,129.0,132.0,133.0,124.0,120.0,123.0,127.0,130.0,133.0,130.0,127.0,133.0,97.0,91.0,95.0,107.0,135.0,141.0,129.0,134.0,155.0,194.0,200.0,157.0,76.0,55.0,55.0,55.0,55.0,114.0,176.0,205.0,205.0,205.0,205.0,111.0,55.0,55.0,55.0,55.0,81.0,205.0,205.0,205.0,159.0,133.0,145.0,178.0,203.0,196.0,157.0,104.0,63.0,55.0,55.0,81.0,97.0,100.0,99.0,106.0,124.0,0.9989742076124702,-0.04528280606408122
111.0,80.0,156.0,75.0,137.0,91.0,163.0,93.0,148.0,138.0,157.0,132.0,129.0,126.0,103.0,125.0,126.0,150.0,135.0,137.0,120.0,128.0,119.0,130.0,128.0,117.0,119.0,132.0,141.0,136.0,138.0,133.0,132.0,122.0,131.0,137.0,133.0,127.0,131.0,126.0,121.0,126.0,130.0,130.0,130.0,129.0,128.0,128.0,130.0,130.0,128.0,122.0,154.0,137.0,112.0,97.0,101.0,126.0,143.0,153.0,141.0,140.0,139.0,154.0,155.0,152.0,131.0,102.0,91.0,123.0,177.0,204.0,194.0,144.0,80.0,55.0,55.0,110.0,173.0,205.0,205.0,168.0,103.0,55.0,55.0,55.0,55.0,104.0,129.0,140.0,149.0,160.0,169.0,174.0,169.0,155.0,142.0,136.0,134.0,132.0,0.9534355407596832,-0.30159686605846975
139.0,205.0,179.0,141.0,96.0,116.0,116.0,95.0,121.0,130.0,140.0,112.0,143.0,132.0,144.0,150.0,164.0,145.0,125.0,107.0,103.0,116.0,123.0,141.0,144.0,141.0,134.0,138.0,125.0,119.0,125.0,131.0,133.0,130.0,135.0,136.0,127.0,123.0,133.0,132.0,132.0,136.0,133.0,124.0,121.0,123.0,128.0,133.0,134.0,131.0,163.0,94.0,73.0,98.0,119.0,127.0,140.0,128.0,100.0,81.0,68.0,72.0,89.0,108.0,125.0,155.0,188.0,205.0,205.0,178.0,112.0,55.0,55.0,55.0,55.0,112.0,205.0,205.0,205.0,205.0,205.0,130.0,73.0,55.0,55.0,55.0,55.0,93.0,154.0,165.0,155.0,135.0,121.0,118.0,125.0,136.0,142.0,139.0,131.0,121.0,0.8432819108632221,-0.5374715051152691
79.0,111.0,107.0,111.0,106.0,144.0,115.0,122.0,131.0,152.0,139.0,138.0,127.0,105.0,106.0,115.0,137.0,142.0,144.0,136.0,134.0,121.0,120.0,120.0,114.0,111.0,124.0,138.0,140.0,139.0,137.0,135.0,125.0,125.0,134.0,136.0,130.0,131.0,128.0,120.0,121.0,126.0,130.0,130.0,131.0,128.0,126.0,128.0,131.0,131.0,145.0,106.0,97.0,121.0,155.0,164.0,137.0,91.0,65.0,74.0,103.0,119.0,111.0,101.0,116.0,161.0,205.0,205.0,193.0,87.0,55.0,55.0,55.0,136.0,205.0,205.0,179.0,122.0,100.0,119.0,159.0,187.0,181.0,144.0,98.0,67.0,62.0,81.0,105.0,117.0,114.0,107.0,108.0,123.0,143.0,156.0,157.0,148.0,135.0,124.0,0.6759785029519814,-0.7369213414922913
200.0,163.0,99.0,104.0,126.0,100.0,118.0,122.0,147.0,111.0,142.0,129.0,146.0,149.0,174.0,162.0,141.0,111.0,88.0,97.0,107.0,137.0,150.0,154.0,144.0,146.0,132.0,121.0,120.0,126.0,129.0,126.0,132.0,136.0,130.0,122.0,129.0,132.0,131.0,135.0,137.0,127.0,120.0,120.0,125.0,132.0,136.0,133.0,125.0,122.0,116.0,173.0,132.0,151.0,118.0,137.0,113.0,107.0,113.0,156.0,180.0,172.0,163.0,153.0,148.0,128.0,110.0,65.0,55.0,55.0,110.0,182.0,205.0,205.0,196.0,102.0,65.0,71.0,100.0,117.0,97.0,61.0,55.0,74.0,149.0,205.0,205.0,205.0,161.0,115.0,97.0,107.0,131.0,149.0,150.0,133.0,113.0,103.0,110.0,127.0,0.462863580660063,-0.8864295266396226
205.0,111.0,90.0,103.0,121.0,108.0,98.0,134.0,121.0,123.0,121.0,156.0,139.0,143.0,132.0,118.0,103.0,109.0,124.0,139.0,146.0,139.0,136.0,123.0,120.0,123.0,120.0,111.0,120.0,133.0,139.0,138.0,137.0,137.0,128.0,122.0,131.0,137.0,131.0,131.0,131.0,123.0,119.0,124.0,129.0,131.0,130.0,127.0,124.0,126.0,152.0,126.0,157.0,151.0,105.0,73.0,109.0,126.0,145.0,148.0,151.0,158.0,167.0,160.0,127.0,85.0,55.0,55.0,73.0,149.0,205.0,205.0,205.0,205.0,204.0,90.0,55.0,55.0,55.0,55.0,99.0,154.0,195.0,205.0,205.0,205.0,141.0,84.0,55.0,55.0,55.0,55.0,109.0,133.0,146.0,153.0,156.0,161.0,167.0,169.0,0.2183800845316891,-0.9758637910486957
184.0,187.0,205.0,94.0,132.0,101.0,127.0,90.0,131.0,138.0,133.0,126.0,131.0,139.0,140.0,180.0,171.0,161.0,114.0,96.0,88.0,108.0,126.0,148.0,154.0,145.0,147.0,138.0,127.0,119.0,126.0,128.0,129.0,128.0,137.0,135.0,125.0,126.0,131.0,131.0,134.0,139.0,133.0,123.0,120.0,124.0,130.0,135.0,135.0,129.0,127.0,92.0,101.0,128.0,122.0,143.0,130.0,105.0,87.0,91.0,109.0,134.0,142.0,135.0,141.0,157.0,170.0,162.0,125.0,69.0,55.0,55.0,60.0,154.0,204.0,205.0,191.0,166.0,150.0,142.0,129.0,103.0,65.0,55.0,55.0,82.0,146.0,191.0,205.0,186.0,151.0,120.0,106.0,110.0,121.0,126.0,120.0,110.0,102.0,104.0,-0.04090317570053357,-0.9991631149204875
83.0,84.0,112.0,110.0,101.0,139.0,110.0,123.0,120.0,162.0,140.0,145.0,119.0,98.0,82.0,98.0,131.0,157.0,166.0,151.0,137.0,112.0,109.0,110.0,111.0,105.0,119.0,135.0,142.0,143.0,142.0,140.0,127.0,123.0,132.0,136.0,129.0,128.0,131.0,124.0,120.0,122.0,128.0,131.0,132.0,129.0,126.0,127.0,131.0,133.0,122.0,105.0,125.0,151.0,158.0,129.0,122.0,144.0,146.0,133.0,94.0,65.0,59.0,102.0,158.0,198.0,194.0,158.0,120.0,103.0,101.0,92.0,63.0,55.0,55.0,56.0,163.0,205.0,205.0,205.0,195.0,120.0,73.0,55.0,55.0,93.0,140.0,174.0,186.0,178.0,162.0,148.0,137.0,126.0,115.0,108.0,108.0,113.0,118.0,118.0,-0.29741440041145883,-0.9547484875232285
119.0,182.0,130.0,162.0,149.0,165.0,112.0,141.0,134.0,129.0,103.0,116.0,122.0,131.0,158.0,157.0,149.0,116.0,107.0,103.0,120.0,129.0,143.0,144.0,137.0,141.0,144.0,133.0,118.0,117.0,116.0,119.0,120.0,132.0,134.0,124.0,121.0,128.0,127.0,129.0,137.0,137.0,130.0,126.0,126.0,127.0,130.0,131.0,130.0,126.0,180.0,138.0,127.0,144.0,128.0,118.0,118.0,110.0,111.0,116.0,116.0,122.0,149.0,187.0,205.0,205.0,171.0,133.0,92.0,61.0,58.0,76.0,96.0,135.0,190.0,205.0,205.0,205.0,146.0,78.0,55.0,55.0,55.0,97.0,127.0,124.0,107.0,100.0,111.0,135.0,163.0,182.0,184.0,171.0,154.0,142.0,135.0,133.0,130.0,122.0,-0.5337696526736215,-0.8456299178036935
55.0,96.0,177.0,120.0,175.0,126.0,185.0,100.0,150.0,119.0,140.0,99.0,120.0,120.0,115.0,137.0,135.0,147.0,127.0,131.0,116.0,129.0,119.0,133.0,132.0,129.0,131.0,140.0,135.0,121.0,121.0,119.0,124.0,119.0,130.0,134.0,127.0,121.0,128.0,126.0,125.0,133.0,136.0,133.0,129.0,127.0,125.0,127.0,130.0,131.0,136.0,123.0,112.0,122.0,124.0,125.0,112.0,116.0,126.0,129.0,127.0,118.0,115.0,113.0,111.0,101.0,102.0,107.0,118.0,140.0,167.0,181.0,175.0,157.0,128.0,101.0,90.0,92.0,99.0,116.0,142.0,170.0,190.0,196.0,184.0,157.0,126.0,103.0,87.0,81.0,85.0,93.0,101.0,108.0,113.0,118.0,125.0,134.0,143.0,148.0,-0.7339509792670591,-0.6792024440716662
126.0,134.0,162.0,135.0,157.0,167.0,127.0,131.0,122.0,146.0,98.0,126.0,109.0,129.0,126.0,153.0,145.0,134.0,120.0,110.0,121.0,120.0,136.0,136.0,137.0,129.0,143.0,137.0,126.0,117.0,118.0,120.0,119.0,126.0,134.0,130.0,120.0,126.0,127.0,125.0,128.0,136.0,137.0,134.0,129.0,122.0,123.0,128.0,132.0,131.0,142.0,118.0,102.0,125.0,143.0,155.0,148.0,137.0,132.0,125.0,114.0,93.0,73.0,65.0,79.0,117.0,169.0,203.0,205.0,184.0,147.0,108.0,77.0,57.0,55.0,55.0,99.0,150.0,192.0,205.0,205.0,193.0,165.0,138.0,112.0,99.0,100.0,108.0,111.0,107.0,101.0,100.0,107.0,121.0,133.0,140.0,142.0,141.0,141.0,142.0,-0.8843919580616163,-0.46674496731720666
163.0,134.0,77.0,126.0,106.0,106.0,117.0,137.0,128.0,111.0,142.0,137.0,148.0,142.0,148.0,122.0,118.0,110.0,119.0,127.0,130.0,137.0,137.0,132.0,129.0,132.0,119.0,115.0,124.0,133.0,135.0,133.0,135.0,135.0,125.0,123.0,134.0,133.0,130.0,133.0,131.0,121.0,121.0,124.0,128.0,132.0,133.0,129.0,126.0,126.0,148.0,186.0,144.0,115.0,120.0,162.0,155.0,140.0,128.0,122.0,138.0,156.0,152.0,117.0,91.0,88.0,116.0,147.0,174.0,175.0,147.0,124.0,139.0,168.0,170.0,135.0,77.0,55.0,55.0,55.0,110.0,204.0,205.0,205.0,205.0,125.0,85.0,55.0,55.0,55.0,97.0,116.0,130.0,141.0,152.0,160.0,164.0,160.0,152.0,146.0,-0.9748971035005853,-0.2226558725616032
69.0,171.0,121.0,163.0,141.0,162.0,124.0,123.0,140.0,120.0,126.0,111.0,113.0,82.0,99.0,108.0,148.0,163.0,167.0,151.0,128.0,108.0,106.0,113.0,111.0,123.0,133.0,137.0,130.0,130.0,131.0,129.0,121.0,128.0,135.0,130.0,127.0,127.0,122.0,119.0,129.0,137.0,138.0,133.0,127.0,122.0,125.0,132.0,137.0,137.0,158.0,123.0,109.0,114.0,110.0,110.0,96.0,93.0,104.0,112.0,125.0,150.0,176.0,183.0,173.0,138.0,92.0,64.0,63.0,78.0,107.0,145.0,175.0,200.0,205.0,205.0,205.0,153.0,88.0,55.0,55.0,55.0,61.0,148.0,180.0,178.0,153.0,126.0,112.0,113.0,122.0,131.0,132.0,121.0,119.0,116.0,118.0,124.0,128.0,130.0,-0.9993328214627056,0.0365227593068782
205.0,103.0,177.0,129.0,169.0,111.0,140.0,139.0,118.0,118.0,108.0,128.0,104.0,141.0,129.0,149.0,131.0,134.0,126.0,127.0,122.0,127.0,132.0,123.0,136.0,137.0,134.0,121.0,123.0,122.0,125.0,121.0,132.0,134.0,126.0,125.0,128.0,125.0,125.0,134.0,135.0,133.0,129.0,127.0,125.0,128.0,131.0,132.0,131.0,131.0,137.0,111.0,60.0,105.0,126.0,142.0,134.0,116.0,108.0,88.0,99.0,108.0,136.0,136.0,140.0,142.0,159.0,168.0,158.0,116.0,61.0,55.0,55.0,62.0,158.0,205.0,205.0,191.0,167.0,157.0,156.0,144.0,108.0,57.0,55.0,55.0,55.0,145.0,205.0,205.0,205.0,173.0,128.0,103.0,100.0,109.0,116.0,118.0,103.0,91.0,-0.9560430870301212,0.2932262193970998
141.0,55.0,112.0,135.0,158.0,145.0,144.0,174.0,118.0,141.0,112.0,154.0,94.0,131.0,106.0,120.0,115.0,136.0,138.0,140.0,139.0,123.0,127.0,114.0,128.0,128.0,134.0,126.0,139.0,134.0,125.0,120.0,121.0,124.0,120.0,125.0,133.0,131.0,121.0,127.0,126.0,123.0,128.0,136.0,134.0,130.0,127.0,125.0,125.0,129.0,143.0,92.0,74.0,69.0,88.0,141.0,177.0,179.0,151.0,110.0,108.0,128.0,134.0,111.0,84.0,66.0,99.0,185.0,205.0,205.0,205.0,58.0,55.0,55.0,55.0,55.0,131.0,205.0,205.0,205.0,205.0,205.0,55.0,55.0,55.0,55.0,55.0,90.0,205.0,205.0,205.0,205.0,132.0,115.0,113.0,124.0,129.0,118.0,97.0,87.0,-0.8479616744024953,0.5300575428616374
55.0,137.0,149.0,152.0,142.0,150.0,171.0,121.0,138.0,124.0,142.0,96.0,122.0,112.0,130.0,135.0,155.0,147.0,131.0,116.0,106.0,120.0,121.0,138.0,138.0,138.0,132.0,144.0,136.0,123.0,117.0,117.0,119.0,119.0,127.0,134.0,129.0,119.0,126.0,127.0,126.0,132.0,137.0,132.0,128.0,126.0,126.0,127.0,130.0,130.0,119.0,154.0,147.0,121.0,140.0,137.0,118.0,114.0,134.0,140.0,136.0,112.0,94.0,99.0,127.0,150.0,152.0,138.0,128.0,142.0,159.0,166.0,150.0,108.0,70.0,76.0,130.0,187.0,205.0,183.0,123.0,74.0,76.0,125.0,177.0,200.0,178.0,123.0,72.0,55.0,63.0,97.0,131.0,147.0,146.0,130.0,123.0,126.0,142.0,159.0,-0.6824133330611595,0.7309665128173514
55.0,106.0,153.0,148.0,152.0,138.0,182.0,116.0,147.0,112.0,152.0,94.0,132.0,111.0,122.0,121.0,137.0,144.0,136.0,136.0,120.0,132.0,119.0,132.0,129.0,132.0,127.0,141.0,137.0,127.0,122.0,121.0,125.0,120.0,130.0,134.0,130.0,120.0,129.0,129.0,126.0,130.0,136.0,134.0,131.0,128.0,126.0,127.0,130.0,132.0,130.0,130.0,130.0,129.0,129.0,127.0,130.0,130.0,130.0,130.0,130.0,130.0,131.0,131.0,130.0,130.0,129.0,129.0,130.0,130.0,131.0,131.0,108.0,131.0,133.0,132.0,131.0,130.0,128.0,128.0,129.0,131.0,132.0,133.0,100.0,129.0,112.0,129.0,114.0,119.0,124.0,121.0,126.0,120.0,130.0,129.0,131.0,117.0,132.0,129.0,-0.47061738460720565,0.8823373942577032
137.0,164.0,121.0,175.0,147.0,150.0,110.0,146.0,127.0,115.0,107.0,121.0,129.0,134.0,156.0,139.0,127.0,107.0,113.0,120.0,135.0,138.0,142.0,134.0,128.0,139.0,137.0,124.0,115.0,119.0,119.0,122.0,126.0,135.0,129.0,121.0,125.0,130.0,127.0,131.0,137.0,132.0,127.0,127.0,127.0,128.0,130.0,130.0,128.0,128.0,133.0,106.0,97.0,95.0,119.0,144.0,137.0,129.0,134.0,171.0,202.0,187.0,116.0,55.0,55.0,55.0,55.0,66.0,153.0,191.0,205.0,205.0,205.0,205.0,64.0,55.0,55.0,55.0,58.0,183.0,205.0,205.0,184.0,141.0,137.0,164.0,196.0,204.0,177.0,126.0,78.0,55.0,55.0,72.0,91.0,98.0,97.0,102.0,120.0,144.0,-0.22692738184740974,0.9739116815029378
205.0,145.0,88.0,124.0,107.0,117.0,89.0,139.0,124.0,128.0,122.0,149.0,138.0,141.0,148.0,133.0,123.0,111.0,116.0,121.0,133.0,132.0,141.0,133.0,129.0,131.0,126.0,116.0,119.0,131.0,135.0,135.0,133.0,137.0,130.0,123.0,129.0,135.0,130.0,132.0,133.0,126.0,120.0,123.0,127.0,130.0,133.0,131.0,127.0,125.0,131.0,154.0,148.0,139.0,95.0,104.0,124.0,151.0,137.0,146.0,138.0,150.0,156.0,158.0,149.0,134.0,108.0,93.0,121.0,170.0,202.0,200.0,160.0,96.0,56.0,55.0,105.0,163.0,204.0,205.0,148.0,80.0,55.0,55.0,55.0,117.0,142.0,136.0,116.0,105.0,114.0,139.0,164.0,176.0,171.0,159.0,152.0,148.0,147.0,138.0,0.03214164106090466,0.9994833239779001
132.0,103.0,87.0,135.0,98.0,105.0,111.0,141.0,119.0,122.0,145.0,142.0,144.0,134.0,128.0,101.0,106.0,115.0,139.0,147.0,144.0,136.0,127.0,118.0,120.0,123.0,112.0,115.0,128.0,139.0,139.0,138.0,137.0,132.0,122.0,126.0,136.0,133.0,130.0,131.0,126.0,118.0,122.0,128.0,131.0,132.0,130.0,127.0,126.0,129.0,107.0,127.0,95.0,97.0,121.0,154.0,106.0,79.0,77.0,75.0,91.0,103.0,122.0,150.0,193.0,205.0,205.0,178.0,120.0,59.0,55.0,55.0,55.0,73.0,195.0,205.0,205.0,205.0,205.0,179.0,101.0,56.0,55.0,55.0,55.0,55.0,90.0,141.0,169.0,184.0,182.0,166.0,148.0,134.0,126.0,119.0,115.0,110.0,105.0,103.0,0.28903240349903225,0.9573193144022388
205.0,138.0,77.0,119.0,110.0,122.0,89.0,138.0,119.0,126.0,125.0,149.0,139.0,139.0,146.0,129.0,122.0,111.0,117.0,122.0,132.0,132.0,139.0,132.0,128.0,131.0,124.0,114.0,119.0,131.0,134.0,135.0,133.0,137.0,128.0,122.0,129.0,135.0,129.0,131.0,133.0,124.0,120.0,122.0,127.0,130.0,132.0,130.0,127.0,125.0,126.0,124.0,135.0,152.0,146.0,115.0,77.0,67.0,88.0,113.0,117.0,105.0,107.0,142.0,197.0,205.0,205.0,122.0,55.0,55.0,55.0,76.0,205.0,205.0,205.0,138.0,103.0,108.0,146.0,181.0,188.0,159.0,113.0,74.0,58.0,73.0,98.0,115.0,116.0,108.0,106.0,122.0,139.0,150.0,152.0,146.0,137.0,130.0,129.0,133.0,0.5263352470143539,0.8502771358506231
205.0,149.0,93.0,118.0,111.0,117.0,88.0,132.0,126.0,131.0,118.0,150.0,136.0,143.0,146.0,138.0,124.0,113.0,115.0,120.0,132.0,131.0,141.0,134.0,129.0,131.0,128.0,116.0,118.0,130.0,135.0,135.0,133.0,137.0,131.0,123.0,128.0,135.0,130.0,131.0,134.0,127.0,120.0,122.0,126.0,130.0,133.0,131.0,128.0,125.0,146.0,161.0,148.0,154.0,128.0,124.0,121.0,109.0,119.0,161.0,180.0,172.0,165.0,159.0,149.0,132.0,99.0,56.0,55.0,55.0,128.0,198.0,205.0,205.0,181.0,99.0,62.0,70.0,100.0,111.0,83.0,55.0,55.0,81.0,176.0,205.0,205.0,205.0,143.0,90.0,77.0,97.0,133.0,156.0,155.0,137.0,115.0,107.0,118.0,138.0,0.7279679994952063,0.6856111082172949
201.0,138.0,167.0,143.0,167.0,112.0,141.0,137.0,130.0,104.0,106.0,122.0,130.0,170.0,169.0,162.0,120.0,101.0,87.0,104.0,122.0,148.0,156.0,148.0,147.0,146.0,136.0,117.0,114.0,113.0,116.0,117.0,131.0,134.0,125.0,120.0,126.0,128.0,130.0,138.0,138.0,130.0,124.0,124.0,127.0,131.0,133.0,129.0,124.0,124.0,147.0,159.0,149.0,100.0,131.0,125.0,134.0,128.0,137.0,134.0,138.0,126.0,112.0,106.0,106.0,116.0,124.0,137.0,159.0,193.0,205.0,194.0,169.0,126.0,76.0,55.0,55.0,59.0,106.0,162.0,205.0,205.0,205.0,205.0,149.0,91.0,55.0,55.0,55.0,55.0,71.0,117.0,142.0,158.0,165.0,163.0,161.0,163.0,165.0,163.0,0.8802658747101108,0.47448075811442936
96.0,93.0,108.0,117.0,97.0,108.0,138.0,120.0,119.0,127.0,158.0,140.0,143.0,118.0,98.0,87.0,108.0,139.0,159.0,159.0,144.0,130.0,112.0,112.0,114.0,112.0,108.0,124.0,137.0,141.0,139.0,138.0,138.0,131.0,129.0,134.0,132.0,126.0,129.0,129.0,121.0,120.0,126.0,130.0,131.0,130.0,128.0,126.0,129.0,132.0,162.0,131.0,87.0,109.0,117.0,100.0,93.0,107.0,123.0,131.0,130.0,128.0,147.0,166.0,167.0,139.0,92.0,55.0,55.0,55.0,115.0,164.0,187.0,180.0,164.0,159.0,158.0,151.0,139.0,117.0,90.0,72.0,69.0,78.0,99.0,134.0,168.0,192.0,200.0,191.0,168.0,141.0,117.0,99.0,88.0,86.0,84.0,88.0,99.0,112.0,0.9729075439924477,0.2311945303042082
195.0,205.0,120.0,92.0,115.0,115.0,109.0,92.0,137.0,121.0,126.0,122.0,154.0,138.0,142.0,137.0,121.0,109.0,109.0,123.0,134.0,142.0,137.0,137.0,125.0,122.0,125.0,121.0,112.0,120.0,133.0,137.0,137.0,136.0,137.0,128.0,122.0,130.0,136.0,130.0,131.0,131.0,123.0,119.0,124.0,128.0,130.0,132.0,130.0,127.0,143.0,119.0,108.0,125.0,114.0,121.0,148.0,163.0,145.0,126.0,106.0,97.0,110.0,132.0,137.0,126.0,114.0,119.0,145.0,171.0,166.0,115.0,55.0,55.0,55.0,72.0,194.0,205.0,205.0,199.0,125.0,76.0,55.0,55.0,55.0,120.0,165.0,194.0,203.0,193.0,174.0,151.0,127.0,107.0,97.0,98.0,106.0,114.0,115.0,111.0,0.9996146195738865,-0.027759905153908745
131.0,90.0,113.0,113.0,113.0,90.0,135.0,123.0,128.0,120.0,152.0,136.0,141.0,140.0,128.0,115.0,110.0,119.0,128.0,138.0,134.0,139.0,129.0,125.0,127.0,124.0,113.0,119.0,131.0,136.0,136.0,134.0,137.0,129.0,123.0,129.0,136.0,130.0,131.0,132.0,125.0,120.0,123.0,127.0,130.0,132.0,130.0,127.0,126.0,128.0,148.0,130.0,145.0,138.0,117.0,115.0,109.0,110.0,116.0,117.0,118.0,138.0,174.0,205.0,205.0,181.0,145.0,104.0,66.0,55.0,70.0,90.0,121.0,173.0,205.0,205.0,205.0,168.0,92.0,55.0,55.0,55.0,85.0,119.0,123.0,110.0,101.0,108.0,128.0,154.0,177.0,184.0,175.0,159.0,145.0,137.0,133.0,131.0,125.0,115.0,0.9585771451145176,-0.2848330333091669
205.0,102.0,81.0,123.0,103.0,109.0,103.0,145.0,114.0,124.0,133.0,152.0,143.0,136.0,118.0,92.0,99.0,119.0,147.0,149.0,146.0,133.0,129.0,117.0,119.0,119.0,112.0,108.0,125.0,138.0,142.0,140.0,138.0,134.0,123.0,125.0,135.0,135.0,129.0,130.0,125.0,118.0,121.0,128.0,131.0,131.0,130.0,126.0,125.0,129.0,151.0,133.0,109.0,108.0,107.0,128.0,132.0,127.0,121.0,116.0,113.0,110.0,107.0,101.0,105.0,109.0,115.0,135.0,163.0,180.0,176.0,158.0,127.0,100.0,88.0,91.0,98.0,115.0,142.0,169.0,189.0,195.0,184.0,157.0,126.0,102.0,86.0,80.0,84.0,92.0,100.0,107.0,112.0,117.0,124.0,134.0,142.0,147.0,148.0,145.0,0.8525762576521837,-0.5226028366626011
74.0,134.0,77.0,131.0,86.0,117.0,140.0,114.0,128.0,119.0,171.0,123.0,149.0,113.0,119.0,101.0,129.0,137.0,144.0,137.0,126.0,127.0,117.0,126.0,124.0,124.0,110.0,128.0,135.0,139.0,136.0,135.0,133.0,124.0,124.0,133.0,136.0,127.0,129.0,128.0,121.0,120.0,128.0,129.0,129.0,129.0,128.0,126.0,128.0,130.0,154.0,123.0,104.0,98.0,123.0,149.0,155.0,146.0,139.0,129.0,126.0,122.0,106.0,80.0,64.0,68.0,99.0,153.0,198.0,205.0,193.0,158.0,116.0,84.0,62.0,55.0,55.0,85.0,133.0,181.0,205.0,205.0,205.0,170.0,140.0,117.0,105.0,104.0,107.0,108.0,105.0,101.0,100.0,106.0,117.0,130.0,138.0,140.0,141.0,141.0,0.6887957080889135,-0.7249554969225989
55.0,73.0,76.0,198.0,103.0,180.0,133.0,174.0,105.0,136.0,133.0,119.0,118.0,109.0,127.0,103.0,139.0,127.0,148.0,130.0,135.0,124.0,126.0,120.0,127.0,131.0,122.0,134.0,136.0,133.0,120.0,123.0,120.0,122.0,118.0,135.0,139.0,128.0,120.0,123.0,122.0,125.0,136.0,137.0,132.0,127.0,125.0,124.0,128.0,131.0,170.0,139.0,139.0,170.0,124.0,144.0,153.0,163.0,132.0,132.0,106.0,99.0,97.0,113.0,122.0,126.0,138.0,153.0,164.0,153.0,137.0,103.0,69.0,71.0,119.0,163.0,175.0,146.0,90.0,55.0,55.0,117.0,196.0,205.0,205.0,205.0,125.0,85.0,59.0,63.0,87.0,112.0,123.0,122.0,122.0,129.0,142.0,152.0,156.0,148.0,0.4783350135969921,-0.8781774392269284
55.0,55.0,130.0,144.0,149.0,136.0,175.0,134.0,127.0,108.0,133.0,118.0,126.0,115.0,86.0,78.0,91.0,132.0,163.0,179.0,162.0,142.0,110.0,100.0,102.0,108.0,112.0,128.0,136.0,134.0,131.0,131.0,132.0,123.0,123.0,131.0,134.0,127.0,127.0,123.0,117.0,122.0,132.0,138.0,135.0,129.0,122.0,122.0,128.0,136.0,142.0,132.0,106.0,118.0,130.0,117.0,102.0,86.0,95.0,109.0,118.0,123.0,150.0,175.0,185.0,173.0,136.0,91.0,64.0,64.0,79.0,109.0,145.0,176.0,201.0,205.0,205.0,205.0,150.0,85.0,55.0,55.0,55.0,66.0,150.0,180.0,177.0,152.0,125.0,112.0,113.0,123.0,131.0,131.0,125.0,119.0,116.0,119.0,124.0,129.0,0.23545723593084342,-0.9718847102654754
139.0,129.0,55.0,76.0,136.0,129.0,152.0,133.0,182.0,122.0,135.0,108.0,141.0,109.0,127.0,115.0,96.0,93.0,104.0,136.0,152.0,165.0,147.0,139.0,112.0,109.0,111.0,115.0,117.0,132.0,136.0,130.0,127.0,127.0,130.0,121.0,124.0,132.0,132.0,125.0,127.0,124.0,119.0,124.0,133.0,136.0,133.0,128.0,123.0,122.0,172.0,134.0,90.0,82.0,114.0,143.0,132.0,130.0,126.0,112.0,98.0,95.0,107.0,129.0,142.0,139.0,141.0,156.0,170.0,164.0,134.0,79.0,55.0,55.0,55.0,149.0,205.0,205.0,188.0,160.0,153.0,151.0,140.0,110.0,69.0,55.0,55.0,65.0,142.0,188.0,205.0,190.0,156.0,125.0,110.0,111.0,120.0,127.0,123.0,113.0,-0.02337763578901022,-0.9997267057275785
192.0,117.0,164.0,156.0,146.0,125.0,130.0,144.0,105.0,118.0,106.0,133.0,137.0,175.0,163.0,146.0,107.0,92.0,99.0,115.0,138.0,148.0,150.0,140.0,150.0,142.0,129.0,115.0,114.0,113.0,115.0,123.0,134.0,131.0,120.0,124.0,127.0,128.0,132.0,140.0,134.0,127.0,124.0,126.0,128.0,132.0,131.0,128.0,124.0,125.0,119.0,79.0,75.0,78.0,116.0,153.0,183.0,168.0,130.0,105.0,119.0,134.0,125.0,98.0,72.0,74.0,136.0,205.0,205.0,205.0,204.0,55.0,55.0,55.0,55.0,69.0,169.0,205.0,205.0,205.0,205.0,133.0,55.0,55.0,55.0,55.0,69.0,192.0,205.0,205.0,205.0,205.0,124.0,111.0,117.0,128.0,126.0,109.0,88.0,78.0,-0.28062818952616897,-0.959816554995414
201.0,205.0,153.0,115.0,97.0,132.0,95.0,118.0,121.0,148.0,116.0,134.0,132.0,143.0,160.0,180.0,175.0,142.0,108.0,79.0,90.0,105.0,139.0,156.0,159.0,149.0,147.0,135.0,121.0,119.0,123.0,128.0,125.0,132.0,137.0,131.0,122.0,128.0,131.0,132.0,137.0,139.0,128.0,119.0,119.0,125.0,133.0,137.0,133.0,125.0,130.0,95.0,137.0,152.0,129.0,130.0,145.0,120.0,108.0,126.0,137.0,141.0,123.0,100.0,91.0,113.0,139.0,153.0,144.0,130.0,132.0,150.0,164.0,160.0,131.0,85.0,66.0,97.0,160.0,202.0,203.0,155.0,94.0,66.0,94.0,150.0,194.0,199.0,159.0,95.0,55.0,55.0,83.0,119.0,140.0,140.0,131.0,126.0,131.0,142.0,-0.5188603835315238,-0.8548589956253136
105.0,139.0,151.0,141.0,169.0,133.0,125.0,114.0,139.0,121.0,124.0,113.0,88.0,78.0,91.0,127.0,162.0,179.0,166.0,145.0,112.0,99.0,101.0,107.0,111.0,126.0,137.0,136.0,134.0,130.0,132.0,121.0,121.0,133.0,136.0,128.0,126.0,123.0,118.0,121.0,133.0,139.0,137.0,130.0,122.0,121.0,128.0,135.0,139.0,138.0,130.0,132.0,106.0,111.0,129.0,132.0,116.0,106.0,106.0,114.0,125.0,126.0,127.0,125.0,120.0,106.0,89.0,77.0,80.0,95.0,116.0,143.0,172.0,197.0,205.0,201.0,168.0,113.0,60.0,55.0,55.0,55.0,152.0,205.0,205.0,205.0,205.0,161.0,113.0,83.0,71.0,68.0,70.0,72.0,76.0,85.0,103.0,121.0,135.0,139.0,-0.7219290629903253,-0.6919670714780515
158.0,86.0,55.0,55.0,155.0,139.0,151.0,138.0,164.0,129.0,127.0,126.0,125.0,118.0,115.0,112.0,83.0,83.0,97.0,140.0,168.0,177.0,159.0,133.0,106.0,98.0,104.0,107.0,116.0,131.0,137.0,133.0,131.0,132.0,130.0,121.0,125.0,134.0,132.0,126.0,126.0,121.0,117.0,124.0,134.0,138.0,134.0,127.0,122.0,122.0,170.0,161.0,111.0,93.0,107.0,106.0,107.0,120.0,135.0,136.0,144.0,158.0,190.0,198.0,160.0,84.0,55.0,55.0,55.0,55.0,112.0,175.0,205.0,205.0,205.0,205.0,132.0,55.0,55.0,55.0,55.0,79.0,205.0,205.0,205.0,162.0,135.0,145.0,178.0,203.0,198.0,160.0,108.0,65.0,55.0,55.0,82.0,97.0,101.0,100.0,-0.8760721279413036,-0.4821800769882516
148.0,156.0,119.0,173.0,149.0,152.0,108.0,146.0,124.0,115.0,104.0,125.0,127.0,135.0,151.0,136.0,123.0,107.0,115.0,125.0,138.0,138.0,140.0,131.0,127.0,137.0,136.0,122.0,115.0,119.0,120.0,124.0,126.0,134.0,128.0,121.0,125.0,131.0,127.0,131.0,136.0,132.0,127.0,127.0,128.0,128.0,130.0,129.0,128.0,128.0,119.0,146.0,144.0,125.0,95.0,97.0,109.0,139.0,151.0,148.0,138.0,135.0,144.0,156.0,158.0,146.0,120.0,91.0,98.0,145.0,193.0,205.0,177.0,118.0,59.0,55.0,55.0,136.0,191.0,205.0,205.0,148.0,83.0,55.0,55.0,55.0,55.0,114.0,136.0,150.0,160.0,166.0,171.0,173.0,166.0,151.0,136.0,130.0,131.0,132.0,-0.9708431999776681,-0.23971541681152173
205.0,135.0,73.0,123.0,101.0,107.0,103.0,143.0,125.0,119.0,134.0,141.0,142.0,138.0,145.0,119.0,116.0,107.0,119.0,128.0,139.0,141.0,138.0,125.0,121.0,128.0,121.0,117.0,124.0,133.0,134.0,133.0,135.0,136.0,126.0,123.0,132.0,133.0,129.0,133.0,131.0,122.0,120.0,124.0,128.0,131.0,132.0,129.0,126.0,126.0,161.0,120.0,67.0,74.0,112.0,141.0,120.0,126.0,127.0,114.0,93.0,73.0,68.0,83.0,107.0,124.0,152.0,183.0,205.0,205.0,189.0,126.0,58.0,55.0,55.0,55.0,77.0,200.0,205.0,205.0,205.0,205.0,167.0,84.0,55.0,55.0,55.0,55.0,71.0,151.0,166.0,157.0,138.0,123.0,118.0,124.0,135.0,143.0,142.0,135.0,-0.9998195802850324,0.01899491717964663
96.0,78.0,127.0,102.0,106.0,119.0,129.0,118.0,123.0,152.0,139.0,142.0,129.0,120.0,98.0,107.0,119.0,142.0,148.0,143.0,135.0,123.0,116.0,119.0,120.0,110.0,116.0,131.0,139.0,138.0,138.0,137.0,130.0,121.0,129.0,136.0,130.0,127.0,128.0,127.0,123.0,126.0,125.0,126.0,128.0,129.0,129.0,128.0,129.0,129.0,161.0,132.0,96.0,104.0,128.0,163.0,159.0,125.0,82.0,65.0,82.0,108.0,119.0,107.0,102.0,124.0,176.0,205.0,205.0,164.0,65.0,55.0,55.0,55.0,153.0,205.0,205.0,164.0,113.0,101.0,128.0,168.0,189.0,174.0,132.0,88.0,63.0,65.0,87.0,110.0,117.0,112.0,106.0,110.0,129.0,149.0,159.0,153.0,139.0,127.0,-0.9610375202273796,0.2764179529538718
83.0,134.0,182.0,139.0,154.0,157.0,153.0,120.0,135.0,140.0,121.0,105.0,112.0,123.0,138.0,167.0,167.0,149.0,110.0,94.0,95.0,116.0,138.0,154.0,150.0,136.0,140.0,144.0,134.0,120.0,116.0,113.0,115.0,119.0,133.0,134.0,123.0,121.0,127.0,127.0,131.0,139.0,136.0,128.0,124.0,125.0,128.0,132.0,132.0,129.0,161.0,165.0,129.0,122.0,117.0,109.0,122.0,164.0,181.0,174.0,165.0,157.0,145.0,133.0,105.0,62.0,55.0,55.0,123.0,196.0,205.0,205.0,204.0,102.0,62.0,69.0,100.0,113.0,85.0,55.0,55.0,79.0,174.0,205.0,205.0,205.0,146.0,92.0,77.0,97.0,132.0,156.0,156.0,138.0,116.0,108.0,118.0,138.0,151.0,150.0,-0.8571253059029844,0.515107959539275
55.0,85.0,163.0,133.0,168.0,123.0,182.0,108.0,145.0,114.0,146.0,102.0,124.0,113.0,105.0,111.0,119.0,141.0,141.0,150.0,132.0,136.0,115.0,121.0,120.0,121.0,121.0,136.0,136.0,127.0,124.0,123.0,127.0,120.0,126.0,133.0,131.0,122.0,127.0,125.0,122.0,127.0,135.0,134.0,132.0,128.0,124.0,125.0,129.0,132.0,128.0,113.0,170.0,164.0,123.0,114.0,130.0,126.0,129.0,138.0,137.0,141.0,131.0,116.0,104.0,107.0,114.0,125.0,133.0,153.0,185.0,204.0,199.0,179.0,141.0,87.0,55.0,55.0,55.0,95.0,149.0,197.0,205.0,205.0,205.0,169.0,110.0,60.0,55.0,55.0,55.0,55.0,109.0,138.0,155.0,161.0,163.0,166.0,168.0,167.0,-0.6951251374410754,0.7188887558569309
169.0,124.0,96.0,116.0,118.0,92.0,123.0,128.0,138.0,112.0,146.0,132.0,144.0,148.0,154.0,136.0,120.0,110.0,107.0,120.0,123.0,139.0,141.0,138.0,134.0,135.0,120.0,117.0,125.0,131.0,133.0,129.0,135.0,134.0,125.0,124.0,133.0,131.0,130.0,134.0,131.0,122.0,120.0,123.0,127.0,132.0,133.0,130.0,125.0,124.0,109.0,107.0,131.0,103.0,155.0,118.0,105.0,82.0,108.0,116.0,141.0,136.0,134.0,149.0,165.0,171.0,147.0,106.0,58.0,55.0,55.0,104.0,161.0,202.0,204.0,184.0,166.0,152.0,143.0,131.0,107.0,72.0,55.0,55.0,86.0,133.0,178.0,199.0,193.0,170.0,144.0,125.0,119.0,119.0,114.0,106.0,98.0,95.0,100.0,112.0,-0.48601587439822824,0.8739499813106729
114.0,83.0,111.0,110.0,99.0,123.0,131.0,131.0,112.0,147.0,132.0,145.0,144.0,145.0,125.0,114.0,111.0,117.0,129.0,129.0,138.0,135.0,131.0,129.0,130.0,118.0,116.0,126.0,133.0,135.0,132.0,135.0,133.0,123.0,124.0,134.0,131.0,130.0,133.0,129.0,121.0,121.0,125.0,128.0,131.0,132.0,128.0,125.0,125.0,127.0,205.0,120.0,94.0,109.0,130.0,170.0,154.0,130.0,116.0,151.0,148.0,136.0,92.0,65.0,62.0,113.0,165.0,196.0,189.0,154.0,123.0,106.0,103.0,91.0,62.0,55.0,55.0,60.0,168.0,205.0,205.0,205.0,180.0,119.0,75.0,55.0,55.0,99.0,147.0,180.0,186.0,172.0,154.0,143.0,136.0,128.0,119.0,111.0,110.0,115.0,-0.24396899111746057,0.9697830331435627
194.0,205.0,101.0,129.0,101.0,129.0,91.0,131.0,137.0,136.0,124.0,130.0,141.0,140.0,177.0,171.0,163.0,119.0,98.0,85.0,101.0,120.0,147.0,158.0,150.0,149.0,140.0,128.0,118.0,124.0,127.0,128.0,127.0,136.0,136.0,126.0,125.0,131.0,131.0,133.0,139.0,134.0,124.0,119.0,123.0,129.0,135.0,136.0,130.0,122.0,139.0,162.0,128.0,125.0,153.0,139.0,119.0,111.0,107.0,112.0,120.0,118.0,119.0,141.0,174.0,205.0,205.0,178.0,140.0,100.0,65.0,59.0,73.0,87.0,121.0,181.0,205.0,205.0,205.0,159.0,83.0,55.0,55.0,55.0,96.0,122.0,122.0,107.0,101.0,110.0,132.0,158.0,179.0,185.0,174.0,158.0,145.0,137.0,133.0,130.0,0.014611833547834734,0.9998932414614924
86.0,120.0,101.0,109.0,107.0,144.0,109.0,127.0,139.0,153.0,140.0,132.0,112.0,87.0,91.0,114.0,150.0,162.0,158.0,138.0,122.0,107.0,112.0,114.0,109.0,111.0,129.0,141.0,142.0,142.0,139.0,133.0,122.0,127.0,136.0,134.0,129.0,129.0,123.0,117.0,122.0,129.0,132.0,131.0,128.0,125.0,126.0,130.0,133.0,133.0,130.0,120.0,120.0,113.0,123.0,114.0,119.0,123.0,130.0,127.0,122.0,113.0,109.0,109.0,105.0,106.0,108.0,113.0,128.0,158.0,179.0,180.0,164.0,137.0,107.0,91.0,91.0,96.0,110.0,134.0,163.0,185.0,196.0,189.0,165.0,135.0,109.0,90.0,82.0,83.0,90.0,98.0,106.0,111.0,116.0,123.0,132.0,141.0,147.0,148.0,0.2722024044997734,0.9622400173473049
205.0,160.0,135.0,84.0,128.0,103.0,101.0,109.0,146.0,134.0,118.0,138.0,136.0,141.0,138.0,150.0,125.0,119.0,110.0,120.0,129.0,134.0,139.0,138.0,131.0,126.0,130.0,119.0,117.0,125.0,135.0,136.0,134.0,136.0,136.0,126.0,125.0,134.0,134.0,131.0,134.0,131.0,122.0,121.0,125.0,129.0,131.0,133.0,130.0,126.0,180.0,133.0,87.0,75.0,86.0,131.0,152.0,158.0,156.0,158.0,162.0,161.0,142.0,94.0,55.0,55.0,55.0,64.0,198.0,205.0,205.0,205.0,205.0,79.0,55.0,55.0,55.0,55.0,89.0,145.0,181.0,199.0,198.0,182.0,157.0,132.0,115.0,109.0,115.0,120.0,121.0,114.0,104.0,100.0,106.0,120.0,133.0,141.0,143.0,142.0,0.5113456367956072,0.8593751449338611
205.0,84.0,109.0,117.0,94.0,116.0,103.0,165.0,101.0,141.0,119.0,168.0,122.0,147.0,119.0,113.0,112.0,129.0,146.0,138.0,137.0,118.0,128.0,116.0,131.0,128.0,122.0,114.0,131.0,138.0,137.0,136.0,133.0,132.0,123.0,128.0,135.0,135.0,126.0,130.0,127.0,121.0,123.0,129.0,129.0,129.0,129.0,128.0,127.0,129.0,114.0,153.0,178.0,133.0,145.0,137.0,164.0,142.0,128.0,112.0,135.0,157.0,161.0,130.0,91.0,86.0,110.0,146.0,167.0,174.0,147.0,128.0,143.0,176.0,186.0,157.0,97.0,55.0,55.0,55.0,57.0,156.0,205.0,205.0,205.0,205.0,148.0,84.0,55.0,55.0,55.0,55.0,96.0,133.0,159.0,175.0,179.0,173.0,164.0,159.0,0.7158346339475119,0.6982698452899364
58.0,55.0,65.0,164.0,130.0,159.0,145.0,164.0,125.0,118.0,135.0,118.0,127.0,114.0,112.0,80.0,92.0,105.0,147.0,167.0,170.0,152.0,127.0,106.0,103.0,111.0,110.0,121.0,132.0,136.0,130.0,130.0,131.0,128.0,120.0,127.0,135.0,130.0,127.0,127.0,121.0,118.0,128.0,136.0,137.0,133.0,126.0,121.0,124.0,131.0,181.0,130.0,107.0,106.0,101.0,116.0,103.0,97.0,100.0,109.0,119.0,148.0,175.0,184.0,175.0,143.0,97.0,66.0,62.0,75.0,103.0,139.0,170.0,196.0,205.0,205.0,205.0,161.0,97.0,55.0,55.0,55.0,56.0,141.0,177.0,180.0,157.0,129.0,113.0,112.0,120.0,130.0,132.0,126.0,119.0,115.0,115.0,120.0,130.0,135.0,0.8718110401160113,0.4898423321149761
114.0,201.0,132.0,166.0,148.0,164.0,115.0,138.0,139.0,126.0,107.0,106.0,124.0,132.0,173.0,171.0,161.0,114.0,94.0,88.0,109.0,129.0,149.0,154.0,144.0,148.0,147.0,136.0,118.0,114.0,112.0,115.0,118.0,132.0,134.0,124.0,121.0,126.0,127.0,131.0,139.0,138.0,129.0,124.0,124.0,127.0,131.0,132.0,129.0,124.0,147.0,101.0,77.0,99.0,117.0,144.0,120.0,109.0,96.0,94.0,103.0,124.0,133.0,135.0,143.0,152.0,162.0,157.0,127.0,76.0,55.0,55.0,55.0,123.0,181.0,205.0,198.0,178.0,165.0,166.0,167.0,144.0,91.0,55.0,55.0,55.0,56.0,152.0,205.0,205.0,205.0,172.0,121.0,97.0,93.0,98.0,99.0,92.0,84.0,83.0,0.968704230136227,0.24821787710835766
55.0,86.0,138.0,148.0,156.0,134.0,175.0,118.0,143.0,106.0,148.0,98.0,132.0,111.0,111.0,104.0,121.0,137.0,143.0,149.0,134.0,137.0,115.0,120.0,119.0,123.0,119.0,136.0,136.0,128.0,124.0,124.0,128.0,121.0,125.0,132.0,132.0,122.0,127.0,125.0,122.0,126.0,135.0,134.0,132.0,129.0,124.0,124.0,128.0,132.0,107.0,109.0,142.0,159.0,183.0,166.0,125.0,86.0,83.0,90.0,92.0,93.0,109.0,147.0,205.0,205.0,205.0,205.0,55.0,55.0,55.0,55.0,55.0,83.0,204.0,205.0,205.0,205.0,205.0,205.0,55.0,55.0,55.0,55.0,62.0,190.0,205.0,205.0,205.0,170.0,125.0,116.0,125.0,135.0,130.0,110.0,88.0,77.0,82.0,98.0,0.9999476878414087,-0.010228469123998322
180.0,127.0,163.0,155.0,151.0,117.0,134.0,140.0,118.0,108.0,113.0,125.0,137.0,166.0,162.0,145.0,110.0,98.0,101.0,119.0,134.0,147.0,146.0,138.0,145.0,144.0,130.0,116.0,115.0,115.0,117.0,122.0,133.0,132.0,122.0,122.0,128.0,127.0,131.0,138.0,135.0,127.0,123.0,123.0,130.0,135.0,135.0,126.0,121.0,123.0,181.0,162.0,123.0,113.0,146.0,138.0,122.0,105.0,99.0,116.0,143.0,154.0,147.0,140.0,137.0,151.0,158.0,156.0,138.0,109.0,90.0,112.0,165.0,203.0,205.0,164.0,96.0,55.0,55.0,85.0,164.0,205.0,205.0,191.0,120.0,62.0,55.0,55.0,55.0,90.0,124.0,142.0,155.0,165.0,172.0,173.0,167.0,155.0,144.0,138.0,0.9634240232466267,-0.2679816251747184
161.0,62.0,55.0,59.0,172.0,125.0,164.0,139.0,168.0,120.0,121.0,131.0,120.0,125.0,114.0,115.0,81.0,95.0,105.0,146.0,162.0,167.0,149.0,129.0,108.0,105.0,112.0,110.0,121.0,132.0,136.0,129.0,129.0,130.0,128.0,120.0,126.0,134.0,128.0,124.0,124.0,125.0,123.0,130.0,132.0,132.0,130.0,127.0,124.0,126.0,190.0,123.0,80.0,72.0,100.0,139.0,124.0,122.0,128.0,124.0,100.0,79.0,67.0,78.0,100.0,119.0,141.0,171.0,199.0,205.0,205.0,158.0,81.0,55.0,55.0,55.0,67.0,181.0,205.0,205.0,205.0,205.0,205.0,109.0,55.0,55.0,55.0,55.0,60.0,139.0,165.0,162.0,144.0,126.0,118.0,122.0,132.0,142.0,144.0,137.0,0.8616084694824266,-0.5075734876016972
70.0,127.0,179.0,142.0,145.0,153.0,160.0,124.0,131.0,142.0,127.0,104.0,105.0,120.0,135.0,164.0,175.0,159.0,120.0,94.0,87.0,105.0,125.0,147.0,153.0,146.0,144.0,147.0,137.0,119.0,113.0,112.0,113.0,117.0,129.0,134.0,124.0,118.0,124.0,127.0,130.0,137.0,139.0,130.0,124.0,124.0,126.0,130.0,131.0,129.0,136.0,112.0,110.0,144.0,158.0,154.0,104.0,67.0,64.0,95.0,119.0,118.0,103.0,107.0,146.0,203.0,205.0,205.0,112.0,55.0,55.0,55.0,84.0,205.0,205.0,204.0,133.0,102.0,111.0,150.0,184.0,186.0,155.0,109.0,71.0,60.0,75.0,100.0,115.0,115.0,107.0,106.0,119.0,140.0,156.0,158.0,146.0,132.0,126.0,129.0,0.7014011345922984,-0.7127667559536125
98.0,166.0,136.0,163.0,127.0,187.0,109.0,149.0,112.0,150.0,98.0,128.0,114.0,115.0,120.0,130.0,144.0,136.0,141.0,124.0,134.0,118.0,129.0,127.0,128.0,126.0,139.0,136.0,126.0,123.0,122.0,126.0,120.0,128.0,135.0,131.0,123.0,129.0,126.0,124.0,129.0,137.0,134.0,131.0,128.0,126.0,126.0,130.0,133.0,132.0,119.0,169.0,133.0,142.0,109.0,152.0,113.0,119.0,101.0,144.0,169.0,182.0,164.0,154.0,147.0,132.0,123.0,86.0,55.0,55.0,83.0,149.0,205.0,205.0,205.0,134.0,79.0,64.0,84.0,117.0,121.0,90.0,59.0,62.0,106.0,168.0,205.0,205.0,193.0,151.0,123.0,116.0,128.0,142.0,146.0,134.0,116.0,102.0,102.0,115.0,0.49365937660487397,-0.8696553454616877
137.0,173.0,127.0,163.0,162.0,136.0,124.0,124.0,146.0,107.0,126.0,107.0,126.0,126.0,159.0,150.0,138.0,116.0,107.0,116.0,121.0,138.0,140.0,140.0,131.0,143.0,138.0,127.0,117.0,118.0,119.0,119.0,125.0,135.0,131.0,121.0,126.0,128.0,126.0,131.0,138.0,134.0,129.0,126.0,126.0,128.0,130.0,131.0,129.0,127.0,190.0,151.0,115.0,127.0,123.0,96.0,89.0,100.0,120.0,151.0,153.0,151.0,156.0,163.0,152.0,121.0,71.0,55.0,55.0,84.0,167.0,205.0,205.0,205.0,205.0,128.0,73.0,55.0,55.0,55.0,65.0,139.0,195.0,205.0,205.0,183.0,125.0,77.0,57.0,63.0,85.0,111.0,129.0,131.0,125.0,122.0,129.0,142.0,155.0,156.0,0.25246199313271006,-0.9676068116871953
171.0,190.0,153.0,113.0,95.0,132.0,95.0,106.0,107.0,148.0,118.0,123.0,139.0,146.0,144.0,137.0,129.0,102.0,104.0,113.0,139.0,148.0,147.0,138.0,129.0,118.0,120.0,123.0,113.0,114.0,128.0,139.0,139.0,139.0,138.0,135.0,123.0,126.0,136.0,135.0,130.0,132.0,127.0,119.0,122.0,128.0,131.0,132.0,131.0,128.0,129.0,143.0,108.0,113.0,104.0,152.0,101.0,92.0,96.0,117.0,133.0,137.0,132.0,136.0,164.0,169.0,161.0,118.0,70.0,55.0,55.0,79.0,144.0,188.0,196.0,181.0,167.0,160.0,150.0,140.0,126.0,99.0,72.0,60.0,65.0,94.0,140.0,180.0,197.0,194.0,177.0,154.0,135.0,123.0,113.0,101.0,92.0,89.0,94.0,103.0,-0.005844908139885378,-0.9999829183785273
149.0,118.0,85.0,134.0,99.0,104.0,108.0,143.0,124.0,120.0,142.0,140.0,144.0,137.0,135.0,108.0,109.0,112.0,132.0,140.0,141.0,137.0,131.0,122.0,122.0,125.0,114.0,114.0,126.0,137.0,138.0,136.0,137.0,134.0,122.0,123.0,133.0,131.0,133.0,138.0,132.0,117.0,116.0,123.0,131.0,134.0,133.0,128.0,125.0,126.0,205.0,121.0,87.0,120.0,131.0,177.0,143.0,126.0,120.0,152.0,146.0,129.0,89.0,61.0,66.0,113.0,175.0,204.0,192.0,147.0,114.0,100.0,100.0,87.0,58.0,55.0,55.0,96.0,185.0,205.0,205.0,205.0,164.0,104.0,62.0,55.0,65.0,113.0,156.0,180.0,183.0,170.0,155.0,144.0,135.0,124.0,114.0,109.0,111.0,117.0,-0.263755696086192,-0.96458951517321
185.0,205.0,92.0,118.0,111.0,116.0,103.0,120.0,145.0,121.0,133.0,125.0,143.0,143.0,179.0,171.0,158.0,115.0,90.0,85.0,100.0,127.0,149.0,159.0,148.0,149.0,137.0,125.0,117.0,124.0,127.0,126.0,127.0,136.0,133.0,123.0,126.0,131.0,131.0,134.0,139.0,131.0,122.0,118.0,123.0,129.0,135.0,135.0,128.0,122.0,92.0,142.0,161.0,126.0,131.0,153.0,133.0,114.0,112.0,108.0,114.0,119.0,116.0,120.0,147.0,185.0,205.0,205.0,172.0,134.0,93.0,61.0,58.0,75.0,95.0,133.0,187.0,205.0,205.0,205.0,155.0,73.0,55.0,55.0,55.0,102.0,125.0,120.0,105.0,100.0,112.0,136.0,163.0,181.0,183.0,171.0,156.0,143.0,136.0,133.0,-0.5037915844440195,-0.8638252366326098
93.0,105.0,69.0,141.0,92.0,112.0,117.0,130.0,118.0,122.0,158.0,137.0,149.0,121.0,114.0,83.0,101.0,119.0,153.0,160.0,154.0,139.0,118.0,110.0,112.0,115.0,105.0,116.0,131.0,142.0,141.0,142.0,140.0,130.0,122.0,130.0,138.0,132.0,130.0,128.0,121.0,117.0,124.0,130.0,132.0,131.0,128.0,125.0,127.0,132.0,132.0,122.0,113.0,121.0,125.0,123.0,112.0,116.0,127.0,129.0,128.0,116.0,109.0,110.0,112.0,108.0,105.0,104.0,113.0,141.0,171.0,184.0,175.0,154.0,123.0,98.0,90.0,94.0,101.0,118.0,145.0,172.0,191.0,197.0,183.0,155.0,124.0,101.0,86.0,82.0,86.0,94.0,101.0,108.0,113.0,118.0,126.0,136.0,144.0,148.0,-0.7096851808283114,-0.7045189451765559
55.0,95.0,173.0,109.0,171.0,124.0,193.0,104.0,148.0,113.0,142.0,100.0,123.0,118.0,110.0,124.0,127.0,145.0,134.0,141.0,122.0,132.0,116.0,128.0,127.0,126.0,127.0,138.0,135.0,123.0,122.0,121.0,125.0,119.0,128.0,133.0,127.0,120.0,127.0,129.0,128.0,132.0,132.0,129.0,128.0,128.0,127.0,127.0,129.0,131.0,134.0,103.0,133.0,161.0,163.0,136.0,106.0,89.0,105.0,134.0,142.0,130.0,113.0,117.0,142.0,172.0,169.0,121.0,56.0,55.0,55.0,73.0,190.0,205.0,205.0,204.0,130.0,78.0,55.0,55.0,55.0,116.0,162.0,193.0,204.0,195.0,176.0,154.0,129.0,109.0,98.0,98.0,106.0,114.0,116.0,112.0,107.0,109.0,119.0,130.0,-0.8674829387720528,-0.49746693451867013
92.0,181.0,112.0,177.0,122.0,190.0,101.0,149.0,116.0,141.0,101.0,120.0,119.0,109.0,129.0,128.0,147.0,132.0,138.0,121.0,131.0,117.0,128.0,128.0,126.0,129.0,138.0,135.0,122.0,122.0,120.0,125.0,119.0,129.0,134.0,128.0,122.0,128.0,125.0,123.0,131.0,135.0,133.0,129.0,127.0,124.0,126.0,130.0,132.0,130.0,107.0,122.0,165.0,122.0,124.0,113.0,120.0,109.0,150.0,161.0,169.0,157.0,152.0,142.0,129.0,114.0,86.0,58.0,55.0,96.0,164.0,205.0,205.0,199.0,115.0,59.0,55.0,103.0,148.0,160.0,128.0,71.0,55.0,55.0,131.0,196.0,205.0,205.0,179.0,134.0,112.0,112.0,124.0,133.0,128.0,112.0,98.0,96.0,108.0,124.0,-0.966490798884718,-0.2567012576345889
112.0,141.0,172.0,129.0,160.0,164.0,135.0,130.0,126.0,144.0,100.0,124.0,110.0,134.0,129.0,156.0,145.0,136.0,119.0,110.0,119.0,121.0,136.0,138.0,139.0,132.0,145.0,138.0,126.0,117.0,118.0,120.0,120.0,126.0,135.0,131.0,121.0,126.0,128.0,127.0,131.0,138.0,133.0,129.0,127.0,126.0,128.0,131.0,131.0,129.0,110.0,91.0,110.0,125.0,117.0,136.0,126.0,105.0,95.0,91.0,99.0,109.0,113.0,117.0,146.0,175.0,184.0,173.0,139.0,95.0,66.0,63.0,75.0,103.0,140.0,171.0,197.0,205.0,205.0,205.0,156.0,91.0,55.0,55.0,55.0,57.0,143.0,178.0,179.0,155.0,127.0,112.0,112.0,121.0,130.0,131.0,126.0,120.0,116.0,117.0,-0.9999989323958085,0.0014612348350605962
184.0,126.0,160.0,158.0,139.0,126.0,126.0,143.0,101.0,123.0,109.0,131.0,126.0,157.0,147.0,139.0,117.0,109.0,118.0,122.0,135.0,138.0,139.0,131.0,144.0,138.0,127.0,117.0,118.0,119.0,120.0,125.0,134.0,129.0,119.0,123.0,129.0,132.0,136.0,138.0,128.0,124.0,125.0,129.0,130.0,132.0,130.0,127.0,126.0,129.0,154.0,89.0,77.0,97.0,120.0,146.0,119.0,107.0,96.0,98.0,103.0,122.0,132.0,140.0,149.0,154.0,157.0,152.0,127.0,80.0,55.0,55.0,55.0,121.0,179.0,204.0,199.0,180.0,166.0,167.0,168.0,148.0,95.0,55.0,55.0,55.0,55.0,147.0,205.0,205.0,205.0,179.0,126.0,98.0,93.0,97.0,97.0,92.0,84.0,82.0,-0.9657364707296089,0.2595246984445206
143.0,55.0,69.0,134.0,134.0,156.0,132.0,177.0,122.0,134.0,111.0,140.0,112.0,125.0,113.0,94.0,91.0,101.0,134.0,154.0,169.0,152.0,140.0,112.0,107.0,109.0,112.0,116.0,131.0,136.0,131.0,129.0,129.0,131.0,122.0,124.0,132.0,133.0,125.0,127.0,124.0,119.0,124.0,134.0,137.0,134.0,129.0,123.0,122.0,128.0,119.0,94.0,89.0,98.0,124.0,162.0,186.0,170.0,133.0,91.0,83.0,90.0,92.0,82.0,94.0,129.0,187.0,205.0,205.0,205.0,90.0,55.0,55.0,55.0,55.0,71.0,169.0,205.0,205.0,205.0,205.0,205.0,63.0,55.0,55.0,55.0,55.0,103.0,205.0,205.0,205.0,205.0,134.0,115.0,120.0,132.0,133.0,118.0,95.0,78.0,-0.8660254037844426,0.49999999999999317
