timestamp,device_id,acc_x,acc_y,acc_z,gyr_x,gyr_y,gyr_z,mag_x,mag_y,mag_z,roll,pitch,yaw
1776067472.844967,10B4260D,3.867430866062114,-6.356432086212147,6.328970515948141,0.004577706581754304,-1.0476739481043837e-07,-0.004577566873775717,0.23486328125,-0.283935546875,-0.872314453125,-45.12688518815154,-23.32192765143173,61.857470785259196
1776067472.844967,10B42626,1.1136211043144864,-2.3285746143853085,9.389738833692668,0.004577601794819575,0.0018310826247258743,-0.0009156460881510131,-0.021728515625,-0.537841796875,-0.16455078125,-13.930137243851627,-6.567323880935026,88.59051470163837
1776067472.857824,10B4260D,3.882568902289856,-6.384774384155811,6.329637242354317,0.007324253742151434,0.0009154994194915117,-0.005493122199000625,0.240478515625,-0.277099609375,-0.8671875,-45.11802814414032,-23.32502787442575,61.85276557123736
1776067472.857824,10B42626,1.1131186254253054,-2.3279964783784375,9.433885713607312,0.0027465191737441113,0.004577720532354975,0.0009152968375935373,-0.014892578125,-0.533447265625,-0.1611328125,-13.927491042334662,-6.56287062192335,88.59030943190494
1776067472.873367,10B4260D,3.8976073107179006,-6.383425392015644,6.345398304325063,0.011901778871141607,0.001831606537480109,-0.004577615985787954,0.228515625,-0.28662109375,-0.862548828125,-45.107032130103676,-23.322773100909124,61.83453921864484
1776067472.873367,10B42626,1.097803307690459,-2.327643083056424,9.448698015629008,0.0018310267640586574,0.003662123344483351,-1.9558008549822602e-07,-0.023681640625,-0.54150390625,-0.153076171875,-13.925231227808066,-6.55943213505062,88.58845606136008
1776067472.889066,10B4260D,3.88300264729645,-6.352759830476452,6.332089892394468,0.00915465923522787,0.005493555146678954,-0.0036630596579115605,0.237548828125,-0.288818359375,-0.877197265625,-45.09426432269783,-23.324332746543067,61.83688617789805
1776067472.889066,10B42626,1.1122192775913982,-2.3125732896407256,9.43418001398904,0.0036620604871728715,-0.0009154225464058456,0.0009158276881394117,-0.01611328125,-0.5439453125,-0.166015625,-13.921828713405796,-6.560033946889444,88.58951936884479
1776067472.904280,10B4260D,3.8683501499015014,-6.351978185442565,6.362154133566731,0.0009155276358896696,0.0018300628021792557,-0.0036626052507139307,0.237548828125,-0.275390625,-0.86767578125,-45.09165518564766,-23.325943354178335,61.83384989835532
1776067472.904280,10B42626,1.0977362700353275,-2.326750512864361,9.40498351981948,0.002746484252504883,-0.0018308451108861247,0.0018314109040851766,-0.01708984375,-0.53125,-0.157958984375,-13.919349365672872,-6.561261826086065,88.5916399812319
1776067472.920014,10B4260D,3.883640097099639,-6.366343491600935,6.332780320292312,-0.000914074232508889,-0.004579578126061619,-0.005491787730437513,0.22998046875,-0.281005859375,-0.869873046875,-45.0936770762761,-23.329868721091536,61.82378832591665
1776067472.920014,10B42626,1.1121879243526342,-2.3262739206557437,9.405126084783276,0.0036621303993023074,0.003662179217185391,0.000915164130610319,-0.021728515625,-0.53515625,-0.1591796875,-13.915737746813608,-6.557542691301275,88.59163397025786
1776067472.935593,10B4260D,3.8695812397893654,-6.380491116289753,6.332942112529778,0.005492885061384387,0.0018315366633106127,-0.0027468199507476028,0.2373046875,-0.281005859375,-0.86279296875,-45.08655123842196,-23.331613177254425,61.82372217065873
1776067472.935593,10B42626,1.0967240633008797,-2.3257636581533907,9.449286132763133,0.0027467288554562123,0.00640862851430054,-8.870594930256042e-07,-0.016845703125,-0.53662109375,-0.152587890625,-13.91281040573647,-6.5514806725195776,88.59013640937127
1776067472.951295,10B4260D,3.869956553314401,-6.34996338261982,6.319283195782286,0.011902171142744607,0.0009160796027898211,-0.007323640163753323,0.23095703125,-0.283935546875,-0.87060546875,-45.073649905478455,-23.334503528962017,61.81276556810041
1776067472.951295,10B42626,1.0962629407792146,-2.3254315464393573,9.420128164657168,0.0018308102273411964,-0.0009152199457229383,0.0018314527877461362,-0.020263671875,-0.5380859375,-0.16162109375,-13.911055292715908,-6.551655267393721,88.5920309128941
1776067472.967106,10B4260D,3.8997433569777518,-6.363088259064048,6.349783871428033,0.008239307576687236,0.002746770706245922,-0.005493731005793324,0.239501953125,-0.274169921875,-0.872802734375,-45.06290784257931,-23.3377316425143,61.81097446043457
1776067472.967106,10B42626,1.1111287703691546,-2.295488756393421,9.420252219105917,0.0064088311809752125,-0.0018316761522733137,-0.0018299439868745772,-0.01220703125,-0.52880859375,-0.16357421875,-13.904511290448708,-6.5533942391153746,88.59071505813118
1776067472.982607,10B4260D,3.856041345043532,-6.362243546595927,6.350505051903387,0.002746289715372062,0.0018301535736851033,-0.0036627803073678096,0.235107421875,-0.29150390625,-0.867431640625,-45.060587957487876,-23.33581532511278,61.79599031265166
1776067472.982607,10B42626,1.1110077036551937,-2.324145944728884,9.391145540265152,0.0018310478737504426,0.0036623049037931973,0.0009147589886103308,-0.017578125,-0.546142578125,-0.15869140625,-13.902195275191385,-6.549397942141055,88.59065785687369
1776067472.998246,10B4260D,3.90004804027824,-6.37631031721654,6.351049821722266,0.0036609650098284523,0.003662081010773477,-0.0027481474960487184,0.2314453125,-0.287109375,-0.87451171875,-45.05463905457802,-23.336693043535664,61.79624727878439
1776067472.998246,10B42626,1.09544995015384,-2.3237784641945054,9.435276486561413,0.0027466872257965094,0.007324386310241367,0.0009138719366218814,-0.022705078125,-0.54296875,-0.163330078125,-13.89891753970522,-6.542016272214271,88.58975555060361
1776067473.012219,10B4260D,3.8852164407827536,-6.375754711435074,6.322472467904082,0.005491740158038788,0.003663925122624359,-0.0009168141670302095,0.234375,-0.294677734375,-0.873779296875,-45.0474094724117,-23.336789749593084,61.798806412309446
1776067473.012219,10B42626,1.0947004514678047,-2.3234441643202146,9.420800236580742,0.0018309500839475174,0.0018312573178125555,0.0009153317448795494,-0.019287109375,-0.551025390625,-0.163818359375,-13.896566081066837,-6.539546136825256,88.59011270102341
1776067473.029166,10B4260D,3.870406622235798,-6.3604406054559695,6.337849256958514,0.003660959088627367,0.004576365040653134,-0.0045798309077158105,0.238037109375,-0.286376953125,-0.872314453125,-45.04070238726493,-23.339242436874446,61.799914061114485
1776067473.029166,10B42626,1.0948731113578545,-2.3230954405290305,9.391575289684043,0.0027467914223145377,-0.0036628075820834497,-0.0018293432468392125,-0.015380859375,-0.54296875,-0.1611328125,-13.893133791459324,-6.5426290273219685,88.58916994227044
1776067473.044943,10B4260D,3.885518452099131,-6.374335484168675,6.309093121530389,0.005495910638856014,-0.003662512058690482,-0.004574019397514274,0.2392578125,-0.281494140625,-0.880859375,-45.03609100050117,-23.344684906876594,61.798196540867714
1776067473.044943,10B42626,1.1242263143896494,-2.3075569084246506,9.435724993934897,0.00823950923833459,0.002746945688594619,0.0018315785367489065,-0.014404296875,-0.535888671875,-0.171142578125,-13.884699454075742,-6.538794927743322,88.59016541754376
1776067473.060477,10B4260D,3.88638038293096,-6.373106821252632,6.3390496091581445,0.009156849353099144,-1.101467638084116e-06,-0.00823800238323954,0.2421875,-0.28369140625,-0.87353515625,-45.02667850724027,-23.34911893864908,61.787512489298564
1776067473.060538,10B42626,1.0793943342276116,-2.3070792180179502,9.450570846341746,-0.0018312636011420368,0.007325412645738709,0.0027432569809324237,-0.010009765625,-0.53955078125,-0.162841796875,-13.885606224952685,-6.530660057599031,88.59092247576409
1776067473.076307,10B4260D,3.8868239061940977,-6.371692475277463,6.325578881156701,0.01190114599307388,0.0018365321254535584,-0.0018302151668355437,0.232666015625,-0.27880859375,-0.870849609375,-45.01667886652277,-23.34791163996884,61.778929233619884
1776067473.092043,10B42626,1.1080270521380489,-2.3509039118935715,9.436082675241046,0.0036626474319325078,0.0009145637404460354,-0.001830460654650277,-0.0224609375,-0.53369140625,-0.16162109375,-13.880594434947284,-6.5291216848360065,88.5888482551118
1776067473.106314,10B4260D,3.8868011531989515,-6.35595248023833,6.341272844565281,0.005492098493749149,0.0027474410608983087,-0.0027478629608552138,0.22802734375,-0.279296875,-0.863525390625,-45.0131585166673,-23.348827689529916,61.775643985529776
1776067473.106314,10B42626,1.0936215835250933,-2.335538421863353,9.421567869349653,0.005492723983193482,-0.003662017697871759,0.0009185308283503548,-0.026611328125,-0.534423828125,-0.15478515625,-13.874608385858549,-6.531210409925598,88.5905451733238
1776067473.123681,10B4260D,3.886954171824929,-6.355529887766068,6.3269853594792,-0.0009152527826815326,0.0009115806624742492,-0.0036631627873974166,0.240966796875,-0.28271484375,-0.871826171875,-45.01601657112993,-23.35312601861449,61.77724902236284
1776067473.123681,10B42626,1.1082435991685353,-2.320203899205472,9.407090889041223,0.0036621171311691965,0.0036623120814117845,0.0009146891945996633,-0.01123046875,-0.537841796875,-0.16357421875,-13.870224622780489,-6.526343345189588,88.59061940097608
1776067473.139322,10B4260D,3.8873614533420633,-6.369970609713403,6.3269825612893005,0.000917365822205332,-0.001832973808290683,-0.0027446887625616305,0.235107421875,-0.2841796875,-0.873291015625,-45.01543239906998,-23.354716852363694,61.770665231355
1776067473.139322,10B42626,1.1074015335518776,-2.3197606236870087,9.436586928660635,0.0018312513951105275,0.006409019435773765,0.0009128382000409014,-0.01708984375,-0.539306640625,-0.162841796875,-13.867546737061089,-6.5188986480382045,88.58958610506681
1776067473.154467,10B4260D,3.8877785042450115,-6.354620785913918,6.3273920198489115,0.007324210192406734,0.0018309022653552065,-0.005493237735518623,0.23583984375,-0.28857421875,-0.8720703125,-45.007129752349314,-23.357640662510377,61.7658622828845
1776067473.154467,10B42626,1.1068691911727675,-2.334225029714609,9.42206580903604,0.0009152340863760905,3.9831498103814114e-07,0.0009158205826675902,-0.016357421875,-0.544189453125,-0.161865234375,-13.865847195374794,-6.5174573274698595,88.59026181450353
1776067473.171556,10B4260D,3.8734502602728025,-6.3682031545722655,6.313709143612573,0.008239304066435003,0.0018333610287641444,-0.00366196814037266,0.239501953125,-0.290771484375,-0.8701171875,-44.99781768720007,-23.359761229913396,61.7641370829718
1776067473.171556,10B42626,1.1070513543389853,-2.3188817409652898,9.39291392186594,0.008240179599835003,-0.0018326945661162545,-0.0018274637709815506,-0.013671875,-0.544921875,-0.1611328125,-13.856902109612182,-6.5183847432474105,88.58878279521427
1776067473.187137,10B4260D,3.8886260768875918,-6.36702329039599,6.32917173114494,0.006411227453874306,-0.0009184431289366529,-0.007321644248750744,0.2314453125,-0.283203125,-0.874755859375,-44.99020059645599,-23.365392869689067,61.759721953123545
1776067473.187137,10B42626,1.0924267064008966,-2.3325183035256027,9.437097617978452,0.0036625152882500387,0.0018302658167179573,-0.0009154850448388853,-0.020751953125,-0.537841796875,-0.16650390625,-13.852292568575079,-6.515777144124608,88.58714401827591
1776067473.202925,10B4260D,3.889088373400695,-6.351439340840462,6.329780930052501,0.0045763149653392675,0.0027462322916800863,-0.003664033856025419,0.23779296875,-0.288330078125,-0.86962890625,-44.987151295675424,-23.368046692362057,61.759490666254585
1776067473.202925,10B42626,1.1065011295219698,-2.317583704602636,9.437227419156816,4.311167454536111e-08,0.005493729125110234,0.0009121325684967643,-0.017578125,-0.542236328125,-0.160400390625,-13.852176535305981,-6.509219060482117,88.5868961878151
1776067473.218653,10B4260D,3.8745707353453054,-6.365407921503567,6.315840007397914,0.005492365659511027,0.0018325220827121612,-0.002747215575780718,0.23779296875,-0.279541015625,-0.869384765625,-44.98238130877013,-23.369287725030777,61.757010532675935
1776067473.218653,10B42626,1.0912767713940386,-2.317293740253613,9.437354711565844,0.003662571246368285,0.0018302380537527747,-0.0009153173558294851,-0.016357421875,-0.53466796875,-0.158203125,-13.84762447813847,-6.506520670439295,88.58558112638939
1776067473.233951,10B4260D,3.874515631506036,-6.364646389706927,6.331248448115073,0.005490528738335816,0.003664664395055463,-0.0018338686329952344,0.240966796875,-0.28955078125,-0.8779296875,-44.98079126872789,-23.368694590767358,61.74949512613556
1776067473.234012,10B42626,1.091287707850489,-2.3168090842074998,9.422830029831461,0.0027461210145052575,-0.0018306276330368396,0.0009177623296977112,-0.01416015625,-0.54345703125,-0.170166015625,-13.844268849151105,-6.5066292864568505,88.58672743886477
1776067473.249584,10B4260D,3.889010752573486,-6.363807657955621,6.346774002884222,0.006406344321459714,0.0036643368517310605,-0.002749110595500658,0.23095703125,-0.281005859375,-0.865966796875,-44.97361066178801,-23.367569979263862,61.74332587578509
1776067473.249584,10B42626,1.120481878472502,-2.330946526059469,9.437652736855442,0.0036622992737995394,0.0027463310658684195,-5.026703054254689e-07,-0.022705078125,-0.536376953125,-0.15185546875,-13.840609226507265,-6.502492017632794,88.58528614105172
1776067473.265170,10B4260D,3.874438410513135,-6.377597261922221,6.347659989238255,0.006408307979588907,0.0018321043220442018,-0.0036622764767045997,0.23583984375,-0.281494140625,-0.87255859375,-44.971986663142026,-23.37134830079795,61.744211952986504
1776067473.265170,10B42626,1.0906053216045382,-2.3158192531434705,9.423152350938194,0.002746541964980464,0.004578090770302343,0.0009133829442291378,-0.016845703125,-0.536865234375,-0.16357421875,-13.836347778091977,-6.496997057820617,88.58633978366487
1776067473.280423,10B4260D,3.874696650866223,-6.347484887785145,6.319004395423244,0.0054939620340743395,0.0009144966635647394,-0.00457690125454756,0.239990234375,-0.280517578125,-0.87353515625,-44.97008476251065,-23.374714567903336,61.74007717791541
1776067473.280423,10B42626,1.0902955769078624,-2.344621168205724,9.423352652308163,0.003662039902936719,-0.0009158054217014024,2.2283664517946178e-06,-0.01318359375,-0.536376953125,-0.159912109375,-13.832708747006452,-6.496481184701489,88.58626833119412
1776067473.295979,10B4260D,3.8899634413199515,-6.375658212515185,6.349053875407968,0.006411386764529174,-3.954447004768272e-06,-0.007321876716042925,0.235107421875,-0.283935546875,-0.86669921875,-44.96666678908262,-23.37962983467362,61.72964329372821
1776067473.295979,10B42626,1.0905818124405628,-2.314636610034576,9.40880420705955,0.00549257071771366,-0.0027463072332514623,0.0009199067903529087,-0.0185546875,-0.540771484375,-0.157470703125,-13.827086272525047,-6.497308816040276,88.58681585589973
1776067473.311552,10B4260D,3.8759169411329695,-6.3600437866919775,6.349613576213933,0.004578716392122018,0.0009123244588286072,-0.005492812036373166,0.2294921875,-0.280517578125,-0.8740234375,-44.96418145209136,-23.383587481234038,61.727087464596124
1776067473.311552,10B42626,1.1052100562601352,-2.3289369250468366,9.40892780635065,-0.0009152961591138989,0.002746657913696837,-2.5634325597891687e-06,-0.02392578125,-0.536376953125,-0.16357421875,-13.82675879890284,-6.493355325656826,88.58663899873805
1776067473.327275,10B4260D,3.8910717616463075,-6.3737577359185185,6.3648802012626495,0.0054948854295769215,-8.611699269482227e-07,-0.004575589445341179,0.23486328125,-0.283447265625,-0.873291015625,-44.96470885828667,-23.38900914474315,61.7309817803531
1776067473.327275,10B42626,1.0898977113708639,-2.3432171397794166,9.467670924774424,0.0045772553681203525,0.004578706027446172,0.001829343133933623,-0.018310546875,-0.53857421875,-0.1640625,-13.823460755597273,-6.487458167790648,88.5890513553757
1776067473.343137,10B4260D,3.8620672283392405,-6.358346558923053,6.321656056924265,0.008238743406490613,0.0018360447486421337,-0.002746309099603442,0.236083984375,-0.2822265625,-0.878173828125,-44.95998305433513,-23.39050128713094,61.72985647812036
1776067473.358677,10B42626,1.1041952326786522,-2.3135798750449212,9.423838977913984,0.0009155275628105251,-9.045383092777111e-08,4.191710179358405e-07,-0.01953125,-0.536865234375,-0.16845703125,-13.823385865642916,-6.485961168528046,88.58914723960287
1776067473.374567,10B4260D,3.8915326461942823,-6.372095281264114,6.337074549871342,0.0027459348943972613,0.0018283375454272166,-0.0036639637166995197,0.234130859375,-0.28076171875,-0.870361328125,-44.9616847125478,-23.392640680052345,61.726484185376854
1776067473.374567,10B42626,1.1042574616366807,-2.3130385432524947,9.3946833507519,0.006409531156672248,-2.1698462759148445e-06,-0.0018281196428729205,-0.0185546875,-0.535888671875,-0.160888671875,-13.819222420186343,-6.484991565377829,88.58771152765287
1776067473.388135,10B4260D,3.8770229681694564,-6.3422568865759175,6.322825756044344,0.004576990999065397,0.001830476233075596,-0.0036632270745833714,0.235107421875,-0.2841796875,-0.86181640625,-44.96134122642295,-23.39480268941835,61.72403387305321
1776067473.388135,10B42626,1.1039292328501085,-2.3122422963718283,9.43883870676874,0.0027460536989403193,0.003663513495625196,0.0018290424713012824,-0.01806640625,-0.54150390625,-0.1533203125,-13.816833399548383,-6.479984725720216,88.58894270242833
1776067473.405596,10B4260D,3.8773501162524364,-6.370776181850148,6.308955731247599,0.005492195566946207,0.0027440686656620217,-0.005495414767517218,0.2373046875,-0.27685546875,-0.8740234375,-44.95508982636329,-23.396191247963827,61.71930148613824
1776067473.405596,10B42626,1.0888362429824439,-2.326634077133577,9.395044726970488,0.0018307907312841854,0.0018317115901927523,0.000914744802598067,-0.018310546875,-0.532958984375,-0.162353515625,-13.812231192372735,-6.477048930430987,88.5900473988505
1776067473.421344,10B4260D,3.8775822135223814,-6.3697074968510705,6.324480970542023,0.008239103993621547,0.0018350755059004648,-0.003661594577661648,0.23828125,-0.2841796875,-0.878173828125,-44.954065562100006,-23.398493613661117,61.71104774658854
1776067473.421344,10B42626,1.1032458270628298,-2.311394958009652,9.43912614144779,0.004578658239380166,0.0009133358933694204,-0.0018296002944130317,-0.015869140625,-0.5400390625,-0.16943359375,-13.80884180918939,-6.475473072368566,88.58825513208748
1776067473.436980,10B4260D,3.877933653352261,-6.35391343878676,6.3253431603572645,0.007326006603145011,0.0009135234611909566,-0.006406971203413542,0.234619140625,-0.279541015625,-0.87841796875,-44.950600237017625,-23.40256880008958,61.70495282289353
1776067473.436980,10B42626,1.1033625722867373,-2.3402713177964443,9.424632105990026,0.0009153591220643413,-0.0018311374162657365,2.242156220795817e-06,-0.01806640625,-0.534912109375,-0.167724609375,-13.810656150564727,-6.47601869396821,88.58720996242425
1776067473.452626,10B4260D,3.878532374726963,-6.381950230019795,6.340984155742484,0.008241107755263403,0.00091641580946087,-0.005491021907043585,0.2392578125,-0.28125,-0.865478515625,-44.9505558385529,-23.407481858079823,61.70207057842388
1776067473.452626,10B42626,1.1030323086096008,-2.310421028603332,9.454028992775184,0.005493217872793855,0.005493556083237817,0.0009128872634696191,-0.015380859375,-0.535400390625,-0.1552734375,-13.808492135772267,-6.469682139345065,88.58656536266365
1776067473.468394,10B4260D,3.8786733062905046,-6.366059730655909,6.356648815680442,0.009151561650435977,0.0036694650655011043,-0.0027492325541779517,0.233642578125,-0.282958984375,-0.8701171875,-44.94249988018832,-23.405718391516146,61.69203755552599
1776067473.468394,10B42626,1.102305557000027,-2.339284937064683,9.454278779065302,8.61140973380411e-07,0.003661171984878656,-0.0009192704497532071,-0.01953125,-0.537353515625,-0.162353515625,-13.805960394040829,-6.465670538794552,88.58403750780069
1776067473.484154,10B4260D,3.878550625977037,-6.350516598878635,6.342955614736016,0.005489450435169987,0.003664348785569818,-0.002751067374822812,0.2294921875,-0.280029296875,-0.868896484375,-44.94071191326774,-23.40562461098525,61.69210816640626
1776067473.484222,10B42626,1.0875487802883728,-2.3244779217763103,9.425005516221198,0.00274589056332768,-0.0018303678181995008,0.000918970450234738,-0.023681640625,-0.534912109375,-0.16015625,-13.80443960655859,-6.4663417110122134,88.5864651926706
1776067473.499865,10B4260D,3.864122990835376,-6.364650130854651,6.35802700222705,3.264610719974896e-06,-0.0009229258888393767,-0.0036602534427593154,0.2314453125,-0.280029296875,-0.8720703125,-44.948212179033966,-23.41065092249956,61.699391012391466
1776067473.499865,10B42626,1.1023817599147914,-2.309090356862306,9.439791127994495,0.006408602730244487,-0.0009161587812542018,4.526858837110587e-06,-0.0205078125,-0.5361328125,-0.161865234375,-13.799043629879304,-6.466414771955927,88.5908879806552
1776067473.515158,10B4260D,3.8795253930803626,-6.378952353945574,6.328813561349108,0.0018371014747259728,-0.0018413450879267313,-0.006404022488459784,0.228759765625,-0.277099609375,-0.869873046875,-44.95389961139906,-23.41798538338722,61.70248107781043
1776067473.515158,10B42626,1.1167380785195897,-2.3231344089750996,9.425383964577135,0.0018310095908304392,0.004578460058573935,0.0009115038036611589,-0.02587890625,-0.532470703125,-0.1591796875,-13.79828291383242,-6.4611968646855304,88.59257388666578
1776067473.530491,10B4260D,3.8803364107958753,-6.377849132757623,6.344005994834113,0.010075480843006928,-0.0009134273098077442,-0.006401702690274491,0.23486328125,-0.2890625,-0.874267578125,-44.95384615542078,-23.425677928337144,61.706929238362726
1776067473.530491,10B42626,1.10122399090515,-2.3376050847933065,9.410905712097016,0.0009162166592303572,0.006408591415665585,-6.600219040746424e-06,-0.019775390625,-0.5439453125,-0.161865234375,-13.797957831590333,-6.454822989699079,88.59740606207117
1776067473.546039,10B4260D,3.910039270271141,-6.361763152146484,6.330473196415361,0.010984883505851493,0.0018423364079353378,-0.0027449689503421474,0.237060546875,-0.286376953125,-0.86865234375,-44.94403591194883,-23.42562862010971,61.71119961842009
1776067473.546039,10B42626,1.085963540195952,-2.337176253398762,9.440339965709088,0.003662209419287279,0.0009151384656136497,1.320657450719568e-06,-0.01611328125,-0.542236328125,-0.157958984375,-13.79443558105893,-6.45350447183224,88.59899715221871
1776067473.561520,10B4260D,3.8662248731237243,-6.3607303099599175,6.346098066690733,0.005491226848465171,0.0027451295745301264,-0.004580879473598067,0.2353515625,-0.278564453125,-0.870849609375,-44.93691252546514,-23.42514046214174,61.706517762682175
1776067473.561520,10B42626,1.1154980680737878,-2.321920261179887,9.425829972728197,0.004577245043134823,-0.003662593127013237,7.187806886173715e-06,-0.01806640625,-0.535400390625,-0.16162109375,-13.787996785592616,-6.456263415702307,88.59875910733703
1776067473.577132,10B4260D,3.8810518801387577,-6.360269715037652,6.317274795073571,0.0009150472576622303,0.000912872412253293,-0.0018326279319363001,0.23486328125,-0.285888671875,-0.8720703125,-44.943674307228974,-23.426787359713668,61.70279704228291
1776067473.592527,10B42626,1.115304346499982,-2.3066503211652933,9.425971084447026,0.0036610052916045974,0.005496041985923824,0.0027423056590308364,-0.019775390625,-0.542724609375,-0.162353515625,-13.786095610147818,-6.450144867680587,88.59991920567249
1776067473.608375,10B4260D,3.881021370009406,-6.374654962610955,6.3030837725844595,0.003656645373907425,0.0036660056588269604,-0.0009218295240419758,0.232666015625,-0.27197265625,-0.872802734375,-44.94219427906023,-23.424709064989223,61.7045496982402
1776067473.608375,10B42626,1.0996201408584245,-2.335537436299471,9.455517927822182,0.0009163644281496455,0.006408570106444816,-7.214702331677064e-06,-0.02099609375,-0.526611328125,-0.16259765625,-13.785695047559729,-6.444025798782105,88.60022449776709
1776067473.623857,10B4260D,3.8807476688180547,-6.359126819656727,6.3331809223312625,0.008235356962576398,0.00366931764670836,-0.002750245312023396,0.240966796875,-0.2880859375,-0.870361328125,-44.94966561097021,-23.42835777230168,61.698527186297476
1776067473.623857,10B42626,1.0844075607734058,-2.335461931904775,9.397032129769743,0.0018312947172952313,0.0018308179075549292,-9.355135328975904e-07,-0.013916015625,-0.543212890625,-0.15771484375,-13.788074550039434,-6.442180962323299,88.60204066925344
1776067473.639611,10B4260D,3.866130458950446,-6.3579509549363316,6.348940114491666,0.009153533596691212,0.0027509897135883023,-0.004578577020521397,0.23681640625,-0.280517578125,-0.86669921875,-44.93602061107296,-23.42612283536763,61.68850717310151
1776067473.639611,10B42626,1.1138343624290037,-2.3054903258661055,9.411791894545354,0.006408216565251463,-0.003662932698874354,9.248748413730617e-06,-0.015869140625,-0.536376953125,-0.156005859375,-13.779008193908673,-6.445216892973367,88.59903137286757
1776067473.655527,10B4260D,3.8812843213061488,-6.371569476096008,6.335168975610437,0.004582700878090154,-0.0009211332020387273,-0.0054880390243925384,0.242431640625,-0.298583984375,-0.87890625,-44.93463008617156,-23.42948744796192,61.68173388269116
1776067473.655586,10B42626,1.0991183371643964,-2.333925058327091,9.4413379420298,0.003661947522770509,0.0036628231271547216,0.0009133480257171537,-0.01171875,-0.552978515625,-0.166015625,-13.77274992919797,-6.441484819135531,88.59698086153523
1776067473.671142,10B4260D,3.896519096233107,-6.385308271070578,6.335795420166873,0.005494457551971671,0.0009137837571630123,-0.004576487434735822,0.24169921875,-0.281494140625,-0.86328125,-44.91921176915766,-23.427226498622094,61.67969333472372
1776067473.671142,10B42626,1.098106040937192,-2.33340667430124,9.456219929529794,0.002746382924879641,0.008241797634612585,0.00182212724957452,-0.011474609375,-0.536865234375,-0.151611328125,-13.77078876360121,-6.433097748369027,88.58953685233769
1776067473.686854,10B4260D,3.8821820517409398,-6.384473016734878,6.321919073570482,0.00823987701507747,0.0009233138478950908,-0.0027437101264748665,0.238525390625,-0.287353515625,-0.878173828125,-44.90966589906357,-23.424312313508537,61.664340027898675
1776067473.686854,10B42626,1.097449089194544,-2.3183099915034915,9.441731544234857,0.0036621115724301805,-5.547871445662605e-07,2.9344292343580656e-06,-0.01708984375,-0.540771484375,-0.1640625,-13.760612494119291,-6.432995188091872,88.58288257281751
1776067473.702324,10B4260D,3.8677013901045596,-6.354230853047828,6.337146925967404,0.0036612911105227057,0.0027365801422338204,-0.006413477521510166,0.237548828125,-0.290283203125,-0.87060546875,-44.90785685038133,-23.42629461484158,61.658738692720654
1776067473.702324,10B42626,1.112404029290082,-2.3322118259991282,9.427308457818249,0.00640813285861178,-0.003663077635334141,1.0191934663890376e-05,-0.01708984375,-0.5439453125,-0.158935546875,-13.757407974322986,-6.436193825326205,88.58228762845351
1776067473.718042,10B4260D,3.868268662790199,-6.382863296417059,6.323129416707932,0.0036651760176881413,-5.184649045701885e-06,-0.004575215285237212,0.228271484375,-0.284423828125,-0.862548828125,-44.90018789036153,-23.4268351726319,61.659181920186455
1776067473.718042,10B42626,1.0977883323498052,-2.316861282670272,9.398141923728208,0.0036619697432402434,0.0036628652690464695,0.0009130966388860934,-0.02587890625,-0.5390625,-0.154296875,-13.751915745294829,-6.432704356839966,88.58122076646367
1776067473.733408,10B4260D,3.8834256258797946,-6.367243468600084,6.338205390958229,0.005497459234457453,-6.561835218830579e-06,-0.006405061118777813,0.236083984375,-0.28857421875,-0.871826171875,-44.89722523195823,-23.432727759228673,61.67118609556091
1776067473.733408,10B42626,1.111541502877355,-2.330951181622301,9.427721970888802,0.0027461522805258573,0.006410932299025342,0.0018238661799291275,-0.01904296875,-0.542724609375,-0.1591796875,-13.745608600456952,-6.427018854829817,88.59282257400837
1776067473.748961,10B4260D,3.883728532666743,-6.351653773731673,6.324294631058734,0.008236237614337142,0.002755261214221577,-0.0027485731437844217,0.24658203125,-0.2841796875,-0.878662109375,-44.88844096428225,-23.431476343571525,61.67305423057478
1776067473.748961,10B42626,1.0962641933255306,-2.330683694406199,9.427835778734778,0.0009149077692823858,0.0009167293669529506,0.0009149466402642819,-0.009521484375,-0.54150390625,-0.1669921875,-13.743649425641403,-6.426246364702897,88.59510504986385
1776067473.764605,10B4260D,3.883729291368952,-6.350704123043129,6.325247776080352,0.00640518151304725,0.002751639941214177,-0.0027498215534926085,0.2333984375,-0.291748046875,-0.8701171875,-44.88460998986498,-23.427588722753807,61.652338071329616
1776067473.764605,10B42626,1.096499226477,-2.315637769930884,9.3985939498352,0.005491704031689148,-0.0036617359803843915,0.0009257389076346534,-0.020751953125,-0.546142578125,-0.156005859375,-13.743768827581862,-6.4289990250765605,88.58443690357554
1776067473.779761,10B4260D,3.8692650337096133,-6.3645899239884915,6.340609807515087,0.003662906893628676,0.0009125172232609265,-0.0036621094027125736,0.239013671875,-0.284423828125,-0.87451171875,-44.87740966648055,-23.428771616325427,61.662524734974404
1776067473.779761,10B42626,1.1110872775929819,-2.314825877927334,9.413461395734513,0.004577582815008643,0.003662650199994446,0.0009136908776254865,-0.015625,-0.5390625,-0.164794921875,-13.734552323058535,-6.425965948603283,88.58858209420282
1776067473.795430,10B4260D,3.8695900518020583,-6.378698742300256,6.32652251244831,0.003661051466321025,0.0018280393632409675,-0.0036647235841890786,0.239013671875,-0.28955078125,-0.870849609375,-44.878131005577806,-23.429230446266786,61.656034554705364
1776067473.795430,10B42626,1.1102520486672203,-2.3436963262311115,9.443023662141439,-4.80670956138492e-07,0.005496051337773454,0.0018223774576456952,-0.01806640625,-0.544189453125,-0.15673828125,-13.739509166327968,-6.420463422144737,88.58524143611929
1776067473.811078,10B4260D,3.88438663392336,-6.377870747855222,6.3272268114287,0.006405755472083551,0.0027492250717310674,-0.0036653707176197464,0.23779296875,-0.28515625,-0.869384765625,-44.86747338715565,-23.426568535762858,61.65196233124461
1776067473.811078,10B42626,1.0950786470320346,-2.328897530358535,9.428414935696498,0.0027459503166866136,0.0009163898542113183,0.0009165746959735112,-0.017822265625,-0.539306640625,-0.15771484375,-13.732888835551966,-6.419951756170598,88.58626201490455
1776067473.841711,10B4260D,3.884472524981172,-6.362213317434549,6.328066458128576,0.00823872717095033,0.0018375356764078147,-0.0036613095860642533,0.23486328125,-0.280517578125,-0.87548828125,-44.86080788748546,-23.426152791654108,61.64739324941302
1776067473.841711,10B42626,1.1099405872884505,-2.3136241427261424,9.443159205725056,0.004578500926552614,-0.003666046113285656,-0.0018209924161286396,-0.020263671875,-0.535400390625,-0.162353515625,-13.72675083617196,-6.424200874129438,88.58560755663648
1776067473.857075,10B4260D,3.884875705903693,-6.375889005661091,6.3289236075412365,0.004579974595506522,0.0009087378571269298,-0.005492405787560556,0.23779296875,-0.28515625,-0.872314453125,-44.86943372188454,-23.43269592935919,61.64642288193194
1776067473.857075,10B42626,1.0950965131727806,-2.3275944302170033,9.42873464840616,0.00457735100834195,0.006410752934598599,0.0018245932681512193,-0.017822265625,-0.539306640625,-0.160400390625,-13.727092733620893,-6.418263818239495,88.58977515800805
1776067473.871511,10B4260D,3.899817311012299,-6.374852558926845,6.32974603466827,0.008236692927572689,0.0027532951975991335,-0.003664108472933484,0.238525390625,-0.28515625,-0.8642578125,-44.86454464917274,-23.432617226443906,61.64202666968149
1776067473.871511,10B42626,1.0942860523221887,-2.3269365088995255,9.458256885800195,0.002747196743709392,0.002745976002111161,-2.0310073595919674e-06,-0.0166015625,-0.53857421875,-0.154052734375,-13.725524658864941,-6.416083641011535,88.58901511714744
1776067473.889093,10B4260D,3.8849853601249444,-6.359177908488943,6.345342910968406,0.007315667709259584,0.004588020270889697,-0.0018394904206226878,0.234619140625,-0.28369140625,-0.868408203125,-44.854481191373466,-23.427220996731,61.63383075705812
1776067473.889093,10B42626,1.1087576702866595,-2.3412719815051344,9.443800603381382,0.001831936231739475,-1.9599455338139635e-06,-0.0009137647253401544,-0.0205078125,-0.536865234375,-0.153076171875,-13.717802061039439,-6.416787960092771,88.58658638976588
1776067473.904702,10B4260D,3.870500944890248,-6.373367469288536,6.3167973837463895,0.0027496875333930817,-5.5318369042839705e-06,-0.0036598130621585886,0.23681640625,-0.282958984375,-0.870849609375,-44.85744396857569,-23.430666117735868,61.63648905183522
1776067473.904702,10B42626,1.0945047353596307,-2.326257283654371,9.399868223396332,0.0045768531372986235,-0.0036630757863801984,1.0687883757502432e-05,-0.017333984375,-0.53564453125,-0.16015625,-13.707647711339733,-6.421012796914206,88.59317958080224
1776067473.920222,10B4260D,3.885853136303334,-6.37251463824483,6.331721451447914,0.003674471158465054,-0.0027617373691027863,-0.007312365556693106,0.235595703125,-0.2939453125,-0.87353515625,-44.86064210256273,-23.437936319328664,61.63363676190467
1776067473.920222,10B42626,1.109124167243391,-2.3254710955309994,9.443992133779721,0.0036618529057976423,0.0027474093988234193,0.0009141165433331378,-0.0205078125,-0.547607421875,-0.1611328125,-13.706691985103006,-6.418562714016429,88.59238768471617
1776067473.936033,10B4260D,3.9014671021924943,-6.3861946034110275,6.317657690069226,0.007330868353364892,-0.0009163426957056891,-0.005484268053521424,0.239013671875,-0.28466796875,-0.867919921875,-44.84789187892592,-23.441040844122757,61.64309101759521
1776067473.936033,10B42626,1.1083183668345087,-2.3396844828660734,9.429613709251564,0.0027473457734276817,0.007325242133769983,0.0009050717547828222,-0.01513671875,-0.538818359375,-0.158203125,-13.703960497770195,-6.412205369782359,88.59620782911853
1776067473.951659,10B42626,1.1075947890861615,-2.309892470062675,9.429716371095045,0.003662535962075749,0.0018302211889467698,4.070821590616434e-07,-0.0166015625,-0.544189453125,-0.162353515625,-13.699236047978713,-6.410822683066947,88.5905006905513
1776067473.967225,10B4260D,3.8870565128047665,-6.362280806409467,6.348373436588836,0.009608531311252808,0.003214901131293985,-0.0036649436877443107,0.242431640625,-0.290283203125,-0.867919921875,-44.82786929976899,-23.439158543957976,61.62873878467048
1776067473.967225,10B42626,1.0930293881578663,-2.324094166309146,9.429837868180243,0.0018313655882776457,-0.0027486779322952117,-0.0009085891754844155,-0.0126953125,-0.544921875,-0.1572265625,-13.699766634328233,-6.413930565087878,88.5873495030851
1776067473.982372,10B4260D,3.8869758675252664,-6.3539343024265085,6.320312907546204,-5.2058725527602925e-06,0.0018341944547524125,0.0009092060055158865,0.2353515625,-0.29296875,-0.87158203125,-44.82340405099029,-23.429865467913523,61.6224023436846
1776067473.982372,10B42626,1.1225113528446984,-2.3237221519437155,9.400707920721072,0.0045760033522713765,0.0009179171302732917,0.0018339654737799175,-0.020751953125,-0.547607421875,-0.1591796875,-13.690442366871892,-6.412924550827136,88.57848270275078
1776067473.997979,10B4260D,3.8725228861846657,-6.38336598998415,6.291330595196986,0.0009165759420231521,0.0009051016712216937,-0.0036644603536357557,0.236083984375,-0.291015625,-0.859375,-44.81716844308402,-23.431017125189644,61.6317659841298
1776067473.997979,10B42626,1.1220509294044345,-2.322948817490021,9.415584860531808,0.004580591407665015,0.004573092113967671,-0.0018350636563266444,-0.01806640625,-0.545654296875,-0.146484375,-13.683506204855501,-6.410041655614123,88.58085525618793
1776067474.013482,10B4260D,3.887386933567254,-6.382338071960634,6.335778597065954,0.00640834811825897,0.0018308452332880564,-0.004578336243587868,0.23291015625,-0.2919921875,-0.8671875,-44.79802352264901,-23.427719743714235,61.632310615295864
1776067474.013482,10B42626,1.1068489943206055,-2.3371094986582457,9.445055446891363,-5.546476509925526e-07,0.001832819662794967,0.0009119912144566608,-0.021240234375,-0.547119140625,-0.1552734375,-13.664734016558036,-6.409531625925498,88.58259801217741
1776067474.029195,10B4260D,3.8728128838637614,-6.366384641434071,6.336945585521589,0.014642768359598999,0.0036854900358670884,-0.0036618989774616986,0.233154296875,-0.2802734375,-0.8701171875,-44.77839277216308,-23.42794550391249,61.64344001116222
1776067474.029195,10B42626,1.1213666387738157,-2.3367495161529694,9.43056231985473,0.005493171263015432,-1.245825814224285e-06,5.8697878639689225e-06,-0.02490234375,-0.535888671875,-0.15625,-13.65250827224674,-6.410825382175953,88.5894762360974
1776067474.044994,10B4260D,3.8876118014749355,-6.379543264065353,6.323932080284602,0.00915045354593867,0.0036684038465260634,-0.004582489538913996,0.2236328125,-0.2919921875,-0.8701171875,-44.785040886463335,-23.43407499473309,61.643337681133275
1776067474.044994,10B42626,1.1067428366149885,-2.3215105029731005,9.430615497212553,0.0018320346790749158,-2.2245297777716974e-06,-0.000913568448583283,-0.0341796875,-0.544677734375,-0.156982421875,-13.6502996470197,-6.412605036268185,88.60391786049954
1776067474.060619,10B4260D,3.887686195955677,-6.3640494541466675,6.324584741574656,0.001829970298513661,0.0018221258618470913,-0.0036671454043687222,0.23291015625,-0.287841796875,-0.8681640625,-44.78809291702777,-23.44454468209552,61.67957410744215
1776067474.060619,10B42626,1.0917030008519297,-2.320941313958851,9.44539810920213,0.004577688492169311,0.004578450538160923,0.0009113022910722118,-0.02197265625,-0.54345703125,-0.15380859375,-13.644490011133247,-6.410719587524028,88.63852658385427
1776067474.091748,10B4260D,3.902508669265938,-6.378328568096726,6.324956626794343,0.0009140825103779673,0.000914469323749113,-0.0009180492486200653,0.2392578125,-0.286376953125,-0.869140625,-44.791008416591445,-23.44654053910338,61.69019497302774
1776067474.091748,10B42626,1.091213550615266,-2.320432848814752,9.430949768534516,0.002747009233129687,0.00183042956334171,-6.757873680354621e-07,-0.014892578125,-0.5400390625,-0.157958984375,-13.634337545114985,-6.41023795906941,88.64719127298103
1776067474.107415,10B4260D,3.873699205106538,-6.3780203391051575,6.3250647188523805,0.0027585856723823343,-0.0018512501021690976,-0.007314676644872693,0.2333984375,-0.286376953125,-0.862548828125,-44.78942342008887,-23.450219298401546,61.68151550734355
1776067474.107415,10B42626,1.1057877067910058,-2.3493791796019377,9.401939326930469,0.00365882416150306,-0.0009107180921302244,0.002752562174133197,-0.0224609375,-0.5400390625,-0.147216796875,-13.630035429478152,-6.410764736444296,88.64276472387691
1776067474.123059,10B4260D,3.888970080958822,-6.3620935968605545,6.340281607113774,0.01007379748926838,0.0009215344696365175,-0.0054869241695491506,0.237548828125,-0.286865234375,-0.871337890625,-44.77964547663114,-23.453173619975555,61.68346164148142
1776067474.123059,10B42626,1.0908906672733993,-2.319332062262289,9.431257897621922,0.004578341791146412,0.0027454359323835983,-6.184571698086312e-07,-0.01611328125,-0.541015625,-0.15966796875,-13.609872055792215,-6.40963983853979,88.6521498188815
1776067474.138541,10B4260D,3.889534941718925,-6.375261695627894,6.341582083684159,0.01007069870012102,0.0027455491218822104,-0.007325006041835608,0.23583984375,-0.291748046875,-0.864990234375,-44.77248674794759,-23.45608783944507,61.677067103725925
1776067474.138541,10B42626,1.0904368561319715,-2.3191047753918266,9.402108095864367,-1.092991552228608e-07,0.0036640455258036887,0.0009077585549003182,-0.022216796875,-0.5458984375,-0.152587890625,-13.611616370457025,-6.406408711283626,88.6475281776462
1776067474.154043,10B4260D,3.8898138779886926,-6.359300989888862,6.357079063100069,0.006411488765014093,6.86411144096132e-06,-0.0027402343145642425,0.2392578125,-0.288330078125,-0.87109375,-44.75910969522801,-23.45472825117305,61.682327708133485
1776067474.154043,10B42626,1.104688350476616,-2.3331415551146777,9.446289329241736,0.005494240955844528,-3.353257445624382e-06,-0.0009091094801962652,-0.01513671875,-0.5419921875,-0.1572265625,-13.596002199321417,-6.407895505460994,88.65723464407243
1776067474.169991,10B4260D,3.875626647804397,-6.373813620822563,6.313611286488094,0.000918306056275141,-8.370628585845478e-06,-0.0027456646458738484,0.248291015625,-0.287109375,-0.86962890625,-44.759495903503854,-23.45445388488994,61.67836055648001
1776067474.169991,10B42626,1.1048341175702534,-2.318019157524914,9.402440913162692,0.0027476547894779847,-2.668505609338727e-06,-0.0009123170149203786,-0.0078125,-0.539306640625,-0.159423828125,-13.59091408603107,-6.408366505641689,88.6495274146016
1776067474.185680,10B4260D,3.875909046506219,-6.373150271984183,6.3431308926312475,0.0027486654138949703,0.000904979603747677,-0.004578550473756223,0.24365234375,-0.292724609375,-0.865478515625,-44.75119285344485,-23.446630655767837,61.64842895426653
1776067474.185680,10B42626,1.1045785359156346,-2.3320909778430496,9.431933291309772,0.0027483325839090227,0.0027439088494869285,-0.0009183302230633304,-0.013427734375,-0.54443359375,-0.153564453125,-13.589227647663721,-6.4053143028008614,88.62292813017551
1776067474.201264,10B4260D,3.8762086728659897,-6.35805843848005,6.299692209873421,0.007322799763639595,0.0018371367834705138,-0.003662139993539547,0.245361328125,-0.286376953125,-0.865478515625,-44.7294956146194,-23.438114432622132,61.63395122007111
1776067474.201317,10B42626,1.0893984893131594,-2.3169386050329503,9.446646804646349,0.0027463735385430533,0.003663486531296556,0.0009106934056936231,-0.00927734375,-0.54052734375,-0.153564453125,-13.576976333362177,-6.402017513676844,88.61230787989693
1776067474.216874,10B4260D,3.8910748847204304,-6.37132810482478,6.330081285992161,0.00823833308128311,0.0018397605952583263,-0.003661216515163548,0.23486328125,-0.29150390625,-0.8623046875,-44.716951754965784,-23.430780079017786,61.60961628081249
1776067474.216874,10B42626,1.103924081714418,-2.346019431698626,9.432252622991982,0.0009161940247726598,-0.0018333192700933144,-0.0009103136926076228,-0.023681640625,-0.546142578125,-0.1484375,-13.567545472289318,-6.403638335427825,88.59062689239249
1776067474.232445,10B4260D,3.9058022463783737,-6.355209981197495,6.345787586734448,0.0100660338292379,0.003668530222416448,-0.005497964131857337,0.235107421875,-0.2939453125,-0.859619140625,-44.6987912708732,-23.43014123948626,61.612853387984536
1776067474.232445,10B42626,1.1038052579649618,-2.330643037757601,9.432381714803146,0.008240637404374362,0.0036601766193396774,1.723785587743046e-06,-0.02099609375,-0.547119140625,-0.145263671875,-13.54276774384535,-6.402285897505921,88.60448681298061
1776067474.246516,10B4260D,3.891505696141768,-6.3835653889033805,6.332419208525119,0.005487393162992738,0.003658924340799529,-0.004587276781579368,0.23681640625,-0.2861328125,-0.870361328125,-44.6790706042589,-23.426878581498247,61.61718114593342
1776067474.246516,10B42626,1.1033557288866185,-2.3300037387000843,9.432592240353507,-6.927193285564273e-07,0.001833167862130681,0.0009112919021133821,-0.019287109375,-0.540283203125,-0.156494140625,-13.519932094283869,-6.402169401531894,88.6131644279048
1776067474.263626,10B4260D,3.891302506308991,-6.353599076754571,6.347364600904689,0.0009094066799978579,0.0027414718600824797,-0.0018417736593486207,0.2421875,-0.294921875,-0.87158203125,-44.68677863615935,-23.428362347102592,61.616961934314915
1776067474.263626,10B42626,1.1032126164497134,-2.329801040085986,9.418031940286712,0.003660971312222589,1.2333073616761604e-06,0.0009201083966408597,-0.015380859375,-0.548583984375,-0.15673828125,-13.515969388436789,-6.4028716357792,88.61738533247433
1776067474.279140,10B4260D,3.877002387810393,-6.368195165086156,6.318434325460705,0.0036707074003091175,-0.001831786375548316,-0.002734678233266768,0.242919921875,-0.287353515625,-0.86962890625,-44.67455574011796,-23.42577736636282,61.61476532550057
1776067474.279140,10B42626,1.1031572406318895,-2.32907963003221,9.447470566427796,0.003664406575626994,-5.200506869329157e-06,-0.0018264640057609107,-0.01123046875,-0.540771484375,-0.15625,-13.507309402906953,-6.403661066754505,88.60971389777725
1776067474.295061,10B4260D,3.8924653474618776,-6.38197538213972,6.3189316650494565,0.0055086248842925924,-0.0027575201393576967,-0.006390824964593287,0.246337890625,-0.28564453125,-0.86669921875,-44.67091654824539,-23.427747127417938,61.60105342030975
1776067474.295061,10B42626,1.1030222851762572,-2.314066483671455,9.418253896919728,0.0027449554445640933,0.002750280187941679,0.0018279701743359454,-0.009765625,-0.538330078125,-0.14892578125,-13.502270409562108,-6.400402682398023,88.5939789412861
1776067474.310562,10B4260D,3.8930221720476275,-6.366023115041485,6.334219984896293,0.01007306170649045,0.0009265584265713544,-0.004570822183743707,0.232421875,-0.286376953125,-0.868896484375,-44.660349626014366,-23.422423914646927,61.57504668023208
1776067474.325851,10B42626,1.102382987934617,-2.328095793696049,9.447803431233412,0.0036618843302097873,0.003663384597768818,0.000911420282824115,-0.022216796875,-0.5390625,-0.154052734375,-13.484376929770734,-6.396714028381712,88.57355150908651
1776067474.341723,10B4260D,3.878761754194267,-6.364899592661532,6.335171121695407,0.007326471228562004,0.0009180174597949556,-0.00457378347684542,0.2392578125,-0.2900390625,-0.873779296875,-44.66426128277046,-23.43084238314857,61.58587263230404
1776067474.341723,10B42626,1.0873612563599695,-2.3277349054355825,9.41864332363587,0.002747068565648104,0.0018303470864524311,-8.567850871854421e-07,-0.014892578125,-0.544677734375,-0.15869140625,-13.478838952521475,-6.396590720541693,88.58552605521986
1776067474.357414,10B4260D,3.879038573292972,-6.364359392974378,6.321048862630033,0.0009128414802361456,0.0018215777522225893,-0.002753808027101246,0.240234375,-0.291259765625,-0.868896484375,-44.66710495543973,-23.431712825666548,61.58499531770528
1776067474.357414,10B42626,1.1164528873887392,-2.3418146528452466,9.418960161367702,0.0045790947935087645,0.0009121103777361252,-0.0009117207896441661,-0.015869140625,-0.54345703125,-0.158447265625,-13.475495506773367,-6.396093656588724,88.57646077716828
1776067474.372714,10B4260D,3.879090548060471,-6.364037009511501,6.321341545373773,0.001825479357697622,0.00273999527204368,-0.0027569260069548046,0.2353515625,-0.2880859375,-0.865966796875,-44.66181811750116,-23.42871055214618,61.58024560331672
1776067474.372714,10B42626,1.0868447645836254,-2.311783232354957,9.433578108175737,0.00366160335893137,0.002747943462133536,0.0009135572213347679,-0.019287109375,-0.540771484375,-0.153076171875,-13.47375919681944,-6.393685850454481,88.57142861879154
1776067474.388514,10B4260D,3.864525117532322,-6.378348002443023,6.307388310398422,0.00548469141445397,0.003667207132604174,-0.0027569550611576477,0.23779296875,-0.291015625,-0.87255859375,-44.65968068870888,-23.429588869645116,61.58322997626698
1776067474.388514,10B42626,1.1009461666479399,-2.3260238147825962,9.43385596884044,0.00183078561189261,0.0036639376789596553,0.0009087787039178835,-0.019775390625,-0.544189453125,-0.15576171875,-13.466129872404956,-6.391248444440058,88.57603438893668
1776067474.403991,10B4260D,3.8791789531912353,-6.362600005277181,6.308242827099191,0.009154856323195295,0.001839615484238452,-0.004575419091991916,0.233154296875,-0.294189453125,-0.869384765625,-44.653050135417715,-23.43232544352042,61.58519469340984
1776067474.403991,10B42626,1.1007527356823346,-2.3256032203622903,9.419357180149563,0.004577399432399951,-0.0009167314710035162,8.643128040598735e-06,-0.023193359375,-0.54736328125,-0.15673828125,-13.459296914176216,-6.393188886116539,88.58151523171396
1776067474.419311,10B4260D,3.8797744738458606,-6.375956005410095,6.32386327815551,0.005501963657789219,-1.6062496806065263e-05,-0.007317761499333256,0.242431640625,-0.29736328125,-0.86865234375,-44.64541085646706,-23.439991356563617,61.59896827291875
1776067474.419311,10B42626,1.086323899406932,-2.325079657032156,9.404793957811611,0.002748854156812216,-0.0009209573070340468,-0.0018249196369641363,-0.01416015625,-0.551025390625,-0.1513671875,-13.455062176221235,-6.396022970415453,88.59390716734102
1776067474.433231,10B4260D,3.8803855756035053,-6.374638149083371,6.353791253728214,0.006415304687856847,-4.454894900279224e-06,-0.005485651820153444,0.239990234375,-0.2841796875,-0.8701171875,-44.62474286659198,-23.436565598662742,61.59393580710127
1776067474.433231,10B42626,1.0859301788025293,-2.338937082510367,9.434359752374686,0.005490597505379131,0.004583387786107229,0.0027422029818553856,-0.0166015625,-0.53662109375,-0.15625,-13.434767803793367,-6.391674153994712,88.58592782115038
1776067474.450851,10B4260D,3.8954092098489506,-6.373558854930454,6.340093959214763,0.009150504478576679,0.0027599871079687665,-0.0036644306138474297,0.236328125,-0.287353515625,-0.87060546875,-44.62696849437631,-23.437816730850347,61.58377112036285
1776067474.450905,10B42626,1.114419958873565,-2.323676142814152,9.449239370104204,0.0018323337109411662,0.004577129121940346,-9.51033970420925e-06,-0.02099609375,-0.5400390625,-0.159423828125,-13.435465147221619,-6.3877980459546295,88.58212680411724
1776067474.466288,10B4260D,3.8954228201116057,-6.37230883530631,6.3558248992928785,0.007316348128724505,0.0036692869508985833,-0.003671021823796816,0.23974609375,-0.287109375,-0.859375,-44.628581002511915,-23.440882860092373,61.58459758698128
1776067474.466288,10B42626,1.0996993302203273,-2.323461831668455,9.405384690131783,0.0036629280904883917,-0.0018344728856130488,-0.0009053791314855799,-0.016845703125,-0.538330078125,-0.14501953125,-13.439697545911256,-6.390617790583449,88.59045446212421
1776067474.481807,10B4260D,3.880957916411455,-6.371811096791848,6.341794987787963,0.0027500372757424795,-3.974128022284085e-06,-0.00274321464977798,0.229736328125,-0.295654296875,-0.8701171875,-44.62418770123977,-23.438374886949603,61.57580565981312
1776067474.481807,10B42626,1.1145331913974215,-2.3225677841282923,9.434874761765458,0.005495541538476695,-0.000921888604363767,-0.0018207468872550308,-0.0263671875,-0.54833984375,-0.1552734375,-13.414423169296635,-6.393055265137198,88.58699193636987
1776067474.497368,10B4260D,3.881667196885968,-6.386284962978167,6.3127785525669164,0.0009287041438340579,-0.0018547499120873797,-0.0054830344362535085,0.227783203125,-0.290771484375,-0.86962890625,-44.623916787168376,-23.449221168229805,61.601776512545875
1776067474.497368,10B42626,1.1289401295297026,-2.3366213966892606,9.43517290267626,0.001833528722313269,0.004574669422099763,-0.0009254247307719566,-0.029296875,-0.54345703125,-0.15625,-13.409511785437248,-6.391153389423052,88.60835785921537
1776067474.513022,10B4260D,3.881968012205239,-6.370811453371601,6.327700802787496,0.006403699178380147,0.002750968160351015,-0.0036678578524707685,0.237060546875,-0.294921875,-0.864013671875,-44.62688940029248,-23.4588529615421,61.625370901809816
1776067474.513022,10B42626,1.0988269775509778,-2.321301086957348,9.464512555819054,0.004576118405943174,0.004581554981275732,0.0018251483797896903,-0.0205078125,-0.547607421875,-0.148681640625,-13.407669872613342,-6.388978435439301,88.6403258445786
1776067474.528531,10B4260D,3.882194697173755,-6.355163885946405,6.313880906251928,0.00915697774592412,0.0018315265188966312,-0.006406511849552031,0.228759765625,-0.293701171875,-0.87060546875,-44.608119306519114,-23.458640111056443,61.6263223544773
1776067474.528531,10B42626,1.0985820867512894,-2.3355523866675267,9.435473361251171,0.0027463483154041603,-0.0009162257590518683,6.658266054105887e-06,-0.029296875,-0.5478515625,-0.15869140625,-13.38856304020367,-6.391288024611443,88.64812587294618
1776067474.544097,10B4260D,3.897286960933797,-6.368590970231971,6.314979258598542,0.006408971545353884,0.0009246163115734845,-0.0027432250857069647,0.24462890625,-0.295166015625,-0.874267578125,-44.607691509480496,-23.467351944766207,61.65171499116808
1776067474.544097,10B42626,1.0989129991392435,-2.3350595800715164,9.420934191262045,0.004576925941665655,-0.0027477422928739404,1.4523951977701679e-05,-0.013916015625,-0.546630859375,-0.1572265625,-13.389598906110564,-6.396191602659027,88.67970590546194
1776067474.559407,10B4260D,3.882892610239991,-6.367809335250599,6.330154883180539,0.003666835736238614,-5.435766216237775e-06,-0.003657512049761646,0.241943359375,-0.291015625,-0.8662109375,-44.59896193797662,-23.46404145971316,61.64342898154144
1776067474.574947,10B42626,1.0987875888213314,-2.3197611975104495,9.435649501753948,0.0027462151589879823,0.003664003196652262,0.0009091279418838446,-0.01416015625,-0.544677734375,-0.15283203125,-13.386732499775581,-6.392547215439155,88.67030930944186
1776067474.590200,10B4260D,3.883127243891301,-6.367336135213298,6.316013854543585,0.0036535895643559843,0.003656604865916975,-0.003676277394577648,0.2314453125,-0.2939453125,-0.865234375,-44.591473268757255,-23.459082393276873,61.631045665724706
1776067474.590200,10B42626,1.083447871851113,-2.33405828469858,9.43585330190611,0.001830934064846137,0.004579768602069384,0.0009051322845651911,-0.0224609375,-0.546630859375,-0.150390625,-13.377277167217006,-6.388275890297763,88.66047389312533
1776067474.605773,10B4260D,3.8829559952717454,-6.366150682052757,6.346255046511611,0.009142244124685091,0.004596937384944171,-0.002758457098309682,0.239501953125,-0.29248046875,-0.8701171875,-44.58118395679166,-23.460836793914055,61.644563835675115
1776067474.605773,10B42626,1.083168133995255,-2.318978052575026,9.435908278000086,0.0036632680792599206,-0.0009191547999983182,-0.0009072637877225412,-0.017578125,-0.545654296875,-0.1552734375,-13.362209115976055,-6.390902465641245,88.67192830249805
1776067474.621265,10B4260D,3.8829678222304653,-6.379719379956861,6.347549730200417,0.007315782936087658,0.0036699025748609462,-0.0036716006338333666,0.231689453125,-0.288818359375,-0.864501953125,-44.57355570529598,-23.4593159342616,61.64082518838686
1776067474.621265,10B42626,1.098005697910213,-2.3183158333171314,9.450717597667841,0.0036616236511492315,-0.0018320104741984971,1.0926536382778524e-05,-0.025390625,-0.54296875,-0.151123046875,-13.356703799916811,-6.39314285882731,88.67202526372466
1776067474.636916,10B4260D,3.882997950730482,-6.364342373797378,6.333575979591801,0.005493615498618566,0.0009214092770639263,-0.00274401163188072,0.247314453125,-0.289794921875,-0.867919921875,-44.57597846261825,-23.46509678735561,61.65131864235727
1776067474.636916,10B42626,1.1125453110979262,-2.317767797854539,9.421668187349859,0.0054958070800708615,0.004573483314488534,-0.0009206989482803519,-0.01025390625,-0.54150390625,-0.151123046875,-13.344338576770882,-6.390993101120081,88.68873842618011
1776067474.652260,10B4260D,3.883363215499074,-6.392801286706207,6.334640097159686,0.006403608524710247,0.0027509720500150064,-0.003668068258931364,0.239990234375,-0.289306640625,-0.859375,-44.566657534421736,-23.4575982952706,61.62747333986797
1776067474.652260,10B42626,1.0971588150655822,-2.317009158534648,9.451136387953179,0.0018306105218964112,0.003664369343548634,0.0009074086168331337,-0.0166015625,-0.54248046875,-0.1455078125,-13.33324645492815,-6.386919649780526,88.6675673798648
1776067474.667445,10B4260D,3.8833398403953563,-6.362612006283653,6.335104718454149,0.0054928113508198595,0.0018270872527434798,-0.0045799132624244066,0.234375,-0.289794921875,-0.876953125,-44.55760515790281,-23.454717536919492,61.615879433471676
1776067474.667445,10B42626,1.0971448850703034,-2.331633766065823,9.407367812716098,0.0018320082125567647,-0.0018342812795876177,-0.0009071255194271945,-0.025146484375,-0.54248046875,-0.161376953125,-13.311863847377033,-6.389659096991103,88.66269355137736
1776067474.683125,10B4260D,3.883755183594913,-6.3472961906655945,6.320831618339973,0.00459116615658575,-0.0018384302306940388,-0.004561275465780705,0.232177734375,-0.29150390625,-0.87353515625,-44.5684933175872,-23.46611932288525,61.62816882009818
1776067474.683125,10B42626,1.1267464083151384,-2.330994540617841,9.407585613740828,0.006408229537086472,-0.0018326803476780102,1.5559743020884828e-05,-0.025390625,-0.545166015625,-0.15771484375,-13.320891152485256,-6.392762954010448,88.68217521356266
1776067474.698883,10B4260D,3.8554650029117226,-6.375896001418802,6.33598029492253,0.0036839453829984855,-0.0036779689183645105,-0.005468029432331283,0.24267578125,-0.29248046875,-0.8671875,-44.576303009953435,-23.47904522182078,61.64534220247959
1776067474.698883,10B42626,1.0972502017031402,-2.3155318190170644,9.42224660056642,0.0027461420864280973,0.003664212383255552,0.0009085197606185437,-0.01611328125,-0.546630859375,-0.15185546875,-13.324445051247343,-6.390790287297366,88.7020539389713
1776067474.714635,10B4260D,3.9003146100303945,-6.3748162770019015,6.307367885056659,0.009164226267247194,4.0382870135251996e-07,-0.006396331394519848,0.23583984375,-0.287353515625,-0.868896484375,-44.56314906659387,-23.478148351121032,61.63378511143539
1776067474.714690,10B42626,1.0817126945201698,-2.3444584350009943,9.43719205175481,0.0009158286487020386,0.006411264979350455,0.0008971200880795161,-0.020751953125,-0.538330078125,-0.1494140625,-13.31471611836607,-6.385103020458412,88.69719052730844
1776067474.730183,10B4260D,3.8859187267130317,-6.373430060293547,6.3231458985563185,0.010057968529938247,0.004596853994896808,-0.003674101920654714,0.236083984375,-0.29150390625,-0.87060546875,-44.56330291678329,-23.480769764665865,61.63251863924866
1776067474.730183,10B42626,1.110577712129426,-2.344257771960508,9.437390726222313,0.0018322989640098622,-0.0009188609853485453,-0.000909688179826291,-0.02197265625,-0.542724609375,-0.15478515625,-13.3051158767517,-6.387340124523158,88.70145122979707
1776067474.746772,10B4260D,3.871038504581188,-6.372527797015928,6.338728612901238,0.0027310896375861353,0.0045780949211024005,-0.00185318403720497,0.2373046875,-0.286376953125,-0.868408203125,-44.565834421341606,-23.481156667240764,61.636162612646366
1776067474.746772,10B42626,1.0964810866610406,-2.329273696264427,9.408029837647394,0.004576407771142931,-0.004578819180141451,2.1724973575721527e-05,-0.020263671875,-0.539794921875,-0.1533203125,-13.302208479041983,-6.3927572737377885,88.71249590278927
1776067474.762311,10B4260D,3.870920443913272,-6.357850702867102,6.324139007026698,-0.0018306835645665238,0.0008926035317357641,-0.002754364658556438,0.246337890625,-0.294189453125,-0.865478515625,-44.57884992466698,-23.484632494767702,61.634165647172665
1776067474.762311,10B42626,1.0966216738732082,-2.3138319006957575,9.422737365397436,0.004575247932144769,0.0018356328506686503,0.0018325287844726556,-0.01123046875,-0.54541015625,-0.150634765625,-13.297724811523882,-6.391576694420241,88.71799146851262
1776067474.777957,10B4260D,3.8858346633802068,-6.372027931092257,6.3246104968432855,0.004572082742809284,0.0027441541224180652,-0.0036711303662570684,0.22802734375,-0.285888671875,-0.87060546875,-44.56390639284652,-23.476123548309943,61.615752092821644
1776067474.777957,10B42626,1.0959225099172754,-2.34271344214956,9.42310608315774,0.0009173732864659374,0.006408413161060495,-1.9016161323658725e-05,-0.030517578125,-0.539306640625,-0.152587890625,-13.285643328746286,-6.385381797247242,88.69797996459067
1776067474.808878,10B4260D,3.8712869232036287,-6.3711564791172375,6.325503853046735,0.009147437425064886,0.003672955379952778,-0.0045852471124583705,0.248779296875,-0.290771484375,-0.873779296875,-44.5742456333522,-23.4875407681719,61.63142787294111
1776067474.808878,10B42626,1.0954335342101509,-2.327585813611177,9.437807731297445,0.003666667990117036,-9.816477672498715e-06,-0.0027404980292802124,-0.00927734375,-0.54345703125,-0.1552734375,-13.283285862678495,-6.388447393821691,88.72802413764222
1776067474.824310,10B4260D,3.886230197517759,-6.369527479289079,6.341334056740538,0.010079263024971924,9.384001384475378e-06,-0.005478214795167316,0.24072265625,-0.29638671875,-0.8662109375,-44.56485720922449,-23.484786050448918,61.60994781901371
1776067474.824310,10B42626,1.0957333894967192,-2.326944534938728,9.42331213234649,0.0054909434824199875,-0.002745004572953718,0.0009335039839468372,-0.016845703125,-0.55126953125,-0.150390625,-13.277891832217884,-6.39003400751305,88.70487391194075
1776067474.839643,10B4260D,3.8866173047457275,-6.368263459157968,6.342366231459085,0.0082378758252703,0.001843566666893778,-0.0036606438002453833,0.240234375,-0.292724609375,-0.865234375,-44.54858619463657,-23.48135642031979,61.606586178168335
1776067474.839643,10B42626,1.1247757961465619,-2.340818379043136,9.438347758786836,0.003660383526410097,0.004582667837327757,0.0018220092198361895,-0.017333984375,-0.545166015625,-0.151123046875,-13.261520256574226,-6.386038337429845,88.70399729920412
1776067474.855471,10B4260D,3.886739065765386,-6.381958560130515,6.343496487024457,0.006396402083884243,0.00367781724192091,-0.001843225131130807,0.2421875,-0.286865234375,-0.870361328125,-44.539667422227694,-23.476935151508297,61.60129611938496
1776067474.855471,10B42626,1.0945968743628434,-2.32577810479312,9.467587267311057,-0.0009172708491081733,0.0045839351588724845,0.0018143565281263446,-0.014404296875,-0.53955078125,-0.156005859375,-13.255026257793135,-6.382051601195211,88.70273437883824
1776067474.871055,10B4260D,3.886521858920881,-6.3667577176087375,6.343936223408967,0.0018263407092803758,0.0018276982291415915,-0.001839223656977352,0.23974609375,-0.296875,-0.86767578125,-44.547480988315385,-23.476293467341804,61.5914665257166
1776067474.871055,10B42626,1.1092011849776702,-2.3406153026476915,9.409220521371621,0.0036631326518042607,-0.0018351410717557944,-0.0009032109335219838,-0.016845703125,-0.54931640625,-0.152587890625,-13.256940641895712,-6.383889482736532,88.6911832323975
1776067474.886325,10B4260D,3.872091267113442,-6.351979011394111,6.329320400560767,0.0018397996444733723,-2.527398205541317e-05,-0.0054902890714210815,0.236328125,-0.294677734375,-0.86962890625,-44.53921800546969,-23.476931021509273,61.59136525020349
1776067474.886325,10B42626,1.0947496714056604,-2.3249725065966733,9.438531198052264,0.006406627235167154,-0.001829815680944304,0.0009324857153618345,-0.021240234375,-0.5458984375,-0.15673828125,-13.244348559532567,-6.385988886583746,88.69038008736756
1776067474.902084,10B4260D,3.8878114267754427,-6.380668225417709,6.315254538619497,0.0027659691963504893,-0.0018634125732247349,-0.0073088835097152825,0.24072265625,-0.291748046875,-0.873046875,-44.53742403137817,-23.484183389725377,61.59745557875541
1776067474.902084,10B42626,1.1091020806121417,-2.3245488457622727,9.409486531932414,0.0018314707344387197,0.006411231049220672,0.0008968901799686353,-0.015380859375,-0.5439453125,-0.158203125,-13.247956888802081,-6.38075601034721,88.6985863093146
1776067474.917797,10B4260D,3.888733503531697,-6.3793257912970205,6.31604299953418,0.013748474552262172,-0.0009006981639208206,-0.007297696540503276,0.230224609375,-0.291259765625,-0.869384765625,-44.528939493479264,-23.489587199597892,61.593218355702625
1776067474.917797,10B42626,1.093616356680252,-2.3241331958345497,9.438869278438133,0.0009163857234866558,0.002746296181080121,-7.757832332824263e-06,-0.02734375,-0.542236328125,-0.156005859375,-13.255232694460501,-6.3782413422162785,88.69140367223298
1776067474.933546,10B4260D,3.888916447426512,-6.348242124603475,6.3316529168862115,0.010064711355606267,0.002767876282363603,-0.003663750526816746,0.24267578125,-0.292236328125,-0.868896484375,-44.529163090693395,-23.49691699287853,61.608123316964985
1776067474.933546,10B42626,1.1081720444076315,-2.324097900962143,9.42432475355148,0.0009152463638218783,-0.0009157972923463585,4.729255071093922e-06,-0.015380859375,-0.5439453125,-0.15283203125,-13.261805304431075,-6.380781526975971,88.71504301153394
1776067474.949453,10B4260D,3.9037419312547788,-6.361924415984543,6.332688801482747,0.0018234406007323662,0.0027374200674040966,-0.0027608978919307545,0.2314453125,-0.288330078125,-0.876220703125,-44.52746672580288,-23.493724787161124,61.59916116778899
1776067474.949453,10B42626,1.108459333455938,-2.3235230043790738,9.42443272815248,0.006407864865769347,-0.0027484872061401397,2.0589839431266074e-05,-0.026611328125,-0.5400390625,-0.161376953125,-13.252597129110534,-6.383675889700809,88.70843423928756
1776067474.964900,10B4260D,3.8745464639222984,-6.361859728767582,6.332860851552265,0.0009159485023619426,0.0009023774441755367,-0.0027508579879756724,0.235595703125,-0.29248046875,-0.871826171875,-44.54591198375928,-23.504137738491785,61.61395251580684
1776067474.964900,10B42626,1.093505574795432,-2.322947392375384,9.424557022072005,0.0009159485902704349,0.006411567034050531,0.00089485652988718,-0.02099609375,-0.545166015625,-0.154296875,-13.27171576613444,-6.3787521441867465,88.72910408425584
1776067474.980523,10B4260D,3.8893262778824544,-6.376122473560428,6.318911919351333,0.004560436974880211,0.004586353892375105,-0.0018525682396922448,0.236328125,-0.292236328125,-0.87109375,-44.547620259508605,-23.505177695662177,61.619316207152224
1776067474.980523,10B42626,1.1072586425154598,-2.3226078107772126,9.454032790318383,0.0009183262767966968,0.0036586265803819937,-0.0009266303558650713,-0.01904296875,-0.54541015625,-0.15625,-13.271247695047375,-6.3765062628652665,88.73487123901624
1776067474.996038,10B4260D,3.87468215127808,-6.375245069198973,6.319879786025158,0.010067846674669735,0.002756748667207912,-0.005494272255810536,0.2333984375,-0.290771484375,-0.873779296875,-44.54288667536118,-23.509171788043073,61.621373199086555
1776067474.996038,10B42626,1.1072648495019104,-2.3077871273056654,9.424739737667634,0.003663209848374093,-0.0018353334463423702,-0.0009025114966576028,-0.023681640625,-0.5439453125,-0.157470703125,-13.271874646742884,-6.37903644249282,88.7371797676057
1776067475.011679,10B4260D,3.8749278608602387,-6.37387788514048,6.3211080294689275,0.009148220767385353,0.0036681344137311934,-0.005501619914474731,0.237548828125,-0.298095703125,-0.87109375,-44.54490260668246,-23.516090721324684,61.62826687761597
1776067475.011679,10B42626,1.0927870119295218,-2.32169081623928,9.424949992817597,0.005494829921330376,-4.8201358864140295e-06,-0.0009056657269854816,-0.0205078125,-0.55078125,-0.15625,-13.275290167898895,-6.380312589864941,88.75026147272575
1776067475.027199,10B4260D,3.9046452127117877,-6.3866839213957105,6.35165404329408,0.007336279560354688,-0.0009117736103912235,-0.00455952500933157,0.235595703125,-0.2919921875,-0.8720703125,-44.5353411882637,-23.51906361231184,61.6347951206174
1776067475.027199,10B42626,1.106834100273874,-2.335540312179073,9.439991574247355,0.0036591048996628016,0.006417410213504011,0.0027302996128104086,-0.02099609375,-0.544677734375,-0.155517578125,-13.273512516785846,-6.37457436073831,88.75967110668964
1776067475.058157,10B4260D,3.8755568543324044,-6.371408473403855,6.352058219136326,0.00457141508195405,0.0027436086993574706,-0.0036724557875074497,0.235595703125,-0.295166015625,-0.869873046875,-44.53832090183324,-23.522752343873453,61.639243315348224
1776067475.058157,10B42626,1.0915111971887226,-2.320612041986523,9.439979245080348,2.2742959636814594e-06,0.001827755503341711,-0.0009220986480832275,-0.02099609375,-0.54736328125,-0.1533203125,-13.277072772104423,-6.373929751893378,88.76534479559419
1776067475.073376,10B4260D,3.890451198857238,-6.370744204406395,6.338064141888453,0.004579820561808949,0.0009126106991533537,-0.0036604288719513964,0.232421875,-0.285888671875,-0.8623046875,-44.535810795418385,-23.525791549676327,61.64603139874731
1776067475.073376,10B42626,1.120879457518225,-2.349557195780083,9.440379528217616,0.004576801993890843,-0.0027479350708741112,1.8394788447504487e-05,-0.025634765625,-0.5380859375,-0.14599609375,-13.270342387218827,-6.377442503235339,88.77363959397883
1776067475.088404,10B4260D,3.8762908487495378,-6.3702933585589765,6.338306422009578,0.0009293221437384775,-0.0009474567824057201,-0.0054855101009564445,0.230712890625,-0.297607421875,-0.867431640625,-44.54610172532579,-23.534012267170805,61.64968185422085
1776067475.088404,10B42626,1.1066265918444236,-2.319683208841335,9.41097863759559,0.005491223367754454,-0.0009138369330482697,0.0009289504315768334,-0.029296875,-0.55029296875,-0.1513671875,-13.253882916914009,-6.379797398625828,88.78847376427858
1776067475.105505,10B4260D,3.8915244400860636,-6.369540435447956,6.324194559177519,0.008243484561799618,0.0009239194599362589,-0.004569874104145578,0.24267578125,-0.29931640625,-0.866943359375,-44.53773859157214,-23.539218252707027,61.665183196871176
1776067475.105505,10B42626,1.1204831926365286,-2.318530985262466,9.45525700194266,0.00549247555090034,0.008244757782963675,0.00181080820322369,-0.013427734375,-0.552001953125,-0.150634765625,-13.243051750680737,-6.373674238674173,88.8162638458298
1776067475.121228,10B4260D,3.921133922445625,-6.41168861682739,6.340889265959439,0.012790556314092491,0.006456859128336097,-0.0018523686882104533,0.243408203125,-0.290771484375,-0.869873046875,-44.51423394339519,-23.529793157038586,61.65747201527602
1776067475.121286,10B42626,1.0896784719418986,-2.332507119888387,9.470204478886217,0.0018306573993411713,0.009161457407394715,0.001800438942651374,-0.013671875,-0.54296875,-0.1533203125,-13.229639117641947,-6.365065910676093,88.80845090894685
1776067475.136979,10B4260D,3.91998070559346,-6.3810066848505045,6.356847576527726,0.009106213011614924,0.010120091396480761,0.0008629633815380875,0.2431640625,-0.28955078125,-0.868408203125,-44.50786324770264,-23.519716957912962,61.64377422848716
1776067475.136979,10B42626,1.118256847633829,-2.3322283852819936,9.45586232237243,0.0036603199036279485,2.1931161543017315e-06,0.0009227603099482886,-0.014404296875,-0.54150390625,-0.15380859375,-13.225652653068844,-6.36500675453311,88.7979830867725
1776067475.152342,10B4260D,3.845417080852637,-6.323058451802234,6.356311662737466,-0.006420822560454291,0.001813190791091868,0.0018068282668797775,0.241455078125,-0.281005859375,-0.87255859375,-44.52003781755237,-23.514970752000607,61.63634807735217
1776067475.152342,10B42626,1.0895600988661027,-2.3177139894117764,9.397074012013967,1.67601934760328e-07,-0.0045810638684466035,-0.0008982695024921971,-0.01611328125,-0.531982421875,-0.1572265625,-13.2272585079657,-6.369680232516065,88.7877814689716
1776067475.168126,10B4260D,3.8464864566841688,-6.368460353931322,6.311802681263016,-0.012775286237255967,-0.006512536998002067,-0.006388387616260651,0.2431640625,-0.29443359375,-0.861328125,-44.553472011264965,-23.526659057975273,61.62873875571855
1776067475.168126,10B42626,1.0896496058223764,-2.3172038442680303,9.397189446079478,0.0064100094049122855,0.0036599370256594553,-1.372206969740084e-06,-0.01318359375,-0.54736328125,-0.14697265625,-13.235625177972558,-6.366412632346186,88.77625511545949
1776067475.183828,10B4260D,3.8773803408958054,-6.3829168000903085,6.296705028021381,0.00645266538276058,-0.006426895726638696,-0.007269760078035079,0.233154296875,-0.290283203125,-0.8720703125,-44.54050056578367,-23.529462980295033,61.621254343345015
1776067475.183828,10B42626,1.1030158628329445,-2.316207949885667,9.426871719908394,0.003664184580536596,0.010988539959816383,0.0008807464626304925,-0.0244140625,-0.54296875,-0.158203125,-13.215588140474399,-6.356561890867999,88.76265531243915
1776067475.199448,10B4260D,3.922483334976093,-6.380436555648978,6.298221975006683,0.02198207704800849,0.0018692934150902273,-0.01004522208981476,0.239501953125,-0.28955078125,-0.87060546875,-44.52914715054504,-23.540037430516076,61.62500296413041
1776067475.199507,10B42626,1.0871070002217165,-2.345141942025304,9.427268109865109,0.0009171753530608909,0.004577298321070758,-1.574641383921063e-05,-0.014892578125,-0.53955078125,-0.15283203125,-13.227427849551988,-6.353293603332592,88.7762395019513
1776067475.215214,10B4260D,3.9076175333143004,-6.362201032048976,6.373817743154511,0.02102365025815066,0.00831765871687322,-0.00368273045755166,0.237060546875,-0.29443359375,-0.86962890625,-44.514966128413725,-23.537600129055047,61.616362591197216
1776067475.215214,10B42626,1.086851168587967,-2.315156619636067,9.441856255230261,0.006408067936367647,-0.0018332418087803537,2.0522107563131905e-05,-0.01953125,-0.547607421875,-0.15380859375,-13.222384771577346,-6.355320921660638,88.76625816267152
1776067475.230949,10B4260D,3.8774545198735724,-6.346778726565701,6.360603460916854,0.0017870813320046918,0.008261517602513965,0.0017756642465337577,0.240966796875,-0.2861328125,-0.865478515625,-44.51558985607467,-23.531455998980118,61.61863910448426
1776067475.230949,10B42626,1.0871244714826442,-2.329306121160556,9.412835494585991,0.002748502703890528,-4.525388807433097e-06,-0.0009097939682226743,-0.017578125,-0.538330078125,-0.151611328125,-13.219554092196805,-6.356306971505555,88.76946459912627
1776067475.246602,10B4260D,3.8769418592168905,-6.37721551905969,6.33155317489926,-0.012845323195575322,0.004533772866048964,0.0026898763257249135,0.23486328125,-0.3017578125,-0.861328125,-44.537124414920555,-23.526033685704423,61.61141810058033
1776067475.246602,10B42626,1.1012624916651463,-2.3285620447517035,9.427754761583694,0.005491315119433697,0.005498502503888943,0.001820864067402709,-0.019775390625,-0.5537109375,-0.148681640625,-13.214448798176914,-6.351411090830475,88.76563849218769
1776067475.262339,10B4260D,3.8764759713332224,-6.378252192548855,6.316389681407193,-0.0018471484823036396,0.003646571264618025,-0.0009447531568382335,0.23779296875,-0.292236328125,-0.869873046875,-44.52753769683778,-23.52128371801671,61.62059415818011
1776067475.277447,10B4260D,3.8618797743733064,-6.392335857329579,6.317310183250052,0.011893274332794206,0.0036885193545127697,-0.004580149045884842,0.234619140625,-0.290283203125,-0.864990234375,-44.52051472655954,-23.522819563508655,61.61933785217496
1776067475.277447,10B42626,1.0930658936359932,-2.334938988045989,9.45003308877386,0.002288529833692014,0.001832066442376578,0.000455343452194553,-0.0234375,-0.543212890625,-0.149169921875,-13.19176195703119,-6.349227383834238,88.77266607393024
1776067475.308339,10B42626,1.1003387180781932,-2.312437412676164,9.42811016905277,0.004576976703695128,-0.0018326804552376494,1.725109533332003e-05,-0.016845703125,-0.546875,-0.155029296875,-13.184902840385575,-6.352802907322502,88.78463620892771
1776067475.324049,10B4260D,3.8777029914995613,-6.367487942468954,6.333357842903758,0.011025463278215526,-0.004130190855610083,-0.009104182377191194,0.236572265625,-0.291259765625,-0.877685546875,-44.50430720159846,-23.542945629798034,61.620878654188786
1776067475.324049,10B42626,1.1005160879374203,-2.3267097951586173,9.41368811468977,0.0018291041090833819,3.062114286618436e-06,0.0009194460126561832,-0.018798828125,-0.54296875,-0.162353515625,-13.186595193395476,-6.353020793606843,88.78305324119131
1776067475.339581,10B4260D,3.894315905160945,-6.387212786788334,6.334773021824964,0.003680500129835378,-0.0018455778031769203,-0.004557246902551234,0.234619140625,-0.289306640625,-0.867431640625,-44.518064910736435,-23.550833104089342,61.629599896457044
1776067475.339581,10B42626,1.1001657623510919,-2.3258712370021497,9.428546993597719,0.007327625748862875,0.0036556829553839516,-0.0009147211992203943,-0.022705078125,-0.54150390625,-0.14892578125,-13.20103255105893,-6.349939036421242,88.78312720427739
1776067475.355312,10B4260D,3.8947095359376305,-6.372252797536318,6.320144800756296,0.0018364602977177318,-1.0640950966914408e-05,-0.002743088270726992,0.24365234375,-0.297607421875,-0.8623046875,-44.526643388327294,-23.55572685015274,61.634994496114395
1776067475.355312,10B42626,1.0853943950810243,-2.3109653498572897,9.413828670761522,-0.002746942200833764,-0.0009145404106581711,-2.1911552574292912e-06,-0.012939453125,-0.55078125,-0.14697265625,-13.198361154941146,-6.352005078820167,88.7917915152592
1776067475.370814,10B4260D,3.8946201976413386,-6.357209846043076,6.30589715876908,0.006385900068000345,0.005505986838205841,-0.0027747918232774757,0.24072265625,-0.292724609375,-0.8681640625,-44.50933748888974,-23.5468882009834,61.62333101495237
1776067475.370814,10B42626,1.0711639351659281,-2.34000509357653,9.399407189275722,0.0073248727676461095,-0.003668468697677518,-0.0008845800651894931,-0.0166015625,-0.544189453125,-0.150634765625,-13.174496663985765,-6.356264830594983,88.78078887239768
1776067475.386135,10B4260D,3.894519569549988,-6.384994015720609,6.336884232867171,0.010045168006272918,0.006433752847956983,-0.0036900121944637024,0.240478515625,-0.29296875,-0.86572265625,-44.50056701951964,-23.54349035462878,61.61500287717836
1776067475.386135,10B42626,1.1002104735039704,-2.323840227876932,9.472873073834405,0.004574766943501466,0.0027526067473583296,0.001829360319040628,-0.01708984375,-0.544189453125,-0.15185546875,-13.166225581752114,-6.3539339628719675,88.77744956970436
1776067475.401809,10B4260D,3.8940723697945434,-6.3835631406812485,6.352988257484215,0.010044273936763952,0.005538749798345668,-0.0009366334748642332,0.2431640625,-0.294921875,-0.869873046875,-44.49132185482311,-23.538311946972286,61.60931293922257
1776067475.401809,10B42626,1.099611627414296,-2.3530466646381263,9.443988428203234,1.2876947687332243e-07,0.005496984464342179,0.0008923875845425348,-0.016845703125,-0.546875,-0.156494140625,-13.165074323755531,-6.3492186834064155,88.77396102729887
1776067475.417541,10B4260D,3.8934491324221456,-6.3682564984239685,6.339332549275877,0.005461821790096336,0.00643028236186704,-0.0009528469964210128,0.242431640625,-0.299072265625,-0.8671875,-44.48521458856321,-23.531709278150387,61.60095583247227
1776067475.417541,10B42626,1.099238305478278,-2.3234794805689605,9.443854580848715,0.003659758030175986,-0.0009130277776944038,0.0009274524455391742,-0.014892578125,-0.5517578125,-0.150634765625,-13.168887298017095,-6.350184511403235,88.77311312968236
1776067475.433240,10B4260D,3.849670601390749,-6.368665379233605,6.324718580015622,-0.0036379549612338153,-0.0028004028908768606,-0.0045642780951561665,0.240478515625,-0.291259765625,-0.871337890625,-44.48307360519109,-23.532329216596423,61.59944013080353
1776067475.433240,10B42626,1.1000582180507565,-2.323071479958319,9.400030652882256,0.006405816677362335,-0.007326603002805076,4.5154987983210016e-05,-0.0166015625,-0.54541015625,-0.1552734375,-13.154716760646473,-6.3576186452519305,88.76972051268443
1776067475.448598,10B4260D,3.8805892084221676,-6.382941628297362,6.30983690631664,6.958704114401652e-05,-0.009231011118704516,-0.010001242295999252,0.239013671875,-0.29345703125,-0.8623046875,-44.491432844777,-23.545753740305127,61.599264266366724
1776067475.448598,10B42626,1.1147320458690635,-2.321987210256283,9.444189088172207,0.0027484245636148763,0.004576561353444779,-1.3786773975054213e-05,-0.017333984375,-0.546142578125,-0.146728515625,-13.15766186471841,-6.353731338846276,88.76599079489996
1776067475.463814,10B4260D,3.9114938244570903,-6.39581118984667,6.3107603674057735,0.016496698161643557,2.611848681410384e-05,-0.008206967716498557,0.240966796875,-0.29296875,-0.869873046875,-44.47383579117677,-23.549059684633324,61.594257574927596
1776067475.463814,10B42626,1.1134506005818778,-2.32144472653866,9.473691550901883,0.000919548587755263,0.010070383233670216,-4.148718108486009e-05,-0.015869140625,-0.546875,-0.15234375,-13.144218281831453,-6.345400483939801,88.76153593212403
1776067475.479479,10B4260D,3.9116348417026736,-6.363787576450188,6.341543763297934,0.01830729675330741,0.0028036716426870435,-0.0054780174316543355,0.236572265625,-0.289306640625,-0.866943359375,-44.45938258758885,-23.550028757485236,61.588136558651726
1776067475.479479,10B42626,1.0691613870094097,-2.3364300212542743,9.415133183046086,0.0009123721527773965,-0.0027429490751130323,0.0009294645387196581,-0.021484375,-0.5390625,-0.151611328125,-13.14241176934437,-6.34830724365023,88.75905553562204
1776067475.495381,10B4260D,3.882178399118901,-6.348142088318809,6.342521156121815,0.0027285861301498326,0.0036698130007658827,-0.0009388321243061861,0.238037109375,-0.294921875,-0.859619140625,-44.46639195832158,-23.550309015884835,61.58938310043034
1776067475.495381,10B42626,1.0846098763488898,-2.33577160331853,9.40066456842941,0.009156823558514963,-0.0064201255148682735,-0.00178278494505342,-0.0185546875,-0.545654296875,-0.1416015625,-13.136710464369694,-6.355533644234654,88.7638255972579
1776067475.527080,10B4260D,3.882628297980013,-6.37788988284264,6.3136895704430325,-0.0027452374648039716,0.0004282642436862458,-0.0018402159678144936,0.23681640625,-0.2890625,-0.86083984375,-44.46850447300929,-23.54978237850207,61.59003378186654
1776067475.527080,10B42626,1.106053840837239,-2.3125544567717866,9.422856584845945,0.002288169706958488,0.0059560903685070285,0.0013520353106250018,-0.018310546875,-0.542724609375,-0.14501953125,-13.106014709422736,-6.34556426131082,88.76385209915918
1776067475.558151,10B4260D,3.897637619217143,-6.405943264420778,6.329650428196855,0.016459328225869208,0.005548031189696575,-0.00458705337673353,0.238525390625,-0.286376953125,-0.86328125,-44.460241407593635,-23.5482933313247,61.58673593684304
1776067475.558151,10B42626,1.1124107011766977,-2.3339166694565323,9.430652135158622,0.0027462224954956102,-0.0009166032483591479,1.0341790143823456e-05,-0.0185546875,-0.538818359375,-0.15087890625,-13.093945160046664,-6.3481297816977404,88.7629314965678
1776067475.573602,10B4260D,3.882520677215237,-6.359683213494766,6.360124938750063,0.015566019051518594,0.0018737163466573793,-0.005475245626239301,0.235107421875,-0.282470703125,-0.866455078125,-44.45455805200705,-23.551573653204965,61.57999083976997
1776067475.573602,10B42626,1.0836114541918536,-2.3187173253537616,9.430462176241244,0.0036664790115574566,-0.0045913276226105335,-0.002717753388450271,-0.0224609375,-0.535888671875,-0.148193359375,-13.09249189781621,-6.353681331002123,88.7600913962192
1776067475.588974,10B4260D,3.8831144704979,-6.358401066405682,6.346674662426499,0.006425911760714146,-0.0009240245541313989,-0.005472180198637439,0.2392578125,-0.283203125,-0.869140625,-44.46747454753138,-23.560882742576805,61.58021696388845
1776067475.588974,10B42626,1.1277551092299127,-2.332316160772006,9.46024857615375,0.006409099103102881,0.0009131404457720511,1.0216819121224915e-05,-0.018798828125,-0.535400390625,-0.15478515625,-13.085586633268587,-6.353929868537878,88.76690092329704
1776067475.604807,10B4260D,3.8989314819995418,-6.3871954964338356,6.332662315251193,-0.00180053632285918,-0.003709558522282949,-0.004551463377793492,0.242919921875,-0.290771484375,-0.864990234375,-44.487376928642476,-23.569536457791347,61.577082605434605
1776067475.604807,10B42626,1.0833663092525738,-2.3321167585423273,9.430929184264935,-0.0009130234789454284,0.006408980872323286,-3.1239584536179575e-05,-0.01416015625,-0.54248046875,-0.149658203125,-13.098962980760712,-6.3483554064687455,88.76419142744594
1776067475.620561,10B4260D,3.899710635364299,-6.386770453896529,6.332611242862951,0.0036791599033210226,-0.0009393138607445823,-0.005478052994236809,0.240966796875,-0.292724609375,-0.870849609375,-44.486393817840785,-23.571290006822203,61.567646637011165
1776067475.620618,10B42626,1.0974280786682291,-2.34648718491096,9.431267686015005,0.004578030860624398,0.0009138220066195208,6.358068748550282e-06,-0.014892578125,-0.543212890625,-0.155517578125,-13.091317836345858,-6.348062486943909,88.75263956193633
1776067475.636346,10B4260D,3.914832221113465,-6.400351075346839,6.319263613176312,0.012797390604941004,0.004628474925023632,-0.0027576994401382173,0.242431640625,-0.294677734375,-0.860595703125,-44.4785407048129,-23.56965616891129,61.56248234262201
1776067475.636346,10B42626,1.1117906556500015,-2.3305809095459664,9.460762649098983,0.008238062653359517,0.0009166633316053524,0.0009303177586663692,-0.01611328125,-0.547607421875,-0.14599609375,-13.092497267778203,-6.347204541955005,88.74472034098184
1776067475.652164,10B4260D,3.884607211628617,-6.34036527374161,6.334446419174769,0.012800640707059524,0.00372056267034505,-0.0018346095612443505,0.23876953125,-0.291015625,-0.8759765625,-44.4616157058457,-23.56386088858125,61.554343470840394
1776067475.652164,10B42626,1.0974704559330244,-2.330912873202604,9.41675303365449,-0.00732537500550413,-0.0027437877822358045,-4.164676576374832e-06,-0.017333984375,-0.543212890625,-0.15966796875,-13.086701395439299,-6.350834544402096,88.73997870990405
1776067475.668153,10B4260D,3.870047599815971,-6.354630671990254,6.320868301214471,-1.1693848224508613e-05,0.0027311165537146653,-0.0018540800985588906,0.236083984375,-0.291015625,-0.857421875,-44.47404609212463,-23.56627093666408,61.55583454394983
1776067475.668153,10B42626,1.0830690314469003,-2.3309488274508876,9.402039183464481,0.008244365717297303,0.0009039897726865505,-0.001816360700222669,-0.019287109375,-0.544189453125,-0.140625,-13.096897088922862,-6.350420536291686,88.73618868136954
1776067475.683741,10B4260D,3.899860122676077,-6.383333192574669,6.335984008313515,-0.002724687303931968,-0.002785332988023318,-0.0027293423429577326,0.239013671875,-0.289306640625,-0.8681640625,-44.47988967434426,-23.56922168553344,61.56034751232109
1776067475.683741,10B42626,1.0971717845398938,-2.3149033409122812,9.46080693909949,0.0027434592535057903,0.0027540991796724977,0.0018245412911735257,-0.0185546875,-0.54248046875,-0.1513671875,-13.073198861878147,-6.349079158405924,88.73888458735996
1776067475.699233,10B4260D,3.9149942109511247,-6.382507334796668,6.3364065218763,0.010072563478856912,0.0018436011520779312,-0.005487055187152523,0.23779296875,-0.2880859375,-0.86474609375,-44.47839722328204,-23.572708397289247,61.55631665688116
1776067475.699233,10B42626,1.0966004859716239,-2.3439137208790366,9.43200384695626,0.004579872355877463,0.0054913872289416455,-1.5101981275200518e-05,-0.017578125,-0.54052734375,-0.148193359375,-13.070860595529725,-6.344678850564102,88.73797009094716
1776067475.714939,10B4260D,3.8712115725345315,-6.3522891747127375,6.322508936463324,0.01465233131886401,0.001862685772196502,-0.006392810110555404,0.236083984375,-0.29345703125,-0.871337890625,-44.472267523514006,-23.57686649985172,61.55222436485077
1776067475.714939,10B42626,1.0816970762461318,-2.2998094674353555,9.416985712929694,-0.0009159013474945131,-0.0009151736042947089,2.1558178889156742e-06,-0.020751953125,-0.5478515625,-0.157470703125,-13.068352474887883,-6.346387878954778,88.7355066197643
1776067475.730464,10B4260D,3.900825295993372,-6.350256556861315,6.338485793955519,0.006411658311619746,0.0009220188744517218,-0.003656128743465204,0.236328125,-0.29248046875,-0.86083984375,-44.47409383374795,-23.5810123594552,61.558180227267606
1776067475.730464,10B42626,1.0968035006190153,-2.3287270832639835,9.402766264304907,0.0073292850792040865,-0.003677798832398743,-0.002712000439517238,-0.022705078125,-0.54443359375,-0.1455078125,-13.073648260145703,-6.3508294968481955,88.74069332295223
1776067475.746057,10B4260D,3.88678588211152,-6.364305949094704,6.339180518959025,0.0036812407632944633,-0.001840731943721562,-0.0036383318480658743,0.234375,-0.2919921875,-0.872314453125,-44.473721899078456,-23.584299031778105,61.562380686805206
1776067475.746057,10B42626,1.0966695897691843,-2.327373286165261,9.446931579609139,0.004572326902875214,0.0027580528217421934,0.002744088180774014,-0.021240234375,-0.54345703125,-0.158935546875,-13.059865562006065,-6.349039874538903,88.75298636219678
1776067475.761519,10B4260D,3.8877039090144407,-6.393449073320515,6.310785425048006,0.0036615714540011177,0.0018132759548978071,-0.004585571943500234,0.23486328125,-0.297119140625,-0.864990234375,-44.480863141729074,-23.589926550101534,61.569146779366726
1776067475.761519,10B42626,1.081282840954646,-2.3270437660532326,9.447026104385102,-2.0990799505528193e-06,0.0055019321305916895,0.001804588725439215,-0.0205078125,-0.549072265625,-0.149169921875,-13.07804569606213,-6.343808360054766,88.7608559013028
1776067475.777169,10B4260D,3.8873392107922697,-6.36297405587924,6.325829044098083,0.010053249543519095,0.003706549740882113,-0.0018411793694578368,0.237548828125,-0.2900390625,-0.860107421875,-44.47139130969331,-23.588651874645446,61.57624289733258
1776067475.777169,10B42626,1.080692507732954,-2.3265527977506473,9.476424053882917,0.002748797404230929,-5.487212900318274e-06,-0.0009089290275318839,-0.01953125,-0.542236328125,-0.146240234375,-13.070280961909793,-6.345045681242848,88.76573401059899
1776067475.807811,10B4260D,3.9020469974193226,-6.376187316405473,6.3418301436235565,0.005485205790386577,0.002747471232717266,-0.0036741503582907115,0.234375,-0.300048828125,-0.8701171875,-44.46976699333268,-23.588673479733906,61.57306925891281
1776067475.807811,10B42626,1.1107320265564158,-2.3266908801426576,9.38882260768455,0.006409444812742789,-0.0036689737605438604,-0.0008824385616003137,-0.02294921875,-0.55322265625,-0.1533203125,-13.0567681202288,-6.3497161811188905,88.76740591473593
1776067475.823702,10B4260D,3.872916097445329,-6.361127306058862,6.34200765120729,0.00459719942130496,-0.0018354585243582765,-0.0036357711396423397,0.240478515625,-0.297119140625,-0.861328125,-44.467061830270644,-23.593207521535202,61.586437689701256
1776067475.823702,10B42626,1.0955848469998741,-2.310461734793096,9.462076507780708,0.004575553180668236,0.00550034200718658,0.0018150042892719764,-0.01806640625,-0.549560546875,-0.146484375,-13.054670280416758,-6.34510117907023,88.78033663685801
1776067475.839039,10B4260D,3.888763367675858,-6.3896768368365535,6.328294575207869,0.003686638520711805,-0.0009660018893911737,-0.008223423694635176,0.232666015625,-0.29541015625,-0.858642578125,-44.45819093498707,-23.595624331323307,61.58145874188389
1776067475.839039,10B42626,1.0948729210514705,-2.3399176219931133,9.41859318335883,-0.0009132486147712918,0.0054934724957938505,-2.927719894130917e-05,-0.0234375,-0.547607421875,-0.142822265625,-13.044852760175619,-6.341093681870206,88.77909141999334
1776067475.854532,10B4260D,3.903702567858793,-6.373498201654753,6.343514177571995,0.009143535240720285,0.003677657376361894,-0.004590138865859629,0.236083984375,-0.29052734375,-0.858642578125,-44.44869142969013,-23.596158323221992,61.587261809583026
1776067475.854532,10B42626,1.1236485558123464,-2.339157059291093,9.433595561185758,0.009153110338308018,9.157229380133026e-07,0.0009380233721026282,-0.017333984375,-0.54296875,-0.145263671875,-13.020855997011585,-6.342418132260139,88.79079411933346
1776067475.870080,10B4260D,3.874461473336886,-6.358633465510037,6.314882876205665,0.00731946764923259,0.0018517442559388723,-0.002746753753317053,0.2421875,-0.290771484375,-0.86865234375,-44.44575793418225,-23.596461460178507,61.58728635035483
1776067475.870080,10B42626,1.0944055893497988,-2.3384948824323075,9.433603696813462,-0.000915924325594329,-0.0009151526341339114,2.323169453118284e-06,-0.015380859375,-0.54248046875,-0.15380859375,-13.012777974003269,-6.344304218605655,88.78730128915949
1776067475.885609,10B4260D,3.8893476792734245,-6.371830751046181,6.345127240750813,0.0027495403355365755,0.0008995739632345547,-0.003664178871515808,0.23876953125,-0.28564453125,-0.867919921875,-44.449610988390944,-23.59760599464405,61.58012198979431
1776067475.885609,10B42626,1.0944001059769923,-2.32364610145883,9.404303182234738,0.007323213476838437,0.0027481975572571523,0.0009197640749906615,-0.01708984375,-0.5380859375,-0.154052734375,-13.01376017463426,-6.3419227955006,88.78046554409
1776067475.900854,10B4260D,3.890117411626774,-6.3717424872281905,6.316067816289965,0.0027787072930257855,-0.002787115873430168,-0.006377536009975835,0.240966796875,-0.2841796875,-0.8701171875,-44.46072198055465,-23.605995659700305,61.57655011159996
1776067475.900854,10B42626,1.1085676635228578,-2.337164926456629,9.434065244209348,0.0036602793193965,0.0009186525442252105,0.0009199501263708358,-0.017578125,-0.536376953125,-0.15380859375,-13.021449737296134,-6.341231842794818,88.77670852460419
1776067475.916015,10B4260D,3.87595792253392,-6.371118546538692,6.3165183053022185,0.006394401824032665,0.003669128319554674,-0.0036811110670165416,0.234619140625,-0.28857421875,-0.86474609375,-44.46871354368763,-23.60801429744385,61.56654808404962
1776067475.916015,10B42626,1.0934237130245286,-2.3074338100723972,9.433859965324148,0.001833489382690697,0.005492350642716781,-2.3361685768816047e-05,-0.021728515625,-0.542724609375,-0.1494140625,-13.031107594330413,-6.336508895220117,88.77180801050334
1776067475.931255,10B4260D,3.920065670507655,-6.383882424075133,6.3326635753093035,0.009146800027297773,0.0027710435836887045,-0.003666605987853898,0.235107421875,-0.2890625,-0.869384765625,-44.46978715495588,-23.610969304188053,61.568892379942795
1776067475.931255,10B42626,1.1073786188045796,-2.3359515934666772,9.449106999661023,0.006407250443863556,0.0018330483644540053,0.0009223808353525444,-0.01953125,-0.542236328125,-0.151611328125,-13.025532120193365,-6.335524258804728,88.77951056441756
1776067475.946928,10B4260D,3.9054754716088764,-6.368364097950424,6.333245504806539,0.006417525435929544,7.155003763174507e-06,-0.0036475294673231577,0.239013671875,-0.29443359375,-0.870849609375,-44.47620036634131,-23.616586239863164,61.57380478102034
1776067475.946928,10B42626,1.1075194026086768,-2.3205992598260123,9.434513457120321,0.0045764524713253485,-0.0027484847227559686,2.5781621287509716e-05,-0.0146484375,-0.546142578125,-0.156494140625,-13.025947576373536,-6.3387753640855795,88.78211506078246
1776067475.962516,10B4260D,3.8909046404510335,-6.353323104674205,6.319002072485287,0.006401549132542238,0.0018550045536271768,-0.001833482043652889,0.240966796875,-0.28515625,-0.870361328125,-44.47545163441267,-23.616733828133682,61.57523102018955
1776067475.962516,10B42626,1.107377987689516,-2.3201757121654474,9.420032965402878,0.00274907144057424,0.00549194888089365,-2.157112109183799e-05,-0.01611328125,-0.538330078125,-0.154541015625,-13.034417095620121,-6.333993369309426,88.7726727539022
1776067475.978141,10B4260D,3.89128465626811,-6.381329488789546,6.349491862354832,0.003661490391783384,0.0018119037138889034,-0.004586245113589412,0.24267578125,-0.29052734375,-0.868896484375,-44.485046695204865,-23.62035234191739,61.566637311643404
1776067475.978141,10B42626,1.0774091929104728,-2.3491582077334834,9.420334309405506,0.0009167679717183051,0.0027461676858003747,-1.1960014971868274e-05,-0.014892578125,-0.54296875,-0.152587890625,-13.045047112478597,-6.331821503877845,88.76556103282343
1776067475.993751,10B4260D,3.891790380094569,-6.381350226070639,6.306179051250447,0.006411786352307755,0.0009226663665846559,-0.0036558979508364647,0.23974609375,-0.288330078125,-0.864013671875,-44.48490432247622,-23.62129035607687,61.559120761199424
1776067475.993751,10B42626,1.106531542152825,-2.3335261677630705,9.449805498853426,0.00823386856253111,-0.002740467333673872,0.0018666836018332523,-0.016357421875,-0.541748046875,-0.148193359375,-13.04251437908674,-6.334553811855833,88.75928429429723
1776067476.024297,10B4260D,3.8920364387917368,-6.379762273390773,6.336280341921498,0.008250986866590893,1.0478754304016879e-05,-0.004558594241256985,0.23876953125,-0.296875,-0.869384765625,-44.48413230516413,-23.624166642897,61.55429320853955
1776067476.024297,10B42626,1.091993035063608,-2.3184090080939135,9.420475821000975,0.0018300031411944675,0.002750594716615428,0.0009056913997040332,-0.019775390625,-0.55029296875,-0.154541015625,-13.038420252692084,-6.332711700070008,88.75400281087626
1776067476.039423,10B4260D,3.90707254896279,-6.378548635988786,6.337137916033674,0.005492505751963065,0.0018235258245318593,-0.004582241217452231,0.238525390625,-0.288330078125,-0.871826171875,-44.480164199076455,-23.625208315672385,61.555122029706695
1776067476.039423,10B42626,1.1206566059099308,-2.317801560592078,9.435457950711214,0.004574681390332341,0.0036697486750615575,0.0018234598965140318,-0.02001953125,-0.5400390625,-0.156005859375,-13.040630931580859,-6.329533519803207,88.75888324033765
1776067476.054995,10B4260D,3.9074350543460836,-6.377912015375902,6.323233973405212,0.007331062124266058,2.1952304926177403e-05,-0.002729586533681492,0.2392578125,-0.2919921875,-0.865234375,-44.48600396924312,-23.629270038596978,61.55557295562159
1776067476.054995,10B42626,1.0908196329649162,-2.3316260988810624,9.450318724855398,0.003665434279839914,0.001824463176542534,-0.0009156952802130838,-0.017333984375,-0.544189453125,-0.14794921875,-13.051391201431375,-6.328386164741291,88.76118417835144
1776067476.070540,10B4260D,3.8635922755941094,-6.36296288070048,6.32346174537583,0.005496222838771938,0.000916642280624003,-0.003658088249677245,0.236328125,-0.288818359375,-0.873779296875,-44.485046366717185,-23.630423097956168,61.55367961098787
1776067476.070540,10B42626,1.0762136253662176,-2.3169112289351648,9.420894914277595,0.0009155372980977653,-4.131274054031568e-07,2.4120873445107194e-06,-0.021240234375,-0.540283203125,-0.158447265625,-13.046764830716194,-6.3294023069006915,88.75835070619492
1776067476.085803,10B4260D,3.90777564006659,-6.361770405638441,6.324132192975615,0.0027511162691188683,5.875405612074258e-07,-0.0018246408509850847,0.240234375,-0.2939453125,-0.866943359375,-44.497203597141265,-23.635058145234453,61.55899758186261
1776067476.085803,10B42626,1.0908452610609112,-2.301877367978812,9.406316098887903,0.006404386267153666,0.0009224768213223729,0.001842983520704112,-0.01708984375,-0.547119140625,-0.150634765625,-13.059937627409282,-6.3283090450187585,88.76650531336286
1776067476.101530,10B4260D,3.879037038641079,-6.376346932895589,6.31019850397933,0.007329547454390918,0.0009199689028981725,-0.00456937374768417,0.232421875,-0.280029296875,-0.8720703125,-44.49252948957616,-23.63621265139462,61.556124005506575
1776067476.101530,10B42626,1.0902271202404092,-2.3154245199158487,9.43601345434579,0.0036668313067610855,0.004570902879929806,-0.0009306944960009301,-0.025146484375,-0.532958984375,-0.154541015625,-13.05610967167294,-6.325139695286522,88.76168153227106
1776067476.117173,10B4260D,3.90806756781692,-6.359452003546191,6.35491331112077,0.007306896099027904,0.0036840834922990226,-0.002765030126003846,0.23828125,-0.28759765625,-0.86865234375,-44.50882874543828,-23.642417138121335,61.559777141803146
1776067476.117173,10B42626,1.08979945156283,-2.3297032326624603,9.43631181239738,0.0009159841150703939,0.0009150972109058266,-2.5459667849155626e-06,-0.017578125,-0.5390625,-0.15234375,-13.071195324572514,-6.324562935237509,88.7766482584969
1776067476.132488,10B4260D,3.89395492946784,-6.3885547891543615,6.327082611504566,0.0073190542391867695,0.0018531525075944138,-0.0027471510365113514,0.232666015625,-0.296630859375,-0.868408203125,-44.51267742438827,-23.644554820872337,61.55814001121237
1776067476.132488,10B42626,1.1043575060417758,-2.329221390771696,9.436523270488209,0.005490770216077618,2.492007082339104e-06,0.0009302768716892318,-0.02490234375,-0.548828125,-0.14990234375,-13.073095055852615,-6.324992793433967,88.77438925390645
1776067476.148106,10B4260D,3.893637557834986,-6.358095033160486,6.341952371740439,0.005490250512078095,0.0018319046194006736,-0.003666991457276691,0.23388671875,-0.296875,-0.866455078125,-44.51179393981506,-23.646990164755838,61.5687440179483
1776067476.148106,10B42626,1.0895549169892145,-2.313831092564241,9.451080497661518,0.0018315294392432801,0.0009146636832888305,-1.26668507485307e-07,-0.023193359375,-0.549072265625,-0.15087890625,-13.070653323675126,-6.325016045311187,88.78994820983866
1776067476.163366,10B4260D,3.893884523459026,-6.3579806627184325,6.313294340214857,0.003650729337840916,0.0027440421612683116,-0.002764895513035556,0.22998046875,-0.2900390625,-0.87255859375,-44.51074108569767,-23.647176379468654,61.576902049231805
1776067476.163366,10B42626,1.0893206319057325,-2.328307411003811,9.422113558997603,0.004577041943117011,0.003664999803017258,0.0009075992222049511,-0.02734375,-0.541259765625,-0.1572265625,-13.06705298174964,-6.322243065718605,88.80152020207599
1776067476.178967,10B4260D,3.8940570324186194,-6.371578804677335,6.328961119951935,0.007319072599640071,0.001853338760137891,-0.0027470219232097813,0.235107421875,-0.296875,-0.864501953125,-44.518619133325494,-23.65272724394653,61.589759893050456
1776067476.178967,10B42626,1.088877155152349,-2.357052634456347,9.42262412326053,0.002742093058209605,0.0009244175424730721,0.0018334102835691954,-0.02294921875,-0.550048828125,-0.148681640625,-13.08191685292834,-6.321202851869793,88.82313108235768
1776067476.194683,10B4260D,3.909218012885708,-6.385209218004286,6.315645186627762,0.00916102077366946,0.0009321132808926044,-0.00456447221375467,0.23828125,-0.2861328125,-0.867919921875,-44.51058705835666,-23.65431493342808,61.5951917229309
1776067476.194683,10B42626,1.103527022165087,-2.3273065833595954,9.407898101599228,0.00549322948115357,-2.6817776263951458e-06,1.5019138882848804e-05,-0.02001953125,-0.5390625,-0.151611328125,-13.072802300244014,-6.322172249275431,88.83395469053414
1776067476.210410,10B4260D,3.894635455869681,-6.3692392991792515,6.330959720521417,0.00915868281791948,0.0009412780547252611,-0.0036489783400401074,0.236572265625,-0.29052734375,-0.868408203125,-44.51359830988183,-23.65785153008865,61.59197555734901
1776067476.210410,10B42626,1.1032203934334741,-2.3116906335627734,9.437203794951378,0.0027450675755699714,0.0018348547133046757,0.0009126979265380708,-0.020263671875,-0.542724609375,-0.149658203125,-13.076580800046713,-6.320975997638152,88.83560449868352
1776067476.241036,10B4260D,3.894778837104085,-6.368240380520737,6.331876319269758,0.006401102638761945,0.0018563825656879504,-0.0018339316411203502,0.240478515625,-0.284912109375,-0.86328125,-44.51637189323477,-23.65905704312856,61.59429040991938
1776067476.241036,10B42626,1.117522601892121,-2.340966996651758,9.423064031728945,-1.0650492190451302e-06,0.0027517322138000235,0.0008999647837236389,-0.017578125,-0.537109375,-0.147216796875,-13.07765166072718,-6.319098165602553,88.83852504430253
1776067476.256826,10B4260D,3.8802990759627263,-6.367405295141222,6.347044037558838,0.003674045564015022,-2.1249873046024173e-05,-0.004568528794197887,0.246337890625,-0.28466796875,-0.862548828125,-44.522066642367975,-23.662282939231467,61.58612550068191
1776067476.256826,10B42626,1.0881427739835634,-2.325628999181976,9.437507922058852,0.006407301824244111,-0.0027497719693262922,3.3312091325725135e-05,-0.01220703125,-0.537841796875,-0.146728515625,-13.070263996672987,-6.3226753815591845,88.83357949056214
1776067476.271286,10B4260D,3.8813131107695624,-6.382374382634529,6.303620112661672,0.0009360437233203972,-0.0009649908872691747,-0.005481411137554746,0.237548828125,-0.291748046875,-0.867431640625,-44.52706486558253,-23.66447724249269,61.56889115468883
1776067476.271286,10B42626,1.0882769862980148,-2.325013692623296,9.423047450171763,0.0036606221145650936,0.00183442224262921,0.00091511744458106,-0.017822265625,-0.54541015625,-0.148681640625,-13.063309846748446,-6.321981825116006,88.81548555371077
1776067476.287424,10B4260D,3.896344941124656,-6.380764610043939,6.333469097286155,0.008245448884659196,0.000926173570587676,-0.004566744229947628,0.236572265625,-0.28662109375,-0.86669921875,-44.525146795404154,-23.66710516975865,61.56914352728103
1776067476.287424,10B42626,1.0874036553212763,-2.324029349602548,9.467179775610852,0.002744544858121884,0.005502213729902327,0.001807061882368402,-0.021728515625,-0.5400390625,-0.1494140625,-13.058610193293694,-6.317521028516108,88.81351111715941
1776067476.302670,10B4260D,3.8964599681819068,-6.365236560986369,6.319566491863119,0.0091459300202739,0.0027728748191871615,-0.003667833393051856,0.22900390625,-0.28662109375,-0.864013671875,-44.52711640657647,-23.66942602312557,61.56772032366372
1776067476.302670,10B42626,1.1018867153752998,-2.353566162621514,9.423770819859977,0.0009175957250191838,-0.000921278654105124,-0.0009076561176438049,-0.027099609375,-0.5380859375,-0.1484375,-13.060292867382039,-6.319364579931364,88.81928520585049
1776067476.318305,10B4260D,3.881836330094655,-6.364101038784135,6.335123244305296,0.005479744744660117,0.0036531704143372085,-0.004601856071415327,0.234619140625,-0.2958984375,-0.8720703125,-44.5345346122756,-23.673841790411462,61.5760944025553
1776067476.318305,10B42626,1.1168008155472908,-2.323774975116691,9.42361346827729,0.005492226672614293,-0.0018338755085523526,2.5970240239747472e-05,-0.025390625,-0.548095703125,-0.15380859375,-13.057986813119483,-6.321725374444368,88.83947397178268
1776067476.333496,10B4260D,3.882208833056712,-6.363673345521442,6.3210323312776575,0.0027587582905909064,-2.8055653631629414e-05,-0.004570627780949732,0.23388671875,-0.294677734375,-0.85791015625,-44.53811858370084,-23.67793331145036,61.584234304733165
1776067476.333496,10B42626,1.0873607195124555,-2.3230975937961595,9.42362578637418,0.0027486331801096437,0.00366063893896002,-1.3655455087412338e-05,-0.022705078125,-0.547607421875,-0.14208984375,-13.063006888372797,-6.318886426283015,88.85553497995211
1776067476.349251,10B4260D,3.8973546051540837,-6.377563662319308,6.321780777100155,0.0036605968499653194,0.0009224345971332683,-0.0018313937622780965,0.240966796875,-0.288818359375,-0.869384765625,-44.535470880513,-23.677023000848934,61.59120861479214
1776067476.349251,10B42626,1.0865142245120738,-2.3369061907279973,9.45329054471181,0.003662103198195409,0.0045810327491192845,0.0008990841030601555,-0.01708984375,-0.5390625,-0.1513671875,-13.045706509071676,-6.315743055570327,88.86480727555178
1776067476.364841,10B4260D,3.8974700443849626,-6.362283354881754,6.307628413175276,0.009153124906292703,0.002744739885350413,-0.006414270541954507,0.23486328125,-0.2939453125,-0.870849609375,-44.53349916880476,-23.67954990036295,61.5822330600002
1776067476.364841,10B42626,1.086235629073852,-2.3217906273152464,9.438672634478603,0.00457769691847422,-2.4026622732945732e-06,1.3076413737384066e-05,-0.0185546875,-0.546142578125,-0.15283203125,-13.047373179571103,-6.316601317155177,88.85805996770785
1776067476.380424,10B4260D,3.897844037177603,-6.375455246153848,6.3236054391032335,0.007318740970975959,0.001854592496725449,-0.00274727242686391,0.234619140625,-0.296630859375,-0.866455078125,-44.533815862836924,-23.681249324546123,61.58866244520333
1776067476.380424,10B42626,1.1157973681440023,-2.335968616776854,9.424508786897032,0.0036689640772996843,-0.0018491956898614725,-0.0027252382232184694,-0.021484375,-0.548583984375,-0.149658203125,-13.049365559403839,-6.319729565760327,88.85518841701129
1776067476.396018,10B4260D,3.9128003208854096,-6.37386426297309,6.339163391838911,0.007341675752119157,-1.497309253072613e-05,-0.006389866731275924,0.242919921875,-0.2978515625,-0.872802734375,-44.52901272383945,-23.685060643221625,61.594313187558754
1776067476.396018,10B42626,1.1007375523853509,-2.3347564161973104,9.46855236795819,0.004580151645564016,0.0045752765334216945,-1.4193364962550759e-05,-0.013671875,-0.54931640625,-0.15576171875,-13.044438893615453,-6.316418286826006,88.86113280697451
1776067476.411654,10B4260D,3.8840251795191203,-6.373691835535109,6.32501229741876,0.0036589098626021123,0.0018185641620741626,-0.0036721923753374307,0.236083984375,-0.294189453125,-0.862548828125,-44.52601081851358,-23.68401750087667,61.59015535169597
1776067476.411654,10B42626,1.0856863648968154,-2.320594000602894,9.40984136756802,-0.001833886252105157,0.00458944701428642,0.0017983683001472344,-0.0205078125,-0.545166015625,-0.149169921875,-13.054899943723903,-6.312675135878852,88.85111862112967
1776067476.427285,10B4260D,3.8840938442074875,-6.372689222941846,6.340261434505125,0.005487536864780711,0.0018416351499622049,-0.0027520203515645583,0.242919921875,-0.282958984375,-0.87109375,-44.52318203897658,-23.68348530933955,61.59291329258139
1776067476.427285,10B42626,1.0999101633061046,-2.3348824428636257,9.424835432605292,0.004577193777825893,-0.0009178796665645986,1.881661224777296e-05,-0.013671875,-0.53515625,-0.1552734375,-13.050604673260674,-6.314481170015161,88.85495949968842
1776067476.442941,10B4260D,3.899274252114137,-6.37266495445203,6.296976752084604,0.003670551643983666,0.0008834494738247688,-0.005493390842995748,0.235107421875,-0.289306640625,-0.86962890625,-44.53257695951806,-23.68794183025299,61.581042539025646
1776067476.458623,10B42626,1.1000748726055152,-2.3194034015558636,9.439441314704188,0.0036638083085487015,-0.001838419355095904,-0.0008938588830949835,-0.020263671875,-0.54248046875,-0.155029296875,-13.061148227699027,-6.317141962038127,88.83950698860274
1776067476.474310,10B4260D,3.8849073302534234,-6.371394604587304,6.326784782179826,0.006414711057527882,0.000913441595761396,-0.004570821949741908,0.2470703125,-0.29248046875,-0.8662109375,-44.53694913795647,-23.692271876870247,61.58397585092667
1776067476.474310,10B42626,1.1000985041261662,-2.334006404664707,9.395843885961444,0.003662006435899141,0.004581234821951388,0.0008984894335775664,-0.010498046875,-0.544921875,-0.149658203125,-13.069173706232844,-6.3132572038359625,88.84226830721389
1776067476.489592,10B4260D,3.914394920733151,-6.369952130850595,6.32783363862427,0.008227387852167914,0.002777599189084903,-0.00275490850387019,0.243896484375,-0.2939453125,-0.868896484375,-44.529021829397315,-23.688673338469453,61.57024596854569
1776067476.489592,10B42626,1.0992535612936052,-2.3329360660382203,9.454580118743875,0.0009192299223260786,0.001825001546001546,-0.0009239246754140164,-0.01220703125,-0.5458984375,-0.154052734375,-13.067171638496875,-6.3132198506924375,88.82093206438891
1776067476.504745,10B4260D,3.884888570102668,-6.354684637856293,6.32842458210555,0.007303451527342008,0.004581866681260995,-0.00460821848730149,0.2373046875,-0.28515625,-0.863037109375,-44.52268054657148,-23.68634664932832,61.559827369234974
1776067476.504819,10B42626,1.0847589395672939,-2.332710154957669,9.425342125955991,0.00640239895353253,-0.0018231642885358286,0.001861024234434386,-0.020751953125,-0.537353515625,-0.147705078125,-13.067956250499417,-6.3156150055739575,88.80787134700894
1776067476.520489,10B4260D,3.899983431226283,-6.368631119594514,6.314888063693265,0.0027501703497528687,0.000895965290286265,-0.0036647412034804274,0.229248046875,-0.2880859375,-0.870849609375,-44.53031413350279,-23.689118811087916,61.557661962803174
1776067476.520489,10B42626,1.0997571424763497,-2.33238359803742,9.39628681260908,0.002746109238674108,-0.0009169523447689653,1.3663198219657725e-05,-0.02783203125,-0.538818359375,-0.154296875,-13.06645487078129,-6.317354765604855,88.81211702683271
1776067476.536035,10B4260D,3.900591202879556,-6.382572489667744,6.315677036621982,0.0055061990923085955,-8.955139818987861e-06,-0.004562918057406435,0.233154296875,-0.29296875,-0.869140625,-44.54043416670699,-23.696357166741794,61.56983879875052
1776067476.536035,10B42626,1.0990526928443083,-2.3163759666959027,9.454896400336525,0.005493647346810456,0.005495838023114263,0.0008978056661237845,-0.0234375,-0.546630859375,-0.152099609375,-13.07451561408239,-6.312113662226336,88.83316673581615
1776067476.551610,10B4260D,3.88603356035468,-6.366903396183163,6.330613253515138,0.006408108629986822,0.0018288254566347347,-0.00458066440326746,0.239013671875,-0.28515625,-0.8642578125,-44.54193877245668,-23.699452459967436,61.57651714526407
1776067476.551610,10B42626,1.084039470882703,-2.331161740529914,9.425807981909253,-0.002746102264423336,0.0009169720157326867,-1.3830990513277629e-05,-0.01904296875,-0.537841796875,-0.14892578125,-13.082261587391345,-6.31189569449391,88.84399738223438
1776067476.566765,10B4260D,3.901056768394416,-6.3659064245923185,6.31697206145698,0.008234955542138444,0.0027480110172103975,-0.005501419818549993,0.247314453125,-0.294921875,-0.868896484375,-44.542640066178066,-23.70179098223084,61.569036784671354
1776067476.566765,10B42626,1.0987411117432542,-2.3306827520924522,9.426011210185,0.009151647724857333,-0.0018302352538199043,0.0009540770257941457,-0.00927734375,-0.5478515625,-0.1533203125,-13.076244603635264,-6.314356948462234,88.84407540291598
1776067476.582322,10B4260D,3.886557250574454,-6.364994304303689,6.3179459573463035,0.008227126608278226,0.002778486700944355,-0.002754945292550635,0.2353515625,-0.2841796875,-0.8662109375,-44.53390624279199,-23.69815323193663,61.55701268091165
1776067476.582322,10B42626,1.0987078015590435,-2.3297174149479223,9.440845361744076,0.00091606794119415,0.0009150203966072854,-3.0058007217289752e-06,-0.02197265625,-0.536865234375,-0.147705078125,-13.079374020566382,-6.3150074090761406,88.82121764010441
1776067476.597912,10B4260D,3.901404212757071,-6.377846419974382,6.348471243982463,0.004577103755672373,0.0018146855972190304,-0.004585590787097039,0.233642578125,-0.29443359375,-0.8662109375,-44.54236235617712,-23.702236124235085,61.556551440772836
1776067476.597912,10B42626,1.098490397178109,-2.344259962955741,9.426486544953539,0.002748204348424479,0.002745061439025657,-9.017355480802762e-06,-0.024658203125,-0.54541015625,-0.150146484375,-13.078291300771498,-6.313270061414709,88.82740711181138
1776067476.613482,10B4260D,3.901772216241711,-6.37770310461161,6.319865221924652,0.005483058101134312,0.002747402346098434,-0.0036779035036923775,0.240478515625,-0.281982421875,-0.866943359375,-44.54187239930536,-23.70289551540876,61.56277231020099
1776067476.613482,10B42626,1.083287445634381,-2.3140684615846947,9.455499310535108,0.0036664813560581,0.0027388190789944724,-0.0009217813233988208,-0.016357421875,-0.536376953125,-0.1513671875,-13.077277940067027,-6.311556197352047,88.83983768169313
1776067476.629101,10B4260D,3.872318571116879,-6.3624909118687984,6.33462260673432,0.003663248491200407,0.000912723909998217,-0.002746765010830817,0.235595703125,-0.29052734375,-0.871337890625,-44.551565152590136,-23.705508985665883,61.55615813206014
1776067476.629101,10B42626,1.097934087581576,-2.3433159757187685,9.426786062081911,0.001827806484448568,-0.0009107060434745176,0.0009268045576423982,-0.021484375,-0.5419921875,-0.15283203125,-13.082739466490182,-6.313183957597685,88.83310403161471
1776067476.644730,10B4260D,3.8877115811871006,-6.376440389002412,6.320925786450275,0.006431960700471887,-0.0009279506836914007,-0.005464958743853808,0.23681640625,-0.293701171875,-0.867919921875,-44.555422707480176,-23.711164291309313,61.56027279014284
1776067476.644730,10B42626,1.083374341729976,-2.327934209187291,9.426682088765022,0.007327081296373129,-9.731288869869965e-06,-0.000893462645248479,-0.019287109375,-0.546875,-0.15283203125,-13.083729879960366,-6.3140039900769676,88.83818193574409
1776067476.660293,10B4260D,3.9031358999672454,-6.375042741422123,6.321707054692623,0.007348494123988421,-3.6519175640336565e-05,-0.00821934357729192,0.229736328125,-0.298828125,-0.857421875,-44.552365338541726,-23.71620607859884,61.56056873525584
1776067476.675814,10B42626,1.0975583716806667,-2.3271442839005583,9.45620428268206,-0.0018317498974184674,0.0036688694895639744,0.0008866147165492145,-0.024169921875,-0.552490234375,-0.141357421875,-13.091070725899062,-6.3112708953556975,88.83912584547953
1776067476.691470,10B4260D,3.9183537022878694,-6.373922106816288,6.308079263538878,0.009149360027529701,0.0018712821898887685,-0.0027423187992638115,0.231201171875,-0.290283203125,-0.873779296875,-44.54289915188785,-23.71497409770576,61.57377602844544
1776067476.691470,10B42626,1.0824587119243212,-2.3271158196199644,9.441579837349718,0.004576514657194331,0.0027499119190893357,0.000911928408998051,-0.025634765625,-0.541259765625,-0.157470703125,-13.071469329175983,-6.309842050431734,88.85225329565651
1776067476.707124,10B4260D,3.8888402788220464,-6.372790667981308,6.338163418647156,0.0054701956209265955,0.0036839100993478107,-0.0018580039624289206,0.238037109375,-0.291748046875,-0.870361328125,-44.55090333860735,-23.71681910852681,61.58321018799254
1776067476.707124,10B42626,1.111557378554003,-2.3410918516790784,9.44214135078005,0.0045743767049200275,-0.0009121381451870129,0.0009353915345168061,-0.0205078125,-0.54541015625,-0.155029296875,-13.084336219467493,-6.310531500205666,88.8685825830029
1776067476.722831,10B4260D,3.8888823382038273,-6.37241880008658,6.32426034314875,0.004567218796239432,0.0027401840377060246,-0.0036809570790151407,0.238037109375,-0.293212890625,-0.86669921875,-44.553312427965004,-23.717528438641917,61.58241514271866
1776067476.722831,10B42626,1.1116811413858136,-2.311482483487187,9.42724130922738,0.0018344165206851438,0.0009085969275664263,-0.0009158101605326102,-0.0205078125,-0.544677734375,-0.15087890625,-13.092614992358858,-6.310563026544896,88.87106964377125
1776067476.738218,10B4260D,3.8740585888957164,-6.357269495110676,6.3245490695104465,0.00548004187556225,0.0027579925082892526,-0.002762898522328713,0.240966796875,-0.290283203125,-0.866943359375,-44.55220905797722,-23.716517706866874,61.58227380482233
1776067476.738218,10B42626,1.0673785264891367,-2.325641229654703,9.427308701212155,0.0036643087796229094,0.0036600546758978223,-1.244134643238844e-05,-0.01513671875,-0.5439453125,-0.14990234375,-13.092474709198736,-6.308081375895229,88.87343483073899
1776067476.753861,10B4260D,3.9038742797795045,-6.370601320903856,6.325727166445273,0.00550989840842028,-2.0179850618146345e-05,-0.005477394940148644,0.2412109375,-0.285400390625,-0.864013671875,-44.55223670298179,-23.719211619608508,61.57699354451957
1776067476.753861,10B42626,1.0963335709754738,-2.3397787506681373,9.442440071845557,0.0009121814049565804,-0.0009100649924687893,0.0009242786457103038,-0.013916015625,-0.5380859375,-0.1474609375,-13.092899968196242,-6.3101237033005,88.86497229391313
1776067476.769422,10B4260D,3.8898461068655195,-6.384437424253091,6.32679671916994,0.009156620469601959,0.0009564203892287253,-0.002731269366812308,0.24755859375,-0.2939453125,-0.861572265625,-44.551821289933116,-23.72003836178511,61.570192812892216
1776067476.769422,10B42626,1.0819900354357765,-2.3245956068047606,9.427664912910075,0.008238797199820966,-0.0018355732164416234,3.732705780005289e-05,-0.011474609375,-0.546875,-0.1435546875,-13.084486690364596,-6.313369062023882,88.85166848718299
1776067476.784974,10B4260D,3.889945976838609,-6.3690514485183325,6.312754568551766,0.006403751921965114,0.002733165185286142,-0.005507075165803659,0.240478515625,-0.290771484375,-0.871826171875,-44.54167691645913,-23.717213121685464,61.554647661807714
1776067476.784974,10B42626,1.111070562631603,-2.323635390505775,9.442704152759697,0.00183605951920227,0.003655020744719162,-0.0009339302700562854,-0.015625,-0.5458984375,-0.157470703125,-13.071606312437408,-6.312300741195815,88.83211157104276
1776067476.800540,10B4260D,3.890090781118144,-6.38240000601104,6.328701646044367,0.008218137373765397,0.0028125475119232302,-8.912909226388524e-06,0.240234375,-0.289794921875,-0.867431640625,-44.542176887020226,-23.715219132314687,61.55352792433124
1776067476.800540,10B42626,1.0959937575529541,-2.352737564179131,9.428500437575773,0.002748235036945137,0.0027450407959853642,-9.561275530187367e-06,-0.01611328125,-0.542724609375,-0.1455078125,-13.082161817821643,-6.310604918722169,88.82394119395417
1776067476.815846,10B4260D,3.9043574890904087,-6.36675763164156,6.329297715148391,0.004564342414332512,0.002750591648946301,-0.002765929906135671,0.228271484375,-0.29736328125,-0.863525390625,-44.54430077894896,-23.71462433074042,61.549664678011254
1776067476.815846,10B42626,1.0957597565794457,-2.3521705801854305,9.428669099728566,0.0045748608051389035,3.5607950595914283e-06,0.0009298043365926804,-0.02880859375,-0.5517578125,-0.148681640625,-13.072889451562387,-6.311966320435763,88.8180644871988
1776067476.831425,10B4260D,3.87558725759179,-6.381674498924925,6.315261686803284,0.0018424481737943264,-2.8735928161583624e-05,-0.0036566368419519947,0.23583984375,-0.29736328125,-0.870849609375,-44.54736191369719,-23.717036828855985,61.56573779163858
1776067476.831425,10B42626,1.0955770372395153,-2.3367701675149717,9.443272873693576,0.0027443186134802314,0.000920082403601855,0.0009180015538057274,-0.020263671875,-0.5498046875,-0.1552734375,-13.069281606847131,-6.311354506546114,88.8407060174651
1776067476.846626,10B4260D,3.890909063652077,-6.381247759340751,6.300886737516014,0.002778362266078518,-0.0018739765275746277,-0.005463092363030483,0.242919921875,-0.286376953125,-0.863525390625,-44.54926153549659,-23.721204719869906,61.57257634823265
1776067476.846626,10B42626,1.0954340111164442,-2.321903521253714,9.428562438891701,0.0027448691463868606,0.0018355939919776154,0.0009118984455688516,-0.01513671875,-0.54150390625,-0.14599609375,-13.075654562407228,-6.310167566970366,88.84438801738033
1776067476.862189,10B4260D,3.8914559263246318,-6.3796136441102504,6.33067146742264,0.008264334794450255,-0.0009138351034519613,-0.005458195484860227,0.233642578125,-0.287353515625,-0.8671875,-44.54775600631862,-23.724294718588528,61.56355128901558
1776067476.862189,10B42626,1.1097226168575787,-2.306849626523141,9.428606761973935,0.002748301176842704,0.0027449780934995266,-9.728057281921045e-06,-0.02294921875,-0.539794921875,-0.15380859375,-13.069355955863783,-6.309228956016476,88.83481654408361
1776067476.877735,10B4260D,3.8917918037601362,-6.364079243726256,6.3166302976067685,0.00915480883639236,0.0018509371008396576,-0.004573129705156621,0.24169921875,-0.286865234375,-0.864013671875,-44.55002555910021,-23.72765403106328,61.56662232854022
1776067476.877735,10B42626,1.0800675080532405,-2.320879308671279,9.428800888534791,0.0045817265960818344,0.0018222822989527952,-0.0009132805060630899,-0.0166015625,-0.539794921875,-0.1435546875,-13.075999659495176,-6.308119457992765,88.84218068534014
1776067476.893083,10B4260D,3.8920788512418936,-6.377598600190754,6.3180874568634815,0.00821584963869157,0.003707404480198712,-0.0018514956219225236,0.24072265625,-0.296875,-0.865478515625,-44.548668476963634,-23.72544727177597,61.55886958183685
1776067476.893083,10B42626,1.0946655402040255,-2.3351569896154185,9.414603597667849,0.002746630492373402,-1.533459936976949e-06,8.748905583706607e-06,-0.014404296875,-0.551513671875,-0.147705078125,-13.066914178298605,-6.309743190084486,88.83617014056517
1776067476.924145,10B4260D,3.8916044705596864,-6.362200314973039,6.31863814517371,0.0027057861599699166,0.006386242622575718,-0.0037319708682020604,0.242919921875,-0.281005859375,-0.864501953125,-44.54456360009296,-23.72072070008921,61.553433534925276
1776067476.924145,10B42626,1.1090261607688279,-2.320031935060348,9.414656608106949,0.003661468291780606,0.0036662034334262556,0.0009023634741577716,-0.014404296875,-0.533203125,-0.147705078125,-13.058649025125131,-6.307910074116769,88.82629001089072
1776067476.939390,10B4260D,3.8916631557812713,-6.3759405513939535,6.334243482814355,0.0036559559527336223,0.0018277756220289793,-0.0027579089866405773,0.2392578125,-0.289794921875,-0.867431640625,-44.55220760548785,-23.721637004899453,61.5429123859673
1776067476.939390,10B42626,1.0795151974898867,-2.3339910876405803,9.414852932733702,0.004583035167620607,-0.0009305640517433571,-0.0018100527177022552,-0.018798828125,-0.54345703125,-0.15087890625,-13.05686391817986,-6.310579086816922,88.81431962712105
1776067476.955033,10B4260D,3.892000316662627,-6.37560680129573,6.320145738948547,0.0055050468624747466,9.438123354434163e-07,-0.003645525578308371,0.23828125,-0.29345703125,-0.864501953125,-44.55440593043634,-23.723599999940845,61.54203880817404
1776067476.955033,10B42626,1.1087578802987783,-2.333368735599408,9.415209808514398,0.003660334048658252,0.0018352731300305264,0.0009147228136370411,-0.017578125,-0.546630859375,-0.148681640625,-13.057927677053879,-6.309666725530604,88.81451416152562
1776067476.970727,10B4260D,3.8925319937841354,-6.374586271942901,6.320847678318714,0.008265129645610941,-0.000914013725953966,-0.005457052822492823,0.235595703125,-0.29248046875,-0.8701171875,-44.55001875612738,-23.72623296708269,61.54274484871552
1776067476.970727,10B42626,1.1084702824327313,-2.3182991372413757,9.415148907522758,0.0018321905783809443,0.0018299995163885668,-6.680819639258961e-06,-0.020263671875,-0.545166015625,-0.15380859375,-13.05570765363495,-6.309304936900863,88.81093515646948
1776067476.986424,10B4260D,3.8929177132278006,-6.358641598338338,6.321410848835137,0.009168432299230273,0.0009132551702890683,-0.006392426299648295,0.239501953125,-0.288330078125,-0.8671875,-44.54843469670995,-23.73005272889266,61.54538587707659
1776067476.986424,10B42626,1.0934044143736232,-2.332304836004728,9.430042706775561,0.003660321583137828,0.0018352880441972618,0.0009147507457544428,-0.017578125,-0.540283203125,-0.1533203125,-13.06100985680246,-6.308106642893417,88.8143646418845
1776067477.002115,10B4260D,3.907860636692819,-6.371538062234934,6.337558855278914,0.007292134723447122,0.0046161853154281,-0.0018659737137339662,0.2353515625,-0.29345703125,-0.862060546875,-44.549045071852234,-23.72789964947621,61.5414753655627
1776067477.002115,10B42626,1.1223178656533879,-2.3314146469839088,9.445091814657367,0.0054973553324623925,0.001821580113326675,-0.0009102920247271581,-0.0205078125,-0.546630859375,-0.145751953125,-13.065017867139595,-6.307514278892815,88.81033875899413
1776067477.017336,10B4260D,3.878573447891088,-6.3861183027572626,6.324236792401709,0.007279794300195514,0.006435662280222771,-0.0028043249992398944,0.240966796875,-0.294921875,-0.863037109375,-44.54465752559448,-23.72401905541055,61.54223806705519
1776067477.017336,10B42626,1.0929372821622447,-2.316353969208423,9.430217053173536,0.0018316408413133936,0.0009144898587470159,-3.8900109189147406e-07,-0.016845703125,-0.549072265625,-0.146240234375,-13.058797206358804,-6.307964160473496,88.81349485434035
1776067477.033266,10B4260D,3.8781406053459775,-6.37062503642282,6.339058929095764,-0.0009095432440118653,-3.062319903155425e-05,-0.0018337831715797654,0.237060546875,-0.28564453125,-0.8662109375,-44.54715739277275,-23.722415067584706,61.54186336970637
1776067477.033266,10B42626,1.0783967651733906,-2.330561781614404,9.430415588351595,0.0036575308718826533,-0.0027421758601050687,0.0009466696743529705,-0.0205078125,-0.539794921875,-0.151611328125,-13.050315227269849,-6.3119864287612915,88.81013345778985
1776067477.048483,10B4260D,3.878576414465139,-6.370523394988735,6.324678089439379,0.006428661845227766,-0.0009068173409002219,-0.0036307443859530846,0.232666015625,-0.287109375,-0.86279296875,-44.55251133452798,-23.726222718135872,61.542853762758206
1776067477.048483,10B42626,1.107530872847674,-2.329811953722798,9.430819367229393,0.0064116093127263435,0.004573929604711961,-1.1231384680730095e-05,-0.022216796875,-0.5400390625,-0.145751953125,-13.05168372880363,-6.308466081861561,88.81303003614526
1776067477.064119,10B4260D,3.8938009096276085,-6.369379573125344,6.325313357024448,0.005523825309722487,-0.0018415120588848584,-0.004537511065178979,0.233642578125,-0.294677734375,-0.86865234375,-44.55809375734238,-23.73130756189555,61.54960471187565
1776067477.064119,10B42626,1.0925295465295173,-2.3147967149859254,9.416062014325902,0.0009100909402548979,0.0009279323948141656,0.0018275474536122887,-0.02197265625,-0.548583984375,-0.152587890625,-13.049738781730488,-6.308196751599066,88.82219783193207
1776067477.079826,10B4260D,3.894381852430885,-6.368376610363512,6.325965549624731,0.00733469241612735,0.0009088955416037323,-0.005482124072023297,0.23681640625,-0.2841796875,-0.869140625,-44.55712369251867,-23.73401810630895,61.55601500983651
1776067477.079826,10B42626,1.0922780653092405,-2.3436594330113216,9.416608370097292,0.004584899796443177,0.0018154128734711368,-0.001828838674172423,-0.0205078125,-0.537353515625,-0.154296875,-13.051096931016557,-6.307639621603542,88.82644664346627
1776067477.094600,10B42626,1.106686410892995,-2.3133655940478497,9.431156019131109,0.00549383219226234,0.0009124117918824036,1.1703588767946556e-05,-0.02490234375,-0.546875,-0.147705078125,-13.058539841172536,-6.307342388277356,88.82983120761304
1776067477.111687,10B4260D,3.894751944262088,-6.374465270509643,6.320136873137647,0.006390662994142604,0.0032243251842493164,-0.0027675494754212226,0.23095703125,-0.2861328125,-0.86962890625,-44.55932809792006,-23.73545748351678,61.55204301306593
1776067477.111687,10B42626,1.077118297020544,-2.3280468892941912,9.402015391882347,-0.0009157815864081014,0.004584613966653806,0.0008797064357831075,-0.027099609375,-0.539306640625,-0.15771484375,-13.059001294900435,-6.30361661101249,88.84249348360945
1776067477.127326,10B4260D,3.8941396886737536,-6.351259258878025,6.328076177080671,0.0027136171082112913,0.004577498092518937,-0.0018810488771665022,0.2373046875,-0.291259765625,-0.865234375,-44.57324232535361,-23.733889151067476,61.5606366167927
1776067477.127326,10B42626,1.0911483754595144,-2.3275744800363687,9.416889295944928,0.00457886140511572,0.0018284039714348576,2.3002765949628433e-06,-0.020751953125,-0.543701171875,-0.149658203125,-13.072745870704168,-6.301654897500115,88.85973870425232
1776067477.158201,10B4260D,3.8947437670579905,-6.380208084438243,6.314896631262591,0.007328998433877239,0.0009320374212255287,-0.0036506218036714156,0.236328125,-0.282958984375,-0.858154296875,-44.57220093868152,-23.7347123315541,61.56171913156283
1776067477.158201,10B42626,1.1057332602704382,-2.327164350714109,9.402518058350514,0.00365909949376466,4.491292841348152e-06,0.0009278636914164322,-0.02099609375,-0.53759765625,-0.14306640625,-13.072330347276294,-6.302465336911972,88.86402207860648
1776067477.173411,10B4260D,3.8950241182939656,-6.364642738493177,6.315123114261837,0.004612122029257315,-0.0018615863102112995,-0.005454844013251952,0.233642578125,-0.28369140625,-0.8583984375,-44.57770955666147,-23.73975592768208,61.56026188903983
1776067477.173411,10B42626,1.105714860337514,-2.326671065144382,9.402642298138732,0.002746637682083041,-1.588470091554877e-06,9.27397021579082e-06,-0.02392578125,-0.535888671875,-0.14306640625,-13.065123504249547,-6.303734772875829,88.86735429369836
1776067477.189109,10B4260D,3.9254547646820392,-6.392302397409393,6.3167964933064615,0.009161361099871423,0.0018282872697849128,-0.006403316349262342,0.2392578125,-0.293212890625,-0.87255859375,-44.57820233821941,-23.743304667697945,61.55928414779491
1776067477.189109,10B42626,1.0755823454742155,-2.325153305571925,9.446654584228519,0.008237769587717,0.006417056295172695,0.0018124310734313129,-0.017333984375,-0.546875,-0.154052734375,-13.053989464408158,-6.2983016886207945,88.87771290526041
1776067477.204626,10B4260D,3.8960063708360373,-6.376455037899321,6.332105498627518,0.010043761892615674,0.004618160392671261,-0.0036897216993896837,0.245361328125,-0.296630859375,-0.86572265625,-44.574161391090755,-23.74186498978218,61.556994559914585
1776067477.204699,10B42626,1.1038847737633921,-2.3242167009420758,9.476373282638216,-0.0009200439766093495,0.002760454263923357,0.0018077862072183053,-0.01416015625,-0.549560546875,-0.15087890625,-13.063142701527928,-6.296581811988186,88.87463895467562
1776067477.220568,10B4260D,3.895665431483717,-6.375103729167703,6.34787188817966,0.005456557804029239,0.004613597067934772,-0.0009578877733415397,0.242431640625,-0.281982421875,-0.864013671875,-44.56727951877531,-23.73541004487019,61.54919039283897
1776067477.220568,10B42626,1.0894290056463778,-2.339136955124683,9.432644361660515,0.005495225120789966,-0.0018410426508178273,-0.0008831639531048844,-0.015380859375,-0.533935546875,-0.148681640625,-13.059577913602098,-6.30030740826216,88.86330258727791
1776067477.235815,10B4260D,3.881124156580214,-6.375258257218231,6.333621967455035,0.0009282255133416851,-3.9812941848302025e-05,-0.0036589620744872436,0.2412109375,-0.283447265625,-0.86962890625,-44.57677974897149,-23.73787882530975,61.54064296484605
1776067477.235815,10B42626,1.1044492460235094,-2.309348992885176,9.417820624509513,0.0036615904996150596,-0.0009177063227215424,1.931423588205303e-05,-0.015380859375,-0.535888671875,-0.15283203125,-13.060739594092675,-6.302680750848203,88.85395667260909
1776067477.251493,10B4260D,3.8817996806792343,-6.360959847594772,6.3039293333431905,0.0009698347702320257,-0.003737424986014832,-0.0063572656058784515,0.23486328125,-0.292236328125,-0.863037109375,-44.588193552315275,-23.745366285571304,61.536028254964705
1776067477.251493,10B42626,1.1187912612969544,-2.323582015949111,9.418277391715154,0.0018340736777100373,0.004576439200824527,-2.7481301802682187e-05,-0.022705078125,-0.545166015625,-0.146728515625,-13.068971822289022,-6.299740426912876,88.84373518650175
1776067477.266785,10B4260D,3.912384402269251,-6.388803346837423,6.305335732993997,0.00916640934607954,0.0009250586591372414,-0.005475672729133121,0.234375,-0.283935546875,-0.86767578125,-44.5842423725675,-23.74713336167178,61.53945996518924
1776067477.266785,10B42626,1.0886040033135285,-2.3227537230969846,9.432955055225113,0.00549685926780059,0.005489750788277068,-2.154593242687905e-05,-0.023681640625,-0.5361328125,-0.15283203125,-13.06223477058267,-6.295652743087705,88.8508094603309
1776067477.282387,10B4260D,3.9120120007933212,-6.358117115597672,6.305888614470049,0.01186623934906154,0.005550853377213776,-0.0036964887787822934,0.2412109375,-0.284912109375,-0.852294921875,-44.58506482009866,-23.747360928472162,61.53879426680388
1776067477.282387,10B42626,1.0882255823177884,-2.336824453538636,9.433356422553983,0.001830497179639062,-0.0009166051349930985,1.3242944297498637e-05,-0.016845703125,-0.537353515625,-0.136962890625,-13.071861644641704,-6.296853805157563,88.86169894227214
1776067477.298069,10B4260D,3.897071185091842,-6.356928975476315,6.32162638592722,0.005472154446405824,0.0027834620440314794,-0.0009342571981797686,0.23681640625,-0.2939453125,-0.868408203125,-44.583558543132746,-23.743724998607497,61.53149740897326
1776067477.298069,10B42626,1.0886645106422561,-2.322112368811596,9.403944483603816,0.004576542361602652,-0.0018337586581285937,2.9696321259687027e-05,-0.020751953125,-0.545654296875,-0.151123046875,-13.053757257446732,-6.30071108219769,88.85616254367773
1776067477.313610,10B4260D,3.8824325597927287,-6.370530081157006,6.35176381538994,0.0027449708814188223,0.0009157409512078922,-0.001834223434732381,0.239013671875,-0.29345703125,-0.86767578125,-44.58706136250309,-23.743093586873147,61.536579865227345
1776067477.313610,10B42626,1.1032628279639853,-2.335983173395776,9.41904642275998,0.002747238828766206,0.0009138606151640887,2.732026531911704e-06,-0.01904296875,-0.546142578125,-0.15283203125,-13.056042210341586,-6.300858236004407,88.85952368333407
1776067477.329299,10B4260D,3.898042162499647,-6.385905722218671,6.2940708462229225,0.0045988751321786175,-0.000923008215230677,-0.003634651292539459,0.237548828125,-0.2880859375,-0.860595703125,-44.58784271225866,-23.744477629078908,61.53848105347564
1776067477.329299,10B42626,1.087768283856795,-2.320467570637557,9.46277485678004,-6.002353209771479e-06,0.005513688402568906,0.0027052194785862735,-0.017333984375,-0.54150390625,-0.14013671875,-13.063160360923213,-6.296271259058449,88.8602320318584
1776067477.345048,10B4260D,3.883324923095794,-6.370245545292656,6.308945784072789,0.007307827491747422,0.0036666457988257404,-0.004602662116010225,0.234375,-0.287841796875,-0.87158203125,-44.58601720909708,-23.743854013180577,61.53511460986391
1776067477.345048,10B42626,1.0874882759724207,-2.3207891184914438,9.433567278614248,0.001831094640723307,-1.1386731655686259e-06,6.490938018191485e-06,-0.021240234375,-0.54150390625,-0.1552734375,-13.051176146192141,-6.298274382845094,88.85566600330655
1776067477.360587,10B4260D,3.898113333492687,-6.368440082266489,6.324688696115151,0.008243102415511516,0.001831836022399055,-0.0054904144238794575,0.232421875,-0.295654296875,-0.870361328125,-44.589587481005644,-23.747348940385834,61.53797189541052
1776067477.360587,10B42626,1.1023517063175636,-2.320232109310895,9.433787464669024,0.005491431050209888,-0.002749936107861844,4.0148983676768115e-05,-0.025146484375,-0.548095703125,-0.15380859375,-13.058647894903562,-6.301434891960814,88.86094443270336
1776067477.391031,10B4260D,3.91329196995917,-6.366994457098213,6.325642645534848,0.007352353344294002,-0.000922749353630219,-0.005456192799039779,0.23583984375,-0.28515625,-0.863525390625,-44.58965573354496,-23.75097619534203,61.548117632048694
1776067477.391031,10B42626,1.1169212213181525,-2.3344086013697862,9.419660935861595,0.003662067187216361,0.0045821940427325574,0.0008937241957107855,-0.020751953125,-0.536865234375,-0.148681640625,-13.063762012539131,-6.297343106324033,88.87450527957004
1776067477.406815,10B4260D,3.8992783688960304,-6.395630096132381,6.327203351751854,0.005441735559053318,0.006433413578657009,-0.0019001482056125768,0.236328125,-0.29345703125,-0.8623046875,-44.59352340413229,-23.748077677792555,61.545931686951405
1776067477.406815,10B42626,1.1010631145544783,-2.318667754588342,9.463481133385965,0.0018289746447314678,0.0064213261544890715,0.0017887769503312965,-0.021240234375,-0.54638671875,-0.144775390625,-13.066610192952652,-6.292019504093706,88.87777993668988
1776067477.422215,10B4260D,3.912808295897395,-6.365109571565296,6.342013822820012,0.003615629991291882,0.005513642992089894,-0.000978301638311171,0.23193359375,-0.29052734375,-0.864013671875,-44.59322175186817,-23.742901299280557,61.54769430691006
1776067477.422215,10B42626,1.0861498665794556,-2.3484845764515216,9.419976869445378,-3.649017936771526e-17,9.046311876675928e-18,-4.0657581468206424e-18,-0.02490234375,-0.542236328125,-0.146484375,-13.062134972395034,-6.293391698979664,88.88236634798533
1776067477.437787,10B4260D,3.869091523318527,-6.379878387680243,6.342829801683649,0.006422351827757347,8.984303178448544e-06,-0.003640112063039542,0.235107421875,-0.29052734375,-0.862548828125,-44.59572651655254,-23.745006842120258,61.556135081066024
1776067477.437787,10B42626,1.1010741170352614,-2.3184202719958478,9.434382097122818,0.0073178861007568,-0.004575267175096365,0.0009768422038314451,-0.02099609375,-0.54296875,-0.147705078125,-13.055520144149668,-6.298184925097473,88.8973658732062
1776067477.453426,10B4260D,3.8989490022186715,-6.364335730725595,6.32830396202521,0.0018879729043003752,-0.003732491479960875,-0.00635171476948264,0.233154296875,-0.285400390625,-0.86279296875,-44.600869442788834,-23.750651518741826,61.56094104237555
1776067477.453426,10B42626,1.1014509865129187,-2.3032624667031176,9.419662092659488,0.0018421831366967581,0.0018087109248616008,-0.0027539998068562602,-0.02294921875,-0.538330078125,-0.14501953125,-13.054588413994392,-6.29830192030089,88.89782681159254
1776067477.468963,10B4260D,3.9144700660309666,-6.3631803994445795,6.328750797103308,0.00642710391882962,0.0008744764686005124,-0.007314827175118154,0.234619140625,-0.29345703125,-0.86328125,-44.60437996485559,-23.75539047819922,61.5619297229895
1776067477.468963,10B42626,1.0859057836320718,-2.317295488370353,9.434608359579398,0.002745724906471425,0.008251927917897446,0.0017774412153461114,-0.022216796875,-0.54638671875,-0.145263671875,-13.051288257564801,-6.291270956150886,88.90542496425746
1776067477.484255,10B4260D,3.8853279268615,-6.362656913393302,6.3295365687695755,0.008195996183557399,0.0055442082986768264,-0.0018791050749914799,0.237060546875,-0.298828125,-0.86962890625,-44.600470025248214,-23.751135456093497,61.56504357941052
1776067477.484255,10B42626,1.085362418980479,-2.3317617597154823,9.420360905092062,0.002742663702012504,-0.0009102013552219524,0.0009326122322604414,-0.02001953125,-0.55126953125,-0.153076171875,-13.045529562476924,-6.293157365337929,88.91330807823186
1776067477.499945,10B4260D,3.8849539262691413,-6.362106491783438,6.316151653175362,0.008184165683387989,0.0064722782547844485,-0.0009763618295757032,0.23583984375,-0.294677734375,-0.869873046875,-44.59442708220383,-23.744858932525922,61.56820506163715
1776067477.499945,10B42626,1.0858824712152884,-2.3168525599185017,9.39098542106408,0.00641023251256149,-0.0027577791325909037,-0.0008708263588996323,-0.021728515625,-0.546142578125,-0.150390625,-13.045215610599804,-6.297127976934569,88.91539141768072
1776067477.515223,10B4260D,3.870155906434371,-6.374879496421556,6.361371069654603,0.006422659821319228,9.127494490952938e-06,-0.0036396449269104074,0.2353515625,-0.289794921875,-0.867919921875,-44.59470822927125,-23.746055459321877,61.57393404596191
1776067477.515223,10B42626,1.0998704950710885,-2.32956805975823,9.464763344708043,0.003668712738768421,0.00456803110263852,-0.0009378848899511346,-0.021240234375,-0.5419921875,-0.150634765625,-13.04566860750849,-6.294137829313737,88.91888705480233
1776067477.530805,10B4260D,3.900591911459589,-6.38983418176028,6.303923079860595,0.0036844621259117835,-0.0009320829507755038,-0.003636345563323013,0.241455078125,-0.2939453125,-0.86181640625,-44.60060422057282,-23.748852886324677,61.57854422254058
1776067477.530805,10B42626,1.0991667593062202,-2.329232061808015,9.464927787990657,0.0009046936731350992,0.003690114919951432,0.0036366738162587685,-0.015869140625,-0.546630859375,-0.14453125,-13.051006678121501,-6.2909763218490315,88.92490607271557
1776067477.546406,10B4260D,3.8862419831182606,-6.374329324808962,6.31837394489383,0.004623935447528847,-0.0027798581340003556,-0.005438398604012463,0.2314453125,-0.30126953125,-0.868408203125,-44.59788865966622,-23.75108929289269,61.57651459731955
1776067477.546406,10B42626,1.0844276418310186,-2.3294236330172158,9.421046987903688,0.005497332798297791,0.0009046750669000382,-0.0009023502022544546,-0.025146484375,-0.55322265625,-0.151611328125,-13.040477584460804,-6.292434525169201,88.91557903008605
1776067477.562108,10B4260D,3.901334322442991,-6.358439423570449,6.318597213075552,0.008270868204532647,-0.0018040937575987677,-0.0036077669949944433,0.234619140625,-0.29150390625,-0.869384765625,-44.593871319397195,-23.752360944569126,61.59116862185592
1776067477.562108,10B42626,1.114154772036801,-2.328814768583209,9.406796798356023,0.005493403496241134,-0.004588353418353348,-0.0008590713901002106,-0.02197265625,-0.5439453125,-0.15283203125,-13.039252755257685,-6.297565494666197,88.92974147692911
1776067477.577697,10B4260D,3.902125714568524,-6.386613865740945,6.320392798662824,0.008210620819751355,0.004603715495527847,-0.0036984933735405953,0.242431640625,-0.29345703125,-0.864501953125,-44.59349771064108,-23.751320628918116,61.59312866088955
1776067477.577697,10B42626,1.09916519641758,-2.3274607155381224,9.450787216947592,0.002743195844599945,0.00459025700123458,0.0018047831879003649,-0.0166015625,-0.546142578125,-0.146484375,-13.04522290552674,-6.293828216818911,88.93567185803903
1776067477.592983,10B4260D,3.9019392889296576,-6.385334109625874,6.321800785860052,0.01093486226579369,0.007363145746893074,-0.004643545010999007,0.24072265625,-0.295166015625,-0.86572265625,-44.583090950083744,-23.746459273182396,61.58317694018544
1776067477.608727,10B42626,1.098007252102223,-2.341411030217894,9.465900046089404,0.003657354208829966,0.007343443970113974,0.0027018408007079423,-0.016845703125,-0.5478515625,-0.1494140625,-13.039892008906072,-6.2883587802659715,88.9302704030293
1776067477.624575,10B4260D,3.886363497918698,-6.368996506755595,6.351978826382224,0.007267375272415388,0.006464867337383078,-0.0009814565128849083,0.23779296875,-0.29248046875,-0.862548828125,-44.57777831946551,-23.7398654491363,61.57968418604149
1776067477.624575,10B42626,1.0832760477644132,-2.326975492114459,9.42178444572805,0.002741159372434681,-0.0027410916505052263,0.0009477496802873644,-0.020751953125,-0.5439453125,-0.146728515625,-13.039083551340575,-6.292503758712217,88.9265392274993
1776067477.640471,10B4260D,3.8722410688946494,-6.383195509774923,6.352870491153422,0.0018904914387967277,-0.0037357399938447084,-0.006349086363085884,0.232666015625,-0.295654296875,-0.866455078125,-44.580915814540035,-23.744533898201002,61.58163323683609
1776067477.640471,10B42626,1.0983917327966377,-2.326584864072211,9.407366085697761,0.00549533669447991,-0.0018421545324371852,-0.0008802748346883442,-0.02783203125,-0.548095703125,-0.14794921875,-13.033724101850142,-6.295764339020536,88.92842983120224
1776067477.656267,10B4260D,3.9030578175000947,-6.368969000801244,6.293958444384494,0.0019271548616408532,-0.00652126854858246,-0.009055966589484142,0.237548828125,-0.29736328125,-0.8623046875,-44.58548965832346,-23.75355527243131,61.591438013904934
1776067477.656267,10B42626,1.0833254939500778,-2.3404006091917378,9.422313755007355,0.0018318027588245878,0.005499136559088206,0.0008781196591649029,-0.01953125,-0.549560546875,-0.14990234375,-13.033276423769449,-6.29091073822373,88.94611767812842
1776067477.671512,10B4260D,3.904245408532461,-6.382210877907106,6.309381630904445,0.008248593971974073,0.0009297751831064249,-0.0045618261760031545,0.233154296875,-0.294921875,-0.86962890625,-44.578459150451145,-23.75257924550868,61.59333210119533
1776067477.671512,10B42626,1.0971371483384376,-2.3255956669542126,9.407757071502166,0.0036635979128614706,0.006413370325435562,0.0008776511746506464,-0.02392578125,-0.54638671875,-0.151123046875,-13.032005120725803,-6.286230115604772,88.94666236903161
1776067477.686938,10B4260D,3.888918401601775,-6.36632344322198,6.324795660918725,0.009983024508393829,0.009252135719907847,-9.739204603232568e-05,0.231201171875,-0.290771484375,-0.868896484375,-44.57479992014773,-23.745401853308522,61.597579765938
1776067477.686938,10B42626,1.0963712983813834,-2.339200633529605,9.43748729479448,0.0036622020812855614,-2.5686817905790197e-06,1.4019532018351397e-05,-0.025390625,-0.543701171875,-0.154541015625,-13.034248650578121,-6.287042766787948,88.95603616437056
1776067477.702185,10B4260D,3.888129896204657,-6.364875685745293,6.340881284735165,0.008194253969712108,0.005546177151626889,-0.0018815411734864624,0.24072265625,-0.293701171875,-0.86474609375,-44.57668645556419,-23.74321050789671,61.60359189919833
1776067477.702185,10B42626,1.0819427773469412,-2.323966720943595,9.437254652538307,0.003656612315277841,-0.0027416373120098523,0.0009518194461158084,-0.019287109375,-0.54736328125,-0.145263671875,-13.042431277813126,-6.289847324707352,88.96920013890929
1776067477.717979,10B4260D,3.8884893324266954,-6.364502807815382,6.32689142365151,0.0018738013115511454,-0.0019062028856793234,-0.006374863260173905,0.23876953125,-0.294189453125,-0.865966796875,-44.57822154282673,-23.74610488085226,61.601383562946
1776067477.717979,10B42626,1.0967194927515536,-2.3386803681905985,9.408428144734891,0.0018373990671699382,0.0036532455010028966,-0.0009383796678786055,-0.020263671875,-0.54638671875,-0.14990234375,-13.03719415932229,-6.288357654015025,88.96728139490814
1776067477.733245,10B4260D,3.889364170092236,-6.363873683357315,6.326986523158428,0.0027947194277672133,-0.002799260396317323,-0.005442698643830832,0.238525390625,-0.293212890625,-0.85888671875,-44.58032870238063,-23.74935288493185,61.60316551337442
1776067477.733245,10B42626,1.1104848007740171,-2.323269448021215,9.437748885609603,0.0018387992464732107,0.005484252830599684,-0.0009533360700400571,-0.016845703125,-0.5458984375,-0.14208984375,-13.03874658196621,-6.284843718978949,88.9669604452864
1776067477.748931,10B4260D,3.88998165751554,-6.363902202088075,6.2982962976606975,0.007294073746542989,0.0045957635509879784,-0.003702862645688977,0.2314453125,-0.28857421875,-0.865966796875,-44.57463940129427,-23.745636756372793,61.59955411682059
1776067477.748931,10B42626,1.0658069656031466,-2.337077226350855,9.467069682510246,0.001831794572281975,0.0009142343329854344,-3.8469100236853283e-07,-0.025390625,-0.5419921875,-0.149169921875,-13.029661164343073,-6.286150830976376,88.96102351557356
1776067477.764728,10B4260D,3.8902648558452495,-6.39088408425341,6.344070064238313,0.00732096356834199,0.0018495942186270858,-0.0036624087963644286,0.238037109375,-0.2880859375,-0.867919921875,-44.57816718278083,-23.747147470280407,61.60524556034926
1776067477.764728,10B42626,1.1104380437053312,-2.337659758140296,9.408908584450192,0.0036629838914066237,-0.0036720614032892873,-0.0008712218938740911,-0.0185546875,-0.540283203125,-0.152587890625,-13.031072927978627,-6.2904189255842775,88.97154943518883
1776067477.780265,10B4260D,3.8904518276563382,-6.376163617881982,6.315154154957723,0.005493403367278582,0.0018179426020871233,-0.0045845140587352975,0.236572265625,-0.295166015625,-0.868896484375,-44.5814704390029,-23.748538145270444,61.60285927458251
1776067477.780265,10B42626,1.1103054560339625,-2.321740106063126,9.438146330887891,0.006407395940932769,0.0027496558948506846,0.0009176168423060971,-0.021484375,-0.548583984375,-0.1533203125,-13.034052129867387,-6.289111108702665,88.96825253924058
1776067477.795524,10B4260D,3.8903534656853536,-6.374115457433523,6.359682899738908,0.003658657489912867,0.0018132109451320139,-0.003675712488701027,0.232666015625,-0.292236328125,-0.86572265625,-44.58328421136184,-23.74794931201378,61.605924457651156
1776067477.795524,10B42626,1.094861465724908,-2.336031119016585,9.438447601467155,-0.0018333365628406698,0.006424963373005903,0.0017707896812262827,-0.023193359375,-0.5458984375,-0.145751953125,-13.043486468636619,-6.2838798672131775,88.97353396936468
1776067477.810908,10B4260D,3.890684742547755,-6.374416615865556,6.330906513835864,0.0036514336001474018,0.0018402999361858024,-0.0018447840114383263,0.242919921875,-0.290771484375,-0.86083984375,-44.587919515662136,-23.747006788685454,61.612982609784346
1776067477.810908,10B42626,1.0796694739673456,-2.350448736684569,9.438687070371472,0.004581349070199405,-1.0812887208155e-05,-0.0008974749644272223,-0.015625,-0.543701171875,-0.142333984375,-13.037652563532506,-6.285259681564513,88.97957704197243
1776067477.826671,10B4260D,3.8913654016787556,-6.38830484651665,6.331859911907058,0.005527922181380338,-0.0009553858726094233,-0.006374474467754248,0.233642578125,-0.28564453125,-0.8720703125,-44.58526580833461,-23.748938067951205,61.605824226948094
1776067477.826820,10B42626,1.094979446175028,-2.3206297993484317,9.423807045693557,0.0054848175463323295,-0.006404751555209743,0.0009903335687261796,-0.02392578125,-0.5380859375,-0.15576171875,-13.026511384022418,-6.293331882321561,88.97292360022071
1776067477.858000,10B4260D,3.891936405661524,-6.358920566877906,6.3021190899111215,0.004634201770876123,-0.0028089859821450124,-0.007265927725773116,0.232177734375,-0.291259765625,-0.867919921875,-44.594630303191444,-23.75706350513173,61.6094509957548
1776067477.858000,10B42626,1.1097904955587283,-2.3348235001001494,9.4096892007036,0.0036699959871590625,0.0054827701612587725,-0.0009471477978651142,-0.023193359375,-0.543212890625,-0.149169921875,-13.037631395346988,-6.2889914112865055,88.97756705883809
1776067477.873298,10B4260D,3.9073226145852047,-6.386037399470734,6.333148055769057,0.009122701646629578,0.003740612639055085,-0.0009370755605754503,0.236328125,-0.291259765625,-0.8662109375,-44.595204296106296,-23.754708937936517,61.616201332373585
1776067477.873298,10B42626,1.0789386333443767,-2.3334468073256653,9.468256911526826,0.0009146914208125978,0.0082542364463294,0.001765508656149658,-0.021240234375,-0.542724609375,-0.14990234375,-13.040960171113484,-6.281947959820845,88.98372724802272
1776067477.888948,10B4260D,3.9070524695837308,-6.3855196931738,6.319710816448564,0.007267666187071643,0.006454491136518332,-0.00190062086116762,0.234375,-0.2919921875,-0.8671875,-44.594215375252865,-23.75025287780199,61.615289912976586
1776067477.888948,10B42626,1.0930360169541604,-2.333360362513877,9.453891245761596,0.0036658560362806208,-1.0301356262694279e-05,-0.0009008525942626743,-0.022216796875,-0.54541015625,-0.15283203125,-13.042402851649573,-6.283412790541741,88.98512954246586
1776067477.904846,10B4260D,3.8773768373428763,-6.370719510448031,6.319870751240648,0.0036678492631487063,0.0008974680009694039,-0.0036620902885009065,0.2353515625,-0.296142578125,-0.8662109375,-44.59850530044897,-23.751026253231256,61.61980442772608
1776067477.904846,10B42626,1.0939112943154439,-2.319205102785611,9.38056737044999,0.005498485026281976,-0.002765813740589548,-0.0017858966722970487,-0.0205078125,-0.5498046875,-0.1484375,-13.045165427924113,-6.2874131577567995,88.98930738037555
1776067477.920591,10B4260D,3.8782551815569617,-6.384675505854482,6.320645624202048,0.0037120925329058906,-0.002791664006030569,-0.005437527043030078,0.234130859375,-0.292724609375,-0.862060546875,-44.60001612769252,-23.754155432263122,61.62613559763211
1776067477.920591,10B42626,1.0935134027692839,-2.3321330355231207,9.439567787663083,0.003659973660262309,0.0018362279145213117,0.0009145374577263387,-0.02294921875,-0.545166015625,-0.14404296875,-13.042397723207307,-6.28703605272463,88.9928305750425
1776067477.936240,10B4260D,3.908094522797393,-6.369040735753272,6.306175421557231,0.005515483595591199,-2.6788181670724618e-05,-0.005472461898619964,0.232666015625,-0.287109375,-0.86572265625,-44.60009543979914,-23.755849558493708,61.629604649558765
1776067477.936240,10B42626,1.078393321094762,-2.3172997819126127,9.42472883919662,0.0018316758580435694,0.0054995130689393405,0.0008761198440360658,-0.02392578125,-0.540771484375,-0.147705078125,-13.03748609006443,-6.283022763186009,88.99817088206727
1776067477.951493,10B4260D,3.893597150427719,-6.368381913368949,6.306944567394553,0.008201054530194504,0.004633820849140738,-0.0018701768042398742,0.234375,-0.29443359375,-0.862060546875,-44.602562924700784,-23.754077859543195,61.63210523242899
1776067477.951493,10B42626,1.0926874759081506,-2.3317932270809125,9.41060646754188,0.003662211886046903,-2.584312193562275e-06,1.4775267274350306e-05,-0.0224609375,-0.5458984375,-0.142578125,-13.037292501054008,-6.283985390145361,89.00445737900762
1776067477.967029,10B4260D,3.893420796354375,-6.381005485849055,6.337953697919136,0.009109139738617147,0.006432205231018592,-0.004641165437993469,0.239501953125,-0.29150390625,-0.872802734375,-44.59644525550955,-23.750338586604617,61.63184826213338
1776067477.967029,10B42626,1.0927129293161526,-2.3307528540741185,9.4254311806097,0.006407455115239529,-0.001835523601907425,4.149768745656564e-05,-0.017333984375,-0.545166015625,-0.155517578125,-13.026017823108338,-6.287120494874293,89.00972355641373
1776067477.981907,10B4260D,3.893268820946163,-6.365277936460763,6.3385082632724,0.00643342882496605,-0.0009051883841628261,-0.0036234999733612172,0.234375,-0.286376953125,-0.864501953125,-44.59885707926852,-23.752359593362623,61.63262562081792
1776067477.981907,10B42626,1.0926714561701567,-2.3444732869645852,9.425914708349207,0.005491072647283115,0.0018350008729257062,0.0009218272758878181,-0.022216796875,-0.5380859375,-0.150146484375,-13.032040445286576,-6.286913757332949,89.00608338579755
1776067477.999041,10B4260D,3.908927041041204,-6.393979006799045,6.325427849750999,0.0027336170750709974,0.002718382390658499,-0.0036938427536764313,0.2421875,-0.290283203125,-0.865234375,-44.60596302777187,-23.75283610089639,61.63279750120384
1776067477.999041,10B42626,1.0919417616332001,-2.3438048865564753,9.440734537686069,6.17417004789637e-07,0.0055009190628577806,0.0008680191271425106,-0.015869140625,-0.542724609375,-0.147705078125,-13.039222408766072,-6.282709298102325,89.00776001975966
1776067478.014725,10B4260D,3.893973300367454,-6.364237448615071,6.32500621146454,0.007349130405773945,-0.000895556463991716,-0.003619861973527682,0.240234375,-0.292236328125,-0.86279296875,-44.60449807006682,-23.75364529029584,61.628965716049564
1776067478.014725,10B42626,1.1063907497997991,-2.32913605625171,9.426067838001327,0.0036689395867478512,-0.0009339706933024479,-0.0018081167532690728,-0.017333984375,-0.545654296875,-0.144775390625,-13.037172521496213,-6.28616414996748,88.9974990141005
1776067478.029918,10B4260D,3.9092073889723706,-6.377638539975448,6.326333038212618,0.006401503904837342,0.001855159190204634,-0.0027504875288695343,0.2451171875,-0.294921875,-0.86669921875,-44.60219031523981,-23.751475295926777,61.62635693759504
1776067478.029918,10B42626,1.1064272939676814,-2.328327870832783,9.426263213558057,0.0064095891552284,0.0009109842439975783,1.816290880434565e-05,-0.013671875,-0.548583984375,-0.150390625,-13.028195836479853,-6.287444986105548,88.99231358499252
1776067478.045498,10B4260D,3.894755000039641,-6.377138709914433,6.326915230003189,0.005504828701179035,1.484812290513196e-05,-0.0027254718809302508,0.240234375,-0.294189453125,-0.8642578125,-44.59913220544091,-23.749709197648937,61.62155815303698
1776067478.045498,10B42626,1.0912823670992626,-2.3274122396947456,9.440991004053068,0.0018302257204814761,0.003668703123024897,0.0008910049507949275,-0.019287109375,-0.54638671875,-0.147705078125,-13.029483780107737,-6.286312333523058,88.98187216226992
1776067478.061050,10B4260D,3.8804765097659084,-6.3769584584280095,6.312962488230508,0.007309458823859233,0.0036528589757306236,-0.005522062451993331,0.2412109375,-0.2958984375,-0.862060546875,-44.59404001097292,-23.74791607748907,61.61670181474926
1776067478.061050,10B42626,1.1056008006408076,-2.3271937360028967,9.426640247120064,0.004579207504542696,0.0018277417071965664,2.8156195516722037e-06,-0.01708984375,-0.54736328125,-0.1455078125,-13.02616273905453,-6.2863269206230505,88.98083818851792
1776067478.076647,10B4260D,3.9099171120352483,-6.37527485401644,6.314172231680594,0.007311362693582118,0.002766036741875519,-0.0036768032268658657,0.242431640625,-0.29248046875,-0.865478515625,-44.58769680055102,-23.74465881095379,61.61324397351417
1776067478.093053,10B42626,1.0761197482708174,-2.3410875732573415,9.42685056245513,0.004574008054429132,4.7858454520305695e-06,0.0009343739361961181,-0.013916015625,-0.54443359375,-0.1474609375,-13.019636914340106,-6.288288270216737,88.97706164163066
1776067478.108629,10B4260D,3.866002787392905,-6.374919792452068,6.329217135215268,0.005506867740018362,-0.0008717701806480108,-0.0008798698770029791,0.239990234375,-0.292724609375,-0.864990234375,-44.58780196594719,-23.74310484398406,61.61243960189363
1776067478.108629,10B42626,1.0908393242339136,-2.340749204826707,9.427052384046322,3.0410441556313106e-06,-0.000923576631958629,-0.0009074125040337422,-0.01806640625,-0.54541015625,-0.146484375,-13.02039121032271,-6.291823282499365,88.96535654136368
1776067478.124236,10B4260D,3.8811093620394512,-6.374254650314664,6.315303652464094,0.00550118702043978,0.0017881163425507876,-0.006415961546493165,0.237060546875,-0.2978515625,-0.86767578125,-44.58614724992219,-23.743671976426974,61.60824064789188
1776067478.124236,10B42626,1.1055221284569756,-2.325825586329123,9.412419602365892,0.007314600982475933,0.0018500211681995655,0.0027604767231439098,-0.019287109375,-0.549560546875,-0.149658203125,-13.013513483935773,-6.291429407743207,88.96442937212883
1776067478.139914,10B4260D,3.8815255028068507,-6.373823406567448,6.301384233353297,0.0064071707352734986,0.0009545244582723171,-0.0018206567546431552,0.24267578125,-0.287109375,-0.86962890625,-44.58428118182286,-23.74130905300123,61.61359029118241
1776067478.139914,10B42626,1.09016504253426,-2.3247261208947267,9.441781860714103,6.729250890571525e-06,0.003653861961738987,-0.0009479938049670066,-0.01416015625,-0.540283203125,-0.149658203125,-13.016152274160406,-6.289880990098515,88.9628343724757
1776067478.155505,10B4260D,3.9109248605562805,-6.386012585508519,6.332237026175227,0.007301633303546496,0.003681435641392568,-0.0036916517455558616,0.225830078125,-0.2900390625,-0.862548828125,-44.58508456146593,-23.740260985840198,61.60574876867592
1776067478.155505,10B42626,1.0898539087073869,-2.3390836838790725,9.442146615317435,0.0036584210184978793,5.474862509046626e-06,0.0009307355760446396,-0.031494140625,-0.543212890625,-0.145263671875,-13.017806771728516,-6.291918274228307,88.95295967845098
1776067478.171026,10B4260D,3.881783169833736,-6.385674462076692,6.332888520311323,0.0064149656997919465,0.0009255801356474929,-0.0036514385113563526,0.237060546875,-0.28857421875,-0.864501953125,-44.59005587709809,-23.741870634139964,61.61814893876993
1776067478.171026,10B42626,1.0902217132665577,-2.338824357791226,9.413034984940433,0.006407411422472219,-0.0018356973699611137,4.300252261008578e-05,-0.02197265625,-0.542236328125,-0.14453125,-13.012718000851862,-6.293548665926228,88.97461708560441
1776067478.186591,10B4260D,3.896962189257612,-6.384357790982132,6.333686335346366,0.006445957149644525,-0.0009488486497928948,-0.006368519097855641,0.236328125,-0.29736328125,-0.869140625,-44.591817705077794,-23.745552087489273,61.61744997927866
1776067478.186591,10B42626,1.1048013359859656,-2.33794570686583,9.42795442613641,0.0018280651913682772,0.0009223654817960688,0.0009148769012075875,-0.02001953125,-0.54931640625,-0.1513671875,-13.01020827403273,-6.293902542608193,88.97852535919328
1776067478.202196,10B4260D,3.8971864056832,-6.3686378559168615,6.333976715248096,0.00732465711438981,0.0018363112178406437,-0.004578132765103475,0.234130859375,-0.2998046875,-0.86376953125,-44.58909482140413,-23.744769154809653,61.62081941174677
1776067478.202196,10B42626,1.1042433933898288,-2.3375395583042,9.428120502833087,0.0036591188567542837,0.005506724108014043,0.0017968808165709674,-0.02490234375,-0.552490234375,-0.147216796875,-13.012029309919017,-6.289873239547844,88.98050519701735
1776067478.217350,10B4260D,3.9123163763340822,-6.382575120252612,6.320752947829683,0.005468169206562091,0.002790624504545894,-0.0009382306383267138,0.238037109375,-0.2978515625,-0.866943359375,-44.5866387956943,-23.739948274446075,61.628651614503866
1776067478.217350,10B42626,1.0887033363770666,-2.336556477782469,9.457470989924188,0.0018410663236647718,0.0027286059982538557,-0.0018480066879703284,-0.017333984375,-0.550537109375,-0.1484375,-13.009774067441176,-6.288758206693312,88.98849525174231
1776067478.232960,10B4260D,3.8830619058518416,-6.382922040618974,6.3067023895707734,0.0054643343461020155,0.004562506141633666,-0.004629633985957255,0.228759765625,-0.296875,-0.866943359375,-44.58330405251815,-23.73672680050384,61.62798269853149
1776067478.232960,10B42626,1.103566151720475,-2.322204846017426,9.413543059402915,0.004577781842269821,-3.3876180932602804e-06,1.9345523337113525e-05,-0.02880859375,-0.549560546875,-0.1494140625,-13.006312975632207,-6.290824890213578,88.98569610534652
1776067478.248213,10B4260D,3.8974544651319407,-6.365596433949313,6.350956163823185,0.006462182059049394,-0.002765235934829114,-0.005422781109864525,0.2373046875,-0.2822265625,-0.868896484375,-44.585159412393494,-23.74058746983875,61.64139649545685
1776067478.248213,10B42626,1.0885385478431644,-2.3357400509648647,9.443126016443172,0.0027397050917796766,0.0009300676458750576,0.0018342760463861177,-0.021728515625,-0.537109375,-0.15185546875,-13.007891804532607,-6.289859544161468,89.00343429363774
1776067478.263801,10B4260D,3.8990183537784304,-6.380734571680812,6.307900291622692,0.003709534550665399,-0.0018945298584734588,-0.006363958072720398,0.23876953125,-0.291748046875,-0.858642578125,-44.594910515911074,-23.746978050871125,61.638996915325706
1776067478.263801,10B42626,1.0879264203090515,-2.3353241057627963,9.443299435532682,0.002752003038460679,0.00640640911642198,-4.658287840855337e-05,-0.020751953125,-0.54443359375,-0.140625,-13.015074247183602,-6.284986866878031,89.00338378816231
1776067478.278969,10B4260D,3.899680091797386,-6.380352183310702,6.293796162757862,0.00640502977127513,0.0018414054083617756,-0.003666462435855913,0.235107421875,-0.287109375,-0.8623046875,-44.59225042921623,-23.74515448456517,61.63659378577654
1776067478.278969,10B42626,1.0725410664888293,-2.334733030509546,9.443399091534335,0.004576158876119344,0.0027513823213824464,0.0009100964902433718,-0.0224609375,-0.540771484375,-0.144287109375,-13.004394234052292,-6.284087803817512,89.0042307671699
1776067478.295033,10B4260D,3.884298868712773,-6.363695925569759,6.338067702565389,0.006355510195538118,0.006418204399850647,-0.003741273702674023,0.243408203125,-0.29443359375,-0.866455078125,-44.59361752269471,-23.74235092460983,61.63336855956181
1776067478.295033,10B42626,1.0869793157467602,-2.3196853738316277,9.443388786516532,0.0009155569142805792,-6.973625510763596e-07,3.946206667131101e-06,-0.015869140625,-0.547607421875,-0.14892578125,-13.0031952879579,-6.285453690075989,89.00719232715791
1776067478.310242,10B4260D,3.899250127688951,-6.377527230318432,6.325077304151893,0.007300908214412422,0.003682190248966487,-0.0036925932061677813,0.239013671875,-0.300048828125,-0.86474609375,-44.58884639049339,-23.739039519202585,61.62708321016408
1776067478.310242,10B42626,1.087109937427724,-2.3490109960523124,9.414767628646064,0.005494112348236345,0.0009113136274341293,1.529861319576451e-05,-0.0185546875,-0.55322265625,-0.149169921875,-13.000335172360886,-6.2868509323310935,89.00092328321438
1776067478.340946,10B4260D,3.884627830661836,-6.362366209128057,6.325120965487492,0.003702339830031278,-0.0018652798265488997,-0.004532385867352726,0.2333984375,-0.286865234375,-0.8623046875,-44.586876615971896,-23.739155854085197,61.630772255667914
1776067478.340946,10B42626,1.087062724714982,-2.3337905554902494,9.414649572687976,0.0018311147303728932,-1.3941455486790426e-06,7.906467117829026e-06,-0.022216796875,-0.539794921875,-0.146484375,-12.99997871031421,-6.28875991013326,89.00094152299543
1776067478.356699,10B4260D,3.900445611065825,-6.376523696741825,6.311275102733422,0.0027967522736423766,-0.002790756249068653,-0.004520963921226722,0.236572265625,-0.2900390625,-0.866455078125,-44.59503000851204,-23.743414053073607,61.63553522488601
1776067478.356699,10B42626,1.116090126403447,-2.333323212792892,9.41506127648192,0.004584807382859067,0.0036500611679598973,-0.0009294524184788232,-0.021484375,-0.5419921875,-0.14990234375,-12.998169001448167,-6.286835240853983,89.00181844128964
1776067478.372379,10B4260D,3.886382162899574,-6.3758470965791005,6.311811643789302,0.010075295036227536,0.0018522411609672368,-0.005482819847375526,0.24072265625,-0.2939453125,-0.869140625,-44.59279209699779,-23.744470589581248,61.63464855705124
1776067478.372379,10B42626,1.0861283189925854,-2.3321519518599185,9.444290300074238,0.0027481997603267085,0.0018289242051395308,-4.995644313838613e-06,-0.01611328125,-0.547607421875,-0.152587890625,-13.001681477726402,-6.28640128499088,89.0036341620732
1776067478.388041,10B4260D,3.91604411867875,-6.388553239820916,6.31379314302775,0.009107450583295335,0.005548786386538668,-0.002800912084548625,0.237060546875,-0.295654296875,-0.8671875,-44.58826560531266,-23.74008718151839,61.630643636161565
1776067478.388041,10B42626,1.100831449959732,-2.3320139685151973,9.429887685407762,0.002745910199908772,-0.0009175644752820137,2.047591072714919e-05,-0.022216796875,-0.548095703125,-0.14990234375,-13.00607357014066,-6.289300063822823,88.99881204329266
1776067478.404099,10B4260D,3.88579053914187,-6.3725347637242455,6.343657352919223,0.008177747159798179,0.006469099955207367,-0.0019044377559780156,0.23486328125,-0.2919921875,-0.865966796875,-44.58450509285073,-23.73434549776637,61.63082535233902
1776067478.404099,10B42626,1.0854352400967981,-2.3455326454339476,9.459515608196002,0.004575187449553055,0.0064220625612439195,0.0017913195768017645,-0.02392578125,-0.545654296875,-0.146484375,-13.006096318157484,-6.284185513079527,89.003906912968
1776067478.419733,10B4260D,3.885695302655444,-6.371631650236106,6.344622764781047,0.005499792251049606,0.0009158074102392717,-0.0036546277441542488,0.238037109375,-0.29296875,-0.870361328125,-44.58703244673374,-23.734555475669698,61.63451013414173
1776067478.419733,10B42626,1.1148505778084683,-2.3314983181400777,9.415660197633946,-0.000926716338503224,-0.003644175295650689,0.0018611056763409512,-0.02197265625,-0.547607421875,-0.15185546875,-13.008478017253744,-6.288289271823104,89.01303964722669
1776067478.435484,10B4260D,3.9163945916210774,-6.385843110431746,6.316316885065214,0.00192475060017624,-0.005593824565078697,-0.007223862335226478,0.238037109375,-0.2939453125,-0.8662109375,-44.593456882956346,-23.741472854619662,61.63802163206397
1776067478.435484,10B42626,1.1003745100829065,-2.3457132366452615,9.401321612494016,0.010064736573146474,0.0018401982673089546,0.0018579833360992273,-0.019775390625,-0.546142578125,-0.150390625,-13.005841998870073,-6.2873952534866655,89.01883925712957
1776067478.451161,10B4260D,3.9027154643780335,-6.37131709502826,6.301063356170296,0.003727452642156452,-0.00371189407956833,-0.005416314196681892,0.2373046875,-0.291259765625,-0.86474609375,-44.59617000212333,-23.74511237048303,61.64121272682746
1776067478.451161,10B42626,1.0849714466370246,-2.3294443850055853,9.445091451790633,2.4187627363885242e-06,0.002746485906732653,-2.58480324452541e-05,-0.019287109375,-0.543701171875,-0.1484375,-13.011053083652854,-6.286468773171313,89.01863853592269
1776067478.466912,10B4260D,3.903026225122757,-6.384185942278491,6.331480362603216,0.00726737085400335,0.005559653587997617,-0.0009784506558679121,0.232177734375,-0.290771484375,-0.867431640625,-44.595393065208654,-23.739984665827567,61.64039238099173
1776067478.466912,10B42626,1.0848444579282175,-2.3443541054106594,9.41618959433655,0.0036638481521555095,0.0018280696877491524,-1.0538756732203215e-06,-0.0263671875,-0.543701171875,-0.1494140625,-13.011080956371108,-6.286522218678424,89.01699290005872
1776067478.482649,10B4260D,3.873140062916433,-6.37039821842694,6.302601058784506,0.007263311505786115,0.0055750354094281935,-6.301144016947033e-05,0.23779296875,-0.292724609375,-0.86572265625,-44.59802877977863,-23.735343259226212,61.64566835961138
1776067478.482649,10B42626,1.099123233931186,-2.3138212821164332,9.445250771932692,0.005489310619695421,4.2708571059779535e-06,0.0009398290366361059,-0.022705078125,-0.544677734375,-0.147705078125,-13.011608201479984,-6.286888820276787,89.02789337858438
1776067478.498054,10B4260D,3.8875276826607275,-6.38239879444382,6.348082344725837,0.00548341499080157,0.0027310870614474965,-0.004601209879368742,0.233642578125,-0.293701171875,-0.87451171875,-44.598076219101806,-23.734289268871695,61.64444882462166
1776067478.498054,10B42626,1.1143080980159332,-2.3436737113973005,9.387488704758328,0.0018343488942411121,-0.0009256610691113106,-0.0008986744218801902,-0.022216796875,-0.545654296875,-0.15673828125,-13.01266964236828,-6.289222489720243,89.03144656417174
1776067478.513829,10B4260D,3.8882332159863346,-6.382530106056402,6.31939790275516,0.004613048647686362,-0.0009561754317414237,-0.005458184960008376,0.240966796875,-0.283935546875,-0.868896484375,-44.603633877717286,-23.737689785758914,61.65107382130219
1776067478.513829,10B42626,1.0989162586723473,-2.3271876483346734,9.44586440768724,0.0073155948998552,0.0036822603863184127,0.0027440456787184687,-0.01708984375,-0.53759765625,-0.14990234375,-13.01915089274412,-6.286186419407817,89.03801607406348
1776067478.529501,10B4260D,3.9035931322474156,-6.381834422176105,6.305386458026681,0.005514205842801431,-1.4871339186022672e-05,-0.004554567507944715,0.2294921875,-0.29296875,-0.873046875,-44.6091572139349,-23.74048632458987,61.64587640995956
1776067478.529501,10B42626,1.0985678862008295,-2.3416522153827444,9.43166549956562,-0.0009228607044467632,0.0009337697858997132,0.0018181181322730166,-0.02880859375,-0.547607421875,-0.156982421875,-13.02705250779972,-6.286956665933794,89.03281827261111
1776067478.545182,10B4260D,3.903610280788236,-6.380472411357372,6.320807059406704,0.006369809294614712,0.004603436231672227,-0.002798118397594605,0.241943359375,-0.293701171875,-0.86669921875,-44.61362819560614,-23.73871052053603,61.65404304772635
1776067478.545182,10B42626,1.0689111854909108,-2.3260620267057983,9.460511366930682,0.005489288166944924,4.170651200254979e-06,0.0009399981208542761,-0.015625,-0.54736328125,-0.146728515625,-13.035581263779447,-6.286639713586943,89.04911921545036
1776067478.560861,10B4260D,3.8885886353722823,-6.365145353125187,6.3212468496274274,0.009141501824628051,0.0027886638985089194,-0.0036707577154231497,0.24072265625,-0.2939453125,-0.871826171875,-44.60853596048132,-23.736316462193198,61.6498060747916
1776067478.560861,10B42626,1.0984488222751854,-2.3261061506050424,9.431624522868328,0.0018311204062866622,-1.5420699815703885e-06,8.173964573478383e-06,-0.018310546875,-0.546142578125,-0.15185546875,-13.033719002302272,-6.28924592266981,89.0429197178705
1776067478.576185,10B4260D,3.874335289848492,-6.378511539251799,6.337263015719099,0.007331115911360507,0.0009369197104836201,-0.003646901514979408,0.23388671875,-0.29296875,-0.865966796875,-44.60775330788084,-23.735892970780007,61.649004514972845
1776067478.591899,10B42626,1.0981343439216287,-2.3401758648695834,9.43208240888497,0.0054967613618202875,0.003657349599940902,-1.0695400116696027e-05,-0.021484375,-0.546630859375,-0.150146484375,-13.035041494534742,-6.2877320515155475,89.0403754154432
1776067478.607486,10B4260D,3.9040997154170123,-6.377539658797158,6.323463965277772,0.0027573484303257505,0.0008683928040818831,-0.004581526715643721,0.236572265625,-0.293212890625,-0.87109375,-44.61239497562953,-23.73644778315907,61.65319034589227
1776067478.607486,10B42626,1.0832556132150737,-2.3254330172852145,9.402596152850945,0.002745132853869205,0.002753022456278327,0.0009012818963890582,-0.0224609375,-0.544921875,-0.151611328125,-13.037360352148164,-6.286403075811295,89.04361289059824
1776067478.622749,10B4260D,3.8903186304635122,-6.392286353064841,6.309705831527842,0.00550413700902246,0.0009001813681869759,-0.0045700055326854125,0.23681640625,-0.29345703125,-0.8642578125,-44.61482878009146,-23.737205066966347,61.655453043829155
1776067478.622749,10B42626,1.0827497348466915,-2.3387917025047615,9.432372989447334,0.006413046427765626,-1.43143891282143e-05,-0.0008865232249206529,-0.020263671875,-0.545166015625,-0.1484375,-13.03838877371372,-6.287774415610563,89.046904195027
1776067478.637909,10B4260D,3.9046883707340077,-6.3758928090666505,6.3247610960312475,0.007305925825537095,0.0027836987307359676,-0.002763193874168972,0.233642578125,-0.294189453125,-0.865478515625,-44.61314027325869,-23.73453891390097,61.65658451375652
1776067478.637909,10B42626,1.0973436074995058,-2.3088950738703917,9.432103194183743,0.001819612636811392,0.000940723188558438,0.0027457807471362615,-0.023193359375,-0.547119140625,-0.14697265625,-13.040105828594042,-6.288009255570143,89.0497475984947
1776067478.653563,10B4260D,3.905451951251429,-6.404643899731748,6.312208507729362,0.008204744700771125,0.0046091849687723485,-0.003706651270693183,0.24462890625,-0.29052734375,-0.86865234375,-44.61099684431974,-23.731616963022688,61.65921658741634
1776067478.653563,10B42626,1.082084269110791,-2.352105384647515,9.447621363884583,0.0036698591949757375,0.0036498705099762847,-0.0009346217844272122,-0.013671875,-0.543212890625,-0.152587890625,-13.037698889315955,-6.286112886289125,89.05320797498537
1776067478.668823,10B4260D,3.875315254841042,-6.373932714486592,6.3412695403356265,0.0082469135855695,0.0009478445455293595,-0.003642656494083139,0.23779296875,-0.282958984375,-0.861328125,-44.60881329361044,-23.73112549493524,61.65296228709272
1776067478.668823,10B42626,1.0823839193111204,-2.323529711988228,9.388608269407944,0.0018269679716545707,7.398542154877574e-06,0.0009238165640686653,-0.01708984375,-0.535400390625,-0.144287109375,-13.043848360285294,-6.288545093964976,89.04484025132001
1776067478.684197,10B4260D,3.8907646468809105,-6.373686743304132,6.312721342817702,0.0037091982071467645,-0.001883642737856312,-0.0054448856622329195,0.234130859375,-0.2998046875,-0.86865234375,-44.61575210841269,-23.73540567949393,61.65050784870863
1776067478.684197,10B42626,1.096577495691889,-2.322288086833571,9.432783080102938,0.003653936971166238,1.4797560799049438e-05,0.001847633223543737,-0.024169921875,-0.55126953125,-0.150634765625,-13.041371492481554,-6.290424862173737,89.03887225563352
1776067478.699923,10B4260D,3.906371957316772,-6.387710691995667,6.299209577791962,0.005489431696634646,0.0018311895524322646,-0.0036705941440955164,0.239501953125,-0.293212890625,-0.860595703125,-44.61479091157428,-23.733324895861614,61.65716823186262
1776067478.699923,10B42626,1.081605527419704,-2.321631751703449,9.432842068444515,0.004581354703068318,0.003657948074704127,-1.5142117907571854e-05,-0.01953125,-0.546875,-0.144287109375,-13.041392562445552,-6.288016361325551,89.04600992239861
1776067478.715566,10B4260D,3.8913998427151126,-6.371995499761292,6.314037033906468,0.007309998533783111,0.0027680839856388893,-0.0036789242733568477,0.2353515625,-0.29150390625,-0.866455078125,-44.61090846538578,-23.730587042542535,61.65445690765917
1776067478.715566,10B42626,1.0957138444280499,-2.321242194013161,9.433140868384392,0.0009098569073462147,0.002763756924422323,0.0018080425400947393,-0.02197265625,-0.545654296875,-0.148193359375,-13.038514923614489,-6.287111530293121,89.04636566487332
1776067478.731341,10B4260D,3.891781847487428,-6.371521305160218,6.300246625338064,0.006420041119492504,0.00091052165938059,-0.004565913716741362,0.238037109375,-0.290771484375,-0.87353515625,-44.61254759281758,-23.731265927590055,61.65671593668298
1776067478.731341,10B42626,1.0811344505202145,-2.335737471151128,9.418757292465129,0.004575108594254411,-0.002750562929096993,4.822664101896773e-05,-0.017578125,-0.54296875,-0.156005859375,-13.037287919896595,-6.291073882412449,89.05002680412765
1776067478.747093,10B4260D,3.9069297044326747,-6.383852365100879,6.330832573980798,0.0055151494477548,-1.564991876903742e-05,-0.004553610348155362,0.235595703125,-0.295654296875,-0.8603515625,-44.616907264213204,-23.733262276448055,61.65771129666005
1776067478.747093,10B42626,1.0955241180031965,-2.319681972315255,9.448104366160342,0.006407458439794719,0.0027498367478361245,0.0009176402431509162,-0.021484375,-0.548583984375,-0.14501953125,-13.043505239438327,-6.290067907665762,89.04729545530164
1776067478.762313,10B4260D,3.9070634798676003,-6.368743125221048,6.316463754650824,0.008236176347701931,0.0018638310429993344,-0.0036589539152140967,0.235595703125,-0.293212890625,-0.87158203125,-44.61251633720231,-23.730954515906372,61.660323931014524
1776067478.762313,10B42626,1.095161367944571,-2.333987946121627,9.433961122380708,0.001829647147583532,0.0027539585593376634,0.0008965377660512353,-0.0205078125,-0.54638671875,-0.154541015625,-13.040316400634048,-6.289022101714867,89.05010290098433
1776067478.777822,10B4260D,3.907705217933286,-6.396889837861514,6.318673519713398,0.00910442272110578,0.005552299173445057,-0.002804963851757592,0.248291015625,-0.297119140625,-0.87109375,-44.611327374467415,-23.72746954540427,61.66144949772328
1776067478.777900,10B42626,1.0798466525755173,-2.3328155934059276,9.463299167657265,0.0054909848874512114,0.0018351450351259417,0.0009226434971752581,-0.00927734375,-0.55029296875,-0.154296875,-13.045096197815255,-6.288478662784285,89.05256730037084
1776067478.793585,10B4260D,3.8926369727097145,-6.395846060274109,6.334241449713495,0.004532845028737433,0.0045986459972533755,-0.0018930355132626424,0.239990234375,-0.28369140625,-0.865234375,-44.60807142340729,-23.721705090005447,61.65308026779882
1776067478.809254,10B42626,1.0947118465982297,-2.3330604715097554,9.434242704204511,-0.0009080096485676905,-0.0009330316101159352,-0.0018260182339385526,-0.016845703125,-0.537841796875,-0.148193359375,-13.052955775473338,-6.293191614943858,89.03883829738078
1776067478.825088,10B4260D,3.8924311255106656,-6.3664448351420395,6.3189985839909,0.0028100302008646524,-0.002827597754094638,-0.006346646397488823,0.23779296875,-0.294921875,-0.8662109375,-44.615973782602346,-23.727236241226702,61.64957185237777
1776067478.825088,10B42626,1.0948416590508183,-2.3181886111184804,9.419436319439093,0.007326324670661196,0.0018243936090751901,1.564011567020093e-05,-0.0166015625,-0.5478515625,-0.14892578125,-13.050542700873276,-6.293647451779325,89.03251925044083
1776067478.839243,10B4260D,3.8937026361603575,-6.3803719585738445,6.319669690351659,0.0027991960468623663,-0.0019122711442223139,-0.006363123305677258,0.240234375,-0.294189453125,-0.86279296875,-44.61856720438213,-23.729924582859127,61.65143450573456
1776067478.839243,10B42626,1.094464653513968,-2.317478222756664,9.41965492894802,0.001829609771637505,0.0027540626136203887,0.0008963063363600246,-0.016845703125,-0.54833984375,-0.143798828125,-13.051440798171809,-6.293231665950031,89.02894525843163
1776067478.856354,10B4260D,3.908771126638854,-6.365068430072829,6.3050880016995565,0.006420182151950831,0.0009106519504514647,-0.004565815046047542,0.234619140625,-0.29296875,-0.861572265625,-44.615807346118565,-23.728989030935413,61.649522606373566
1776067478.856354,10B42626,1.0940755691622455,-2.3465792645515977,9.405776731589947,0.0045763024826982815,0.002751573619158201,0.0009091572721165083,-0.023193359375,-0.547607421875,-0.146240234375,-13.04381427426487,-6.29307108603589,89.02509468185605
1776067478.870462,10B4260D,3.908722810270997,-6.3640247097355225,6.306171436878912,0.01001043983418561,0.005597337906221911,-0.0009708488083709457,0.24658203125,-0.292236328125,-0.868408203125,-44.611740024543,-23.723186924034085,61.65169605971534
1776067478.870462,10B42626,1.0932804282634248,-2.315316219724701,9.46399092675595,0.005494308425447443,0.0009104712983470617,1.654919431251793e-05,-0.010986328125,-0.54638671875,-0.149658203125,-13.039100073707651,-6.293501629720333,89.02962856976838
1776067478.887378,10B4260D,3.8790635094535517,-6.377067726423455,6.3372457826660895,0.011846090939153715,0.0056029958786028965,-0.001878244867867949,0.235107421875,-0.28759765625,-0.86279296875,-44.60374736792007,-23.717713394976894,61.642376851744174
1776067478.887378,10B42626,1.0935723834189373,-2.330360792190044,9.42048698226667,0.0009112706276566416,8.492763672145179e-06,0.0009197818478598335,-0.021240234375,-0.542236328125,-0.14697265625,-13.041656274064698,-6.29653755512566,89.01926647520844
1776067478.902514,10B4260D,3.8939925394532335,-6.376825104616543,6.30905613948079,0.002764683155227561,-3.313051187209792e-05,-0.0036495282712141184,0.23828125,-0.2880859375,-0.865234375,-44.61074974792839,-23.718852924524487,61.644737622806964
1776067478.902514,10B42626,1.093524669736551,-2.3157984042794078,9.405621948705743,0.0018382157332471004,0.0027354461536460563,-0.0009348295976119498,-0.0185546875,-0.54150390625,-0.146240234375,-13.042452406901914,-6.29565350296108,89.01919705514456
1776067478.917816,10B4260D,3.8949747207998198,-6.390775924689004,6.3098936976007725,0.004637750035841871,-0.002790085965794876,-0.00542206920366002,0.23583984375,-0.2939453125,-0.866943359375,-44.6154860645791,-23.722870571133303,61.645210214855744
1776067478.917816,10B42626,1.0782893445293003,-2.344049305590203,9.435502512969125,0.0036493145200646154,2.4706506425607992e-05,0.002763740245282538,-0.021484375,-0.546875,-0.147705078125,-13.04103113753391,-6.297010757182263,89.01932498145675
1776067478.934335,10B4260D,3.8954429331582916,-6.375991251119364,6.294992372212267,0.0027756225171508817,-0.0009484619399798453,-0.003632830344981292,0.241455078125,-0.28564453125,-0.866455078125,-44.620225544546045,-23.72355033910906,61.65009750942008
1776067478.934335,10B42626,1.0931513329270823,-2.3144649904957175,9.420548241136668,0.004576879017468718,-0.0009197726096173599,3.103405163391626e-05,-0.01708984375,-0.5390625,-0.14990234375,-13.038981758403,-6.29932641350096,89.02203534574355
1776067478.950226,10B4260D,3.910092824066137,-6.37370054362799,6.325090708676617,0.00914068336535361,0.0027911896741731708,-0.0036717306178970953,0.239501953125,-0.287841796875,-0.867919921875,-44.619945437742444,-23.722913154316174,61.64405423437731
1776067478.950226,10B42626,1.0927675681645599,-2.328089687709411,9.435695952668178,0.004581608518677735,0.0036576721489795317,-1.5987906019163317e-05,-0.01611328125,-0.54052734375,-0.14892578125,-13.04096204102392,-6.297880944253186,89.01693489495608
1776067478.966225,10B4260D,3.8953032368850478,-6.372869059177073,6.326250420294125,0.01001416549798294,0.005581873488143938,-0.0018873973856843034,0.237548828125,-0.288818359375,-0.87109375,-44.61856354384668,-23.719046785670404,61.64013187193763
1776067478.966225,10B42626,1.0923409394651817,-2.342247854123082,9.436164253978628,0.0018234061491184711,0.0009326719524161246,0.0018302060688393771,-0.01904296875,-0.54052734375,-0.152587890625,-13.04421123479644,-6.298833885796406,89.01290561391517
1776067478.981783,10B4260D,3.910108017187317,-6.38595269546478,6.328242896884325,0.009129761734351717,0.0037063494166631235,-0.0036884959000855534,0.240234375,-0.293212890625,-0.8623046875,-44.61926817915588,-23.71798113357973,61.63887812317357
1776067478.981783,10B42626,1.1066016447971654,-2.341110364995778,9.46574431304537,0.005493393691517405,-5.2198136116897854e-06,2.6166472078286337e-05,-0.018798828125,-0.545654296875,-0.145263671875,-13.048189360877714,-6.300265393452997,89.01207453377293
1776067478.997567,10B4260D,3.894900524073208,-6.355560066147195,6.342432030921958,0.0036962247287054537,-0.0009547286099053082,-0.004543645549666756,0.23291015625,-0.29052734375,-0.86572265625,-44.62024651887014,-23.71851561005659,61.63820785016038
1776067478.997567,10B42626,1.092190579321313,-2.326540278015323,9.436144904798649,0.0009165260844447133,0.0009146181083712889,-5.134034154003975e-06,-0.0224609375,-0.544189453125,-0.15087890625,-13.046917029185114,-6.301502372547543,89.01013154949959
1776067479.013398,10B4260D,3.896729276968887,-6.385262240449211,6.314390748874576,0.0019075177075827802,-0.003757125115218249,-0.006331638033269648,0.234130859375,-0.303466796875,-0.86962890625,-44.62844610124184,-23.72375141911196,61.64485321592992
1776067479.013398,10B42626,1.0920774576991177,-2.3264302904176954,9.421631809026785,0.004571052951863878,0.0018456492051961654,0.0018337724726055812,-0.021728515625,-0.556884765625,-0.153564453125,-13.0493971215445,-6.300391081897334,89.01550305043135
1776067479.028936,10B4260D,3.8826051376493185,-6.370808834861,6.299357512510373,0.0045826748514105065,0.0017857402903459646,-0.005506238941339737,0.231689453125,-0.299072265625,-0.87158203125,-44.626439498458836,-23.722136907827107,61.651258512451044
1776067479.028936,10B42626,1.091812694917256,-2.340580778901173,9.422086424771805,0.0018364699714074845,0.0009041750145846836,-0.000916240110041206,-0.024658203125,-0.55322265625,-0.15771484375,-13.053571893460498,-6.301010651494641,89.01883805917622
1776067479.044482,10B4260D,3.882996200148476,-6.370461097924815,6.285469862902839,0.0073159405088906275,0.0018708577439873384,-0.002747661304053304,0.237548828125,-0.292236328125,-0.857421875,-44.62649106225784,-23.72001820437437,61.66075214175051
1776067479.044482,10B42626,1.0916321519769197,-2.3251979786515053,9.436540373467253,0.00365789579474106,6.054876697618713e-06,0.0009330241984790808,-0.0224609375,-0.54541015625,-0.139892578125,-13.062094664883885,-6.301184095789359,89.02823884323936
1776067479.060218,10B4260D,3.89723387937352,-6.353911893561988,6.3006453932531,0.007302511302092663,0.0036674134747412403,-0.004612802332426413,0.23876953125,-0.289306640625,-0.858642578125,-44.62265747235942,-23.717347785562104,61.658088170166714
1776067479.075796,10B42626,1.0916504526834558,-2.3395113887436114,9.422370812535181,0.004578808586176054,0.00091107188374667,1.236757378412408e-05,-0.017578125,-0.5439453125,-0.1416015625,-13.05190688862855,-6.302099758101971,89.03020673500751
1776067479.091322,10B4260D,3.8831670914682856,-6.382051393865924,6.317206712366449,0.00730684434064548,0.0019051509198617668,-0.0009167111043672419,0.229736328125,-0.298828125,-0.868896484375,-44.62196493401987,-23.714079585780894,61.657550725226756
1776067479.091322,10B42626,1.0914849390999792,-2.3243541015464246,9.422212883037782,0.0018374610443672797,0.0018195853645947085,-0.0009259017354161479,-0.0263671875,-0.551025390625,-0.152099609375,-13.046045663594727,-6.303134409303237,89.02497224239052
1776067479.106496,10B4260D,3.8829706871494087,-6.380710065990576,6.332674850551294,0.005473499138291718,0.0027632523653730702,-0.0027731234481366863,0.239501953125,-0.297119140625,-0.86181640625,-44.62365463732912,-23.711341371292384,61.667796689126234
1776067479.106496,10B42626,1.0911476636230404,-2.323748968033652,9.436953327556287,0.0018321024508557934,0.0009137354507427822,-8.0735374586609e-07,-0.01904296875,-0.549560546875,-0.144287109375,-13.050920818593942,-6.302694807785938,89.03424777962489
1776067479.121615,10B4260D,3.8983000278975974,-6.380613937255132,6.304127973653855,0.0046215714105978965,-0.0009781823180715424,-0.006369829286665637,0.24365234375,-0.292236328125,-0.861572265625,-44.62136560772316,-23.712237643937968,61.6674909732039
1776067479.121683,10B42626,1.1059048767309898,-2.3381558990058884,9.422901007537114,0.0054924354656780364,-0.0009207394577441445,3.614506000903762e-05,-0.012451171875,-0.546875,-0.148681640625,-13.043360261728447,-6.305755207177531,89.03368796136002
1776067479.137293,10B4260D,3.89844636045883,-6.3786053218972185,6.334046052027677,0.0063935485128437265,0.002757751858449887,-0.003684546272745551,0.230712890625,-0.285888671875,-0.869140625,-44.61807729861385,-23.709450660657698,61.66095979073407
1776067479.137293,10B42626,1.0908036258929277,-2.307506115392186,9.451631424792089,0.0036617550662405903,0.0036681360887116238,0.0008943725088083299,-0.026123046875,-0.53955078125,-0.151123046875,-13.042352562539607,-6.30521757899852,89.02540650545801
1776067479.153087,10B4260D,3.8986468539481374,-6.378196054136209,6.3203458223486075,0.007297775594031325,0.003684616306575024,-0.003697748196846915,0.2333984375,-0.290283203125,-0.865478515625,-44.624052484296165,-23.709496068687162,61.66477868845766
1776067479.153087,10B42626,1.0910024345642293,-2.337664709086112,9.408353143698694,-0.0027486546748992395,-0.001828325850516011,6.108208450720434e-06,-0.021240234375,-0.54443359375,-0.14599609375,-13.053744825134093,-6.307179422171733,89.03337419604011
1776067479.168345,10B4260D,3.8989474888564057,-6.37832706646286,6.2920578250537655,0.007304560612279425,0.0027866413235667136,-0.002764897893918039,0.236328125,-0.293212890625,-0.866943359375,-44.626139967466585,-23.707894510444994,61.66838173890059
1776067479.168345,10B42626,1.105661436932859,-2.3077241376625803,9.422598121778384,0.007329923365209929,0.0008987297966358739,-0.00088976173288534,-0.019775390625,-0.547119140625,-0.150146484375,-13.047826836705367,-6.308137190256303,89.03371090228391
1776067479.184063,10B4260D,3.8985487057745694,-6.375632597950066,6.336975327037943,0.008224852101351472,0.0027808760551528075,-0.003676099384540319,0.231689453125,-0.28955078125,-0.8681640625,-44.62490736132833,-23.70615141556033,61.66967504122697
1776067479.184063,10B42626,1.0902724127372116,-2.3356594275154507,9.45258713191393,0.001821778864826934,0.0036894593754299484,0.002716272282343043,-0.023193359375,-0.54248046875,-0.14892578125,-13.051120744922512,-6.305791228820051,89.03608229878773
1776067479.199908,10B4260D,3.883694414477395,-6.361016188741473,6.322556469576215,0.004539485217157135,0.004564921197841773,-0.0037282122288395444,0.239990234375,-0.2880859375,-0.867431640625,-44.630655064274244,-23.70460362328406,61.6728900582308
1776067479.199908,10B42626,1.0752077684129717,-2.3356081423212953,9.437947107160069,0.002749676324805396,0.0027437705744128285,-1.5902582118627876e-05,-0.0166015625,-0.541748046875,-0.152099609375,-13.05358047359988,-6.304272446936131,89.0393448065906
1776067479.215332,10B4260D,3.8694431891401897,-6.3607844038198875,6.3227884450838685,0.0019008392148660814,-0.003725229487683451,-0.00449818671792469,0.235107421875,-0.30224609375,-0.86376953125,-44.63858698598399,-23.70870398951467,61.67333225922714
1776067479.215332,10B42626,1.0900535071832287,-2.3354207268178375,9.423570415076027,0.0036726828212331514,-0.0027794079792077785,-0.0026991282050985,-0.021728515625,-0.555419921875,-0.146240234375,-13.057838588881827,-6.309467093712181,89.03362737118844
1776067479.230999,10B4260D,3.9153826369274642,-6.3898931397652925,6.280627170701221,0.005544930759023613,-0.0018653168282721313,-0.005431801311019322,0.241455078125,-0.2861328125,-0.86474609375,-44.63550747775909,-23.708998173411523,61.68035707055591
1776067479.230999,10B42626,1.1048680922011591,-2.3494487121752208,9.409615454344507,0.00824303054032384,0.002738588001617294,1.0705823612976317e-05,-0.015625,-0.540283203125,-0.1513671875,-13.048510248186844,-6.308646256325813,89.03645799647428
1776067479.246614,10B4260D,3.900119146711969,-6.373489024305448,6.3102072341055395,0.009983847037897812,0.007434011849944754,-0.0010099562507529826,0.2392578125,-0.28759765625,-0.863037109375,-44.63309365602092,-23.70315597698852,61.672817566937255
1776067479.246614,10B42626,1.0743570503815594,-2.3040142261391114,9.452539459303491,-0.0018268635045389343,0.008250990874335692,0.0008176537668250064,-0.0166015625,-0.541748046875,-0.147216796875,-13.057676924858796,-6.30300058177251,89.03039219981422
1776067479.262215,10B4260D,3.8847946987428776,-6.372251149556775,6.326093014650466,0.008180542577808682,0.0055623183248682305,-0.0018985333149419078,0.241943359375,-0.2861328125,-0.864501953125,-44.63230238520456,-23.698874855560156,61.66841574330727
1776067479.262215,10B42626,1.0740178752831104,-2.3631531236738414,9.424588978798289,0.0027492744017520747,-0.0018434774734577158,-0.0008821175412348706,-0.013671875,-0.539794921875,-0.149169921875,-13.057757348618747,-6.3072056681501785,89.02567725260934
1776067479.276388,10B4260D,3.8701839987830975,-6.358196357394839,6.296989228599416,0.005529210550137248,-0.0009330363225952153,-0.0045333013679064674,0.22802734375,-0.291015625,-0.8681640625,-44.63541711554567,-23.701026669585307,61.66412607050793
1776067479.276388,10B42626,1.1036580675223495,-2.318077777895582,9.438746264535146,0.00824172205185145,-0.002764199655872814,-0.0008450628804186466,-0.02734375,-0.545654296875,-0.154296875,-13.054893478860489,-6.312609372966003,89.01771427321655
1776067479.293650,10B4260D,3.9002553542999867,-6.369552752643443,6.342037149115738,0.002831600655348256,-0.003767447906660051,-0.007239060146357975,0.23779296875,-0.287109375,-0.86083984375,-44.644791293159784,-23.707350527753775,61.67487214440365
1776067479.293650,10B42626,1.10380264921324,-2.3182099975605155,9.409598326567297,-0.0018308074597753192,0.004589103366665887,0.0008567362177033941,-0.018798828125,-0.540771484375,-0.1474609375,-13.067111798542005,-6.3080555362071955,89.02773102846595
1776067479.324868,10B4260D,3.8865904549911647,-6.369676073958517,6.327583159108814,0.005517459656862273,-1.7515467718208216e-05,-0.004551312809212019,0.23486328125,-0.2841796875,-0.860595703125,-44.64744046377284,-23.70859960861507,61.67352979291549
1776067479.324868,10B42626,1.1175023378685913,-2.332373949147573,9.424844161984694,0.004573659303933559,0.004592932166397933,0.00180400173102253,-0.019775390625,-0.539794921875,-0.144775390625,-13.066299700988916,-6.305258253733149,89.02669482527439
1776067479.339885,10B4260D,3.8726294666283665,-6.384801339034099,6.299779050105277,0.009999261640992995,0.006502295583593837,-0.001908822567205972,0.237060546875,-0.296142578125,-0.866943359375,-44.64717254461182,-23.704478646684546,61.671168233337305
1776067479.339885,10B42626,1.0732863305504836,-2.331492622233272,9.439183298326302,0.0018226394511658666,-0.0036537359776426742,0.0009644701332546279,-0.017333984375,-0.549072265625,-0.148193359375,-13.065785827255672,-6.31028797144712,89.02740315491202
1776067479.355488,10B4260D,3.9007394635592783,-6.366564837730453,6.3447390145832205,0.009118853754035046,0.003744530826350134,-0.0018592744659046432,0.237060546875,-0.289306640625,-0.868408203125,-44.643534496427804,-23.700059298401154,61.67340121860542
1776067479.355488,10B42626,1.10316134118765,-2.3464209564531417,9.410571149679583,0.0036567583705458162,-0.0009090711120346031,0.0009436409119793395,-0.017333984375,-0.54345703125,-0.153076171875,-13.064342602450342,-6.313204483039889,89.02588339998928
1776067479.371170,10B4260D,3.887099263232057,-6.395628492347762,6.332221234449506,0.008246080429758319,0.0018303617214736364,-0.005489241414561792,0.234130859375,-0.288818359375,-0.871337890625,-44.64419876943757,-23.701055103226334,61.672344846505744
1776067479.371170,10B42626,1.0881668185867672,-2.330716834124977,9.424952946305472,0.005497422140267771,0.0036565320252450167,-1.2756958416963734e-05,-0.02001953125,-0.54296875,-0.15771484375,-13.067562044619093,-6.311628133775781,89.02269931466843
1776067479.386757,10B4260D,3.916253310390875,-6.37911199360673,6.332900272089087,0.007308992796845152,0.002769648514187585,-0.0036809059611651617,0.233642578125,-0.287841796875,-0.864990234375,-44.64820893141778,-23.70081900605851,61.674865999683824
1776067479.386757,10B42626,1.0871705885204574,-2.314932070638482,9.45412730279844,0.0009170215742681431,0.005502055046443936,0.0008597536222106591,-0.021484375,-0.543212890625,-0.150634765625,-13.080457273208733,-6.307316411231407,89.02388834230581
1776067479.402779,10B4260D,3.887318626145062,-6.37966854081465,6.318656553534083,0.0036770904251923918,-6.136346024525606e-06,-0.002728632870536653,0.2353515625,-0.291259765625,-0.870361328125,-44.65557874673676,-23.70141969539563,61.67952468220507
1776067479.402779,10B42626,1.08691212016799,-2.3442462553978354,9.44023936340477,0.0027548897135029502,-0.0009383281861496331,-0.0018070277857229254,-0.01953125,-0.54833984375,-0.15283203125,-13.08405825934262,-6.309776309396359,89.02474913079976
1776067479.417960,10B4260D,3.8732123810113106,-6.379369964659306,6.3188761021960005,0.0037084245926375836,-0.0009936785059229778,-0.006372105978953663,0.236328125,-0.288818359375,-0.874267578125,-44.661267039383446,-23.704786755112885,61.68227068289887
1776067479.417960,10B42626,1.1021341773027928,-2.3293608468610367,9.425520691561887,0.0045738813582934384,-0.003666392734681892,6.333045996334242e-05,-0.017578125,-0.54345703125,-0.155517578125,-13.086883125054985,-6.3147216100948045,89.0263286010751
1776067479.433679,10B4260D,3.917846225844529,-6.363899041866703,6.289812100255332,0.005553692490129785,-0.002763923154614625,-0.004496068489336075,0.233642578125,-0.286376953125,-0.869873046875,-44.66823081560512,-23.708942886416295,61.686456621976106
1776067479.433679,10B42626,1.0871059853692413,-2.328225388919227,9.440238176601758,0.005495827648179489,0.006413142111642061,0.00087216600017535,-0.021240234375,-0.541259765625,-0.153564453125,-13.092495087081016,-6.310213901359972,89.02411748349247
1776067479.449448,10B4260D,3.918500794321909,-6.391634990458136,6.306545913743971,0.0090657156574021,0.007425089861975839,-0.00101775736782385,0.231201171875,-0.286865234375,-0.872802734375,-44.670738672309255,-23.70409821080422,61.68690423092705
1776067479.449448,10B42626,1.0856041935811376,-2.327094236272394,9.46978354453649,0.0009153724254114677,0.008258763967059107,0.0017441860698654671,-0.0244140625,-0.54248046875,-0.155029296875,-13.101429708002897,-6.303158898211566,89.02625219404332
1776067479.465012,10B4260D,3.8733632703624834,-6.376658901285668,6.3215195034359315,0.007234498348415453,0.0074008807393097925,-0.0010266231779108763,0.238525390625,-0.294189453125,-0.86279296875,-44.676519435190734,-23.699628026363193,61.6901332106399
1776067479.465012,10B42626,1.0711356027830068,-2.342478171402698,9.426105336342578,0.001829718125950372,-0.0055048855109095345,-0.0008451293544946647,-0.018798828125,-0.54736328125,-0.1455078125,-13.111014939782832,-6.308781902843848,89.03304297300973
1776067479.481655,10B4260D,3.858698132148522,-6.362251072809731,6.306784309020172,0.0019067237758474465,-0.0028676746237603344,-0.007259176975101513,0.234130859375,-0.289794921875,-0.8642578125,-44.679250337231345,-23.703175730324723,61.690676110150996
1776067479.481655,10B42626,1.087097612255723,-2.313400697644093,9.381774735138306,0.008235106647249288,-0.004585556628786021,9.269890442302071e-05,-0.020751953125,-0.54541015625,-0.150146484375,-13.102768560231736,-6.315197254447317,89.0328225998675
1776067479.497188,10B4260D,3.904463127985046,-6.37498427847494,6.307642153624894,0.0019885242059468127,-0.008395873426801696,-0.008979627077129642,0.23828125,-0.28857421875,-0.866943359375,-44.68723399808462,-23.71301692754288,61.6968301420917
1776067479.497188,10B42626,1.1011800373883902,-2.3263838415130578,9.426367420842139,0.0009170322000722367,0.005502226822394458,0.0008586624288212704,-0.014892578125,-0.543212890625,-0.148681640625,-13.106939192992087,-6.3113299983953715,89.03390702919195
1776067479.512667,10B4260D,3.920653893327765,-6.402936747570563,6.309410973245497,0.008182901353217179,0.005546944152257439,-0.0028171581997119824,0.238037109375,-0.284912109375,-0.870849609375,-44.68676820348778,-23.709512090915982,61.693311723545
1776067479.512667,10B42626,1.08501633394669,-2.340069780455337,9.456039003646225,0.0027522464365765365,0.009162330701273418,0.0008270065519016766,-0.016357421875,-0.54150390625,-0.155029296875,-13.107651007899781,-6.30527434863819,89.02674394471296
1776067479.527854,10B4260D,3.8748347688652873,-6.373128126951529,6.32417777544925,0.012627753194932803,0.013937472987987871,0.0016157771282758798,0.241943359375,-0.292236328125,-0.864501953125,-44.683986457915154,-23.698566826106475,61.68652879490933
1776067479.527854,10B42626,1.0842183836718524,-2.3394509832064516,9.470829002272561,0.0009192525355379759,-0.0009266721903098919,-0.0009004695853723915,-0.01220703125,-0.547119140625,-0.148681640625,-13.11728076107676,-6.308207594464899,89.02273546120125
1776067479.543454,10B4260D,3.873792605277874,-6.3708954861326355,6.354948818343188,0.005482714460852394,0.0027270880022036443,-0.004605532754092856,0.244140625,-0.288330078125,-0.868408203125,-44.682651731178666,-23.69692621475705,61.681455166793064
1776067479.558958,10B42626,1.0859058480236932,-2.3408534010083732,9.383016688654498,0.006394148051205188,-0.009150907937725111,0.0010511878139989469,-0.01220703125,-0.542236328125,-0.1513671875,-13.1136095268062,-6.319735810298074,89.0170388886156
1776067479.574529,10B4260D,3.860220796762087,-6.3575694961258,6.310572398417726,0.0019714740796652522,-0.006585687789523347,-0.009930066372926927,0.2412109375,-0.294677734375,-0.864013671875,-44.68812308946228,-23.706301648697366,61.67656825078648
1776067479.574529,10B42626,1.0713622880855098,-2.295361601571871,9.41134389401418,0.004593262347853513,0.005467633108059069,-0.0018695836378904815,-0.0126953125,-0.549560546875,-0.14794921875,-13.115046522448674,-6.317970116555826,89.00552725746162
1776067479.590208,10B4260D,3.9508393121838346,-6.398183473910407,6.313155143239048,0.0047033430122191845,-0.006493089587795447,-0.007170330484540927,0.238037109375,-0.292724609375,-0.869140625,-44.68834977450808,-23.712054663990667,61.67779198093731
1776067479.590208,10B42626,1.098976183325275,-2.3675461715812918,9.442835596179211,0.0009173491049399743,0.01009010756999194,0.0017217145670785248,-0.017333984375,-0.547119140625,-0.1552734375,-13.114951150642813,-6.311413478133825,88.99692143962695
1776067479.605977,10B4260D,3.9360028125753206,-6.397768781146663,6.3139547110554854,0.008960285092873884,0.013030609469576022,0.004360306092608976,0.245361328125,-0.289794921875,-0.870849609375,-44.6857851091082,-23.697909898571634,61.67607681178708
1776067479.605977,10B42626,1.0829267382305587,-2.321879441264082,9.485914877567293,0.008243236281278207,0.0027381897576672694,1.1828118695283356e-05,-0.009521484375,-0.5458984375,-0.154052734375,-13.116427389617629,-6.310513706168882,88.99485607007388
1776067479.621525,10B4260D,3.8606107789799364,-6.369583313013694,6.313808542022478,0.010865605922130633,0.009301289551254447,-0.00013270365365081454,0.23388671875,-0.283935546875,-0.867431640625,-44.680520718582656,-23.689741263518933,61.6665024679005
1776067479.621525,10B42626,1.0841560731381084,-2.337974164588001,9.413023543967766,-0.005503690466364435,-0.009149297667083665,7.550220885852529e-05,-0.022216796875,-0.5390625,-0.153076171875,-13.129542148122722,-6.3222665227977375,88.98652095444223
1776067479.637196,10B4260D,3.8606760065820467,-6.382167445260914,6.344538182000855,0.001910761896761203,-0.0037484235672122154,-0.005407903696822484,0.2412109375,-0.28759765625,-0.872314453125,-44.69233713015981,-23.695519305172933,61.67121191832579
1776067479.637196,10B42626,1.0994993453497213,-2.3227775174400995,9.41290888205991,0.012823760086607133,0.0008922471503840535,-0.0008597737662440656,-0.014404296875,-0.542724609375,-0.155517578125,-13.126813864765028,-6.322190777535925,88.98968585634698
1776067479.652793,10B4260D,3.8767213333191233,-6.353783667667209,6.299057318250553,-0.002533796590658372,-0.011263595862630073,-0.011688060929178797,0.233642578125,-0.290771484375,-0.862548828125,-44.70550953725716,-23.709871389814133,61.67156506439818
1776067479.652793,10B42626,1.0841885415130725,-2.322181147640678,9.412974108742855,-0.005494708488386935,0.007350271614430522,0.0017187213810240672,-0.02294921875,-0.547607421875,-0.146240234375,-13.142415125125572,-6.317068465684117,88.98499678094898
1776067479.668190,10B4260D,3.938153808726189,-6.396587258672853,6.272023247004366,0.005494188423485671,0.0018122143937316512,-0.004587607683598696,0.23974609375,-0.29541015625,-0.86083984375,-44.70750525703594,-23.70928248041698,61.674379064166885
1776067479.668190,10B42626,1.0978448927655657,-2.3369898766482327,9.398996510897424,0.008247396903543898,0.006400049025306462,-3.0024332482261526e-05,-0.013671875,-0.551025390625,-0.14697265625,-13.134944600724637,-6.312291706808056,88.98718164608526
1776067479.683717,10B4260D,3.892630217737797,-6.380218356392615,6.316495116635928,0.01444224278703662,0.014882489533274843,0.0016014700372977485,0.235595703125,-0.285888671875,-0.869384765625,-44.69390443909604,-23.69422684934178,61.667700021211964
1776067479.683717,10B42626,1.0819749393252738,-2.305063203444334,9.47167826667171,0.003657489967841612,6.820454345929272e-06,0.0009347782331118391,-0.0205078125,-0.541015625,-0.153564453125,-13.131079000306917,-6.315177636228101,88.98130699578407
1776067479.698947,10B4260D,3.8911095824631237,-6.405850649086693,6.378489989773297,0.011734492800059206,0.011221508441392466,0.0034942103278695806,0.23828125,-0.28759765625,-0.865478515625,-44.69341718307383,-23.68347482495884,61.66723631865858
1776067479.698947,10B42626,1.0971724002304166,-2.3499604243848227,9.414366234411885,0.001825301107163343,-0.0009067991902496948,0.0009356445400211459,-0.017578125,-0.543212890625,-0.151123046875,-13.138865196429844,-6.31672403194361,88.98464677627777
1776067479.714149,10B4260D,3.8610267184592906,-6.377767402641984,6.3487479791641634,0.002815196183678304,-0.002821779123881159,-0.005421083105873612,0.240478515625,-0.29296875,-0.8720703125,-44.70005137270312,-23.687396801913255,61.668162641411
1776067479.714149,10B42626,1.0821092615392958,-2.29031257910664,9.42772322293275,0.007326086072847441,0.00549593521832879,0.0008907950701416044,-0.015380859375,-0.549072265625,-0.15576171875,-13.137872952792565,-6.313186484796997,88.98273106171699
1776067479.729883,10B4260D,3.907001906033677,-6.377899913945886,6.304822998559047,-0.0025341837662019324,-0.012125482744560163,-0.008920062000810795,0.245849609375,-0.28955078125,-0.872802734375,-44.71186023938614,-23.69931788023084,61.67346540237625
1776067479.729883,10B42626,1.0961659892347713,-2.348700911423275,9.414797768513173,-2.7326071220299592e-06,0.0018415650344771792,0.0008942580132879425,-0.00927734375,-0.544189453125,-0.156982421875,-13.14689784012816,-6.313286950331204,88.9797151258483
1776067479.745136,10B4260D,3.893841615082888,-6.364343971189251,6.274381703909634,0.00280027708612932,-0.001028785435172335,-0.007290365099770716,0.232666015625,-0.286865234375,-0.872802734375,-44.71554888629327,-23.70310561884484,61.66599259775248
1776067479.745136,10B42626,1.095701212797096,-2.318433304850651,9.428964310317253,0.008243367578103422,0.0027378917224498635,1.2128317943111202e-05,-0.0234375,-0.5419921875,-0.15771484375,-13.149630876994307,-6.313765067235285,88.9695836891373
1776067479.760744,10B4260D,3.923558709958027,-6.376569687735221,6.290800130030983,0.010917761649140989,0.005624763332644051,-0.0009747720018789897,0.2392578125,-0.283203125,-0.86669921875,-44.717523981453034,-23.69924698272366,61.66964306251371
1776067479.760744,10B42626,1.0953489768472762,-2.332097578799792,9.444124903184598,-5.940438706557868e-06,-0.0009048063355181313,0.0009261133145930955,-0.013916015625,-0.538818359375,-0.152587890625,-13.163163109554613,-6.314354632296667,88.97682328212667
1776067479.791584,10B4260D,3.893616039816887,-6.389517105041597,6.322129143995325,0.012693952702816294,0.009330198505931586,-0.00012678214677455088,0.2314453125,-0.2978515625,-0.86669921875,-44.714604188641026,-23.69226022102341,61.663620637145755
1776067479.791584,10B42626,1.1101495039819549,-2.317555193120454,9.429367589123553,0.0036585033798849143,0.000922325670621097,0.0009243692876452026,-0.025390625,-0.552001953125,-0.150390625,-13.167738314625062,-6.315590071012809,88.9724902151283
1776067479.806856,10B4260D,3.892543155365786,-6.372454159395558,6.3522095349158425,0.007326221928273219,0.001836404385281452,-0.004577907742805296,0.2353515625,-0.280517578125,-0.865966796875,-44.71346880777348,-23.690605756244903,61.670908878300295
1776067479.806856,10B42626,1.0958634489025336,-2.3472123998534027,9.38612426243375,0.004571927569776494,-0.0009095909227800317,0.0009506477485952985,-0.021484375,-0.53564453125,-0.151123046875,-13.167227314570543,-6.316648330139188,88.97987773864735
1776067479.822108,10B4260D,3.9080818357205134,-6.400323821130456,6.354525723333772,0.007297980242332424,0.0028092043441771243,-0.001851039782119171,0.238037109375,-0.286865234375,-0.87109375,-44.719714656290876,-23.68990838639093,61.671156231563195
1776067479.822108,10B42626,1.1089237386687147,-2.329546151244982,9.474125118836866,0.008246166667777053,0.009156780876813275,0.0008522695794805507,-0.016357421875,-0.54296875,-0.15283203125,-13.167312085240738,-6.308709777402649,88.98193307711149
1776067479.837632,10B4260D,3.892875224869623,-6.38589125029633,6.340155688481217,0.005396821362744104,0.008255989742975535,-0.002892168400551884,0.239990234375,-0.284423828125,-0.8740234375,-44.72319695576269,-23.68521642896051,61.66642765090068
1776067479.837632,10B42626,1.0641280785396772,-2.3296125726935712,9.459167531900421,-0.0055050035594357075,0.0027846748793433807,0.0026842077057497916,-0.015380859375,-0.54150390625,-0.1572265625,-13.180206008241958,-6.307460784509247,88.98122680891969
1776067479.853259,10B4260D,3.8780640795523214,-6.371680203599869,6.325319701728192,0.0009601726173722905,-0.0010181540801865584,-0.005468165387970219,0.2373046875,-0.28369140625,-0.86572265625,-44.734182886476304,-23.68924015879354,61.664571302418594
1776067479.853259,10B42626,1.0943790019258284,-2.3455568253291816,9.40125021329225,0.007330594052160004,-0.007364051624469705,-0.0026205157736003313,-0.015380859375,-0.539306640625,-0.150634765625,-13.184964224144835,-6.316629808848286,88.97737296414
1776067479.868788,10B4260D,3.864717015834883,-6.358216565566885,6.294925131791871,-0.0007238492763223038,-0.010273386402854653,-0.008945088710699753,0.227783203125,-0.291748046875,-0.86962890625,-44.74735913998163,-23.701331429291567,61.66843507618403
1776067479.868788,10B42626,1.095081665629965,-2.3147413333513285,9.415403140322391,0.007327343045400333,-0.0018495681228232212,-0.0008544137607541785,-0.026611328125,-0.54736328125,-0.15234375,-13.18384055274593,-6.3207239105369375,88.9731354815898
1776067479.884100,10B4260D,3.9247063350060163,-6.356450385691727,6.280864801388232,0.006435661417692472,-6.276300333280822e-06,-0.0045440233818708625,0.236328125,-0.2822265625,-0.8642578125,-44.752524034056634,-23.7023899547391,61.679052605565445
1776067479.884100,10B42626,1.0936901647071962,-2.3282027327592423,9.445278081386023,-0.0009128813739212617,0.014681182266267013,0.0025677397250428407,-0.017578125,-0.538330078125,-0.149658203125,-13.191412583722213,-6.30639142610854,88.98076923983099
1776067479.899950,10B4260D,3.909987052433742,-6.384516977392629,6.2980413408684175,0.011679049332079697,0.014889067485865987,0.003411316814233989,0.232177734375,-0.27880859375,-0.870849609375,-44.750516524322244,-23.689305284117165,61.67370799210797
1776067479.899950,10B42626,1.0773173621592917,-2.327845794681775,9.459935610871762,0.0009211144552667306,0.004576392892333391,-4.921642440941624e-05,-0.021728515625,-0.536865234375,-0.158203125,-13.195792327067256,-6.3039392093154,88.97814161545102
1776067479.915543,10B4260D,3.863422337423982,-6.3674908498719525,6.357599694404639,0.01267416439636644,0.010267490931498327,0.0007677100357324634,0.234130859375,-0.281494140625,-0.8681640625,-44.753245365051946,-23.682576295654147,61.673419716767185
1776067479.915543,10B42626,1.0931264769199995,-2.328758624411044,9.40158914011991,0.005485216820628673,-0.01100250568941945,-0.0007548044578315749,-0.0224609375,-0.538330078125,-0.154296875,-13.205118323152979,-6.314559531367396,88.98421473071208
1776067479.931118,10B4260D,3.8635931558092937,-6.366988788876029,6.3440957123853705,0.004672342330744256,-0.0037526849398514285,-0.00722003425968413,0.236328125,-0.2919921875,-0.87353515625,-44.762617271153694,-23.68986120877473,61.6762506504184
1776067479.931118,10B42626,1.0936494187838517,-2.312404177928703,9.430682897948959,0.007325728352725774,0.0009076237093725399,2.8931833393971788e-05,-0.01806640625,-0.548583984375,-0.16015625,-13.208337161416479,-6.314138774732642,88.98854475518282
1776067479.946713,10B4260D,3.910548075712537,-6.396040885054827,6.301722722083191,0.00020486492719512411,-0.010302236421969166,-0.010768103478102831,0.236083984375,-0.2841796875,-0.868408203125,-44.77270974530946,-23.702103016503948,61.682492651628706
1776067479.946713,10B42626,1.1076125979611626,-2.341667811145639,9.417090016995678,-0.0018361335583942566,0.008274131177349698,0.002637792261297298,-0.016845703125,-0.538818359375,-0.155517578125,-13.223060101944851,-6.307128792985365,88.98897951749208
1776067479.961886,10B4260D,3.9259367594055505,-6.394030842813164,6.316921638493556,0.010928947842699242,0.004712854749702921,-0.000956414738328566,0.228759765625,-0.2880859375,-0.862548828125,-44.77325400718138,-23.698762687647406,61.68253478978937
1776067479.961886,10B42626,1.090882897847214,-2.3392546537159267,9.4904488447183,0.010080344547062177,0.007312788339520965,-3.197844294974699e-05,-0.02490234375,-0.542724609375,-0.147216796875,-13.223772522280262,-6.30195656366779,88.98528089256418
1776067479.978026,10B4260D,3.894956810991545,-6.378591231190926,6.332327934225279,0.009858415074900964,0.01395038633900787,0.0034179350089148055,0.23486328125,-0.288330078125,-0.86572265625,-44.77261350113127,-23.685028755085234,61.68618735419558
1776067479.978026,10B42626,1.0620549491862643,-2.3253770981244033,9.431365643316102,-0.0027523504299878754,-0.004574370836428169,3.976725508435894e-05,-0.021728515625,-0.5458984375,-0.150390625,-13.228965478810265,-6.306726956106601,88.99261410473835
1776067479.993635,10B4260D,3.8501416379900504,-6.364477923280009,6.332255724673927,0.002818128979435279,-0.002824961129654899,-0.005418000668583755,0.23779296875,-0.28466796875,-0.868408203125,-44.77960569317177,-23.688747202672733,61.69045699410888
1776067479.993635,10B42626,1.0928880987333667,-2.3417873908359406,9.358752801724837,0.003650538486772377,-0.005485843187892197,0.001001699766284492,-0.018310546875,-0.540771484375,-0.152099609375,-13.23006747942633,-6.312711482657058,88.99756535092827
1776067480.024615,10B4260D,3.8962541506693826,-6.377869580249518,6.3183650166613505,-0.0016192494240332928,-0.010350155772905349,-0.011691258220611333,0.236572265625,-0.284423828125,-0.868408203125,-44.792499087648125,-23.702721725437737,61.69218136503838
1776067480.024615,10B42626,1.092137741018762,-2.309737794924624,9.431511472747932,0.009162574675883845,0.005482764036421473,-1.585896727357252e-05,-0.01611328125,-0.54052734375,-0.1552734375,-13.228032145047056,-6.309239322613495,88.995334186462
1776067480.040206,10B4260D,3.9126476161405455,-6.3778832210254235,6.289220468639886,0.007352019950530942,6.465859542519612e-06,-0.004538367916306183,0.232421875,-0.280029296875,-0.866455078125,-44.796276581195826,-23.70487633483964,61.692568261335715
1776067480.040206,10B42626,1.090302698853673,-2.352542684154166,9.46212573683676,-0.0036577103347650557,0.011927397375389127,0.0016664033277428206,-0.02001953125,-0.537109375,-0.1533203125,-13.241111855045654,-6.29965739027588,88.99106078362014
1776067480.055774,10B4260D,3.927360684241194,-6.4189325148645535,6.322234502321456,0.014403211282824674,0.015868483962713828,0.004315505035792149,0.23583984375,-0.28955078125,-0.87353515625,-44.79424926708036,-23.69115613897147,61.69023892011829
1776067480.055774,10B42626,1.0892927317671763,-2.3669131360769127,9.462660800226182,0.0073246361329706725,-8.161988038004078e-06,4.128809559969829e-05,-0.017578125,-0.54833984375,-0.15966796875,-13.243049456380627,-6.300712520518419,88.99237175065068
1776067480.072551,10B4260D,3.851009770607451,-6.374678541091354,6.350954469249034,0.0108586082990617,0.009309932002444373,-0.0001410246907120935,0.2353515625,-0.283447265625,-0.86669921875,-44.79257460155805,-23.683407637911532,61.68961592841856
1776067480.072551,10B42626,1.0759463498961905,-2.308280488349898,9.431875041901025,0.001828837072106517,-0.010094512938554023,-0.0016982393901980237,-0.01953125,-0.53857421875,-0.155517578125,-13.253350789575196,-6.311919978704175,88.99194669177798
1776067480.088205,10B4260D,3.8657563187967696,-6.359294829217196,6.336606242893648,0.0019774137498140484,-0.006579984318315081,-0.009003036261507405,0.2353515625,-0.2783203125,-0.873779296875,-44.80260621243372,-23.693132860096153,61.692371959657535
1776067480.088205,10B42626,1.0913310901259512,-2.322945314722633,9.403235716862639,0.0073252415897617,0.004580457669808122,0.0009004438285081575,-0.019287109375,-0.534423828125,-0.16259765625,-13.256804934252575,-6.308523145202797,88.99265576687793
1776067480.103807,10B4260D,3.913031716186447,-6.38868462345242,6.293762479528782,-0.004356080903577362,-0.011288510737662235,-0.010767900428642528,0.230712890625,-0.285400390625,-0.87353515625,-44.82371683494108,-23.708888029153943,61.69650861949885
1776067480.103920,10B42626,1.0897307131452585,-2.32174963651974,9.432787813233237,-0.00091210267836402,0.011009091564064238,0.001691482100979435,-0.021240234375,-0.541748046875,-0.158447265625,-13.27557663387974,-6.298462173354317,88.99310541927807
1776067480.119230,10B4260D,3.927940154087078,-6.359201594143845,6.277868294838904,0.005420913558548886,0.005551144998901492,-0.0010067086576690807,0.233154296875,-0.28369140625,-0.87255859375,-44.83152539513625,-23.705068334804373,61.701405268607154
1776067480.119230,10B42626,1.0740763938732878,-2.336088047228379,9.433158745169868,0.004579056081620566,0.0009103424839242344,1.4832016016287874e-05,-0.02490234375,-0.541748046875,-0.15576171875,-13.283561340387083,-6.2982026553959045,88.9960035716265
1776067480.134540,10B4260D,3.8690110095922305,-6.387222115581695,6.323873035951457,0.012693776470603919,0.00931841892605581,-0.0010479509767013825,0.239501953125,-0.28271484375,-0.86767578125,-44.830808097401764,-23.699004082588917,61.700737043779974
1776067480.134540,10B42626,1.0750920646338153,-2.3366560283460434,9.389296627057025,0.001827120961076357,-0.0073370625058338836,-0.0008152752241874633,-0.013916015625,-0.538818359375,-0.1533203125,-13.292048792449854,-6.305156039283761,89.00402377429522
1776067480.150316,10B4260D,3.897062050362439,-6.369692825857809,6.339985185719201,0.012759173250914425,0.004742301482087797,-0.0009468047707221436,0.237548828125,-0.27978515625,-0.866455078125,-44.828234760958786,-23.6957481020419,61.6971930596164
1776067480.150316,10B42626,1.1042692485978032,-2.3345559372927016,9.433782424028944,0.011906001367972315,0.0027331658283141773,3.3307269257762135e-05,-0.01611328125,-0.53759765625,-0.15380859375,-13.288001406720532,-6.305180209680071,88.99679734400696
1776067480.165462,10B4260D,3.8675773945431198,-6.369316301516548,6.3410221044219846,0.008218347925906025,0.002804941441299505,-0.002762003751027513,0.240478515625,-0.285400390625,-0.870849609375,-44.83177368501681,-23.695557614459798,61.69467899935882
1776067480.165462,10B42626,1.073637272793754,-2.318561570816121,9.46263367055937,-0.004575589741979142,0.010097950836381932,0.0016804532270563257,-0.012939453125,-0.5419921875,-0.15771484375,-13.300654856074058,-6.297408904907198,88.99234813280012
1776067480.181175,10B4260D,3.912801912617984,-6.382050737243121,6.342230794892884,-0.004424663125066684,-0.006695882506442346,-0.00995161679507032,0.2275390625,-0.283935546875,-0.86669921875,-44.845609330575655,-23.705759626236578,61.6931022354003
1776067480.181175,10B42626,1.1037477561735929,-2.3943902982100305,9.36229183902837,0.004572685261172185,-0.008255706790584143,-0.0007875867438871152,-0.026611328125,-0.54052734375,-0.15380859375,-13.306890879666822,-6.307793816532893,88.98612596400791
1776067480.196733,10B4260D,3.928910255869568,-6.39698955287917,6.313910980939299,0.008180471066227627,0.004676585324566339,-0.0009723199439449002,0.238525390625,-0.284423828125,-0.871337890625,-44.85079175911672,-23.702113884323353,61.700673695112165
1776067480.196785,10B42626,1.1168936930838391,-2.3002876922192166,9.55097336671043,0.014669428817575728,0.003611473894759291,-0.0027085931520748514,-0.012451171875,-0.54150390625,-0.15771484375,-13.301008425143994,-6.304665315697776,88.992273530435
1776067480.212489,10B4260D,3.883922168442206,-6.396498201632921,6.329750671019109,0.015419250652690966,0.00856643432185286,0.0044784105912712415,0.238037109375,-0.2900390625,-0.87158203125,-44.84651450426024,-23.692471875215233,61.70001611899084
1776067480.212489,10B42626,1.0587713502128628,-2.332732034283799,9.41935428463657,-0.01465987760433799,0.008301085164496676,0.0034753772361797953,-0.015625,-0.54736328125,-0.159912109375,-13.325654589196997,-6.29885687563423,88.9857002258436
1776067480.227837,10B4260D,3.8827680088855283,-6.394798516694068,6.346037073031312,0.0053926039660776946,0.008256111113188497,-0.0029005463752573017,0.234375,-0.27734375,-0.869384765625,-44.8475199508874,-23.686839557780434,61.696066973929575
1776067480.227837,10B42626,1.058387932862145,-2.333278461513681,9.390194661280491,0.01739606699052604,-1.959033968433067e-05,0.00010032533226628527,-0.018798828125,-0.532958984375,-0.155029296875,-13.3202460896613,-6.300772872381837,88.98192610289334
1776067480.274514,10B4260D,3.8768839110148954,-6.359981710708493,6.292711995690907,-0.0025389687164910227,-0.010332318716924076,-0.009858159157636945,0.22900390625,-0.287109375,-0.86767578125,-44.874745074896815,-23.71413356463642,61.704286293441456
1776067480.274514,10B42626,1.0949405556835885,-2.324208476731218,9.398164056465315,0.0018311669520974486,-2.0612166130985763e-06,1.0560753736885085e-05,-0.024658203125,-0.5458984375,-0.155517578125,-13.328476573461518,-6.3028344564729375,88.982633760054
